sheet,row_number,record_key,pid,office_code_string,office_code,code_family,office_id,include_decision,reason
LRAE Annex 25,9,N00039-25-RFPREQ-CSBO-0001,N00039-25-RFPREQ-CSBO-0001,CSBO - Command Strategy and Business Office - NAVWAR,CSBO,,,unresolved,code CSBO matches no code family
LRAE Annex 25,10,N65236-22-RFPREQ-LSUBP00057-0001,N65236-22-RFPREQ-LSUBP00057-0001,LSUBP00057 - LSUBP00057 - FLEET INSTALLATION & READINESS DIV HD - NIWCLANT,LSUBP00057,niwc_atlantic_division,center:niwc-atlantic,excluded,"technical_center_division code of center:niwc-atlantic, outside the PEO C4I portfolio (division itself not in alias table)"
LRAE Annex 25,11,N65236-24-RFPREQ-LSUBP00006-0002,N65236-24-RFPREQ-LSUBP00006-0002,LSUBP00006 - LSUBP00006 - FMS AIR INTEGRATION USCG DIV HEAD - NIWCLANT,LSUBP00006,niwc_atlantic_division,center:niwc-atlantic,excluded,"technical_center_division code of center:niwc-atlantic, outside the PEO C4I portfolio (division itself not in alias table)"
LRAE Annex 25,12,N65236-23-RFPREQ-LSUBP00057-0167,N65236-23-RFPREQ-LSUBP00057-0167,LSUBP00057 - LSUBP00057 - FLEET INSTALLATION & READINESS DIV HD - NIWCLANT,LSUBP00057,niwc_atlantic_division,center:niwc-atlantic,excluded,"technical_center_division code of center:niwc-atlantic, outside the PEO C4I portfolio (division itself not in alias table)"
LRAE Annex 25,13,N65236-23-RFPREQ-LSUBP00006-0010,N65236-23-RFPREQ-LSUBP00006-0010,LSUBP00006 - LSUBP00006 - FMS AIR INTEGRATION USCG DIV HEAD - NIWCLANT,LSUBP00006,niwc_atlantic_division,center:niwc-atlantic,excluded,"technical_center_division code of center:niwc-atlantic, outside the PEO C4I portfolio (division itself not in alias table)"
LRAE Annex 25,14,N65236-23-RFPREQ-LSUBP00006-0032,N65236-23-RFPREQ-LSUBP00006-0032,LSUBP00006 - LSUBP00006 - FMS AIR INTEGRATION USCG DIV HEAD - NIWCLANT,LSUBP00006,niwc_atlantic_division,center:niwc-atlantic,excluded,"technical_center_division code of center:niwc-atlantic, outside the PEO C4I portfolio (division itself not in alias table)"
LRAE Annex 25,15,N65236-23-RFPREQ-LSUBP00006-0040,N65236-23-RFPREQ-LSUBP00006-0040,LSUBP00006 - LSUBP00006 - FMS AIR INTEGRATION USCG DIV HEAD - NIWCLANT,LSUBP00006,niwc_atlantic_division,center:niwc-atlantic,excluded,"technical_center_division code of center:niwc-atlantic, outside the PEO C4I portfolio (division itself not in alias table)"
LRAE Annex 25,16,N65236-21-RFPREQ-LSUBP00035-0001,N65236-21-RFPREQ-LSUBP00035-0001,LSUBP00035 - LSUBP00035 - SUBMARINE INTEGRATION DIV HEAD - NIWCLANT,LSUBP00035,niwc_atlantic_division,center:niwc-atlantic,excluded,"technical_center_division code of center:niwc-atlantic, outside the PEO C4I portfolio (division itself not in alias table)"
LRAE Annex 25,17,N65236-23-RFPREQ-LSUBP00006-0024,N65236-23-RFPREQ-LSUBP00006-0024,LSUBP00006 - LSUBP00006 - FMS AIR INTEGRATION USCG DIV HEAD - NIWCLANT,LSUBP00006,niwc_atlantic_division,center:niwc-atlantic,excluded,"technical_center_division code of center:niwc-atlantic, outside the PEO C4I portfolio (division itself not in alias table)"
LRAE Annex 25,18,N65236-23-RFPREQ-LSUBP00006-0011,N65236-23-RFPREQ-LSUBP00006-0011,LSUBP00006 - LSUBP00006 - FMS AIR INTEGRATION USCG DIV HEAD - NIWCLANT,LSUBP00006,niwc_atlantic_division,center:niwc-atlantic,excluded,"technical_center_division code of center:niwc-atlantic, outside the PEO C4I portfolio (division itself not in alias table)"
LRAE Annex 25,19,N65236-23-RFPREQ-LBUSP00023-0002,N65236-23-RFPREQ-LBUSP00023-0002,LBUSP00023 - LBUSP00023 - C4ISR-01C - NIWCLANT,LBUSP00023,niwc_atlantic_division,center:niwc-atlantic,excluded,"technical_center_division code of center:niwc-atlantic, outside the PEO C4I portfolio (division itself not in alias table)"
LRAE Annex 25,20,N65236-23-RFPREQ-LSUBP00034-0001,N65236-23-RFPREQ-LSUBP00034-0001,LSUBP00034 - LSUBP00034 - SURFACE SHIP INTEGRATION DIV HEAD - NIWCLANT,LSUBP00034,niwc_atlantic_division,center:niwc-atlantic,excluded,"technical_center_division code of center:niwc-atlantic, outside the PEO C4I portfolio (division itself not in alias table)"
LRAE Annex 25,21,N65236-22-RFPREQ-LSUBP00006-0008,N65236-22-RFPREQ-LSUBP00006-0008,LSUBP00006 - LSUBP00006 - FMS AIR INTEGRATION USCG DIV HEAD - NIWCLANT,LSUBP00006,niwc_atlantic_division,center:niwc-atlantic,excluded,"technical_center_division code of center:niwc-atlantic, outside the PEO C4I portfolio (division itself not in alias table)"
LRAE Annex 25,22,N65236-23-RFPREQ-LSUBP00006-0046,N65236-23-RFPREQ-LSUBP00006-0046,LSUBP00006 - LSUBP00006 - FMS AIR INTEGRATION USCG DIV HEAD - NIWCLANT,LSUBP00006,niwc_atlantic_division,center:niwc-atlantic,excluded,"technical_center_division code of center:niwc-atlantic, outside the PEO C4I portfolio (division itself not in alias table)"
LRAE Annex 25,23,N65236-23-RFPREQ-LSUBP00006-0050,N65236-23-RFPREQ-LSUBP00006-0050,LSUBP00006 - LSUBP00006 - FMS AIR INTEGRATION USCG DIV HEAD - NIWCLANT,LSUBP00006,niwc_atlantic_division,center:niwc-atlantic,excluded,"technical_center_division code of center:niwc-atlantic, outside the PEO C4I portfolio (division itself not in alias table)"
LRAE Annex 25,24,N65236-23-RFPREQ-LSUBP00006-0054,N65236-23-RFPREQ-LSUBP00006-0054,LSUBP00006 - LSUBP00006 - FMS AIR INTEGRATION USCG DIV HEAD - NIWCLANT,LSUBP00006,niwc_atlantic_division,center:niwc-atlantic,excluded,"technical_center_division code of center:niwc-atlantic, outside the PEO C4I portfolio (division itself not in alias table)"
LRAE Annex 25,25,N65236-23-RFPREQ-LSUBP00006-0065,N65236-23-RFPREQ-LSUBP00006-0065,LSUBP00006 - LSUBP00006 - FMS AIR INTEGRATION USCG DIV HEAD - NIWCLANT,LSUBP00006,niwc_atlantic_division,center:niwc-atlantic,excluded,"technical_center_division code of center:niwc-atlantic, outside the PEO C4I portfolio (division itself not in alias table)"
LRAE Annex 25,26,N65236-23-RFPREQ-LSUBP00006-0064,N65236-23-RFPREQ-LSUBP00006-0064,LSUBP00006 - LSUBP00006 - FMS AIR INTEGRATION USCG DIV HEAD - NIWCLANT,LSUBP00006,niwc_atlantic_division,center:niwc-atlantic,excluded,"technical_center_division code of center:niwc-atlantic, outside the PEO C4I portfolio (division itself not in alias table)"
LRAE Annex 25,27,N65236-23-RFPREQ-LSUBP00006-0078,N65236-23-RFPREQ-LSUBP00006-0078,LSUBP00006 - LSUBP00006 - FMS AIR INTEGRATION USCG DIV HEAD - NIWCLANT,LSUBP00006,niwc_atlantic_division,center:niwc-atlantic,excluded,"technical_center_division code of center:niwc-atlantic, outside the PEO C4I portfolio (division itself not in alias table)"
LRAE Annex 25,28,N00039-26-RFPREQ-PMA/PMW-101-0005,N00039-26-RFPREQ-PMA/PMW-101-0005,PMA/PMW-101 - PMA/PMW-101 - NAVWAR,PMA/PMW-101,peo_program_office,pmw:101,included,"code resolves to pmw:101, a PEO C4I office (alias table)"
LRAE Annex 25,29,N00039-23-RFPREQ-PMA/PMW-101-0017,N00039-23-RFPREQ-PMA/PMW-101-0017,PMA/PMW-101 - PMA/PMW-101 - NAVWAR,PMA/PMW-101,peo_program_office,pmw:101,included,"code resolves to pmw:101, a PEO C4I office (alias table)"
LRAE Annex 25,30,N00039-23-RFPREQ-PMA/PMW-101-0018,N00039-23-RFPREQ-PMA/PMW-101-0018,PMA/PMW-101 - PMA/PMW-101 - NAVWAR,PMA/PMW-101,peo_program_office,pmw:101,included,"code resolves to pmw:101, a PEO C4I office (alias table)"
LRAE Annex 25,31,N65236-22-RFPREQ-LSUBP00009-0010,N65236-22-RFPREQ-LSUBP00009-0010,LSUBP00009 - LSUBP00009 - DEFENSE HEALTH INFO TECH DIV HEAD - NIWCLANT,LSUBP00009,niwc_atlantic_division,center:niwc-atlantic,excluded,"technical_center_division code of center:niwc-atlantic, outside the PEO C4I portfolio (division itself not in alias table)"
LRAE Annex 25,32,N65236-22-RFPREQ-LSUBP00023-0003,N65236-22-RFPREQ-LSUBP00023-0003,LSUBP00023 - LSUBP00023 - SPEC RECON SURVEIL & EXPLOIT DIV HD - NIWCLANT,LSUBP00023,niwc_atlantic_division,center:niwc-atlantic,excluded,"technical_center_division code of center:niwc-atlantic, outside the PEO C4I portfolio (division itself not in alias table)"
LRAE Annex 25,33,N65236-22-RFPREQ-LSUBP00009-0009,N65236-22-RFPREQ-LSUBP00009-0009,LSUBP00009 - LSUBP00009 - DEFENSE HEALTH INFO TECH DIV HEAD - NIWCLANT,LSUBP00009,niwc_atlantic_division,center:niwc-atlantic,excluded,"technical_center_division code of center:niwc-atlantic, outside the PEO C4I portfolio (division itself not in alias table)"
LRAE Annex 25,34,N65236-24-RFPREQ-LSUBP00010-0001,N65236-24-RFPREQ-LSUBP00010-0001,LSUBP00010 - LSUBP00010 - FORCE PROTECTION SOLUTIONS DIV HEAD - NIWCLANT,LSUBP00010,niwc_atlantic_division,center:niwc-atlantic,excluded,"technical_center_division code of center:niwc-atlantic, outside the PEO C4I portfolio (division itself not in alias table)"
LRAE Annex 25,35,N65236-23-RFPREQ-LSUBP00010-0058,N65236-23-RFPREQ-LSUBP00010-0058,LSUBP00010 - LSUBP00010 - FORCE PROTECTION SOLUTIONS DIV HEAD - NIWCLANT,LSUBP00010,niwc_atlantic_division,center:niwc-atlantic,excluded,"technical_center_division code of center:niwc-atlantic, outside the PEO C4I portfolio (division itself not in alias table)"
LRAE Annex 25,36,N65236-23-RFPREQ-LSUBP00002-0059,N65236-23-RFPREQ-LSUBP00002-0059,LSUBP00002 - LSUBP00002 - COMMAND OPERATIONS CENTERS DIV HEAD - NIWCLANT,LSUBP00002,niwc_atlantic_division,center:niwc-atlantic,excluded,"technical_center_division code of center:niwc-atlantic, outside the PEO C4I portfolio (division itself not in alias table)"
LRAE Annex 25,37,N65236-23-RFPREQ-LSUBP00002-0060,N65236-23-RFPREQ-LSUBP00002-0060,LSUBP00002 - LSUBP00002 - COMMAND OPERATIONS CENTERS DIV HEAD - NIWCLANT,LSUBP00002,niwc_atlantic_division,center:niwc-atlantic,excluded,"technical_center_division code of center:niwc-atlantic, outside the PEO C4I portfolio (division itself not in alias table)"
LRAE Annex 25,38,N65236-23-RFPREQ-LSUBP00010-0042,N65236-23-RFPREQ-LSUBP00010-0042,LSUBP00010 - LSUBP00010 - FORCE PROTECTION SOLUTIONS DIV HEAD - NIWCLANT,LSUBP00010,niwc_atlantic_division,center:niwc-atlantic,excluded,"technical_center_division code of center:niwc-atlantic, outside the PEO C4I portfolio (division itself not in alias table)"
LRAE Annex 25,39,N65236-23-RFPREQ-LSUBP00023-0001,N65236-23-RFPREQ-LSUBP00023-0001,LSUBP00023 - LSUBP00023 - SPEC RECON SURVEIL & EXPLOIT DIV HD - NIWCLANT,LSUBP00023,niwc_atlantic_division,center:niwc-atlantic,excluded,"technical_center_division code of center:niwc-atlantic, outside the PEO C4I portfolio (division itself not in alias table)"
LRAE Annex 25,40,N65236-23-RFPREQ-LSUBP00010-0012,N65236-23-RFPREQ-LSUBP00010-0012,LSUBP00010 - LSUBP00010 - FORCE PROTECTION SOLUTIONS DIV HEAD - NIWCLANT,LSUBP00010,niwc_atlantic_division,center:niwc-atlantic,excluded,"technical_center_division code of center:niwc-atlantic, outside the PEO C4I portfolio (division itself not in alias table)"
LRAE Annex 25,41,N65236-23-RFPREQ-LSUBP00002-0004,N65236-23-RFPREQ-LSUBP00002-0004,LSUBP00002 - LSUBP00002 - COMMAND OPERATIONS CENTERS DIV HEAD - NIWCLANT,LSUBP00002,niwc_atlantic_division,center:niwc-atlantic,excluded,"technical_center_division code of center:niwc-atlantic, outside the PEO C4I portfolio (division itself not in alias table)"
LRAE Annex 25,42,N65236-23-RFPREQ-LSUBP00002-0005,N65236-23-RFPREQ-LSUBP00002-0005,LSUBP00002 - LSUBP00002 - COMMAND OPERATIONS CENTERS DIV HEAD - NIWCLANT,LSUBP00002,niwc_atlantic_division,center:niwc-atlantic,excluded,"technical_center_division code of center:niwc-atlantic, outside the PEO C4I portfolio (division itself not in alias table)"
LRAE Annex 25,43,N65236-23-RFPREQ-LSUBP00010-0028,N65236-23-RFPREQ-LSUBP00010-0028,LSUBP00010 - LSUBP00010 - FORCE PROTECTION SOLUTIONS DIV HEAD - NIWCLANT,LSUBP00010,niwc_atlantic_division,center:niwc-atlantic,excluded,"technical_center_division code of center:niwc-atlantic, outside the PEO C4I portfolio (division itself not in alias table)"
LRAE Annex 25,44,N65236-23-RFPREQ-LSUBP00002-0021,N65236-23-RFPREQ-LSUBP00002-0021,LSUBP00002 - LSUBP00002 - COMMAND OPERATIONS CENTERS DIV HEAD - NIWCLANT,LSUBP00002,niwc_atlantic_division,center:niwc-atlantic,excluded,"technical_center_division code of center:niwc-atlantic, outside the PEO C4I portfolio (division itself not in alias table)"
LRAE Annex 25,45,N65236-23-RFPREQ-LSUBP00002-0023,N65236-23-RFPREQ-LSUBP00002-0023,LSUBP00002 - LSUBP00002 - COMMAND OPERATIONS CENTERS DIV HEAD - NIWCLANT,LSUBP00002,niwc_atlantic_division,center:niwc-atlantic,excluded,"technical_center_division code of center:niwc-atlantic, outside the PEO C4I portfolio (division itself not in alias table)"
LRAE Annex 25,46,N65236-23-RFPREQ-LSUBP00010-0043,N65236-23-RFPREQ-LSUBP00010-0043,LSUBP00010 - LSUBP00010 - FORCE PROTECTION SOLUTIONS DIV HEAD - NIWCLANT,LSUBP00010,niwc_atlantic_division,center:niwc-atlantic,excluded,"technical_center_division code of center:niwc-atlantic, outside the PEO C4I portfolio (division itself not in alias table)"
LRAE Annex 25,47,N65236-23-RFPREQ-LSUBP00010-0044,N65236-23-RFPREQ-LSUBP00010-0044,LSUBP00010 - LSUBP00010 - FORCE PROTECTION SOLUTIONS DIV HEAD - NIWCLANT,LSUBP00010,niwc_atlantic_division,center:niwc-atlantic,excluded,"technical_center_division code of center:niwc-atlantic, outside the PEO C4I portfolio (division itself not in alias table)"
LRAE Annex 25,48,N65236-23-RFPREQ-LSUBP00010-0009,N65236-23-RFPREQ-LSUBP00010-0009,LSUBP00010 - LSUBP00010 - FORCE PROTECTION SOLUTIONS DIV HEAD - NIWCLANT,LSUBP00010,niwc_atlantic_division,center:niwc-atlantic,excluded,"technical_center_division code of center:niwc-atlantic, outside the PEO C4I portfolio (division itself not in alias table)"
LRAE Annex 25,49,N65236-23-RFPREQ-LSUBP00002-0012,N65236-23-RFPREQ-LSUBP00002-0012,LSUBP00002 - LSUBP00002 - COMMAND OPERATIONS CENTERS DIV HEAD - NIWCLANT,LSUBP00002,niwc_atlantic_division,center:niwc-atlantic,excluded,"technical_center_division code of center:niwc-atlantic, outside the PEO C4I portfolio (division itself not in alias table)"
LRAE Annex 25,50,N65236-25-RFPREQ-LSUBP00010-0001,N65236-25-RFPREQ-LSUBP00010-0001,LSUBP00010 - LSUBP00010 - FORCE PROTECTION SOLUTIONS DIV HEAD - NIWCLANT,LSUBP00010,niwc_atlantic_division,center:niwc-atlantic,excluded,"technical_center_division code of center:niwc-atlantic, outside the PEO C4I portfolio (division itself not in alias table)"
LRAE Annex 25,51,N65236-23-RFPREQ-LSUBP00010-0002,N65236-23-RFPREQ-LSUBP00010-0002,LSUBP00010 - LSUBP00010 - FORCE PROTECTION SOLUTIONS DIV HEAD - NIWCLANT,LSUBP00010,niwc_atlantic_division,center:niwc-atlantic,excluded,"technical_center_division code of center:niwc-atlantic, outside the PEO C4I portfolio (division itself not in alias table)"
LRAE Annex 25,52,N65236-23-RFPREQ-LSUBP00002-0026,N65236-23-RFPREQ-LSUBP00002-0026,LSUBP00002 - LSUBP00002 - COMMAND OPERATIONS CENTERS DIV HEAD - NIWCLANT,LSUBP00002,niwc_atlantic_division,center:niwc-atlantic,excluded,"technical_center_division code of center:niwc-atlantic, outside the PEO C4I portfolio (division itself not in alias table)"
LRAE Annex 25,53,N65236-23-RFPREQ-LSUBP00002-0030,N65236-23-RFPREQ-LSUBP00002-0030,LSUBP00002 - LSUBP00002 - COMMAND OPERATIONS CENTERS DIV HEAD - NIWCLANT,LSUBP00002,niwc_atlantic_division,center:niwc-atlantic,excluded,"technical_center_division code of center:niwc-atlantic, outside the PEO C4I portfolio (division itself not in alias table)"
LRAE Annex 25,54,N65236-23-RFPREQ-LSUBP00002-0031,N65236-23-RFPREQ-LSUBP00002-0031,LSUBP00002 - LSUBP00002 - COMMAND OPERATIONS CENTERS DIV HEAD - NIWCLANT,LSUBP00002,niwc_atlantic_division,center:niwc-atlantic,excluded,"technical_center_division code of center:niwc-atlantic, outside the PEO C4I portfolio (division itself not in alias table)"
LRAE Annex 25,55,N65236-23-RFPREQ-LSUBP00002-0032,N65236-23-RFPREQ-LSUBP00002-0032,LSUBP00002 - LSUBP00002 - COMMAND OPERATIONS CENTERS DIV HEAD - NIWCLANT,LSUBP00002,niwc_atlantic_division,center:niwc-atlantic,excluded,"technical_center_division code of center:niwc-atlantic, outside the PEO C4I portfolio (division itself not in alias table)"
LRAE Annex 25,56,N65236-23-RFPREQ-LSUBP00010-0039,N65236-23-RFPREQ-LSUBP00010-0039,LSUBP00010 - LSUBP00010 - FORCE PROTECTION SOLUTIONS DIV HEAD - NIWCLANT,LSUBP00010,niwc_atlantic_division,center:niwc-atlantic,excluded,"technical_center_division code of center:niwc-atlantic, outside the PEO C4I portfolio (division itself not in alias table)"
LRAE Annex 25,57,N65236-23-RFPREQ-LSUBP00002-0057,N65236-23-RFPREQ-LSUBP00002-0057,LSUBP00002 - LSUBP00002 - COMMAND OPERATIONS CENTERS DIV HEAD - NIWCLANT,LSUBP00002,niwc_atlantic_division,center:niwc-atlantic,excluded,"technical_center_division code of center:niwc-atlantic, outside the PEO C4I portfolio (division itself not in alias table)"
LRAE Annex 25,58,N65236-23-RFPREQ-LSUBP00002-0058,N65236-23-RFPREQ-LSUBP00002-0058,LSUBP00002 - LSUBP00002 - COMMAND OPERATIONS CENTERS DIV HEAD - NIWCLANT,LSUBP00002,niwc_atlantic_division,center:niwc-atlantic,excluded,"technical_center_division code of center:niwc-atlantic, outside the PEO C4I portfolio (division itself not in alias table)"
LRAE Annex 25,59,N65236-23-RFPREQ-LSUBP00002-0052,N65236-23-RFPREQ-LSUBP00002-0052,LSUBP00002 - LSUBP00002 - COMMAND OPERATIONS CENTERS DIV HEAD - NIWCLANT,LSUBP00002,niwc_atlantic_division,center:niwc-atlantic,excluded,"technical_center_division code of center:niwc-atlantic, outside the PEO C4I portfolio (division itself not in alias table)"
LRAE Annex 25,60,N65236-23-RFPREQ-LSUBP00002-0061,N65236-23-RFPREQ-LSUBP00002-0061,LSUBP00002 - LSUBP00002 - COMMAND OPERATIONS CENTERS DIV HEAD - NIWCLANT,LSUBP00002,niwc_atlantic_division,center:niwc-atlantic,excluded,"technical_center_division code of center:niwc-atlantic, outside the PEO C4I portfolio (division itself not in alias table)"
LRAE Annex 25,61,N65236-23-RFPREQ-LSUBP00002-0062,N65236-23-RFPREQ-LSUBP00002-0062,LSUBP00002 - LSUBP00002 - COMMAND OPERATIONS CENTERS DIV HEAD - NIWCLANT,LSUBP00002,niwc_atlantic_division,center:niwc-atlantic,excluded,"technical_center_division code of center:niwc-atlantic, outside the PEO C4I portfolio (division itself not in alias table)"
LRAE Annex 25,62,N65236-23-RFPREQ-LSUBP00002-0063,N65236-23-RFPREQ-LSUBP00002-0063,LSUBP00002 - LSUBP00002 - COMMAND OPERATIONS CENTERS DIV HEAD - NIWCLANT,LSUBP00002,niwc_atlantic_division,center:niwc-atlantic,excluded,"technical_center_division code of center:niwc-atlantic, outside the PEO C4I portfolio (division itself not in alias table)"
LRAE Annex 25,63,N65236-23-RFPREQ-LSUBP00002-0064,N65236-23-RFPREQ-LSUBP00002-0064,LSUBP00002 - LSUBP00002 - COMMAND OPERATIONS CENTERS DIV HEAD - NIWCLANT,LSUBP00002,niwc_atlantic_division,center:niwc-atlantic,excluded,"technical_center_division code of center:niwc-atlantic, outside the PEO C4I portfolio (division itself not in alias table)"
LRAE Annex 25,64,N65236-23-RFPREQ-LSUBP00002-0065,N65236-23-RFPREQ-LSUBP00002-0065,LSUBP00002 - LSUBP00002 - COMMAND OPERATIONS CENTERS DIV HEAD - NIWCLANT,LSUBP00002,niwc_atlantic_division,center:niwc-atlantic,excluded,"technical_center_division code of center:niwc-atlantic, outside the PEO C4I portfolio (division itself not in alias table)"
LRAE Annex 25,65,N65236-23-RFPREQ-LSUBP00002-0066,N65236-23-RFPREQ-LSUBP00002-0066,LSUBP00002 - LSUBP00002 - COMMAND OPERATIONS CENTERS DIV HEAD - NIWCLANT,LSUBP00002,niwc_atlantic_division,center:niwc-atlantic,excluded,"technical_center_division code of center:niwc-atlantic, outside the PEO C4I portfolio (division itself not in alias table)"
LRAE Annex 25,66,N65236-23-RFPREQ-LSUBP00002-0069,N65236-23-RFPREQ-LSUBP00002-0069,LSUBP00002 - LSUBP00002 - COMMAND OPERATIONS CENTERS DIV HEAD - NIWCLANT,LSUBP00002,niwc_atlantic_division,center:niwc-atlantic,excluded,"technical_center_division code of center:niwc-atlantic, outside the PEO C4I portfolio (division itself not in alias table)"
LRAE Annex 25,67,N65236-23-RFPREQ-LSUBP00002-0070,N65236-23-RFPREQ-LSUBP00002-0070,LSUBP00002 - LSUBP00002 - COMMAND OPERATIONS CENTERS DIV HEAD - NIWCLANT,LSUBP00002,niwc_atlantic_division,center:niwc-atlantic,excluded,"technical_center_division code of center:niwc-atlantic, outside the PEO C4I portfolio (division itself not in alias table)"
LRAE Annex 25,68,N65236-23-RFPREQ-LSUBP00002-0072,N65236-23-RFPREQ-LSUBP00002-0072,LSUBP00002 - LSUBP00002 - COMMAND OPERATIONS CENTERS DIV HEAD - NIWCLANT,LSUBP00002,niwc_atlantic_division,center:niwc-atlantic,excluded,"technical_center_division code of center:niwc-atlantic, outside the PEO C4I portfolio (division itself not in alias table)"
LRAE Annex 25,69,N65236-23-RFPREQ-LSUBP00002-0073,N65236-23-RFPREQ-LSUBP00002-0073,LSUBP00002 - LSUBP00002 - COMMAND OPERATIONS CENTERS DIV HEAD - NIWCLANT,LSUBP00002,niwc_atlantic_division,center:niwc-atlantic,excluded,"technical_center_division code of center:niwc-atlantic, outside the PEO C4I portfolio (division itself not in alias table)"
LRAE Annex 25,70,N65236-23-RFPREQ-LSUBP00010-0072,N65236-23-RFPREQ-LSUBP00010-0072,LSUBP00010 - LSUBP00010 - FORCE PROTECTION SOLUTIONS DIV HEAD - NIWCLANT,LSUBP00010,niwc_atlantic_division,center:niwc-atlantic,excluded,"technical_center_division code of center:niwc-atlantic, outside the PEO C4I portfolio (division itself not in alias table)"
LRAE Annex 25,71,N65236-23-RFPREQ-LSUBP00010-0069,N65236-23-RFPREQ-LSUBP00010-0069,LSUBP00010 - LSUBP00010 - FORCE PROTECTION SOLUTIONS DIV HEAD - NIWCLANT,LSUBP00010,niwc_atlantic_division,center:niwc-atlantic,excluded,"technical_center_division code of center:niwc-atlantic, outside the PEO C4I portfolio (division itself not in alias table)"
LRAE Annex 25,72,N65236-23-RFPREQ-LSUBP00010-0074,N65236-23-RFPREQ-LSUBP00010-0074,LSUBP00010 - LSUBP00010 - FORCE PROTECTION SOLUTIONS DIV HEAD - NIWCLANT,LSUBP00010,niwc_atlantic_division,center:niwc-atlantic,excluded,"technical_center_division code of center:niwc-atlantic, outside the PEO C4I portfolio (division itself not in alias table)"
LRAE Annex 25,73,N65236-22-RFPREQ-LSUBP00022-0001,N65236-22-RFPREQ-LSUBP00022-0001,LSUBP00022 - LSUBP00022 - BATTLE SPACE AWARENESS DIV HEAD - NIWCLANT,LSUBP00022,niwc_atlantic_division,center:niwc-atlantic,excluded,"technical_center_division code of center:niwc-atlantic, outside the PEO C4I portfolio (division itself not in alias table)"
LRAE Annex 25,74,N65236-23-RFPREQ-LSUBP00063-0004,N65236-23-RFPREQ-LSUBP00063-0004,LSUBP00063 - LSUBP00063 - NAVY AFLOAT NETWORK DIV HEAD - NIWCLANT,LSUBP00063,niwc_atlantic_division,center:niwc-atlantic,excluded,"technical_center_division code of center:niwc-atlantic, outside the PEO C4I portfolio (division itself not in alias table)"
LRAE Annex 25,75,N65236-23-RFPREQ-LSUBP00063-0003,N65236-23-RFPREQ-LSUBP00063-0003,LSUBP00063 - LSUBP00063 - NAVY AFLOAT NETWORK DIV HEAD - NIWCLANT,LSUBP00063,niwc_atlantic_division,center:niwc-atlantic,excluded,"technical_center_division code of center:niwc-atlantic, outside the PEO C4I portfolio (division itself not in alias table)"
LRAE Annex 25,76,N65236-23-RFPREQ-LSUBP00024-0002,N65236-23-RFPREQ-LSUBP00024-0002,LSUBP00024 - LSUBP00024 - IA AND NAVY CYBER SECURITY DIV HEAD - NIWCLANT,LSUBP00024,niwc_atlantic_division,center:niwc-atlantic,excluded,"technical_center_division code of center:niwc-atlantic, outside the PEO C4I portfolio (division itself not in alias table)"
LRAE Annex 25,77,N65236-23-RFPREQ-LSUBP00022-0011,N65236-23-RFPREQ-LSUBP00022-0011,LSUBP00022 - LSUBP00022 - BATTLE SPACE AWARENESS DIV HEAD - NIWCLANT,LSUBP00022,niwc_atlantic_division,center:niwc-atlantic,excluded,"technical_center_division code of center:niwc-atlantic, outside the PEO C4I portfolio (division itself not in alias table)"
LRAE Annex 25,78,N65236-23-RFPREQ-LSUBP00022-0002,N65236-23-RFPREQ-LSUBP00022-0002,LSUBP00022 - LSUBP00022 - BATTLE SPACE AWARENESS DIV HEAD - NIWCLANT,LSUBP00022,niwc_atlantic_division,center:niwc-atlantic,excluded,"technical_center_division code of center:niwc-atlantic, outside the PEO C4I portfolio (division itself not in alias table)"
LRAE Annex 25,79,N65236-23-RFPREQ-LSUBP00022-0003,N65236-23-RFPREQ-LSUBP00022-0003,LSUBP00022 - LSUBP00022 - BATTLE SPACE AWARENESS DIV HEAD - NIWCLANT,LSUBP00022,niwc_atlantic_division,center:niwc-atlantic,excluded,"technical_center_division code of center:niwc-atlantic, outside the PEO C4I portfolio (division itself not in alias table)"
LRAE Annex 25,80,N65236-23-RFPREQ-LSUBP00022-0005,N65236-23-RFPREQ-LSUBP00022-0005,LSUBP00022 - LSUBP00022 - BATTLE SPACE AWARENESS DIV HEAD - NIWCLANT,LSUBP00022,niwc_atlantic_division,center:niwc-atlantic,excluded,"technical_center_division code of center:niwc-atlantic, outside the PEO C4I portfolio (division itself not in alias table)"
LRAE Annex 25,81,N65236-23-RFPREQ-LSUBP00022-0024,N65236-23-RFPREQ-LSUBP00022-0024,LSUBP00022 - LSUBP00022 - BATTLE SPACE AWARENESS DIV HEAD - NIWCLANT,LSUBP00022,niwc_atlantic_division,center:niwc-atlantic,excluded,"technical_center_division code of center:niwc-atlantic, outside the PEO C4I portfolio (division itself not in alias table)"
LRAE Annex 25,82,N65236-23-RFPREQ-LSUBP00022-0026,N65236-23-RFPREQ-LSUBP00022-0026,LSUBP00022 - LSUBP00022 - BATTLE SPACE AWARENESS DIV HEAD - NIWCLANT,LSUBP00022,niwc_atlantic_division,center:niwc-atlantic,excluded,"technical_center_division code of center:niwc-atlantic, outside the PEO C4I portfolio (division itself not in alias table)"
LRAE Annex 25,83,N65236-23-RFPREQ-LSUBP00022-0027,N65236-23-RFPREQ-LSUBP00022-0027,LSUBP00022 - LSUBP00022 - BATTLE SPACE AWARENESS DIV HEAD - NIWCLANT,LSUBP00022,niwc_atlantic_division,center:niwc-atlantic,excluded,"technical_center_division code of center:niwc-atlantic, outside the PEO C4I portfolio (division itself not in alias table)"
LRAE Annex 25,84,N65236-23-RFPREQ-LSUBP00022-0029,N65236-23-RFPREQ-LSUBP00022-0029,LSUBP00022 - LSUBP00022 - BATTLE SPACE AWARENESS DIV HEAD - NIWCLANT,LSUBP00022,niwc_atlantic_division,center:niwc-atlantic,excluded,"technical_center_division code of center:niwc-atlantic, outside the PEO C4I portfolio (division itself not in alias table)"
LRAE Annex 25,85,N65236-23-RFPREQ-LSUBP00022-0056,N65236-23-RFPREQ-LSUBP00022-0056,LSUBP00022 - LSUBP00022 - BATTLE SPACE AWARENESS DIV HEAD - NIWCLANT,LSUBP00022,niwc_atlantic_division,center:niwc-atlantic,excluded,"technical_center_division code of center:niwc-atlantic, outside the PEO C4I portfolio (division itself not in alias table)"
LRAE Annex 25,86,N65236-23-RFPREQ-LSUBP00063-0012,N65236-23-RFPREQ-LSUBP00063-0012,LSUBP00063 - LSUBP00063 - NAVY AFLOAT NETWORK DIV HEAD - NIWCLANT,LSUBP00063,niwc_atlantic_division,center:niwc-atlantic,excluded,"technical_center_division code of center:niwc-atlantic, outside the PEO C4I portfolio (division itself not in alias table)"
LRAE Annex 25,87,N65236-23-RFPREQ-LSUBP00022-0012,N65236-23-RFPREQ-LSUBP00022-0012,LSUBP00022 - LSUBP00022 - BATTLE SPACE AWARENESS DIV HEAD - NIWCLANT,LSUBP00022,niwc_atlantic_division,center:niwc-atlantic,excluded,"technical_center_division code of center:niwc-atlantic, outside the PEO C4I portfolio (division itself not in alias table)"
LRAE Annex 25,88,N65236-23-RFPREQ-LSUBP00063-0039,N65236-23-RFPREQ-LSUBP00063-0039,LSUBP00063 - LSUBP00063 - NAVY AFLOAT NETWORK DIV HEAD - NIWCLANT,LSUBP00063,niwc_atlantic_division,center:niwc-atlantic,excluded,"technical_center_division code of center:niwc-atlantic, outside the PEO C4I portfolio (division itself not in alias table)"
LRAE Annex 25,89,N65236-23-RFPREQ-LSUBP00063-0040,N65236-23-RFPREQ-LSUBP00063-0040,LSUBP00063 - LSUBP00063 - NAVY AFLOAT NETWORK DIV HEAD - NIWCLANT,LSUBP00063,niwc_atlantic_division,center:niwc-atlantic,excluded,"technical_center_division code of center:niwc-atlantic, outside the PEO C4I portfolio (division itself not in alias table)"
LRAE Annex 25,90,N65236-23-RFPREQ-LSUBP00022-0087,N65236-23-RFPREQ-LSUBP00022-0087,LSUBP00022 - LSUBP00022 - BATTLE SPACE AWARENESS DIV HEAD - NIWCLANT,LSUBP00022,niwc_atlantic_division,center:niwc-atlantic,excluded,"technical_center_division code of center:niwc-atlantic, outside the PEO C4I portfolio (division itself not in alias table)"
LRAE Annex 25,91,N65236-23-RFPREQ-LSUBP00022-0104,N65236-23-RFPREQ-LSUBP00022-0104,LSUBP00022 - LSUBP00022 - BATTLE SPACE AWARENESS DIV HEAD - NIWCLANT,LSUBP00022,niwc_atlantic_division,center:niwc-atlantic,excluded,"technical_center_division code of center:niwc-atlantic, outside the PEO C4I portfolio (division itself not in alias table)"
LRAE Annex 25,92,N65236-23-RFPREQ-LSUBP00022-0105,N65236-23-RFPREQ-LSUBP00022-0105,LSUBP00022 - LSUBP00022 - BATTLE SPACE AWARENESS DIV HEAD - NIWCLANT,LSUBP00022,niwc_atlantic_division,center:niwc-atlantic,excluded,"technical_center_division code of center:niwc-atlantic, outside the PEO C4I portfolio (division itself not in alias table)"
LRAE Annex 25,93,N65236-23-RFPREQ-LSUBP00022-0107,N65236-23-RFPREQ-LSUBP00022-0107,LSUBP00022 - LSUBP00022 - BATTLE SPACE AWARENESS DIV HEAD - NIWCLANT,LSUBP00022,niwc_atlantic_division,center:niwc-atlantic,excluded,"technical_center_division code of center:niwc-atlantic, outside the PEO C4I portfolio (division itself not in alias table)"
LRAE Annex 25,94,N65236-23-RFPREQ-LSUBP00022-0119,N65236-23-RFPREQ-LSUBP00022-0119,LSUBP00022 - LSUBP00022 - BATTLE SPACE AWARENESS DIV HEAD - NIWCLANT,LSUBP00022,niwc_atlantic_division,center:niwc-atlantic,excluded,"technical_center_division code of center:niwc-atlantic, outside the PEO C4I portfolio (division itself not in alias table)"
LRAE Annex 25,95,N65236-23-RFPREQ-LSUBP00063-0053,N65236-23-RFPREQ-LSUBP00063-0053,LSUBP00063 - LSUBP00063 - NAVY AFLOAT NETWORK DIV HEAD - NIWCLANT,LSUBP00063,niwc_atlantic_division,center:niwc-atlantic,excluded,"technical_center_division code of center:niwc-atlantic, outside the PEO C4I portfolio (division itself not in alias table)"
LRAE Annex 25,96,N65236-23-RFPREQ-LSUBP00024-0036,N65236-23-RFPREQ-LSUBP00024-0036,LSUBP00024 - LSUBP00024 - IA AND NAVY CYBER SECURITY DIV HEAD - NIWCLANT,LSUBP00024,niwc_atlantic_division,center:niwc-atlantic,excluded,"technical_center_division code of center:niwc-atlantic, outside the PEO C4I portfolio (division itself not in alias table)"
LRAE Annex 25,97,N65236-23-RFPREQ-LSUBP00022-0134,N65236-23-RFPREQ-LSUBP00022-0134,LSUBP00022 - LSUBP00022 - BATTLE SPACE AWARENESS DIV HEAD - NIWCLANT,LSUBP00022,niwc_atlantic_division,center:niwc-atlantic,excluded,"technical_center_division code of center:niwc-atlantic, outside the PEO C4I portfolio (division itself not in alias table)"
LRAE Annex 25,98,N65236-23-RFPREQ-LSUBP00022-0135,N65236-23-RFPREQ-LSUBP00022-0135,LSUBP00022 - LSUBP00022 - BATTLE SPACE AWARENESS DIV HEAD - NIWCLANT,LSUBP00022,niwc_atlantic_division,center:niwc-atlantic,excluded,"technical_center_division code of center:niwc-atlantic, outside the PEO C4I portfolio (division itself not in alias table)"
LRAE Annex 25,99,N65236-23-RFPREQ-LSUBP00063-0067,N65236-23-RFPREQ-LSUBP00063-0067,LSUBP00063 - LSUBP00063 - NAVY AFLOAT NETWORK DIV HEAD - NIWCLANT,LSUBP00063,niwc_atlantic_division,center:niwc-atlantic,excluded,"technical_center_division code of center:niwc-atlantic, outside the PEO C4I portfolio (division itself not in alias table)"
LRAE Annex 25,100,N65236-23-RFPREQ-LSUBP00024-0043,N65236-23-RFPREQ-LSUBP00024-0043,LSUBP00024 - LSUBP00024 - IA AND NAVY CYBER SECURITY DIV HEAD - NIWCLANT,LSUBP00024,niwc_atlantic_division,center:niwc-atlantic,excluded,"technical_center_division code of center:niwc-atlantic, outside the PEO C4I portfolio (division itself not in alias table)"
LRAE Annex 25,101,N65236-23-RFPREQ-LSUBP00024-0046,N65236-23-RFPREQ-LSUBP00024-0046,LSUBP00024 - LSUBP00024 - IA AND NAVY CYBER SECURITY DIV HEAD - NIWCLANT,LSUBP00024,niwc_atlantic_division,center:niwc-atlantic,excluded,"technical_center_division code of center:niwc-atlantic, outside the PEO C4I portfolio (division itself not in alias table)"
LRAE Annex 25,102,N65236-23-RFPREQ-LSUBP00022-0139,N65236-23-RFPREQ-LSUBP00022-0139,LSUBP00022 - LSUBP00022 - BATTLE SPACE AWARENESS DIV HEAD - NIWCLANT,LSUBP00022,niwc_atlantic_division,center:niwc-atlantic,excluded,"technical_center_division code of center:niwc-atlantic, outside the PEO C4I portfolio (division itself not in alias table)"
LRAE Annex 25,103,N65236-23-RFPREQ-LSUBP00022-0140,N65236-23-RFPREQ-LSUBP00022-0140,LSUBP00022 - LSUBP00022 - BATTLE SPACE AWARENESS DIV HEAD - NIWCLANT,LSUBP00022,niwc_atlantic_division,center:niwc-atlantic,excluded,"technical_center_division code of center:niwc-atlantic, outside the PEO C4I portfolio (division itself not in alias table)"
LRAE Annex 25,104,N65236-23-RFPREQ-LSUBP00022-0145,N65236-23-RFPREQ-LSUBP00022-0145,LSUBP00022 - LSUBP00022 - BATTLE SPACE AWARENESS DIV HEAD - NIWCLANT,LSUBP00022,niwc_atlantic_division,center:niwc-atlantic,excluded,"technical_center_division code of center:niwc-atlantic, outside the PEO C4I portfolio (division itself not in alias table)"
LRAE Annex 25,105,N65236-23-RFPREQ-LSUBP00063-0075,N65236-23-RFPREQ-LSUBP00063-0075,LSUBP00063 - LSUBP00063 - NAVY AFLOAT NETWORK DIV HEAD - NIWCLANT,LSUBP00063,niwc_atlantic_division,center:niwc-atlantic,excluded,"technical_center_division code of center:niwc-atlantic, outside the PEO C4I portfolio (division itself not in alias table)"
LRAE Annex 25,106,N65236-23-RFPREQ-LSUBP00083-0001,N65236-23-RFPREQ-LSUBP00083-0001,LSUBP00083 - LSUBP00083 - 8.0 Competency Division - NIWCLANT,LSUBP00083,niwc_atlantic_division,center:niwc-atlantic,excluded,"technical_center_division code of center:niwc-atlantic, outside the PEO C4I portfolio (division itself not in alias table)"
LRAE Annex 25,107,N65236-23-RFPREQ-LSUBP00093-0010,N65236-23-RFPREQ-LSUBP00093-0010,LSUBP00093 - LSUBP00093 - 4.7 Competency Division - NIWCLANT,LSUBP00093,niwc_atlantic_division,center:niwc-atlantic,excluded,"technical_center_division code of center:niwc-atlantic, outside the PEO C4I portfolio (division itself not in alias table)"
LRAE Annex 25,108,N65236-23-RFPREQ-LSUBP00004-0029,N65236-23-RFPREQ-LSUBP00004-0029,LSUBP00004 - LSUBP00004 - EXPEDITIONARY C3 SOLUTIONS DIV HEAD - NIWCLANT,LSUBP00004,niwc_atlantic_division,center:niwc-atlantic,excluded,"technical_center_division code of center:niwc-atlantic, outside the PEO C4I portfolio (division itself not in alias table)"
LRAE Annex 25,109,N65236-23-RFPREQ-LSUBP00004-0032,N65236-23-RFPREQ-LSUBP00004-0032,LSUBP00004 - LSUBP00004 - EXPEDITIONARY C3 SOLUTIONS DIV HEAD - NIWCLANT,LSUBP00004,niwc_atlantic_division,center:niwc-atlantic,excluded,"technical_center_division code of center:niwc-atlantic, outside the PEO C4I portfolio (division itself not in alias table)"
LRAE Annex 25,110,N65236-23-RFPREQ-LSUBP00093-0012,N65236-23-RFPREQ-LSUBP00093-0012,LSUBP00093 - LSUBP00093 - 4.7 Competency Division - NIWCLANT,LSUBP00093,niwc_atlantic_division,center:niwc-atlantic,excluded,"technical_center_division code of center:niwc-atlantic, outside the PEO C4I portfolio (division itself not in alias table)"
LRAE Annex 25,111,N65236-23-RFPREQ-LSUBP00083-0039,N65236-23-RFPREQ-LSUBP00083-0039,LSUBP00083 - LSUBP00083 - 8.0 Competency Division - NIWCLANT,LSUBP00083,niwc_atlantic_division,center:niwc-atlantic,excluded,"technical_center_division code of center:niwc-atlantic, outside the PEO C4I portfolio (division itself not in alias table)"
LRAE Annex 25,112,N65236-23-RFPREQ-LSUBP00083-0041,N65236-23-RFPREQ-LSUBP00083-0041,LSUBP00083 - LSUBP00083 - 8.0 Competency Division - NIWCLANT,LSUBP00083,niwc_atlantic_division,center:niwc-atlantic,excluded,"technical_center_division code of center:niwc-atlantic, outside the PEO C4I portfolio (division itself not in alias table)"
LRAE Annex 25,113,N65236-23-RFPREQ-LSUBP00083-0013,N65236-23-RFPREQ-LSUBP00083-0013,LSUBP00083 - LSUBP00083 - 8.0 Competency Division - NIWCLANT,LSUBP00083,niwc_atlantic_division,center:niwc-atlantic,excluded,"technical_center_division code of center:niwc-atlantic, outside the PEO C4I portfolio (division itself not in alias table)"
LRAE Annex 25,114,N65236-23-RFPREQ-LSUBP00083-0029,N65236-23-RFPREQ-LSUBP00083-0029,LSUBP00083 - LSUBP00083 - 8.0 Competency Division - NIWCLANT,LSUBP00083,niwc_atlantic_division,center:niwc-atlantic,excluded,"technical_center_division code of center:niwc-atlantic, outside the PEO C4I portfolio (division itself not in alias table)"
LRAE Annex 25,115,k:d799605bb5d1,,Pf007NERP - Pf007NERP - NAVWAR,Pf007NERP,peo_mlb_portfolio_code,,unresolved,family peo_mlb_portfolio_code recognised but code Pf007NERP has no alias-table entry
LRAE Annex 25,116,k:45a9688ee4d1,,Pf007NERP - Pf007NERP - NAVWAR,Pf007NERP,peo_mlb_portfolio_code,,unresolved,family peo_mlb_portfolio_code recognised but code Pf007NERP has no alias-table entry
LRAE Annex 25,117,k:3af290b65f16,,Pf007NERP - Pf007NERP - NAVWAR,Pf007NERP,peo_mlb_portfolio_code,,unresolved,family peo_mlb_portfolio_code recognised but code Pf007NERP has no alias-table entry
LRAE Annex 25,118,k:b394b50ed4a9,,Pf007NERP - Pf007NERP - NAVWAR,Pf007NERP,peo_mlb_portfolio_code,,unresolved,family peo_mlb_portfolio_code recognised but code Pf007NERP has no alias-table entry
LRAE Annex 25,119,k:24bac0f93a62,,Pf007NERP - Pf007NERP - NAVWAR,Pf007NERP,peo_mlb_portfolio_code,,unresolved,family peo_mlb_portfolio_code recognised but code Pf007NERP has no alias-table entry
LRAE Annex 25,120,N00039-23-RFPREQ-Pf005NABS-0019,N00039-23-RFPREQ-Pf005NABS-0019,Pf005NABS - Pf005NABS - NAVWAR,Pf005NABS,peo_mlb_portfolio_code,,unresolved,family peo_mlb_portfolio_code recognised but code Pf005NABS has no alias-table entry
LRAE Annex 25,121,k:29d3e14ff663,,Pf005NABS - Pf005NABS - NAVWAR,Pf005NABS,peo_mlb_portfolio_code,,unresolved,family peo_mlb_portfolio_code recognised but code Pf005NABS has no alias-table entry
LRAE Annex 25,122,N65236-23-RFPREQ-LBUSP00030-0015,N65236-23-RFPREQ-LBUSP00030-0015,LBUSP00030 - LBUSP00030 - NL-8.0 - NIWCLANT,LBUSP00030,niwc_atlantic_division,center:niwc-atlantic,excluded,"technical_center_division code of center:niwc-atlantic, outside the PEO C4I portfolio (division itself not in alias table)"
LRAE Annex 25,123,N65236-23-RFPREQ-LSUBP00087-0008,N65236-23-RFPREQ-LSUBP00087-0008,LSUBP00087 - LSUBP00087 - Command Information Officer Division - NIWCLANT,LSUBP00087,niwc_atlantic_division,center:niwc-atlantic,excluded,"technical_center_division code of center:niwc-atlantic, outside the PEO C4I portfolio (division itself not in alias table)"
LRAE Annex 25,124,N65236-23-RFPREQ-LSUBP00022-0072,N65236-23-RFPREQ-LSUBP00022-0072,LSUBP00022 - LSUBP00022 - BATTLE SPACE AWARENESS DIV HEAD - NIWCLANT,LSUBP00022,niwc_atlantic_division,center:niwc-atlantic,excluded,"technical_center_division code of center:niwc-atlantic, outside the PEO C4I portfolio (division itself not in alias table)"
LRAE Annex 25,125,N65236-23-RFPREQ-LSUBP00024-0003,N65236-23-RFPREQ-LSUBP00024-0003,LSUBP00024 - LSUBP00024 - IA AND NAVY CYBER SECURITY DIV HEAD - NIWCLANT,LSUBP00024,niwc_atlantic_division,center:niwc-atlantic,excluded,"technical_center_division code of center:niwc-atlantic, outside the PEO C4I portfolio (division itself not in alias table)"
LRAE Annex 25,126,N65236-23-RFPREQ-LSUBP00022-0082,N65236-23-RFPREQ-LSUBP00022-0082,LSUBP00022 - LSUBP00022 - BATTLE SPACE AWARENESS DIV HEAD - NIWCLANT,LSUBP00022,niwc_atlantic_division,center:niwc-atlantic,excluded,"technical_center_division code of center:niwc-atlantic, outside the PEO C4I portfolio (division itself not in alias table)"
LRAE Annex 25,127,N65236-23-RFPREQ-LSUBP00063-0041,N65236-23-RFPREQ-LSUBP00063-0041,LSUBP00063 - LSUBP00063 - NAVY AFLOAT NETWORK DIV HEAD - NIWCLANT,LSUBP00063,niwc_atlantic_division,center:niwc-atlantic,excluded,"technical_center_division code of center:niwc-atlantic, outside the PEO C4I portfolio (division itself not in alias table)"
LRAE Annex 25,128,N65236-23-RFPREQ-LSUBP00022-0094,N65236-23-RFPREQ-LSUBP00022-0094,LSUBP00022 - LSUBP00022 - BATTLE SPACE AWARENESS DIV HEAD - NIWCLANT,LSUBP00022,niwc_atlantic_division,center:niwc-atlantic,excluded,"technical_center_division code of center:niwc-atlantic, outside the PEO C4I portfolio (division itself not in alias table)"
LRAE Annex 25,129,N65236-23-RFPREQ-LSUBP00022-0095,N65236-23-RFPREQ-LSUBP00022-0095,LSUBP00022 - LSUBP00022 - BATTLE SPACE AWARENESS DIV HEAD - NIWCLANT,LSUBP00022,niwc_atlantic_division,center:niwc-atlantic,excluded,"technical_center_division code of center:niwc-atlantic, outside the PEO C4I portfolio (division itself not in alias table)"
LRAE Annex 25,130,N65236-23-RFPREQ-LSUBP00022-0106,N65236-23-RFPREQ-LSUBP00022-0106,LSUBP00022 - LSUBP00022 - BATTLE SPACE AWARENESS DIV HEAD - NIWCLANT,LSUBP00022,niwc_atlantic_division,center:niwc-atlantic,excluded,"technical_center_division code of center:niwc-atlantic, outside the PEO C4I portfolio (division itself not in alias table)"
LRAE Annex 25,131,N65236-23-RFPREQ-LSUBP00024-0032,N65236-23-RFPREQ-LSUBP00024-0032,LSUBP00024 - LSUBP00024 - IA AND NAVY CYBER SECURITY DIV HEAD - NIWCLANT,LSUBP00024,niwc_atlantic_division,center:niwc-atlantic,excluded,"technical_center_division code of center:niwc-atlantic, outside the PEO C4I portfolio (division itself not in alias table)"
LRAE Annex 25,132,N65236-23-RFPREQ-LSUBP00022-0114,N65236-23-RFPREQ-LSUBP00022-0114,LSUBP00022 - LSUBP00022 - BATTLE SPACE AWARENESS DIV HEAD - NIWCLANT,LSUBP00022,niwc_atlantic_division,center:niwc-atlantic,excluded,"technical_center_division code of center:niwc-atlantic, outside the PEO C4I portfolio (division itself not in alias table)"
LRAE Annex 25,133,N65236-23-RFPREQ-LSUBP00022-0115,N65236-23-RFPREQ-LSUBP00022-0115,LSUBP00022 - LSUBP00022 - BATTLE SPACE AWARENESS DIV HEAD - NIWCLANT,LSUBP00022,niwc_atlantic_division,center:niwc-atlantic,excluded,"technical_center_division code of center:niwc-atlantic, outside the PEO C4I portfolio (division itself not in alias table)"
LRAE Annex 25,134,N65236-23-RFPREQ-LSUBP00022-0116,N65236-23-RFPREQ-LSUBP00022-0116,LSUBP00022 - LSUBP00022 - BATTLE SPACE AWARENESS DIV HEAD - NIWCLANT,LSUBP00022,niwc_atlantic_division,center:niwc-atlantic,excluded,"technical_center_division code of center:niwc-atlantic, outside the PEO C4I portfolio (division itself not in alias table)"
LRAE Annex 25,135,N65236-23-RFPREQ-LSUBP00022-0122,N65236-23-RFPREQ-LSUBP00022-0122,LSUBP00022 - LSUBP00022 - BATTLE SPACE AWARENESS DIV HEAD - NIWCLANT,LSUBP00022,niwc_atlantic_division,center:niwc-atlantic,excluded,"technical_center_division code of center:niwc-atlantic, outside the PEO C4I portfolio (division itself not in alias table)"
LRAE Annex 25,136,N65236-23-RFPREQ-LSUBP00024-0037,N65236-23-RFPREQ-LSUBP00024-0037,LSUBP00024 - LSUBP00024 - IA AND NAVY CYBER SECURITY DIV HEAD - NIWCLANT,LSUBP00024,niwc_atlantic_division,center:niwc-atlantic,excluded,"technical_center_division code of center:niwc-atlantic, outside the PEO C4I portfolio (division itself not in alias table)"
LRAE Annex 25,137,N65236-23-RFPREQ-LSUBP00022-0129,N65236-23-RFPREQ-LSUBP00022-0129,LSUBP00022 - LSUBP00022 - BATTLE SPACE AWARENESS DIV HEAD - NIWCLANT,LSUBP00022,niwc_atlantic_division,center:niwc-atlantic,excluded,"technical_center_division code of center:niwc-atlantic, outside the PEO C4I portfolio (division itself not in alias table)"
LRAE Annex 25,138,N65236-22-RFPREQ-LSUBP00064-0006,N65236-22-RFPREQ-LSUBP00064-0006,LSUBP00064 - LSUBP00064 - EXPED ENTERPRISE SYS & SVS DIV HD - NIWCLANT,LSUBP00064,niwc_atlantic_division,center:niwc-atlantic,excluded,"technical_center_division code of center:niwc-atlantic, outside the PEO C4I portfolio (division itself not in alias table)"
LRAE Annex 25,139,N65236-23-RFPREQ-LSUBP00064-0007,N65236-23-RFPREQ-LSUBP00064-0007,LSUBP00064 - LSUBP00064 - EXPED ENTERPRISE SYS & SVS DIV HD - NIWCLANT,LSUBP00064,niwc_atlantic_division,center:niwc-atlantic,excluded,"technical_center_division code of center:niwc-atlantic, outside the PEO C4I portfolio (division itself not in alias table)"
LRAE Annex 25,140,N65236-22-RFPREQ-LSUBP00056-0005,N65236-22-RFPREQ-LSUBP00056-0005,LSUBP00056 - LSUBP00056 - ENTERPRISE BUSINESS SYSTEMS DIV HEAD - NIWCLANT,LSUBP00056,niwc_atlantic_division,center:niwc-atlantic,excluded,"technical_center_division code of center:niwc-atlantic, outside the PEO C4I portfolio (division itself not in alias table)"
LRAE Annex 25,141,N65236-23-RFPREQ-LSUBP00064-0005,N65236-23-RFPREQ-LSUBP00064-0005,LSUBP00064 - LSUBP00064 - EXPED ENTERPRISE SYS & SVS DIV HD - NIWCLANT,LSUBP00064,niwc_atlantic_division,center:niwc-atlantic,excluded,"technical_center_division code of center:niwc-atlantic, outside the PEO C4I portfolio (division itself not in alias table)"
LRAE Annex 25,142,N65236-22-RFPREQ-LSUBP00017-0003,N65236-22-RFPREQ-LSUBP00017-0003,LSUBP00017 - LSUBP00017 - INFRASTRUCTURE SYSTEMS DIV HEAD - NIWCLANT,LSUBP00017,niwc_atlantic_division,center:niwc-atlantic,excluded,"technical_center_division code of center:niwc-atlantic, outside the PEO C4I portfolio (division itself not in alias table)"
LRAE Annex 25,143,N65236-23-RFPREQ-LSUBP00064-0006,N65236-23-RFPREQ-LSUBP00064-0006,LSUBP00064 - LSUBP00064 - EXPED ENTERPRISE SYS & SVS DIV HD - NIWCLANT,LSUBP00064,niwc_atlantic_division,center:niwc-atlantic,excluded,"technical_center_division code of center:niwc-atlantic, outside the PEO C4I portfolio (division itself not in alias table)"
LRAE Annex 25,144,N65236-23-RFPREQ-LSUBP00023-0053,N65236-23-RFPREQ-LSUBP00023-0053,LSUBP00023 - LSUBP00023 - SPEC RECON SURVEIL & EXPLOIT DIV HD - NIWCLANT,LSUBP00023,niwc_atlantic_division,center:niwc-atlantic,excluded,"technical_center_division code of center:niwc-atlantic, outside the PEO C4I portfolio (division itself not in alias table)"
LRAE Annex 25,145,N65236-23-RFPREQ-LSUBP00064-0044,N65236-23-RFPREQ-LSUBP00064-0044,LSUBP00064 - LSUBP00064 - EXPED ENTERPRISE SYS & SVS DIV HD - NIWCLANT,LSUBP00064,niwc_atlantic_division,center:niwc-atlantic,excluded,"technical_center_division code of center:niwc-atlantic, outside the PEO C4I portfolio (division itself not in alias table)"
LRAE Annex 25,146,N65236-23-RFPREQ-LSUBP00064-0011,N65236-23-RFPREQ-LSUBP00064-0011,LSUBP00064 - LSUBP00064 - EXPED ENTERPRISE SYS & SVS DIV HD - NIWCLANT,LSUBP00064,niwc_atlantic_division,center:niwc-atlantic,excluded,"technical_center_division code of center:niwc-atlantic, outside the PEO C4I portfolio (division itself not in alias table)"
LRAE Annex 25,147,N65236-23-RFPREQ-LSUBP00064-0012,N65236-23-RFPREQ-LSUBP00064-0012,LSUBP00064 - LSUBP00064 - EXPED ENTERPRISE SYS & SVS DIV HD - NIWCLANT,LSUBP00064,niwc_atlantic_division,center:niwc-atlantic,excluded,"technical_center_division code of center:niwc-atlantic, outside the PEO C4I portfolio (division itself not in alias table)"
LRAE Annex 25,148,N65236-23-RFPREQ-LSUBP00064-0013,N65236-23-RFPREQ-LSUBP00064-0013,LSUBP00064 - LSUBP00064 - EXPED ENTERPRISE SYS & SVS DIV HD - NIWCLANT,LSUBP00064,niwc_atlantic_division,center:niwc-atlantic,excluded,"technical_center_division code of center:niwc-atlantic, outside the PEO C4I portfolio (division itself not in alias table)"
LRAE Annex 25,149,N65236-23-RFPREQ-LSUBP00064-0014,N65236-23-RFPREQ-LSUBP00064-0014,LSUBP00064 - LSUBP00064 - EXPED ENTERPRISE SYS & SVS DIV HD - NIWCLANT,LSUBP00064,niwc_atlantic_division,center:niwc-atlantic,excluded,"technical_center_division code of center:niwc-atlantic, outside the PEO C4I portfolio (division itself not in alias table)"
LRAE Annex 25,150,N65236-23-RFPREQ-LSUBP00056-0028,N65236-23-RFPREQ-LSUBP00056-0028,LSUBP00056 - LSUBP00056 - ENTERPRISE BUSINESS SYSTEMS DIV HEAD - NIWCLANT,LSUBP00056,niwc_atlantic_division,center:niwc-atlantic,excluded,"technical_center_division code of center:niwc-atlantic, outside the PEO C4I portfolio (division itself not in alias table)"
LRAE Annex 25,151,N65236-23-RFPREQ-LSUBP00064-0009,N65236-23-RFPREQ-LSUBP00064-0009,LSUBP00064 - LSUBP00064 - EXPED ENTERPRISE SYS & SVS DIV HD - NIWCLANT,LSUBP00064,niwc_atlantic_division,center:niwc-atlantic,excluded,"technical_center_division code of center:niwc-atlantic, outside the PEO C4I portfolio (division itself not in alias table)"
LRAE Annex 25,152,N65236-23-RFPREQ-LSUBP00064-0058,N65236-23-RFPREQ-LSUBP00064-0058,LSUBP00064 - LSUBP00064 - EXPED ENTERPRISE SYS & SVS DIV HD - NIWCLANT,LSUBP00064,niwc_atlantic_division,center:niwc-atlantic,excluded,"technical_center_division code of center:niwc-atlantic, outside the PEO C4I portfolio (division itself not in alias table)"
LRAE Annex 25,153,N65236-23-RFPREQ-LSUBP00049-0150,N65236-23-RFPREQ-LSUBP00049-0150,LSUBP00049 - LSUBP00049 - S&T Division - NIWCLANT,LSUBP00049,niwc_atlantic_division,center:niwc-atlantic,excluded,"technical_center_division code of center:niwc-atlantic, outside the PEO C4I portfolio (division itself not in alias table)"
LRAE Annex 25,154,N65236-23-RFPREQ-LSUBP00017-0011,N65236-23-RFPREQ-LSUBP00017-0011,LSUBP00017 - LSUBP00017 - INFRASTRUCTURE SYSTEMS DIV HEAD - NIWCLANT,LSUBP00017,niwc_atlantic_division,center:niwc-atlantic,excluded,"technical_center_division code of center:niwc-atlantic, outside the PEO C4I portfolio (division itself not in alias table)"
LRAE Annex 25,155,N65236-23-RFPREQ-Pf007NERP-0069,N65236-23-RFPREQ-Pf007NERP-0069,Pf007NERP - Pf007NERP - NAVWAR,Pf007NERP,peo_mlb_portfolio_code,,unresolved,family peo_mlb_portfolio_code recognised but code Pf007NERP has no alias-table entry
LRAE Annex 25,156,N00039-22-RFPREQ-PMW-150-0017,N00039-22-RFPREQ-PMW-150-0017,PMW-150 - PMW-150 - NAVWAR,PMW-150,peo_program_office,pmw:150,included,"code resolves to pmw:150, a PEO C4I office (alias table)"
LRAE Annex 25,157,N00039-23-RFPREQ-PMW-150-0011,N00039-23-RFPREQ-PMW-150-0011,PMW-150 - PMW-150 - NAVWAR,PMW-150,peo_program_office,pmw:150,included,"code resolves to pmw:150, a PEO C4I office (alias table)"
LRAE Annex 25,158,N00039-23-RFPREQ-PMW-150-0016,N00039-23-RFPREQ-PMW-150-0016,PMW-150 - PMW-150 - NAVWAR,PMW-150,peo_program_office,pmw:150,included,"code resolves to pmw:150, a PEO C4I office (alias table)"
LRAE Annex 25,159,N00039-23-RFPREQ-PMW-150-0026,N00039-23-RFPREQ-PMW-150-0026,PMW-150 - PMW-150 - NAVWAR,PMW-150,peo_program_office,pmw:150,included,"code resolves to pmw:150, a PEO C4I office (alias table)"
LRAE Annex 25,160,N00039-23-RFPREQ-PMW-150-0035,N00039-23-RFPREQ-PMW-150-0035,PMW-150 - PMW-150 - NAVWAR,PMW-150,peo_program_office,pmw:150,included,"code resolves to pmw:150, a PEO C4I office (alias table)"
LRAE Annex 25,161,N00039-22-RFPREQ-PMW-150-0019,N00039-22-RFPREQ-PMW-150-0019,PMW-150 - PMW-150 - NAVWAR,PMW-150,peo_program_office,pmw:150,included,"code resolves to pmw:150, a PEO C4I office (alias table)"
LRAE Annex 25,162,N00039-22-RFPREQ-PMW-150-0013,N00039-22-RFPREQ-PMW-150-0013,PMW-150 - PMW-150 - NAVWAR,PMW-150,peo_program_office,pmw:150,included,"code resolves to pmw:150, a PEO C4I office (alias table)"
LRAE Annex 25,163,N00039-25-RFPREQ-PMS-485-0003,N00039-25-RFPREQ-PMS-485-0003,PMS-485 - PMS-485 - NAVWAR,PMS-485,navsea_program_office,pms:485,excluded,"code resolves to pms:485 (program_office), outside the PEO C4I portfolio"
LRAE Annex 25,164,N00039-23-RFPREQ-PMS-485-0037,N00039-23-RFPREQ-PMS-485-0037,PMS-485 - PMS-485 - NAVWAR,PMS-485,navsea_program_office,pms:485,excluded,"code resolves to pms:485 (program_office), outside the PEO C4I portfolio"
LRAE Annex 25,165,N00039-23-RFPREQ-PMS-485-0038,N00039-23-RFPREQ-PMS-485-0038,PMS-485 - PMS-485 - NAVWAR,PMS-485,navsea_program_office,pms:485,excluded,"code resolves to pms:485 (program_office), outside the PEO C4I portfolio"
LRAE Annex 25,166,N00039-24-RFPREQ-PMS-485-0001,N00039-24-RFPREQ-PMS-485-0001,PMS-485 - PMS-485 - NAVWAR,PMS-485,navsea_program_office,pms:485,excluded,"code resolves to pms:485 (program_office), outside the PEO C4I portfolio"
LRAE Annex 25,167,N00039-23-RFPREQ-PMS-485-0003,N00039-23-RFPREQ-PMS-485-0003,PMS-485 - PMS-485 - NAVWAR,PMS-485,navsea_program_office,pms:485,excluded,"code resolves to pms:485 (program_office), outside the PEO C4I portfolio"
LRAE Annex 25,168,N00039-23-RFPREQ-PMS-485-0004,N00039-23-RFPREQ-PMS-485-0004,PMS-485 - PMS-485 - NAVWAR,PMS-485,navsea_program_office,pms:485,excluded,"code resolves to pms:485 (program_office), outside the PEO C4I portfolio"
LRAE Annex 25,169,N00039-26-RFPREQ-PMA/PMW-101-0003,N00039-26-RFPREQ-PMA/PMW-101-0003,PMA/PMW-101 - PMA/PMW-101 - NAVWAR,PMA/PMW-101,peo_program_office,pmw:101,included,"code resolves to pmw:101, a PEO C4I office (alias table)"
LRAE Annex 25,170,N00039-23-RFPREQ-DRPM-NOA-0002,N00039-23-RFPREQ-DRPM-NOA-0002,DRPM-NOA - Overmatch - NAVWAR,DRPM-NOA,peo_front_office_or_hq_code,drpm:overmatch,excluded,"code resolves to drpm:overmatch (portfolio_or_front_office), outside the PEO C4I portfolio"
LRAE Annex 25,171,N00039-23-RFPREQ-PMW-750-0014,N00039-23-RFPREQ-PMW-750-0014,PMW-750 - PMW-750 - NAVWAR,PMW-750,peo_program_office,pmw:750,included,"code resolves to pmw:750, a PEO C4I office (alias table)"
LRAE Annex 25,172,N00039-24-RFPREQ-PMW-750-0001,N00039-24-RFPREQ-PMW-750-0001,PMW-750 - PMW-750 - NAVWAR,PMW-750,peo_program_office,pmw:750,included,"code resolves to pmw:750, a PEO C4I office (alias table)"
LRAE Annex 25,173,N00039-24-RFPREQ-PMW-750-0002,N00039-24-RFPREQ-PMW-750-0002,PMW-750 - PMW-750 - NAVWAR,PMW-750,peo_program_office,pmw:750,included,"code resolves to pmw:750, a PEO C4I office (alias table)"
LRAE Annex 25,174,N00039-24-RFPREQ-PMW-750-0003,N00039-24-RFPREQ-PMW-750-0003,PMW-750 - PMW-750 - NAVWAR,PMW-750,peo_program_office,pmw:750,included,"code resolves to pmw:750, a PEO C4I office (alias table)"
LRAE Annex 25,175,N00039-23-RFPREQ-PMW-750-0015,N00039-23-RFPREQ-PMW-750-0015,PMW-750 - PMW-750 - NAVWAR,PMW-750,peo_program_office,pmw:750,included,"code resolves to pmw:750, a PEO C4I office (alias table)"
LRAE Annex 25,176,N00039-23-RFPREQ-PMW-760-0020,N00039-23-RFPREQ-PMW-760-0020,PMW-760 - PMW-760 - NAVWAR,PMW-760,peo_program_office,pmw:760,included,"code resolves to pmw:760, a PEO C4I office (alias table)"
LRAE Annex 25,177,N00039-23-RFPREQ-PMW-760-0021,N00039-23-RFPREQ-PMW-760-0021,PMW-760 - PMW-760 - NAVWAR,PMW-760,peo_program_office,pmw:760,included,"code resolves to pmw:760, a PEO C4I office (alias table)"
LRAE Annex 25,178,N00039-23-RFPREQ-PMW-760-0029,N00039-23-RFPREQ-PMW-760-0029,PMW-760 - PMW-760 - NAVWAR,PMW-760,peo_program_office,pmw:760,included,"code resolves to pmw:760, a PEO C4I office (alias table)"
LRAE Annex 25,179,N00039-23-RFPREQ-PMW-750-0016,N00039-23-RFPREQ-PMW-750-0016,PMW-750 - PMW-750 - NAVWAR,PMW-750,peo_program_office,pmw:750,included,"code resolves to pmw:750, a PEO C4I office (alias table)"
LRAE Annex 25,180,N00039-23-RFPREQ-PMW-760-0016,N00039-23-RFPREQ-PMW-760-0016,PMW-760 - PMW-760 - NAVWAR,PMW-760,peo_program_office,pmw:760,included,"code resolves to pmw:760, a PEO C4I office (alias table)"
LRAE Annex 25,181,N00039-23-RFPREQ-PMW-760-0031,N00039-23-RFPREQ-PMW-760-0031,PMW-760 - PMW-760 - NAVWAR,PMW-760,peo_program_office,pmw:760,included,"code resolves to pmw:760, a PEO C4I office (alias table)"
LRAE Annex 25,182,N00039-23-RFPREQ-PMW-760-0032,N00039-23-RFPREQ-PMW-760-0032,PMW-760 - PMW-760 - NAVWAR,PMW-760,peo_program_office,pmw:760,included,"code resolves to pmw:760, a PEO C4I office (alias table)"
LRAE Annex 25,183,N00039-23-RFPREQ-PMW-150-0069,N00039-23-RFPREQ-PMW-150-0069,PMW-150 - PMW-150 - NAVWAR,PMW-150,peo_program_office,pmw:150,included,"code resolves to pmw:150, a PEO C4I office (alias table)"
LRAE Annex 25,184,N00039-23-RFPREQ-PMW-150-0059,N00039-23-RFPREQ-PMW-150-0059,PMW-150 - PMW-150 - NAVWAR,PMW-150,peo_program_office,pmw:150,included,"code resolves to pmw:150, a PEO C4I office (alias table)"
LRAE Annex 25,185,N00039-23-RFPREQ-DRPM-NOA-0001,N00039-23-RFPREQ-DRPM-NOA-0001,DRPM-NOA - Overmatch - NAVWAR,DRPM-NOA,peo_front_office_or_hq_code,drpm:overmatch,excluded,"code resolves to drpm:overmatch (portfolio_or_front_office), outside the PEO C4I portfolio"
LRAE Annex 25,186,N00039-25-RFPREQ-Pf1-PAS-0001,N00039-25-RFPREQ-Pf1-PAS-0001,Pf1-PAS - Pf1-PAS - NAVWAR,Pf1-PAS,,,unresolved,code Pf1-PAS matches no code family
LRAE Annex 25,187,N00039-23-RFPREQ-PMW-150-0033,N00039-23-RFPREQ-PMW-150-0033,PMW-150 - PMW-150 - NAVWAR,PMW-150,peo_program_office,pmw:150,included,"code resolves to pmw:150, a PEO C4I office (alias table)"
LRAE Annex 25,188,N00039-23-RFPREQ-DRPM-NOA-0003,N00039-23-RFPREQ-DRPM-NOA-0003,DRPM-NOA - Overmatch - NAVWAR,DRPM-NOA,peo_front_office_or_hq_code,drpm:overmatch,excluded,"code resolves to drpm:overmatch (portfolio_or_front_office), outside the PEO C4I portfolio"
LRAE Annex 25,189,N00039-23-RFPREQ-PMA/PMW-101-0010,N00039-23-RFPREQ-PMA/PMW-101-0010,PMA/PMW-101 - PMA/PMW-101 - NAVWAR,PMA/PMW-101,peo_program_office,pmw:101,included,"code resolves to pmw:101, a PEO C4I office (alias table)"
LRAE Annex 25,190,N65236-23-RFPREQ-LBUSP00023-0006,N65236-23-RFPREQ-LBUSP00023-0006,LBUSP00023 - LBUSP00023 - C4ISR-01C - NIWCLANT,LBUSP00023,niwc_atlantic_division,center:niwc-atlantic,excluded,"technical_center_division code of center:niwc-atlantic, outside the PEO C4I portfolio (division itself not in alias table)"
LRAE Annex 25,191,N00039-26-RFPREQ-PMW/A-170-0001,N00039-26-RFPREQ-PMW/A-170-0001,PMW/A-170 - PMW/A-170 - NAVWAR,PMW/A-170,peo_program_office,pmw:170,included,"code resolves to pmw:170, a PEO C4I office (alias table)"
LRAE Annex 25,192,N00039-23-RFPREQ-PMW/A-170-0133,N00039-23-RFPREQ-PMW/A-170-0133,PMW/A-170 - PMW/A-170 - NAVWAR,PMW/A-170,peo_program_office,pmw:170,included,"code resolves to pmw:170, a PEO C4I office (alias table)"
LRAE Annex 25,193,N00039-23-RFPREQ-PMW/A-170-0230,N00039-23-RFPREQ-PMW/A-170-0230,PMW/A-170 - PMW/A-170 - NAVWAR,PMW/A-170,peo_program_office,pmw:170,included,"code resolves to pmw:170, a PEO C4I office (alias table)"
LRAE Annex 25,194,N00039-23-RFPREQ-PMW/A-170-0185,N00039-23-RFPREQ-PMW/A-170-0185,PMW/A-170 - PMW/A-170 - NAVWAR,PMW/A-170,peo_program_office,pmw:170,included,"code resolves to pmw:170, a PEO C4I office (alias table)"
LRAE Annex 25,195,N00039-23-RFPREQ-PMW/A-170-0163,N00039-23-RFPREQ-PMW/A-170-0163,PMW/A-170 - PMW/A-170 - NAVWAR,PMW/A-170,peo_program_office,pmw:170,included,"code resolves to pmw:170, a PEO C4I office (alias table)"
LRAE Annex 25,196,N00039-23-RFPREQ-PMW/A-170-0180,N00039-23-RFPREQ-PMW/A-170-0180,PMW/A-170 - PMW/A-170 - NAVWAR,PMW/A-170,peo_program_office,pmw:170,included,"code resolves to pmw:170, a PEO C4I office (alias table)"
LRAE Annex 25,197,N00039-23-RFPREQ-PMW/A-170-0181,N00039-23-RFPREQ-PMW/A-170-0181,PMW/A-170 - PMW/A-170 - NAVWAR,PMW/A-170,peo_program_office,pmw:170,included,"code resolves to pmw:170, a PEO C4I office (alias table)"
LRAE Annex 25,198,N00039-23-RFPREQ-PMW/A-170-0182,N00039-23-RFPREQ-PMW/A-170-0182,PMW/A-170 - PMW/A-170 - NAVWAR,PMW/A-170,peo_program_office,pmw:170,included,"code resolves to pmw:170, a PEO C4I office (alias table)"
LRAE Annex 25,199,N00039-24-RFPREQ-PMW/A-170-0005,N00039-24-RFPREQ-PMW/A-170-0005,PMW/A-170 - PMW/A-170 - NAVWAR,PMW/A-170,peo_program_office,pmw:170,included,"code resolves to pmw:170, a PEO C4I office (alias table)"
LRAE Annex 25,200,N00039-24-RFPREQ-PMW/A-170-0006,N00039-24-RFPREQ-PMW/A-170-0006,PMW/A-170 - PMW/A-170 - NAVWAR,PMW/A-170,peo_program_office,pmw:170,included,"code resolves to pmw:170, a PEO C4I office (alias table)"
LRAE Annex 25,201,N00039-24-RFPREQ-PMW/A-170-0007,N00039-24-RFPREQ-PMW/A-170-0007,PMW/A-170 - PMW/A-170 - NAVWAR,PMW/A-170,peo_program_office,pmw:170,included,"code resolves to pmw:170, a PEO C4I office (alias table)"
LRAE Annex 25,202,N00039-24-RFPREQ-PMW/A-170-0008,N00039-24-RFPREQ-PMW/A-170-0008,PMW/A-170 - PMW/A-170 - NAVWAR,PMW/A-170,peo_program_office,pmw:170,included,"code resolves to pmw:170, a PEO C4I office (alias table)"
LRAE Annex 25,203,N00039-24-RFPREQ-PMW/A-170-0009,N00039-24-RFPREQ-PMW/A-170-0009,PMW/A-170 - PMW/A-170 - NAVWAR,PMW/A-170,peo_program_office,pmw:170,included,"code resolves to pmw:170, a PEO C4I office (alias table)"
LRAE Annex 25,204,N00039-24-RFPREQ-PMW/A-170-0010,N00039-24-RFPREQ-PMW/A-170-0010,PMW/A-170 - PMW/A-170 - NAVWAR,PMW/A-170,peo_program_office,pmw:170,included,"code resolves to pmw:170, a PEO C4I office (alias table)"
LRAE Annex 25,205,N00039-23-RFPREQ-PMW/A-170-0014,N00039-23-RFPREQ-PMW/A-170-0014,PMW/A-170 - PMW/A-170 - NAVWAR,PMW/A-170,peo_program_office,pmw:170,included,"code resolves to pmw:170, a PEO C4I office (alias table)"
LRAE Annex 25,206,N00039-23-RFPREQ-PMW/A-170-0015,N00039-23-RFPREQ-PMW/A-170-0015,PMW/A-170 - PMW/A-170 - NAVWAR,PMW/A-170,peo_program_office,pmw:170,included,"code resolves to pmw:170, a PEO C4I office (alias table)"
LRAE Annex 25,207,N00039-23-RFPREQ-PMW/A-170-0220,N00039-23-RFPREQ-PMW/A-170-0220,PMW/A-170 - PMW/A-170 - NAVWAR,PMW/A-170,peo_program_office,pmw:170,included,"code resolves to pmw:170, a PEO C4I office (alias table)"
LRAE Annex 25,208,N00039-23-RFPREQ-PMW-160-0001,N00039-23-RFPREQ-PMW-160-0001,PMW-160 - PMW-160 - NAVWAR,PMW-160,peo_program_office,pmw:160,included,"code resolves to pmw:160, a PEO C4I office (alias table)"
LRAE Annex 25,209,N00039-23-RFPREQ-PMW-160-0002,N00039-23-RFPREQ-PMW-160-0002,PMW-160 - PMW-160 - NAVWAR,PMW-160,peo_program_office,pmw:160,included,"code resolves to pmw:160, a PEO C4I office (alias table)"
LRAE Annex 25,210,N65236-23-RFPREQ-LSUBP00009-0006,N65236-23-RFPREQ-LSUBP00009-0006,LSUBP00009 - LSUBP00009 - DEFENSE HEALTH INFO TECH DIV HEAD - NIWCLANT,LSUBP00009,niwc_atlantic_division,center:niwc-atlantic,excluded,"technical_center_division code of center:niwc-atlantic, outside the PEO C4I portfolio (division itself not in alias table)"
LRAE Annex 25,211,N65236-23-RFPREQ-LSUBP00009-0043,N65236-23-RFPREQ-LSUBP00009-0043,LSUBP00009 - LSUBP00009 - DEFENSE HEALTH INFO TECH DIV HEAD - NIWCLANT,LSUBP00009,niwc_atlantic_division,center:niwc-atlantic,excluded,"technical_center_division code of center:niwc-atlantic, outside the PEO C4I portfolio (division itself not in alias table)"
LRAE Annex 25,212,N65236-23-RFPREQ-LSUBP00009-0069,N65236-23-RFPREQ-LSUBP00009-0069,LSUBP00009 - LSUBP00009 - DEFENSE HEALTH INFO TECH DIV HEAD - NIWCLANT,LSUBP00009,niwc_atlantic_division,center:niwc-atlantic,excluded,"technical_center_division code of center:niwc-atlantic, outside the PEO C4I portfolio (division itself not in alias table)"
LRAE Annex 25,213,N65236-23-RFPREQ-LSUBP00009-0071,N65236-23-RFPREQ-LSUBP00009-0071,LSUBP00009 - LSUBP00009 - DEFENSE HEALTH INFO TECH DIV HEAD - NIWCLANT,LSUBP00009,niwc_atlantic_division,center:niwc-atlantic,excluded,"technical_center_division code of center:niwc-atlantic, outside the PEO C4I portfolio (division itself not in alias table)"
LRAE Annex 25,214,N65236-23-RFPREQ-LSUBP00009-0074,N65236-23-RFPREQ-LSUBP00009-0074,LSUBP00009 - LSUBP00009 - DEFENSE HEALTH INFO TECH DIV HEAD - NIWCLANT,LSUBP00009,niwc_atlantic_division,center:niwc-atlantic,excluded,"technical_center_division code of center:niwc-atlantic, outside the PEO C4I portfolio (division itself not in alias table)"
LRAE Annex 25,215,N65236-23-RFPREQ-LSUBP00009-0076,N65236-23-RFPREQ-LSUBP00009-0076,LSUBP00009 - LSUBP00009 - DEFENSE HEALTH INFO TECH DIV HEAD - NIWCLANT,LSUBP00009,niwc_atlantic_division,center:niwc-atlantic,excluded,"technical_center_division code of center:niwc-atlantic, outside the PEO C4I portfolio (division itself not in alias table)"
LRAE Annex 25,216,N65236-23-RFPREQ-LSUBP00009-0086,N65236-23-RFPREQ-LSUBP00009-0086,LSUBP00009 - LSUBP00009 - DEFENSE HEALTH INFO TECH DIV HEAD - NIWCLANT,LSUBP00009,niwc_atlantic_division,center:niwc-atlantic,excluded,"technical_center_division code of center:niwc-atlantic, outside the PEO C4I portfolio (division itself not in alias table)"
LRAE Annex 25,217,N65236-23-RFPREQ-LSUBP00009-0118,N65236-23-RFPREQ-LSUBP00009-0118,LSUBP00009 - LSUBP00009 - DEFENSE HEALTH INFO TECH DIV HEAD - NIWCLANT,LSUBP00009,niwc_atlantic_division,center:niwc-atlantic,excluded,"technical_center_division code of center:niwc-atlantic, outside the PEO C4I portfolio (division itself not in alias table)"
LRAE Annex 25,218,N65236-23-RFPREQ-LSUBP00009-0126,N65236-23-RFPREQ-LSUBP00009-0126,LSUBP00009 - LSUBP00009 - DEFENSE HEALTH INFO TECH DIV HEAD - NIWCLANT,LSUBP00009,niwc_atlantic_division,center:niwc-atlantic,excluded,"technical_center_division code of center:niwc-atlantic, outside the PEO C4I portfolio (division itself not in alias table)"
LRAE Annex 25,219,N65236-23-RFPREQ-LSUBP00009-0144,N65236-23-RFPREQ-LSUBP00009-0144,LSUBP00009 - LSUBP00009 - DEFENSE HEALTH INFO TECH DIV HEAD - NIWCLANT,LSUBP00009,niwc_atlantic_division,center:niwc-atlantic,excluded,"technical_center_division code of center:niwc-atlantic, outside the PEO C4I portfolio (division itself not in alias table)"
LRAE Annex 25,220,N65236-23-RFPREQ-LSUBP00009-0147,N65236-23-RFPREQ-LSUBP00009-0147,LSUBP00009 - LSUBP00009 - DEFENSE HEALTH INFO TECH DIV HEAD - NIWCLANT,LSUBP00009,niwc_atlantic_division,center:niwc-atlantic,excluded,"technical_center_division code of center:niwc-atlantic, outside the PEO C4I portfolio (division itself not in alias table)"
LRAE Annex 25,221,N00039-23-RFPREQ-PMW/A-170-0108,N00039-23-RFPREQ-PMW/A-170-0108,PMW/A-170 - PMW/A-170 - NAVWAR,PMW/A-170,peo_program_office,pmw:170,included,"code resolves to pmw:170, a PEO C4I office (alias table)"
LRAE Annex 25,222,N00039-23-RFPREQ-PMW/A-170-0113,N00039-23-RFPREQ-PMW/A-170-0113,PMW/A-170 - PMW/A-170 - NAVWAR,PMW/A-170,peo_program_office,pmw:170,included,"code resolves to pmw:170, a PEO C4I office (alias table)"
LRAE Annex 25,223,N00039-23-RFPREQ-PMW/A-170-0114,N00039-23-RFPREQ-PMW/A-170-0114,PMW/A-170 - PMW/A-170 - NAVWAR,PMW/A-170,peo_program_office,pmw:170,included,"code resolves to pmw:170, a PEO C4I office (alias table)"
LRAE Annex 25,224,N00039-23-RFPREQ-PMW/A-170-0115,N00039-23-RFPREQ-PMW/A-170-0115,PMW/A-170 - PMW/A-170 - NAVWAR,PMW/A-170,peo_program_office,pmw:170,included,"code resolves to pmw:170, a PEO C4I office (alias table)"
LRAE Annex 25,225,N00039-23-RFPREQ-FRD-0007,N00039-23-RFPREQ-FRD-0007,FRD - FRD - NAVWAR,FRD,,,unresolved,code FRD matches no code family
LRAE Annex 25,226,N00039-23-RFPREQ-4.0-0001,N00039-23-RFPREQ-4.0-0001,4.0 - 4.0 - NAVWAR,4.0,navwar_hq_competency,command:navwar,excluded,"headquarters_competency code of command:navwar, outside the PEO C4I portfolio (division itself not in alias table)"
LRAE Annex 25,227,N00039-26-RFPREQ-CSBO-0001,N00039-26-RFPREQ-CSBO-0001,CSBO - Command Strategy and Business Office - NAVWAR,CSBO,,,unresolved,code CSBO matches no code family
LRAE Annex 25,228,N00039-23-RFPREQ-Pf007NERP-0038,N00039-23-RFPREQ-Pf007NERP-0038,Pf007NERP - Pf007NERP - NAVWAR,Pf007NERP,peo_mlb_portfolio_code,,unresolved,family peo_mlb_portfolio_code recognised but code Pf007NERP has no alias-table entry
LRAE Annex 25,229,N65236-23-RFPREQ-LSUBP00049-0134,N65236-23-RFPREQ-LSUBP00049-0134,LSUBP00049 - LSUBP00049 - S&T Division - NIWCLANT,LSUBP00049,niwc_atlantic_division,center:niwc-atlantic,excluded,"technical_center_division code of center:niwc-atlantic, outside the PEO C4I portfolio (division itself not in alias table)"
LRAE Annex 25,230,N65236-22-RFPREQ-LSUBP00016-0017,N65236-22-RFPREQ-LSUBP00016-0017,LSUBP00016 - LSUBP00016 - NAVY AFLOAT TRANSPORT & NAVI DIV HD - NIWCLANT,LSUBP00016,niwc_atlantic_division,center:niwc-atlantic,excluded,"technical_center_division code of center:niwc-atlantic, outside the PEO C4I portfolio (division itself not in alias table)"
LRAE Annex 25,231,N65236-23-RFPREQ-LSUBP00016-0150,N65236-23-RFPREQ-LSUBP00016-0150,LSUBP00016 - LSUBP00016 - NAVY AFLOAT TRANSPORT & NAVI DIV HD - NIWCLANT,LSUBP00016,niwc_atlantic_division,center:niwc-atlantic,excluded,"technical_center_division code of center:niwc-atlantic, outside the PEO C4I portfolio (division itself not in alias table)"
LRAE Annex 25,232,N65236-23-RFPREQ-LSUBP00016-0149,N65236-23-RFPREQ-LSUBP00016-0149,LSUBP00016 - LSUBP00016 - NAVY AFLOAT TRANSPORT & NAVI DIV HD - NIWCLANT,LSUBP00016,niwc_atlantic_division,center:niwc-atlantic,excluded,"technical_center_division code of center:niwc-atlantic, outside the PEO C4I portfolio (division itself not in alias table)"
LRAE Annex 25,233,N65236-23-RFPREQ-LSUBP00016-0161,N65236-23-RFPREQ-LSUBP00016-0161,LSUBP00016 - LSUBP00016 - NAVY AFLOAT TRANSPORT & NAVI DIV HD - NIWCLANT,LSUBP00016,niwc_atlantic_division,center:niwc-atlantic,excluded,"technical_center_division code of center:niwc-atlantic, outside the PEO C4I portfolio (division itself not in alias table)"
LRAE Annex 25,234,N65236-23-RFPREQ-LSUBP00016-0143,N65236-23-RFPREQ-LSUBP00016-0143,LSUBP00016 - LSUBP00016 - NAVY AFLOAT TRANSPORT & NAVI DIV HD - NIWCLANT,LSUBP00016,niwc_atlantic_division,center:niwc-atlantic,excluded,"technical_center_division code of center:niwc-atlantic, outside the PEO C4I portfolio (division itself not in alias table)"
LRAE Annex 25,235,N65236-23-RFPREQ-LSUBP00016-0146,N65236-23-RFPREQ-LSUBP00016-0146,LSUBP00016 - LSUBP00016 - NAVY AFLOAT TRANSPORT & NAVI DIV HD - NIWCLANT,LSUBP00016,niwc_atlantic_division,center:niwc-atlantic,excluded,"technical_center_division code of center:niwc-atlantic, outside the PEO C4I portfolio (division itself not in alias table)"
LRAE Annex 25,236,N65236-23-RFPREQ-LSUBP00016-0115,N65236-23-RFPREQ-LSUBP00016-0115,LSUBP00016 - LSUBP00016 - NAVY AFLOAT TRANSPORT & NAVI DIV HD - NIWCLANT,LSUBP00016,niwc_atlantic_division,center:niwc-atlantic,excluded,"technical_center_division code of center:niwc-atlantic, outside the PEO C4I portfolio (division itself not in alias table)"
LRAE Annex 25,237,N65236-23-RFPREQ-LSUBP00016-0130,N65236-23-RFPREQ-LSUBP00016-0130,LSUBP00016 - LSUBP00016 - NAVY AFLOAT TRANSPORT & NAVI DIV HD - NIWCLANT,LSUBP00016,niwc_atlantic_division,center:niwc-atlantic,excluded,"technical_center_division code of center:niwc-atlantic, outside the PEO C4I portfolio (division itself not in alias table)"
LRAE Annex 25,238,N65236-23-RFPREQ-LSUBP00016-0118,N65236-23-RFPREQ-LSUBP00016-0118,LSUBP00016 - LSUBP00016 - NAVY AFLOAT TRANSPORT & NAVI DIV HD - NIWCLANT,LSUBP00016,niwc_atlantic_division,center:niwc-atlantic,excluded,"technical_center_division code of center:niwc-atlantic, outside the PEO C4I portfolio (division itself not in alias table)"
LRAE Annex 25,239,N65236-23-RFPREQ-LSUBP00016-0158,N65236-23-RFPREQ-LSUBP00016-0158,LSUBP00016 - LSUBP00016 - NAVY AFLOAT TRANSPORT & NAVI DIV HD - NIWCLANT,LSUBP00016,niwc_atlantic_division,center:niwc-atlantic,excluded,"technical_center_division code of center:niwc-atlantic, outside the PEO C4I portfolio (division itself not in alias table)"
LRAE Annex 25,240,N65236-23-RFPREQ-LSUBP00016-0119,N65236-23-RFPREQ-LSUBP00016-0119,LSUBP00016 - LSUBP00016 - NAVY AFLOAT TRANSPORT & NAVI DIV HD - NIWCLANT,LSUBP00016,niwc_atlantic_division,center:niwc-atlantic,excluded,"technical_center_division code of center:niwc-atlantic, outside the PEO C4I portfolio (division itself not in alias table)"
LRAE Annex 25,241,N65236-24-RFPREQ-LSUBP00016-0120,N65236-24-RFPREQ-LSUBP00016-0120,LSUBP00016 - LSUBP00016 - NAVY AFLOAT TRANSPORT & NAVI DIV HD - NIWCLANT,LSUBP00016,niwc_atlantic_division,center:niwc-atlantic,excluded,"technical_center_division code of center:niwc-atlantic, outside the PEO C4I portfolio (division itself not in alias table)"
LRAE Annex 25,242,N65236-24-RFPREQ-LSUBP00016-0121,N65236-24-RFPREQ-LSUBP00016-0121,LSUBP00016 - LSUBP00016 - NAVY AFLOAT TRANSPORT & NAVI DIV HD - NIWCLANT,LSUBP00016,niwc_atlantic_division,center:niwc-atlantic,excluded,"technical_center_division code of center:niwc-atlantic, outside the PEO C4I portfolio (division itself not in alias table)"
LRAE Annex 25,243,N65236-24-RFPREQ-LSUBP00016-0122,N65236-24-RFPREQ-LSUBP00016-0122,LSUBP00016 - LSUBP00016 - NAVY AFLOAT TRANSPORT & NAVI DIV HD - NIWCLANT,LSUBP00016,niwc_atlantic_division,center:niwc-atlantic,excluded,"technical_center_division code of center:niwc-atlantic, outside the PEO C4I portfolio (division itself not in alias table)"
LRAE Annex 25,244,N65236-24-RFPREQ-LSUBP00016-0123,N65236-24-RFPREQ-LSUBP00016-0123,LSUBP00016 - LSUBP00016 - NAVY AFLOAT TRANSPORT & NAVI DIV HD - NIWCLANT,LSUBP00016,niwc_atlantic_division,center:niwc-atlantic,excluded,"technical_center_division code of center:niwc-atlantic, outside the PEO C4I portfolio (division itself not in alias table)"
LRAE Annex 25,245,N65236-24-RFPREQ-LSUBP00016-0124,N65236-24-RFPREQ-LSUBP00016-0124,LSUBP00016 - LSUBP00016 - NAVY AFLOAT TRANSPORT & NAVI DIV HD - NIWCLANT,LSUBP00016,niwc_atlantic_division,center:niwc-atlantic,excluded,"technical_center_division code of center:niwc-atlantic, outside the PEO C4I portfolio (division itself not in alias table)"
LRAE Annex 25,246,N65236-24-RFPREQ-LSUBP00016-0125,N65236-24-RFPREQ-LSUBP00016-0125,LSUBP00016 - LSUBP00016 - NAVY AFLOAT TRANSPORT & NAVI DIV HD - NIWCLANT,LSUBP00016,niwc_atlantic_division,center:niwc-atlantic,excluded,"technical_center_division code of center:niwc-atlantic, outside the PEO C4I portfolio (division itself not in alias table)"
LRAE Annex 25,247,N65236-24-RFPREQ-LSUBP00016-0126,N65236-24-RFPREQ-LSUBP00016-0126,LSUBP00016 - LSUBP00016 - NAVY AFLOAT TRANSPORT & NAVI DIV HD - NIWCLANT,LSUBP00016,niwc_atlantic_division,center:niwc-atlantic,excluded,"technical_center_division code of center:niwc-atlantic, outside the PEO C4I portfolio (division itself not in alias table)"
LRAE Annex 25,248,N65236-23-RFPREQ-LSUBP00006-0070,N65236-23-RFPREQ-LSUBP00006-0070,LSUBP00006 - LSUBP00006 - FMS AIR INTEGRATION USCG DIV HEAD - NIWCLANT,LSUBP00006,niwc_atlantic_division,center:niwc-atlantic,excluded,"technical_center_division code of center:niwc-atlantic, outside the PEO C4I portfolio (division itself not in alias table)"
LRAE Annex 25,249,N65236-23-RFPREQ-LSUBP00016-0110,N65236-23-RFPREQ-LSUBP00016-0110,LSUBP00016 - LSUBP00016 - NAVY AFLOAT TRANSPORT & NAVI DIV HD - NIWCLANT,LSUBP00016,niwc_atlantic_division,center:niwc-atlantic,excluded,"technical_center_division code of center:niwc-atlantic, outside the PEO C4I portfolio (division itself not in alias table)"
LRAE Annex 25,250,N65236-23-RFPREQ-LSUBP00016-0108,N65236-23-RFPREQ-LSUBP00016-0108,LSUBP00016 - LSUBP00016 - NAVY AFLOAT TRANSPORT & NAVI DIV HD - NIWCLANT,LSUBP00016,niwc_atlantic_division,center:niwc-atlantic,excluded,"technical_center_division code of center:niwc-atlantic, outside the PEO C4I portfolio (division itself not in alias table)"
LRAE Annex 25,251,N65236-23-RFPREQ-LSUBP00016-0102,N65236-23-RFPREQ-LSUBP00016-0102,LSUBP00016 - LSUBP00016 - NAVY AFLOAT TRANSPORT & NAVI DIV HD - NIWCLANT,LSUBP00016,niwc_atlantic_division,center:niwc-atlantic,excluded,"technical_center_division code of center:niwc-atlantic, outside the PEO C4I portfolio (division itself not in alias table)"
LRAE Annex 25,252,N65236-23-RFPREQ-LSUBP00016-0093,N65236-23-RFPREQ-LSUBP00016-0093,LSUBP00016 - LSUBP00016 - NAVY AFLOAT TRANSPORT & NAVI DIV HD - NIWCLANT,LSUBP00016,niwc_atlantic_division,center:niwc-atlantic,excluded,"technical_center_division code of center:niwc-atlantic, outside the PEO C4I portfolio (division itself not in alias table)"
LRAE Annex 25,253,N65236-23-RFPREQ-LSUBP00016-0091,N65236-23-RFPREQ-LSUBP00016-0091,LSUBP00016 - LSUBP00016 - NAVY AFLOAT TRANSPORT & NAVI DIV HD - NIWCLANT,LSUBP00016,niwc_atlantic_division,center:niwc-atlantic,excluded,"technical_center_division code of center:niwc-atlantic, outside the PEO C4I portfolio (division itself not in alias table)"
LRAE Annex 25,254,N65236-23-RFPREQ-LSUBP00016-0015,N65236-23-RFPREQ-LSUBP00016-0015,LSUBP00016 - LSUBP00016 - NAVY AFLOAT TRANSPORT & NAVI DIV HD - NIWCLANT,LSUBP00016,niwc_atlantic_division,center:niwc-atlantic,excluded,"technical_center_division code of center:niwc-atlantic, outside the PEO C4I portfolio (division itself not in alias table)"
LRAE Annex 25,255,N65236-22-RFPREQ-LSUBP00016-0020,N65236-22-RFPREQ-LSUBP00016-0020,LSUBP00016 - LSUBP00016 - NAVY AFLOAT TRANSPORT & NAVI DIV HD - NIWCLANT,LSUBP00016,niwc_atlantic_division,center:niwc-atlantic,excluded,"technical_center_division code of center:niwc-atlantic, outside the PEO C4I portfolio (division itself not in alias table)"
LRAE Annex 25,256,N65236-24-RFPREQ-LSUBP00016-0001,N65236-24-RFPREQ-LSUBP00016-0001,LSUBP00016 - LSUBP00016 - NAVY AFLOAT TRANSPORT & NAVI DIV HD - NIWCLANT,LSUBP00016,niwc_atlantic_division,center:niwc-atlantic,excluded,"technical_center_division code of center:niwc-atlantic, outside the PEO C4I portfolio (division itself not in alias table)"
LRAE Annex 25,257,N65236-23-RFPREQ-LSUBP00016-0057,N65236-23-RFPREQ-LSUBP00016-0057,LSUBP00016 - LSUBP00016 - NAVY AFLOAT TRANSPORT & NAVI DIV HD - NIWCLANT,LSUBP00016,niwc_atlantic_division,center:niwc-atlantic,excluded,"technical_center_division code of center:niwc-atlantic, outside the PEO C4I portfolio (division itself not in alias table)"
LRAE Annex 25,258,N65236-23-RFPREQ-LSUBP00016-0059,N65236-23-RFPREQ-LSUBP00016-0059,LSUBP00016 - LSUBP00016 - NAVY AFLOAT TRANSPORT & NAVI DIV HD - NIWCLANT,LSUBP00016,niwc_atlantic_division,center:niwc-atlantic,excluded,"technical_center_division code of center:niwc-atlantic, outside the PEO C4I portfolio (division itself not in alias table)"
LRAE Annex 25,259,N65236-23-RFPREQ-LSUBP00016-0072,N65236-23-RFPREQ-LSUBP00016-0072,LSUBP00016 - LSUBP00016 - NAVY AFLOAT TRANSPORT & NAVI DIV HD - NIWCLANT,LSUBP00016,niwc_atlantic_division,center:niwc-atlantic,excluded,"technical_center_division code of center:niwc-atlantic, outside the PEO C4I portfolio (division itself not in alias table)"
LRAE Annex 25,260,N65236-23-RFPREQ-LSUBP00016-0069,N65236-23-RFPREQ-LSUBP00016-0069,LSUBP00016 - LSUBP00016 - NAVY AFLOAT TRANSPORT & NAVI DIV HD - NIWCLANT,LSUBP00016,niwc_atlantic_division,center:niwc-atlantic,excluded,"technical_center_division code of center:niwc-atlantic, outside the PEO C4I portfolio (division itself not in alias table)"
LRAE Annex 25,261,N65236-23-RFPREQ-LSUBP00016-0014,N65236-23-RFPREQ-LSUBP00016-0014,LSUBP00016 - LSUBP00016 - NAVY AFLOAT TRANSPORT & NAVI DIV HD - NIWCLANT,LSUBP00016,niwc_atlantic_division,center:niwc-atlantic,excluded,"technical_center_division code of center:niwc-atlantic, outside the PEO C4I portfolio (division itself not in alias table)"
LRAE Annex 25,262,N65236-23-RFPREQ-LSUBP00016-0090,N65236-23-RFPREQ-LSUBP00016-0090,LSUBP00016 - LSUBP00016 - NAVY AFLOAT TRANSPORT & NAVI DIV HD - NIWCLANT,LSUBP00016,niwc_atlantic_division,center:niwc-atlantic,excluded,"technical_center_division code of center:niwc-atlantic, outside the PEO C4I portfolio (division itself not in alias table)"
LRAE Annex 25,263,N65236-23-RFPREQ-LSUBP00016-0096,N65236-23-RFPREQ-LSUBP00016-0096,LSUBP00016 - LSUBP00016 - NAVY AFLOAT TRANSPORT & NAVI DIV HD - NIWCLANT,LSUBP00016,niwc_atlantic_division,center:niwc-atlantic,excluded,"technical_center_division code of center:niwc-atlantic, outside the PEO C4I portfolio (division itself not in alias table)"
LRAE Annex 25,264,N65236-23-RFPREQ-LSUBP00016-0094,N65236-23-RFPREQ-LSUBP00016-0094,LSUBP00016 - LSUBP00016 - NAVY AFLOAT TRANSPORT & NAVI DIV HD - NIWCLANT,LSUBP00016,niwc_atlantic_division,center:niwc-atlantic,excluded,"technical_center_division code of center:niwc-atlantic, outside the PEO C4I portfolio (division itself not in alias table)"
LRAE Annex 25,265,N65236-23-RFPREQ-LSUBP00016-0109,N65236-23-RFPREQ-LSUBP00016-0109,LSUBP00016 - LSUBP00016 - NAVY AFLOAT TRANSPORT & NAVI DIV HD - NIWCLANT,LSUBP00016,niwc_atlantic_division,center:niwc-atlantic,excluded,"technical_center_division code of center:niwc-atlantic, outside the PEO C4I portfolio (division itself not in alias table)"
LRAE Annex 25,266,N65236-23-RFPREQ-LSUBP00016-0129,N65236-23-RFPREQ-LSUBP00016-0129,LSUBP00016 - LSUBP00016 - NAVY AFLOAT TRANSPORT & NAVI DIV HD - NIWCLANT,LSUBP00016,niwc_atlantic_division,center:niwc-atlantic,excluded,"technical_center_division code of center:niwc-atlantic, outside the PEO C4I portfolio (division itself not in alias table)"
LRAE Annex 25,267,N65236-26-RFPREQ-LSUBP00024-0003,N65236-26-RFPREQ-LSUBP00024-0003,LSUBP00024 - LSUBP00024 - IA AND NAVY CYBER SECURITY DIV HEAD - NIWCLANT,LSUBP00024,niwc_atlantic_division,center:niwc-atlantic,excluded,"technical_center_division code of center:niwc-atlantic, outside the PEO C4I portfolio (division itself not in alias table)"
LRAE Annex 25,268,N65236-23-RFPREQ-LSUBP00016-0164,N65236-23-RFPREQ-LSUBP00016-0164,LSUBP00016 - LSUBP00016 - NAVY AFLOAT TRANSPORT & NAVI DIV HD - NIWCLANT,LSUBP00016,niwc_atlantic_division,center:niwc-atlantic,excluded,"technical_center_division code of center:niwc-atlantic, outside the PEO C4I portfolio (division itself not in alias table)"
LRAE Annex 25,269,N65236-23-RFPREQ-LSUBP00021-0001,N65236-23-RFPREQ-LSUBP00021-0001,LSUBP00021 - LSUBP00021 - EXPEDITIONARY INTEL SOLUTIONS DIV HEAD - NIWCLANT,LSUBP00021,niwc_atlantic_division,center:niwc-atlantic,excluded,"technical_center_division code of center:niwc-atlantic, outside the PEO C4I portfolio (division itself not in alias table)"
LRAE Annex 25,270,N65236-23-RFPREQ-LSUBP00021-0002,N65236-23-RFPREQ-LSUBP00021-0002,LSUBP00021 - LSUBP00021 - EXPEDITIONARY INTEL SOLUTIONS DIV HEAD - NIWCLANT,LSUBP00021,niwc_atlantic_division,center:niwc-atlantic,excluded,"technical_center_division code of center:niwc-atlantic, outside the PEO C4I portfolio (division itself not in alias table)"
LRAE Annex 25,271,N65236-23-RFPREQ-LSUBP00021-0003,N65236-23-RFPREQ-LSUBP00021-0003,LSUBP00021 - LSUBP00021 - EXPEDITIONARY INTEL SOLUTIONS DIV HEAD - NIWCLANT,LSUBP00021,niwc_atlantic_division,center:niwc-atlantic,excluded,"technical_center_division code of center:niwc-atlantic, outside the PEO C4I portfolio (division itself not in alias table)"
LRAE Annex 25,272,N65236-23-RFPREQ-LSUBP00021-0004,N65236-23-RFPREQ-LSUBP00021-0004,LSUBP00021 - LSUBP00021 - EXPEDITIONARY INTEL SOLUTIONS DIV HEAD - NIWCLANT,LSUBP00021,niwc_atlantic_division,center:niwc-atlantic,excluded,"technical_center_division code of center:niwc-atlantic, outside the PEO C4I portfolio (division itself not in alias table)"
LRAE Annex 25,273,N65236-24-RFPREQ-LSUBP00021-0001,N65236-24-RFPREQ-LSUBP00021-0001,LSUBP00021 - LSUBP00021 - EXPEDITIONARY INTEL SOLUTIONS DIV HEAD - NIWCLANT,LSUBP00021,niwc_atlantic_division,center:niwc-atlantic,excluded,"technical_center_division code of center:niwc-atlantic, outside the PEO C4I portfolio (division itself not in alias table)"
LRAE Annex 25,274,N65236-22-RFPREQ-LSUBP00021-0012,N65236-22-RFPREQ-LSUBP00021-0012,LSUBP00021 - LSUBP00021 - EXPEDITIONARY INTEL SOLUTIONS DIV HEAD - NIWCLANT,LSUBP00021,niwc_atlantic_division,center:niwc-atlantic,excluded,"technical_center_division code of center:niwc-atlantic, outside the PEO C4I portfolio (division itself not in alias table)"
LRAE Annex 25,275,N65236-22-RFPREQ-LSUBP00021-0022,N65236-22-RFPREQ-LSUBP00021-0022,LSUBP00021 - LSUBP00021 - EXPEDITIONARY INTEL SOLUTIONS DIV HEAD - NIWCLANT,LSUBP00021,niwc_atlantic_division,center:niwc-atlantic,excluded,"technical_center_division code of center:niwc-atlantic, outside the PEO C4I portfolio (division itself not in alias table)"
LRAE Annex 25,276,N65236-24-RFPREQ-LSUBP00007-0002,N65236-24-RFPREQ-LSUBP00007-0002,LSUBP00007 - LSUBP00007 - LAND SYSTEMS INTEGRATION DIV HEAD - NIWCLANT,LSUBP00007,niwc_atlantic_division,center:niwc-atlantic,excluded,"technical_center_division code of center:niwc-atlantic, outside the PEO C4I portfolio (division itself not in alias table)"
LRAE Annex 25,277,N65236-23-RFPREQ-LSUBP00021-0024,N65236-23-RFPREQ-LSUBP00021-0024,LSUBP00021 - LSUBP00021 - EXPEDITIONARY INTEL SOLUTIONS DIV HEAD - NIWCLANT,LSUBP00021,niwc_atlantic_division,center:niwc-atlantic,excluded,"technical_center_division code of center:niwc-atlantic, outside the PEO C4I portfolio (division itself not in alias table)"
LRAE Annex 25,278,N65236-24-RFPREQ-LSUBP00021-0010,N65236-24-RFPREQ-LSUBP00021-0010,LSUBP00021 - LSUBP00021 - EXPEDITIONARY INTEL SOLUTIONS DIV HEAD - NIWCLANT,LSUBP00021,niwc_atlantic_division,center:niwc-atlantic,excluded,"technical_center_division code of center:niwc-atlantic, outside the PEO C4I portfolio (division itself not in alias table)"
LRAE Annex 25,279,N65236-23-RFPREQ-LSUBP00021-0011,N65236-23-RFPREQ-LSUBP00021-0011,LSUBP00021 - LSUBP00021 - EXPEDITIONARY INTEL SOLUTIONS DIV HEAD - NIWCLANT,LSUBP00021,niwc_atlantic_division,center:niwc-atlantic,excluded,"technical_center_division code of center:niwc-atlantic, outside the PEO C4I portfolio (division itself not in alias table)"
LRAE Annex 25,280,N65236-23-RFPREQ-LSUBP00007-0001,N65236-23-RFPREQ-LSUBP00007-0001,LSUBP00007 - LSUBP00007 - LAND SYSTEMS INTEGRATION DIV HEAD - NIWCLANT,LSUBP00007,niwc_atlantic_division,center:niwc-atlantic,excluded,"technical_center_division code of center:niwc-atlantic, outside the PEO C4I portfolio (division itself not in alias table)"
LRAE Annex 25,281,N65236-22-RFPREQ-LSUBP00021-0018,N65236-22-RFPREQ-LSUBP00021-0018,LSUBP00021 - LSUBP00021 - EXPEDITIONARY INTEL SOLUTIONS DIV HEAD - NIWCLANT,LSUBP00021,niwc_atlantic_division,center:niwc-atlantic,excluded,"technical_center_division code of center:niwc-atlantic, outside the PEO C4I portfolio (division itself not in alias table)"
LRAE Annex 25,282,N65236-23-RFPREQ-LSUBP00004-0001,N65236-23-RFPREQ-LSUBP00004-0001,LSUBP00004 - LSUBP00004 - EXPEDITIONARY C3 SOLUTIONS DIV HEAD - NIWCLANT,LSUBP00004,niwc_atlantic_division,center:niwc-atlantic,excluded,"technical_center_division code of center:niwc-atlantic, outside the PEO C4I portfolio (division itself not in alias table)"
LRAE Annex 25,283,N65236-23-RFPREQ-LSUBP00021-0006,N65236-23-RFPREQ-LSUBP00021-0006,LSUBP00021 - LSUBP00021 - EXPEDITIONARY INTEL SOLUTIONS DIV HEAD - NIWCLANT,LSUBP00021,niwc_atlantic_division,center:niwc-atlantic,excluded,"technical_center_division code of center:niwc-atlantic, outside the PEO C4I portfolio (division itself not in alias table)"
LRAE Annex 25,284,N65236-23-RFPREQ-LSUBP00021-0007,N65236-23-RFPREQ-LSUBP00021-0007,LSUBP00021 - LSUBP00021 - EXPEDITIONARY INTEL SOLUTIONS DIV HEAD - NIWCLANT,LSUBP00021,niwc_atlantic_division,center:niwc-atlantic,excluded,"technical_center_division code of center:niwc-atlantic, outside the PEO C4I portfolio (division itself not in alias table)"
LRAE Annex 25,285,N65236-23-RFPREQ-LSUBP00007-0004,N65236-23-RFPREQ-LSUBP00007-0004,LSUBP00007 - LSUBP00007 - LAND SYSTEMS INTEGRATION DIV HEAD - NIWCLANT,LSUBP00007,niwc_atlantic_division,center:niwc-atlantic,excluded,"technical_center_division code of center:niwc-atlantic, outside the PEO C4I portfolio (division itself not in alias table)"
LRAE Annex 25,286,N65236-23-RFPREQ-LSUBP00021-0013,N65236-23-RFPREQ-LSUBP00021-0013,LSUBP00021 - LSUBP00021 - EXPEDITIONARY INTEL SOLUTIONS DIV HEAD - NIWCLANT,LSUBP00021,niwc_atlantic_division,center:niwc-atlantic,excluded,"technical_center_division code of center:niwc-atlantic, outside the PEO C4I portfolio (division itself not in alias table)"
LRAE Annex 25,287,N65236-23-RFPREQ-LSUBP00021-0014,N65236-23-RFPREQ-LSUBP00021-0014,LSUBP00021 - LSUBP00021 - EXPEDITIONARY INTEL SOLUTIONS DIV HEAD - NIWCLANT,LSUBP00021,niwc_atlantic_division,center:niwc-atlantic,excluded,"technical_center_division code of center:niwc-atlantic, outside the PEO C4I portfolio (division itself not in alias table)"
LRAE Annex 25,288,N65236-23-RFPREQ-LSUBP00021-0015,N65236-23-RFPREQ-LSUBP00021-0015,LSUBP00021 - LSUBP00021 - EXPEDITIONARY INTEL SOLUTIONS DIV HEAD - NIWCLANT,LSUBP00021,niwc_atlantic_division,center:niwc-atlantic,excluded,"technical_center_division code of center:niwc-atlantic, outside the PEO C4I portfolio (division itself not in alias table)"
LRAE Annex 25,289,N65236-23-RFPREQ-LSUBP00021-0016,N65236-23-RFPREQ-LSUBP00021-0016,LSUBP00021 - LSUBP00021 - EXPEDITIONARY INTEL SOLUTIONS DIV HEAD - NIWCLANT,LSUBP00021,niwc_atlantic_division,center:niwc-atlantic,excluded,"technical_center_division code of center:niwc-atlantic, outside the PEO C4I portfolio (division itself not in alias table)"
LRAE Annex 25,290,N65236-23-RFPREQ-LSUBP00021-0017,N65236-23-RFPREQ-LSUBP00021-0017,LSUBP00021 - LSUBP00021 - EXPEDITIONARY INTEL SOLUTIONS DIV HEAD - NIWCLANT,LSUBP00021,niwc_atlantic_division,center:niwc-atlantic,excluded,"technical_center_division code of center:niwc-atlantic, outside the PEO C4I portfolio (division itself not in alias table)"
LRAE Annex 25,291,N65236-23-RFPREQ-LSUBP00021-0018,N65236-23-RFPREQ-LSUBP00021-0018,LSUBP00021 - LSUBP00021 - EXPEDITIONARY INTEL SOLUTIONS DIV HEAD - NIWCLANT,LSUBP00021,niwc_atlantic_division,center:niwc-atlantic,excluded,"technical_center_division code of center:niwc-atlantic, outside the PEO C4I portfolio (division itself not in alias table)"
LRAE Annex 25,292,N65236-23-RFPREQ-LSUBP00021-0020,N65236-23-RFPREQ-LSUBP00021-0020,LSUBP00021 - LSUBP00021 - EXPEDITIONARY INTEL SOLUTIONS DIV HEAD - NIWCLANT,LSUBP00021,niwc_atlantic_division,center:niwc-atlantic,excluded,"technical_center_division code of center:niwc-atlantic, outside the PEO C4I portfolio (division itself not in alias table)"
LRAE Annex 25,293,N65236-22-RFPREQ-LSUBP00021-0005,N65236-22-RFPREQ-LSUBP00021-0005,LSUBP00021 - LSUBP00021 - EXPEDITIONARY INTEL SOLUTIONS DIV HEAD - NIWCLANT,LSUBP00021,niwc_atlantic_division,center:niwc-atlantic,excluded,"technical_center_division code of center:niwc-atlantic, outside the PEO C4I portfolio (division itself not in alias table)"
LRAE Annex 25,294,N65236-23-RFPREQ-LSUBP00021-0026,N65236-23-RFPREQ-LSUBP00021-0026,LSUBP00021 - LSUBP00021 - EXPEDITIONARY INTEL SOLUTIONS DIV HEAD - NIWCLANT,LSUBP00021,niwc_atlantic_division,center:niwc-atlantic,excluded,"technical_center_division code of center:niwc-atlantic, outside the PEO C4I portfolio (division itself not in alias table)"
LRAE Annex 25,295,N65236-23-RFPREQ-LSUBP00007-0053,N65236-23-RFPREQ-LSUBP00007-0053,LSUBP00007 - LSUBP00007 - LAND SYSTEMS INTEGRATION DIV HEAD - NIWCLANT,LSUBP00007,niwc_atlantic_division,center:niwc-atlantic,excluded,"technical_center_division code of center:niwc-atlantic, outside the PEO C4I portfolio (division itself not in alias table)"
LRAE Annex 25,296,N65236-23-RFPREQ-LBUSP00030-0024,N65236-23-RFPREQ-LBUSP00030-0024,LBUSP00030 - LBUSP00030 - NL-8.0 - NIWCLANT,LBUSP00030,niwc_atlantic_division,center:niwc-atlantic,excluded,"technical_center_division code of center:niwc-atlantic, outside the PEO C4I portfolio (division itself not in alias table)"
LRAE Annex 25,297,N65236-23-RFPREQ-LSUBP00007-0050,N65236-23-RFPREQ-LSUBP00007-0050,LSUBP00007 - LSUBP00007 - LAND SYSTEMS INTEGRATION DIV HEAD - NIWCLANT,LSUBP00007,niwc_atlantic_division,center:niwc-atlantic,excluded,"technical_center_division code of center:niwc-atlantic, outside the PEO C4I portfolio (division itself not in alias table)"
LRAE Annex 25,298,N65236-23-RFPREQ-LBUSP00030-0020,N65236-23-RFPREQ-LBUSP00030-0020,LBUSP00030 - LBUSP00030 - NL-8.0 - NIWCLANT,LBUSP00030,niwc_atlantic_division,center:niwc-atlantic,excluded,"technical_center_division code of center:niwc-atlantic, outside the PEO C4I portfolio (division itself not in alias table)"
LRAE Annex 25,299,N65236-23-RFPREQ-LSUBP00007-0046,N65236-23-RFPREQ-LSUBP00007-0046,LSUBP00007 - LSUBP00007 - LAND SYSTEMS INTEGRATION DIV HEAD - NIWCLANT,LSUBP00007,niwc_atlantic_division,center:niwc-atlantic,excluded,"technical_center_division code of center:niwc-atlantic, outside the PEO C4I portfolio (division itself not in alias table)"
LRAE Annex 25,300,N65236-23-RFPREQ-LSUBP00021-0178,N65236-23-RFPREQ-LSUBP00021-0178,LSUBP00021 - LSUBP00021 - EXPEDITIONARY INTEL SOLUTIONS DIV HEAD - NIWCLANT,LSUBP00021,niwc_atlantic_division,center:niwc-atlantic,excluded,"technical_center_division code of center:niwc-atlantic, outside the PEO C4I portfolio (division itself not in alias table)"
LRAE Annex 25,301,N65236-23-RFPREQ-LSUBP00021-0161,N65236-23-RFPREQ-LSUBP00021-0161,LSUBP00021 - LSUBP00021 - EXPEDITIONARY INTEL SOLUTIONS DIV HEAD - NIWCLANT,LSUBP00021,niwc_atlantic_division,center:niwc-atlantic,excluded,"technical_center_division code of center:niwc-atlantic, outside the PEO C4I portfolio (division itself not in alias table)"
LRAE Annex 25,302,N65236-23-RFPREQ-LSUBP00004-0061,N65236-23-RFPREQ-LSUBP00004-0061,LSUBP00004 - LSUBP00004 - EXPEDITIONARY C3 SOLUTIONS DIV HEAD - NIWCLANT,LSUBP00004,niwc_atlantic_division,center:niwc-atlantic,excluded,"technical_center_division code of center:niwc-atlantic, outside the PEO C4I portfolio (division itself not in alias table)"
LRAE Annex 25,303,N65236-23-RFPREQ-LSUBP00077-0002,N65236-23-RFPREQ-LSUBP00077-0002,LSUBP00077 - LSUBP00077 - 4.7 Service Center - NIWCLANT,LSUBP00077,niwc_atlantic_division,center:niwc-atlantic,excluded,"technical_center_division code of center:niwc-atlantic, outside the PEO C4I portfolio (division itself not in alias table)"
LRAE Annex 25,304,N65236-23-RFPREQ-LSUBP00007-0036,N65236-23-RFPREQ-LSUBP00007-0036,LSUBP00007 - LSUBP00007 - LAND SYSTEMS INTEGRATION DIV HEAD - NIWCLANT,LSUBP00007,niwc_atlantic_division,center:niwc-atlantic,excluded,"technical_center_division code of center:niwc-atlantic, outside the PEO C4I portfolio (division itself not in alias table)"
LRAE Annex 25,305,N65236-23-RFPREQ-LSUBP00093-0025,N65236-23-RFPREQ-LSUBP00093-0025,LSUBP00093 - LSUBP00093 - 4.7 Competency Division - NIWCLANT,LSUBP00093,niwc_atlantic_division,center:niwc-atlantic,excluded,"technical_center_division code of center:niwc-atlantic, outside the PEO C4I portfolio (division itself not in alias table)"
LRAE Annex 25,306,N65236-23-RFPREQ-LSUBP00007-0011,N65236-23-RFPREQ-LSUBP00007-0011,LSUBP00007 - LSUBP00007 - LAND SYSTEMS INTEGRATION DIV HEAD - NIWCLANT,LSUBP00007,niwc_atlantic_division,center:niwc-atlantic,excluded,"technical_center_division code of center:niwc-atlantic, outside the PEO C4I portfolio (division itself not in alias table)"
LRAE Annex 25,307,N65236-23-RFPREQ-LSUBP00021-0030,N65236-23-RFPREQ-LSUBP00021-0030,LSUBP00021 - LSUBP00021 - EXPEDITIONARY INTEL SOLUTIONS DIV HEAD - NIWCLANT,LSUBP00021,niwc_atlantic_division,center:niwc-atlantic,excluded,"technical_center_division code of center:niwc-atlantic, outside the PEO C4I portfolio (division itself not in alias table)"
LRAE Annex 25,308,N65236-23-RFPREQ-LSUBP00021-0031,N65236-23-RFPREQ-LSUBP00021-0031,LSUBP00021 - LSUBP00021 - EXPEDITIONARY INTEL SOLUTIONS DIV HEAD - NIWCLANT,LSUBP00021,niwc_atlantic_division,center:niwc-atlantic,excluded,"technical_center_division code of center:niwc-atlantic, outside the PEO C4I portfolio (division itself not in alias table)"
LRAE Annex 25,309,N65236-23-RFPREQ-LSUBP00021-0035,N65236-23-RFPREQ-LSUBP00021-0035,LSUBP00021 - LSUBP00021 - EXPEDITIONARY INTEL SOLUTIONS DIV HEAD - NIWCLANT,LSUBP00021,niwc_atlantic_division,center:niwc-atlantic,excluded,"technical_center_division code of center:niwc-atlantic, outside the PEO C4I portfolio (division itself not in alias table)"
LRAE Annex 25,310,N65236-23-RFPREQ-LSUBP00021-0042,N65236-23-RFPREQ-LSUBP00021-0042,LSUBP00021 - LSUBP00021 - EXPEDITIONARY INTEL SOLUTIONS DIV HEAD - NIWCLANT,LSUBP00021,niwc_atlantic_division,center:niwc-atlantic,excluded,"technical_center_division code of center:niwc-atlantic, outside the PEO C4I portfolio (division itself not in alias table)"
LRAE Annex 25,311,N65236-23-RFPREQ-LSUBP00087-0010,N65236-23-RFPREQ-LSUBP00087-0010,LSUBP00087 - LSUBP00087 - Command Information Officer Division - NIWCLANT,LSUBP00087,niwc_atlantic_division,center:niwc-atlantic,excluded,"technical_center_division code of center:niwc-atlantic, outside the PEO C4I portfolio (division itself not in alias table)"
LRAE Annex 25,312,N65236-23-RFPREQ-LSUBP00083-0042,N65236-23-RFPREQ-LSUBP00083-0042,LSUBP00083 - LSUBP00083 - 8.0 Competency Division - NIWCLANT,LSUBP00083,niwc_atlantic_division,center:niwc-atlantic,excluded,"technical_center_division code of center:niwc-atlantic, outside the PEO C4I portfolio (division itself not in alias table)"
LRAE Annex 25,313,N65236-23-RFPREQ-LSUBP00021-0072,N65236-23-RFPREQ-LSUBP00021-0072,LSUBP00021 - LSUBP00021 - EXPEDITIONARY INTEL SOLUTIONS DIV HEAD - NIWCLANT,LSUBP00021,niwc_atlantic_division,center:niwc-atlantic,excluded,"technical_center_division code of center:niwc-atlantic, outside the PEO C4I portfolio (division itself not in alias table)"
LRAE Annex 25,314,N65236-23-RFPREQ-LSUBP00087-0018,N65236-23-RFPREQ-LSUBP00087-0018,LSUBP00087 - LSUBP00087 - Command Information Officer Division - NIWCLANT,LSUBP00087,niwc_atlantic_division,center:niwc-atlantic,excluded,"technical_center_division code of center:niwc-atlantic, outside the PEO C4I portfolio (division itself not in alias table)"
LRAE Annex 25,315,N65236-23-RFPREQ-LSUBP00083-0047,N65236-23-RFPREQ-LSUBP00083-0047,LSUBP00083 - LSUBP00083 - 8.0 Competency Division - NIWCLANT,LSUBP00083,niwc_atlantic_division,center:niwc-atlantic,excluded,"technical_center_division code of center:niwc-atlantic, outside the PEO C4I portfolio (division itself not in alias table)"
LRAE Annex 25,316,N65236-23-RFPREQ-LSUBP00021-0088,N65236-23-RFPREQ-LSUBP00021-0088,LSUBP00021 - LSUBP00021 - EXPEDITIONARY INTEL SOLUTIONS DIV HEAD - NIWCLANT,LSUBP00021,niwc_atlantic_division,center:niwc-atlantic,excluded,"technical_center_division code of center:niwc-atlantic, outside the PEO C4I portfolio (division itself not in alias table)"
LRAE Annex 25,317,N65236-23-RFPREQ-LSUBP00021-0095,N65236-23-RFPREQ-LSUBP00021-0095,LSUBP00021 - LSUBP00021 - EXPEDITIONARY INTEL SOLUTIONS DIV HEAD - NIWCLANT,LSUBP00021,niwc_atlantic_division,center:niwc-atlantic,excluded,"technical_center_division code of center:niwc-atlantic, outside the PEO C4I portfolio (division itself not in alias table)"
LRAE Annex 25,318,N65236-23-RFPREQ-LSUBP00021-0097,N65236-23-RFPREQ-LSUBP00021-0097,LSUBP00021 - LSUBP00021 - EXPEDITIONARY INTEL SOLUTIONS DIV HEAD - NIWCLANT,LSUBP00021,niwc_atlantic_division,center:niwc-atlantic,excluded,"technical_center_division code of center:niwc-atlantic, outside the PEO C4I portfolio (division itself not in alias table)"
LRAE Annex 25,319,N65236-23-RFPREQ-LSUBP00021-0102,N65236-23-RFPREQ-LSUBP00021-0102,LSUBP00021 - LSUBP00021 - EXPEDITIONARY INTEL SOLUTIONS DIV HEAD - NIWCLANT,LSUBP00021,niwc_atlantic_division,center:niwc-atlantic,excluded,"technical_center_division code of center:niwc-atlantic, outside the PEO C4I portfolio (division itself not in alias table)"
LRAE Annex 25,320,N65236-23-RFPREQ-LSUBP00021-0106,N65236-23-RFPREQ-LSUBP00021-0106,LSUBP00021 - LSUBP00021 - EXPEDITIONARY INTEL SOLUTIONS DIV HEAD - NIWCLANT,LSUBP00021,niwc_atlantic_division,center:niwc-atlantic,excluded,"technical_center_division code of center:niwc-atlantic, outside the PEO C4I portfolio (division itself not in alias table)"
LRAE Annex 25,321,N65236-23-RFPREQ-LSUBP00083-0049,N65236-23-RFPREQ-LSUBP00083-0049,LSUBP00083 - LSUBP00083 - 8.0 Competency Division - NIWCLANT,LSUBP00083,niwc_atlantic_division,center:niwc-atlantic,excluded,"technical_center_division code of center:niwc-atlantic, outside the PEO C4I portfolio (division itself not in alias table)"
LRAE Annex 25,322,N65236-23-RFPREQ-LSUBP00021-0108,N65236-23-RFPREQ-LSUBP00021-0108,LSUBP00021 - LSUBP00021 - EXPEDITIONARY INTEL SOLUTIONS DIV HEAD - NIWCLANT,LSUBP00021,niwc_atlantic_division,center:niwc-atlantic,excluded,"technical_center_division code of center:niwc-atlantic, outside the PEO C4I portfolio (division itself not in alias table)"
LRAE Annex 25,323,N65236-23-RFPREQ-LSUBP00021-0109,N65236-23-RFPREQ-LSUBP00021-0109,LSUBP00021 - LSUBP00021 - EXPEDITIONARY INTEL SOLUTIONS DIV HEAD - NIWCLANT,LSUBP00021,niwc_atlantic_division,center:niwc-atlantic,excluded,"technical_center_division code of center:niwc-atlantic, outside the PEO C4I portfolio (division itself not in alias table)"
LRAE Annex 25,324,N65236-23-RFPREQ-LSUBP00021-0110,N65236-23-RFPREQ-LSUBP00021-0110,LSUBP00021 - LSUBP00021 - EXPEDITIONARY INTEL SOLUTIONS DIV HEAD - NIWCLANT,LSUBP00021,niwc_atlantic_division,center:niwc-atlantic,excluded,"technical_center_division code of center:niwc-atlantic, outside the PEO C4I portfolio (division itself not in alias table)"
LRAE Annex 25,325,N65236-23-RFPREQ-LSUBP00021-0111,N65236-23-RFPREQ-LSUBP00021-0111,LSUBP00021 - LSUBP00021 - EXPEDITIONARY INTEL SOLUTIONS DIV HEAD - NIWCLANT,LSUBP00021,niwc_atlantic_division,center:niwc-atlantic,excluded,"technical_center_division code of center:niwc-atlantic, outside the PEO C4I portfolio (division itself not in alias table)"
LRAE Annex 25,326,N65236-23-RFPREQ-LSUBP00007-0031,N65236-23-RFPREQ-LSUBP00007-0031,LSUBP00007 - LSUBP00007 - LAND SYSTEMS INTEGRATION DIV HEAD - NIWCLANT,LSUBP00007,niwc_atlantic_division,center:niwc-atlantic,excluded,"technical_center_division code of center:niwc-atlantic, outside the PEO C4I portfolio (division itself not in alias table)"
LRAE Annex 25,327,N65236-23-RFPREQ-LSUBP00007-0028,N65236-23-RFPREQ-LSUBP00007-0028,LSUBP00007 - LSUBP00007 - LAND SYSTEMS INTEGRATION DIV HEAD - NIWCLANT,LSUBP00007,niwc_atlantic_division,center:niwc-atlantic,excluded,"technical_center_division code of center:niwc-atlantic, outside the PEO C4I portfolio (division itself not in alias table)"
LRAE Annex 25,328,N65236-23-RFPREQ-LSUBP00021-0073,N65236-23-RFPREQ-LSUBP00021-0073,LSUBP00021 - LSUBP00021 - EXPEDITIONARY INTEL SOLUTIONS DIV HEAD - NIWCLANT,LSUBP00021,niwc_atlantic_division,center:niwc-atlantic,excluded,"technical_center_division code of center:niwc-atlantic, outside the PEO C4I portfolio (division itself not in alias table)"
LRAE Annex 25,329,N65236-23-RFPREQ-LSUBP00004-0012,N65236-23-RFPREQ-LSUBP00004-0012,LSUBP00004 - LSUBP00004 - EXPEDITIONARY C3 SOLUTIONS DIV HEAD - NIWCLANT,LSUBP00004,niwc_atlantic_division,center:niwc-atlantic,excluded,"technical_center_division code of center:niwc-atlantic, outside the PEO C4I portfolio (division itself not in alias table)"
LRAE Annex 25,330,N65236-23-RFPREQ-LSUBP00004-0035,N65236-23-RFPREQ-LSUBP00004-0035,LSUBP00004 - LSUBP00004 - EXPEDITIONARY C3 SOLUTIONS DIV HEAD - NIWCLANT,LSUBP00004,niwc_atlantic_division,center:niwc-atlantic,excluded,"technical_center_division code of center:niwc-atlantic, outside the PEO C4I portfolio (division itself not in alias table)"
LRAE Annex 25,331,N65236-23-RFPREQ-LSUBP00021-0112,N65236-23-RFPREQ-LSUBP00021-0112,LSUBP00021 - LSUBP00021 - EXPEDITIONARY INTEL SOLUTIONS DIV HEAD - NIWCLANT,LSUBP00021,niwc_atlantic_division,center:niwc-atlantic,excluded,"technical_center_division code of center:niwc-atlantic, outside the PEO C4I portfolio (division itself not in alias table)"
LRAE Annex 25,332,N65236-23-RFPREQ-LSUBP00021-0113,N65236-23-RFPREQ-LSUBP00021-0113,LSUBP00021 - LSUBP00021 - EXPEDITIONARY INTEL SOLUTIONS DIV HEAD - NIWCLANT,LSUBP00021,niwc_atlantic_division,center:niwc-atlantic,excluded,"technical_center_division code of center:niwc-atlantic, outside the PEO C4I portfolio (division itself not in alias table)"
LRAE Annex 25,333,N65236-23-RFPREQ-LSUBP00021-0114,N65236-23-RFPREQ-LSUBP00021-0114,LSUBP00021 - LSUBP00021 - EXPEDITIONARY INTEL SOLUTIONS DIV HEAD - NIWCLANT,LSUBP00021,niwc_atlantic_division,center:niwc-atlantic,excluded,"technical_center_division code of center:niwc-atlantic, outside the PEO C4I portfolio (division itself not in alias table)"
LRAE Annex 25,334,N65236-23-RFPREQ-LSUBP00083-0052,N65236-23-RFPREQ-LSUBP00083-0052,LSUBP00083 - LSUBP00083 - 8.0 Competency Division - NIWCLANT,LSUBP00083,niwc_atlantic_division,center:niwc-atlantic,excluded,"technical_center_division code of center:niwc-atlantic, outside the PEO C4I portfolio (division itself not in alias table)"
LRAE Annex 25,335,N65236-23-RFPREQ-LSUBP00021-0137,N65236-23-RFPREQ-LSUBP00021-0137,LSUBP00021 - LSUBP00021 - EXPEDITIONARY INTEL SOLUTIONS DIV HEAD - NIWCLANT,LSUBP00021,niwc_atlantic_division,center:niwc-atlantic,excluded,"technical_center_division code of center:niwc-atlantic, outside the PEO C4I portfolio (division itself not in alias table)"
LRAE Annex 25,336,N65236-23-RFPREQ-LSUBP00021-0138,N65236-23-RFPREQ-LSUBP00021-0138,LSUBP00021 - LSUBP00021 - EXPEDITIONARY INTEL SOLUTIONS DIV HEAD - NIWCLANT,LSUBP00021,niwc_atlantic_division,center:niwc-atlantic,excluded,"technical_center_division code of center:niwc-atlantic, outside the PEO C4I portfolio (division itself not in alias table)"
LRAE Annex 25,337,N65236-23-RFPREQ-LSUBP00093-0023,N65236-23-RFPREQ-LSUBP00093-0023,LSUBP00093 - LSUBP00093 - 4.7 Competency Division - NIWCLANT,LSUBP00093,niwc_atlantic_division,center:niwc-atlantic,excluded,"technical_center_division code of center:niwc-atlantic, outside the PEO C4I portfolio (division itself not in alias table)"
LRAE Annex 25,338,N65236-23-RFPREQ-LSUBP00093-0024,N65236-23-RFPREQ-LSUBP00093-0024,LSUBP00093 - LSUBP00093 - 4.7 Competency Division - NIWCLANT,LSUBP00093,niwc_atlantic_division,center:niwc-atlantic,excluded,"technical_center_division code of center:niwc-atlantic, outside the PEO C4I portfolio (division itself not in alias table)"
LRAE Annex 25,339,N65236-23-RFPREQ-LSUBP00021-0143,N65236-23-RFPREQ-LSUBP00021-0143,LSUBP00021 - LSUBP00021 - EXPEDITIONARY INTEL SOLUTIONS DIV HEAD - NIWCLANT,LSUBP00021,niwc_atlantic_division,center:niwc-atlantic,excluded,"technical_center_division code of center:niwc-atlantic, outside the PEO C4I portfolio (division itself not in alias table)"
LRAE Annex 25,340,N65236-23-RFPREQ-LSUBP00093-0026,N65236-23-RFPREQ-LSUBP00093-0026,LSUBP00093 - LSUBP00093 - 4.7 Competency Division - NIWCLANT,LSUBP00093,niwc_atlantic_division,center:niwc-atlantic,excluded,"technical_center_division code of center:niwc-atlantic, outside the PEO C4I portfolio (division itself not in alias table)"
LRAE Annex 25,341,N65236-23-RFPREQ-LSUBP00083-0055,N65236-23-RFPREQ-LSUBP00083-0055,LSUBP00083 - LSUBP00083 - 8.0 Competency Division - NIWCLANT,LSUBP00083,niwc_atlantic_division,center:niwc-atlantic,excluded,"technical_center_division code of center:niwc-atlantic, outside the PEO C4I portfolio (division itself not in alias table)"
LRAE Annex 25,342,N65236-23-RFPREQ-LSUBP00087-0024,N65236-23-RFPREQ-LSUBP00087-0024,LSUBP00087 - LSUBP00087 - Command Information Officer Division - NIWCLANT,LSUBP00087,niwc_atlantic_division,center:niwc-atlantic,excluded,"technical_center_division code of center:niwc-atlantic, outside the PEO C4I portfolio (division itself not in alias table)"
LRAE Annex 25,343,N65236-23-RFPREQ-LSUBP00087-0025,N65236-23-RFPREQ-LSUBP00087-0025,LSUBP00087 - LSUBP00087 - Command Information Officer Division - NIWCLANT,LSUBP00087,niwc_atlantic_division,center:niwc-atlantic,excluded,"technical_center_division code of center:niwc-atlantic, outside the PEO C4I portfolio (division itself not in alias table)"
LRAE Annex 25,344,N65236-23-RFPREQ-LSUBP00021-0154,N65236-23-RFPREQ-LSUBP00021-0154,LSUBP00021 - LSUBP00021 - EXPEDITIONARY INTEL SOLUTIONS DIV HEAD - NIWCLANT,LSUBP00021,niwc_atlantic_division,center:niwc-atlantic,excluded,"technical_center_division code of center:niwc-atlantic, outside the PEO C4I portfolio (division itself not in alias table)"
LRAE Annex 25,345,N65236-23-RFPREQ-LSUBP00087-0027,N65236-23-RFPREQ-LSUBP00087-0027,LSUBP00087 - LSUBP00087 - Command Information Officer Division - NIWCLANT,LSUBP00087,niwc_atlantic_division,center:niwc-atlantic,excluded,"technical_center_division code of center:niwc-atlantic, outside the PEO C4I portfolio (division itself not in alias table)"
LRAE Annex 25,346,N65236-23-RFPREQ-LSUBP00093-0028,N65236-23-RFPREQ-LSUBP00093-0028,LSUBP00093 - LSUBP00093 - 4.7 Competency Division - NIWCLANT,LSUBP00093,niwc_atlantic_division,center:niwc-atlantic,excluded,"technical_center_division code of center:niwc-atlantic, outside the PEO C4I portfolio (division itself not in alias table)"
LRAE Annex 25,347,N65236-23-RFPREQ-LSUBP00004-0065,N65236-23-RFPREQ-LSUBP00004-0065,LSUBP00004 - LSUBP00004 - EXPEDITIONARY C3 SOLUTIONS DIV HEAD - NIWCLANT,LSUBP00004,niwc_atlantic_division,center:niwc-atlantic,excluded,"technical_center_division code of center:niwc-atlantic, outside the PEO C4I portfolio (division itself not in alias table)"
LRAE Annex 25,348,N65236-23-RFPREQ-LSUBP00021-0164,N65236-23-RFPREQ-LSUBP00021-0164,LSUBP00021 - LSUBP00021 - EXPEDITIONARY INTEL SOLUTIONS DIV HEAD - NIWCLANT,LSUBP00021,niwc_atlantic_division,center:niwc-atlantic,excluded,"technical_center_division code of center:niwc-atlantic, outside the PEO C4I portfolio (division itself not in alias table)"
LRAE Annex 25,349,N65236-23-RFPREQ-LSUBP00021-0184,N65236-23-RFPREQ-LSUBP00021-0184,LSUBP00021 - LSUBP00021 - EXPEDITIONARY INTEL SOLUTIONS DIV HEAD - NIWCLANT,LSUBP00021,niwc_atlantic_division,center:niwc-atlantic,excluded,"technical_center_division code of center:niwc-atlantic, outside the PEO C4I portfolio (division itself not in alias table)"
LRAE Annex 25,350,N65236-23-RFPREQ-LSUBP00087-0028,N65236-23-RFPREQ-LSUBP00087-0028,LSUBP00087 - LSUBP00087 - Command Information Officer Division - NIWCLANT,LSUBP00087,niwc_atlantic_division,center:niwc-atlantic,excluded,"technical_center_division code of center:niwc-atlantic, outside the PEO C4I portfolio (division itself not in alias table)"
LRAE Annex 25,351,N65236-23-RFPREQ-LSUBP00021-0187,N65236-23-RFPREQ-LSUBP00021-0187,LSUBP00021 - LSUBP00021 - EXPEDITIONARY INTEL SOLUTIONS DIV HEAD - NIWCLANT,LSUBP00021,niwc_atlantic_division,center:niwc-atlantic,excluded,"technical_center_division code of center:niwc-atlantic, outside the PEO C4I portfolio (division itself not in alias table)"
LRAE Annex 25,352,N65236-23-RFPREQ-LSUBP00021-0201,N65236-23-RFPREQ-LSUBP00021-0201,LSUBP00021 - LSUBP00021 - EXPEDITIONARY INTEL SOLUTIONS DIV HEAD - NIWCLANT,LSUBP00021,niwc_atlantic_division,center:niwc-atlantic,excluded,"technical_center_division code of center:niwc-atlantic, outside the PEO C4I portfolio (division itself not in alias table)"
LRAE Annex 25,353,N65236-23-RFPREQ-LSUBP00021-0180,N65236-23-RFPREQ-LSUBP00021-0180,LSUBP00021 - LSUBP00021 - EXPEDITIONARY INTEL SOLUTIONS DIV HEAD - NIWCLANT,LSUBP00021,niwc_atlantic_division,center:niwc-atlantic,excluded,"technical_center_division code of center:niwc-atlantic, outside the PEO C4I portfolio (division itself not in alias table)"
LRAE Annex 25,354,N65236-23-RFPREQ-LSUBP00080-0005,N65236-23-RFPREQ-LSUBP00080-0005,LSUBP00080 - LSUBP00080 - 5.9 Service Center - NIWCLANT,LSUBP00080,niwc_atlantic_division,center:niwc-atlantic,excluded,"technical_center_division code of center:niwc-atlantic, outside the PEO C4I portfolio (division itself not in alias table)"
LRAE Annex 25,355,N65236-23-RFPREQ-LSUBP00021-0172,N65236-23-RFPREQ-LSUBP00021-0172,LSUBP00021 - LSUBP00021 - EXPEDITIONARY INTEL SOLUTIONS DIV HEAD - NIWCLANT,LSUBP00021,niwc_atlantic_division,center:niwc-atlantic,excluded,"technical_center_division code of center:niwc-atlantic, outside the PEO C4I portfolio (division itself not in alias table)"
LRAE Annex 25,356,N65236-23-RFPREQ-LSUBP00021-0195,N65236-23-RFPREQ-LSUBP00021-0195,LSUBP00021 - LSUBP00021 - EXPEDITIONARY INTEL SOLUTIONS DIV HEAD - NIWCLANT,LSUBP00021,niwc_atlantic_division,center:niwc-atlantic,excluded,"technical_center_division code of center:niwc-atlantic, outside the PEO C4I portfolio (division itself not in alias table)"
LRAE Annex 25,357,N65236-23-RFPREQ-LSUBP00004-0076,N65236-23-RFPREQ-LSUBP00004-0076,LSUBP00004 - LSUBP00004 - EXPEDITIONARY C3 SOLUTIONS DIV HEAD - NIWCLANT,LSUBP00004,niwc_atlantic_division,center:niwc-atlantic,excluded,"technical_center_division code of center:niwc-atlantic, outside the PEO C4I portfolio (division itself not in alias table)"
LRAE Annex 25,358,N65236-23-RFPREQ-LSUBP00004-0079,N65236-23-RFPREQ-LSUBP00004-0079,LSUBP00004 - LSUBP00004 - EXPEDITIONARY C3 SOLUTIONS DIV HEAD - NIWCLANT,LSUBP00004,niwc_atlantic_division,center:niwc-atlantic,excluded,"technical_center_division code of center:niwc-atlantic, outside the PEO C4I portfolio (division itself not in alias table)"
LRAE Annex 25,359,N65236-23-RFPREQ-LSUBP00021-0199,N65236-23-RFPREQ-LSUBP00021-0199,LSUBP00021 - LSUBP00021 - EXPEDITIONARY INTEL SOLUTIONS DIV HEAD - NIWCLANT,LSUBP00021,niwc_atlantic_division,center:niwc-atlantic,excluded,"technical_center_division code of center:niwc-atlantic, outside the PEO C4I portfolio (division itself not in alias table)"
LRAE Annex 25,360,N65236-23-RFPREQ-LSUBP00021-0191,N65236-23-RFPREQ-LSUBP00021-0191,LSUBP00021 - LSUBP00021 - EXPEDITIONARY INTEL SOLUTIONS DIV HEAD - NIWCLANT,LSUBP00021,niwc_atlantic_division,center:niwc-atlantic,excluded,"technical_center_division code of center:niwc-atlantic, outside the PEO C4I portfolio (division itself not in alias table)"
LRAE Annex 25,361,N65236-23-RFPREQ-LSUBP00021-0192,N65236-23-RFPREQ-LSUBP00021-0192,LSUBP00021 - LSUBP00021 - EXPEDITIONARY INTEL SOLUTIONS DIV HEAD - NIWCLANT,LSUBP00021,niwc_atlantic_division,center:niwc-atlantic,excluded,"technical_center_division code of center:niwc-atlantic, outside the PEO C4I portfolio (division itself not in alias table)"
LRAE Annex 25,362,N65236-23-RFPREQ-LSUBP00021-0193,N65236-23-RFPREQ-LSUBP00021-0193,LSUBP00021 - LSUBP00021 - EXPEDITIONARY INTEL SOLUTIONS DIV HEAD - NIWCLANT,LSUBP00021,niwc_atlantic_division,center:niwc-atlantic,excluded,"technical_center_division code of center:niwc-atlantic, outside the PEO C4I portfolio (division itself not in alias table)"
LRAE Annex 25,363,N65236-23-RFPREQ-LSUBP00021-0194,N65236-23-RFPREQ-LSUBP00021-0194,LSUBP00021 - LSUBP00021 - EXPEDITIONARY INTEL SOLUTIONS DIV HEAD - NIWCLANT,LSUBP00021,niwc_atlantic_division,center:niwc-atlantic,excluded,"technical_center_division code of center:niwc-atlantic, outside the PEO C4I portfolio (division itself not in alias table)"
LRAE Annex 25,364,N65236-23-RFPREQ-LSUBP00024-0016,N65236-23-RFPREQ-LSUBP00024-0016,LSUBP00024 - LSUBP00024 - IA AND NAVY CYBER SECURITY DIV HEAD - NIWCLANT,LSUBP00024,niwc_atlantic_division,center:niwc-atlantic,excluded,"technical_center_division code of center:niwc-atlantic, outside the PEO C4I portfolio (division itself not in alias table)"
LRAE Annex 25,365,N65236-23-RFPREQ-LSUBP00022-0001,N65236-23-RFPREQ-LSUBP00022-0001,LSUBP00022 - LSUBP00022 - BATTLE SPACE AWARENESS DIV HEAD - NIWCLANT,LSUBP00022,niwc_atlantic_division,center:niwc-atlantic,excluded,"technical_center_division code of center:niwc-atlantic, outside the PEO C4I portfolio (division itself not in alias table)"
LRAE Annex 25,366,N65236-23-RFPREQ-LSUBP00063-0049,N65236-23-RFPREQ-LSUBP00063-0049,LSUBP00063 - LSUBP00063 - NAVY AFLOAT NETWORK DIV HEAD - NIWCLANT,LSUBP00063,niwc_atlantic_division,center:niwc-atlantic,excluded,"technical_center_division code of center:niwc-atlantic, outside the PEO C4I portfolio (division itself not in alias table)"
LRAE Annex 25,367,N65236-23-RFPREQ-LSUBP00022-0103,N65236-23-RFPREQ-LSUBP00022-0103,LSUBP00022 - LSUBP00022 - BATTLE SPACE AWARENESS DIV HEAD - NIWCLANT,LSUBP00022,niwc_atlantic_division,center:niwc-atlantic,excluded,"technical_center_division code of center:niwc-atlantic, outside the PEO C4I portfolio (division itself not in alias table)"
LRAE Annex 25,368,N65236-23-RFPREQ-LSUBP00022-0108,N65236-23-RFPREQ-LSUBP00022-0108,LSUBP00022 - LSUBP00022 - BATTLE SPACE AWARENESS DIV HEAD - NIWCLANT,LSUBP00022,niwc_atlantic_division,center:niwc-atlantic,excluded,"technical_center_division code of center:niwc-atlantic, outside the PEO C4I portfolio (division itself not in alias table)"
LRAE Annex 25,369,N00039-23-RFPREQ-6.0-0001,N00039-23-RFPREQ-6.0-0001,6.0 - 6.0 - NAVWAR,6.0,navwar_hq_competency,command:navwar,excluded,"headquarters_competency code of command:navwar, outside the PEO C4I portfolio (division itself not in alias table)"
LRAE Annex 25,370,N00039-23-RFPREQ-1.0-0001,N00039-23-RFPREQ-1.0-0001,1.0 - 1.0 - NAVWAR,1.0,navwar_hq_competency,command:navwar,excluded,"headquarters_competency code of command:navwar, outside the PEO C4I portfolio (division itself not in alias table)"
LRAE Annex 25,371,N00039-22-RFPREQ-5.0-0006,N00039-22-RFPREQ-5.0-0006,5.0 - 5.0 - NAVWAR,5.0,navwar_hq_competency,command:navwar,excluded,"headquarters_competency code of command:navwar, outside the PEO C4I portfolio (division itself not in alias table)"
LRAE Annex 25,372,N00039-23-RFPREQ-8.0-0029,N00039-23-RFPREQ-8.0-0029,8.0 - 8.0 - NAVWAR,8.0,navwar_hq_competency,command:navwar,excluded,"headquarters_competency code of command:navwar, outside the PEO C4I portfolio (division itself not in alias table)"
LRAE Annex 25,373,N00039-23-RFPREQ-8.0-0030,N00039-23-RFPREQ-8.0-0030,8.0 - 8.0 - NAVWAR,8.0,navwar_hq_competency,command:navwar,excluded,"headquarters_competency code of command:navwar, outside the PEO C4I portfolio (division itself not in alias table)"
LRAE Annex 25,374,N00039-23-RFPREQ-PMW/A-170-0173,N00039-23-RFPREQ-PMW/A-170-0173,PMW/A-170 - PMW/A-170 - NAVWAR,PMW/A-170,peo_program_office,pmw:170,included,"code resolves to pmw:170, a PEO C4I office (alias table)"
LRAE Annex 25,375,N00039-23-RFPREQ-PMW/A-170-0191,N00039-23-RFPREQ-PMW/A-170-0191,PMW/A-170 - PMW/A-170 - NAVWAR,PMW/A-170,peo_program_office,pmw:170,included,"code resolves to pmw:170, a PEO C4I office (alias table)"
LRAE Annex 25,376,N00039-23-RFPREQ-PMW/A-170-0255,N00039-23-RFPREQ-PMW/A-170-0255,PMW/A-170 - PMW/A-170 - NAVWAR,PMW/A-170,peo_program_office,pmw:170,included,"code resolves to pmw:170, a PEO C4I office (alias table)"
LRAE Annex 25,377,N00039-23-RFPREQ-PMW/A-170-0259,N00039-23-RFPREQ-PMW/A-170-0259,PMW/A-170 - PMW/A-170 - NAVWAR,PMW/A-170,peo_program_office,pmw:170,included,"code resolves to pmw:170, a PEO C4I office (alias table)"
LRAE Annex 25,378,N00039-23-RFPREQ-PMW/A-170-0275,N00039-23-RFPREQ-PMW/A-170-0275,PMW/A-170 - PMW/A-170 - NAVWAR,PMW/A-170,peo_program_office,pmw:170,included,"code resolves to pmw:170, a PEO C4I office (alias table)"
LRAE Annex 25,379,N00039-23-RFPREQ-PMW/A-170-0256,N00039-23-RFPREQ-PMW/A-170-0256,PMW/A-170 - PMW/A-170 - NAVWAR,PMW/A-170,peo_program_office,pmw:170,included,"code resolves to pmw:170, a PEO C4I office (alias table)"
LRAE Annex 25,380,N00039-23-RFPREQ-PMW/A-170-0241,N00039-23-RFPREQ-PMW/A-170-0241,PMW/A-170 - PMW/A-170 - NAVWAR,PMW/A-170,peo_program_office,pmw:170,included,"code resolves to pmw:170, a PEO C4I office (alias table)"
LRAE Annex 25,381,N00039-23-RFPREQ-PMW/A-170-0229,N00039-23-RFPREQ-PMW/A-170-0229,PMW/A-170 - PMW/A-170 - NAVWAR,PMW/A-170,peo_program_office,pmw:170,included,"code resolves to pmw:170, a PEO C4I office (alias table)"
LRAE Annex 25,382,N00039-23-RFPREQ-PMW/A-170-0223,N00039-23-RFPREQ-PMW/A-170-0223,PMW/A-170 - PMW/A-170 - NAVWAR,PMW/A-170,peo_program_office,pmw:170,included,"code resolves to pmw:170, a PEO C4I office (alias table)"
LRAE Annex 25,383,N00039-23-RFPREQ-PMW/A-170-0155,N00039-23-RFPREQ-PMW/A-170-0155,PMW/A-170 - PMW/A-170 - NAVWAR,PMW/A-170,peo_program_office,pmw:170,included,"code resolves to pmw:170, a PEO C4I office (alias table)"
LRAE Annex 25,384,N00039-23-RFPREQ-PMW/A-170-0174,N00039-23-RFPREQ-PMW/A-170-0174,PMW/A-170 - PMW/A-170 - NAVWAR,PMW/A-170,peo_program_office,pmw:170,included,"code resolves to pmw:170, a PEO C4I office (alias table)"
LRAE Annex 25,385,N00039-22-RFPREQ-PMW/A-170-0021,N00039-22-RFPREQ-PMW/A-170-0021,PMW/A-170 - PMW/A-170 - NAVWAR,PMW/A-170,peo_program_office,pmw:170,included,"code resolves to pmw:170, a PEO C4I office (alias table)"
LRAE Annex 25,386,N00039-23-RFPREQ-PMW/A-170-0105,N00039-23-RFPREQ-PMW/A-170-0105,PMW/A-170 - PMW/A-170 - NAVWAR,PMW/A-170,peo_program_office,pmw:170,included,"code resolves to pmw:170, a PEO C4I office (alias table)"
LRAE Annex 25,387,N00039-23-RFPREQ-PMW/A-170-0106,N00039-23-RFPREQ-PMW/A-170-0106,PMW/A-170 - PMW/A-170 - NAVWAR,PMW/A-170,peo_program_office,pmw:170,included,"code resolves to pmw:170, a PEO C4I office (alias table)"
LRAE Annex 25,388,N00039-23-RFPREQ-PMW/A-170-0012,N00039-23-RFPREQ-PMW/A-170-0012,PMW/A-170 - PMW/A-170 - NAVWAR,PMW/A-170,peo_program_office,pmw:170,included,"code resolves to pmw:170, a PEO C4I office (alias table)"
LRAE Annex 25,389,N00039-24-RFPREQ-PMW/A-170-0001,N00039-24-RFPREQ-PMW/A-170-0001,PMW/A-170 - PMW/A-170 - NAVWAR,PMW/A-170,peo_program_office,pmw:170,included,"code resolves to pmw:170, a PEO C4I office (alias table)"
LRAE Annex 25,390,N00039-23-RFPREQ-PMW/A-170-0013,N00039-23-RFPREQ-PMW/A-170-0013,PMW/A-170 - PMW/A-170 - NAVWAR,PMW/A-170,peo_program_office,pmw:170,included,"code resolves to pmw:170, a PEO C4I office (alias table)"
LRAE Annex 25,391,N00039-24-RFPREQ-PMW/A-170-0002,N00039-24-RFPREQ-PMW/A-170-0002,PMW/A-170 - PMW/A-170 - NAVWAR,PMW/A-170,peo_program_office,pmw:170,included,"code resolves to pmw:170, a PEO C4I office (alias table)"
LRAE Annex 25,392,N00039-22-RFPREQ-PMW/A-170-0002,N00039-22-RFPREQ-PMW/A-170-0002,PMW/A-170 - PMW/A-170 - NAVWAR,PMW/A-170,peo_program_office,pmw:170,included,"code resolves to pmw:170, a PEO C4I office (alias table)"
LRAE Annex 25,393,N00039-22-RFPREQ-PMW/A-170-0003,N00039-22-RFPREQ-PMW/A-170-0003,PMW/A-170 - PMW/A-170 - NAVWAR,PMW/A-170,peo_program_office,pmw:170,included,"code resolves to pmw:170, a PEO C4I office (alias table)"
LRAE Annex 25,394,N00039-22-RFPREQ-PMW/A-170-0004,N00039-22-RFPREQ-PMW/A-170-0004,PMW/A-170 - PMW/A-170 - NAVWAR,PMW/A-170,peo_program_office,pmw:170,included,"code resolves to pmw:170, a PEO C4I office (alias table)"
LRAE Annex 25,395,N00039-22-RFPREQ-PMW/A-170-0010,N00039-22-RFPREQ-PMW/A-170-0010,PMW/A-170 - PMW/A-170 - NAVWAR,PMW/A-170,peo_program_office,pmw:170,included,"code resolves to pmw:170, a PEO C4I office (alias table)"
LRAE Annex 25,396,N00039-23-RFPREQ-PMW-150-0014,N00039-23-RFPREQ-PMW-150-0014,PMW-150 - PMW-150 - NAVWAR,PMW-150,peo_program_office,pmw:150,included,"code resolves to pmw:150, a PEO C4I office (alias table)"
LRAE Annex 25,397,N00039-23-RFPREQ-8.0-0018,N00039-23-RFPREQ-8.0-0018,8.0 - 8.0 - NAVWAR,8.0,navwar_hq_competency,command:navwar,excluded,"headquarters_competency code of command:navwar, outside the PEO C4I portfolio (division itself not in alias table)"
LRAE Annex 25,398,N00039-22-RFPREQ-8.0-0002,N00039-22-RFPREQ-8.0-0002,8.0 - 8.0 - NAVWAR,8.0,navwar_hq_competency,command:navwar,excluded,"headquarters_competency code of command:navwar, outside the PEO C4I portfolio (division itself not in alias table)"
LRAE Annex 25,399,N00039-23-RFPREQ-8.0-0023,N00039-23-RFPREQ-8.0-0023,8.0 - 8.0 - NAVWAR,8.0,navwar_hq_competency,command:navwar,excluded,"headquarters_competency code of command:navwar, outside the PEO C4I portfolio (division itself not in alias table)"
LRAE Annex 25,400,N00039-23-RFPREQ-PMW-120-0069,N00039-23-RFPREQ-PMW-120-0069,PMW-120 - PMW-120 - NAVWAR,PMW-120,peo_program_office,pmw:120,included,"code resolves to pmw:120, a PEO C4I office (alias table)"
LRAE Annex 25,401,N00039-23-RFPREQ-PMW-120-0063,N00039-23-RFPREQ-PMW-120-0063,PMW-120 - PMW-120 - NAVWAR,PMW-120,peo_program_office,pmw:120,included,"code resolves to pmw:120, a PEO C4I office (alias table)"
LRAE Annex 25,402,N00039-23-RFPREQ-8.0-0027,N00039-23-RFPREQ-8.0-0027,8.0 - 8.0 - NAVWAR,8.0,navwar_hq_competency,command:navwar,excluded,"headquarters_competency code of command:navwar, outside the PEO C4I portfolio (division itself not in alias table)"
LRAE Annex 25,403,N00039-23-RFPREQ-PMW-120-0056,N00039-23-RFPREQ-PMW-120-0056,PMW-120 - PMW-120 - NAVWAR,PMW-120,peo_program_office,pmw:120,included,"code resolves to pmw:120, a PEO C4I office (alias table)"
LRAE Annex 25,404,N00039-23-RFPREQ-PMW-120-0052,N00039-23-RFPREQ-PMW-120-0052,PMW-120 - PMW-120 - NAVWAR,PMW-120,peo_program_office,pmw:120,included,"code resolves to pmw:120, a PEO C4I office (alias table)"
LRAE Annex 25,405,N00039-23-RFPREQ-PMW-150-0062,N00039-23-RFPREQ-PMW-150-0062,PMW-150 - PMW-150 - NAVWAR,PMW-150,peo_program_office,pmw:150,included,"code resolves to pmw:150, a PEO C4I office (alias table)"
LRAE Annex 25,406,N00039-23-RFPREQ-PMW-150-0063,N00039-23-RFPREQ-PMW-150-0063,PMW-150 - PMW-150 - NAVWAR,PMW-150,peo_program_office,pmw:150,included,"code resolves to pmw:150, a PEO C4I office (alias table)"
LRAE Annex 25,407,N00039-23-RFPREQ-PMW-150-0029,N00039-23-RFPREQ-PMW-150-0029,PMW-150 - PMW-150 - NAVWAR,PMW-150,peo_program_office,pmw:150,included,"code resolves to pmw:150, a PEO C4I office (alias table)"
LRAE Annex 25,408,N00039-23-RFPREQ-PMW-150-0007,N00039-23-RFPREQ-PMW-150-0007,PMW-150 - PMW-150 - NAVWAR,PMW-150,peo_program_office,pmw:150,included,"code resolves to pmw:150, a PEO C4I office (alias table)"
LRAE Annex 25,409,N00039-25-RFPREQ-PMW/A-170-0001,N00039-25-RFPREQ-PMW/A-170-0001,PMW/A-170 - PMW/A-170 - NAVWAR,PMW/A-170,peo_program_office,pmw:170,included,"code resolves to pmw:170, a PEO C4I office (alias table)"
LRAE Annex 25,410,N00039-25-RFPREQ-PMW/A-170-0002,N00039-25-RFPREQ-PMW/A-170-0002,PMW/A-170 - PMW/A-170 - NAVWAR,PMW/A-170,peo_program_office,pmw:170,included,"code resolves to pmw:170, a PEO C4I office (alias table)"
LRAE Annex 25,411,N00039-23-RFPREQ-PMW/A-170-0194,N00039-23-RFPREQ-PMW/A-170-0194,PMW/A-170 - PMW/A-170 - NAVWAR,PMW/A-170,peo_program_office,pmw:170,included,"code resolves to pmw:170, a PEO C4I office (alias table)"
LRAE Annex 25,412,N00039-23-RFPREQ-PMW/A-170-0148,N00039-23-RFPREQ-PMW/A-170-0148,PMW/A-170 - PMW/A-170 - NAVWAR,PMW/A-170,peo_program_office,pmw:170,included,"code resolves to pmw:170, a PEO C4I office (alias table)"
LRAE Annex 25,413,N00039-23-RFPREQ-PMA/PMW-101-0014,N00039-23-RFPREQ-PMA/PMW-101-0014,PMA/PMW-101 - PMA/PMW-101 - NAVWAR,PMA/PMW-101,peo_program_office,pmw:101,included,"code resolves to pmw:101, a PEO C4I office (alias table)"
LRAE Annex 25,414,N00039-22-RFPREQ-PEO-C4I-0014,N00039-22-RFPREQ-PEO-C4I-0014,PEO-C4I - PEO-C4I - NAVWAR,PEO-C4I,peo_front_office_or_hq_code,peo:c4i,included,"code resolves to peo:c4i, a PEO C4I office (alias table)"
LRAE Annex 25,415,N00039-23-RFPREQ-PMW-150-0040,N00039-23-RFPREQ-PMW-150-0040,PMW-150 - PMW-150 - NAVWAR,PMW-150,peo_program_office,pmw:150,included,"code resolves to pmw:150, a PEO C4I office (alias table)"
LRAE Annex 25,416,N00039-23-RFPREQ-PMW-790-0021,N00039-23-RFPREQ-PMW-790-0021,PMW-790 - PMW-790 - NAVWAR,PMW-790,peo_program_office,pmw:790,included,"code resolves to pmw:790, a PEO C4I office (alias table)"
LRAE Annex 25,417,N00039-24-RFPREQ-PMW-120-0001,N00039-24-RFPREQ-PMW-120-0001,PMW-120 - PMW-120 - NAVWAR,PMW-120,peo_program_office,pmw:120,included,"code resolves to pmw:120, a PEO C4I office (alias table)"
LRAE Annex 25,418,N00039-24-RFPREQ-PEO-C4I-0001,N00039-24-RFPREQ-PEO-C4I-0001,PEO-C4I - PEO-C4I - NAVWAR,PEO-C4I,peo_front_office_or_hq_code,peo:c4i,included,"code resolves to peo:c4i, a PEO C4I office (alias table)"
LRAE Annex 25,419,N00039-23-RFPREQ-PEO-C4I-0014,N00039-23-RFPREQ-PEO-C4I-0014,PEO-C4I - PEO-C4I - NAVWAR,PEO-C4I,peo_front_office_or_hq_code,peo:c4i,included,"code resolves to peo:c4i, a PEO C4I office (alias table)"
LRAE Annex 25,420,N00039-24-RFPREQ-PMW-770-0009,N00039-24-RFPREQ-PMW-770-0009,PMW-770 - PMW-770 - NAVWAR,PMW-770,peo_program_office,pmw:770,included,"code resolves to pmw:770, a PEO C4I office (alias table)"
LRAE Annex 25,421,N00039-23-RFPREQ-Pf004MNHR-0005,N00039-23-RFPREQ-Pf004MNHR-0005,Pf004MNHR - Pf004MNHR - NAVWAR,Pf004MNHR,peo_mlb_portfolio_code,,unresolved,family peo_mlb_portfolio_code recognised but code Pf004MNHR has no alias-table entry
LRAE Annex 25,422,N00039-23-RFPREQ-Pf004MNHR-0027,N00039-23-RFPREQ-Pf004MNHR-0027,Pf004MNHR - Pf004MNHR - NAVWAR,Pf004MNHR,peo_mlb_portfolio_code,,unresolved,family peo_mlb_portfolio_code recognised but code Pf004MNHR has no alias-table entry
LRAE Annex 25,423,N00039-22-RFPREQ-PMW-790-0002,N00039-22-RFPREQ-PMW-790-0002,PMW-790 - PMW-790 - NAVWAR,PMW-790,peo_program_office,pmw:790,included,"code resolves to pmw:790, a PEO C4I office (alias table)"
LRAE Annex 25,424,N00039-22-RFPREQ-PMW-790-0034,N00039-22-RFPREQ-PMW-790-0034,PMW-790 - PMW-790 - NAVWAR,PMW-790,peo_program_office,pmw:790,included,"code resolves to pmw:790, a PEO C4I office (alias table)"
LRAE Annex 25,425,N00039-23-RFPREQ-PMW-770-0004,N00039-23-RFPREQ-PMW-770-0004,PMW-770 - PMW-770 - NAVWAR,PMW-770,peo_program_office,pmw:770,included,"code resolves to pmw:770, a PEO C4I office (alias table)"
LRAE Annex 25,426,N00039-23-RFPREQ-PMW-770-0024,N00039-23-RFPREQ-PMW-770-0024,PMW-770 - PMW-770 - NAVWAR,PMW-770,peo_program_office,pmw:770,included,"code resolves to pmw:770, a PEO C4I office (alias table)"
LRAE Annex 25,427,N00039-24-RFPREQ-PMW-770-0008,N00039-24-RFPREQ-PMW-770-0008,PMW-770 - PMW-770 - NAVWAR,PMW-770,peo_program_office,pmw:770,included,"code resolves to pmw:770, a PEO C4I office (alias table)"
LRAE Annex 25,428,N00039-23-RFPREQ-PMW-770-0034,N00039-23-RFPREQ-PMW-770-0034,PMW-770 - PMW-770 - NAVWAR,PMW-770,peo_program_office,pmw:770,included,"code resolves to pmw:770, a PEO C4I office (alias table)"
LRAE Annex 25,429,N00039-23-RFPREQ-PMW-790-0011,N00039-23-RFPREQ-PMW-790-0011,PMW-790 - PMW-790 - NAVWAR,PMW-790,peo_program_office,pmw:790,included,"code resolves to pmw:790, a PEO C4I office (alias table)"
LRAE Annex 25,430,N00039-22-RFPREQ-PMW-790-0003,N00039-22-RFPREQ-PMW-790-0003,PMW-790 - PMW-790 - NAVWAR,PMW-790,peo_program_office,pmw:790,included,"code resolves to pmw:790, a PEO C4I office (alias table)"
LRAE Annex 25,431,N00039-22-RFPREQ-PMW-790-0017,N00039-22-RFPREQ-PMW-790-0017,PMW-790 - PMW-790 - NAVWAR,PMW-790,peo_program_office,pmw:790,included,"code resolves to pmw:790, a PEO C4I office (alias table)"
LRAE Annex 25,432,N00039-22-RFPREQ-PMW-790-0006,N00039-22-RFPREQ-PMW-790-0006,PMW-790 - PMW-790 - NAVWAR,PMW-790,peo_program_office,pmw:790,included,"code resolves to pmw:790, a PEO C4I office (alias table)"
LRAE Annex 25,433,N65236-23-RFPREQ-LSUBP00049-0165,N65236-23-RFPREQ-LSUBP00049-0165,LSUBP00049 - LSUBP00049 - S&T Division - NIWCLANT,LSUBP00049,niwc_atlantic_division,center:niwc-atlantic,excluded,"technical_center_division code of center:niwc-atlantic, outside the PEO C4I portfolio (division itself not in alias table)"
LRAE Annex 25,434,N65236-23-RFPREQ-LBUSP00027-0003,N65236-23-RFPREQ-LBUSP00027-0003,LBUSP00027 - LBUSP00027 - S&T - NIWCLANT,LBUSP00027,niwc_atlantic_division,center:niwc-atlantic,excluded,"technical_center_division code of center:niwc-atlantic, outside the PEO C4I portfolio (division itself not in alias table)"
LRAE Annex 25,435,N65236-23-RFPREQ-LBUSP00027-0002,N65236-23-RFPREQ-LBUSP00027-0002,LBUSP00027 - LBUSP00027 - S&T - NIWCLANT,LBUSP00027,niwc_atlantic_division,center:niwc-atlantic,excluded,"technical_center_division code of center:niwc-atlantic, outside the PEO C4I portfolio (division itself not in alias table)"
LRAE Annex 25,436,N65236-23-RFPREQ-LSUBP00049-0163,N65236-23-RFPREQ-LSUBP00049-0163,LSUBP00049 - LSUBP00049 - S&T Division - NIWCLANT,LSUBP00049,niwc_atlantic_division,center:niwc-atlantic,excluded,"technical_center_division code of center:niwc-atlantic, outside the PEO C4I portfolio (division itself not in alias table)"
LRAE Annex 25,437,N65236-24-RFPREQ-LSUBP00049-0002,N65236-24-RFPREQ-LSUBP00049-0002,LSUBP00049 - LSUBP00049 - S&T Division - NIWCLANT,LSUBP00049,niwc_atlantic_division,center:niwc-atlantic,excluded,"technical_center_division code of center:niwc-atlantic, outside the PEO C4I portfolio (division itself not in alias table)"
LRAE Annex 25,438,N65236-23-RFPREQ-LSUBP00080-0009,N65236-23-RFPREQ-LSUBP00080-0009,LSUBP00080 - LSUBP00080 - 5.9 Service Center - NIWCLANT,LSUBP00080,niwc_atlantic_division,center:niwc-atlantic,excluded,"technical_center_division code of center:niwc-atlantic, outside the PEO C4I portfolio (division itself not in alias table)"
LRAE Annex 25,439,N65236-23-RFPREQ-LSUBP00049-0203,N65236-23-RFPREQ-LSUBP00049-0203,LSUBP00049 - LSUBP00049 - S&T Division - NIWCLANT,LSUBP00049,niwc_atlantic_division,center:niwc-atlantic,excluded,"technical_center_division code of center:niwc-atlantic, outside the PEO C4I portfolio (division itself not in alias table)"
LRAE Annex 25,440,N65236-23-RFPREQ-LSUBP00057-0216,N65236-23-RFPREQ-LSUBP00057-0216,LSUBP00057 - LSUBP00057 - FLEET INSTALLATION & READINESS DIV HD - NIWCLANT,LSUBP00057,niwc_atlantic_division,center:niwc-atlantic,excluded,"technical_center_division code of center:niwc-atlantic, outside the PEO C4I portfolio (division itself not in alias table)"
LRAE Annex 25,441,N65236-23-RFPREQ-LSUBP00057-0174,N65236-23-RFPREQ-LSUBP00057-0174,LSUBP00057 - LSUBP00057 - FLEET INSTALLATION & READINESS DIV HD - NIWCLANT,LSUBP00057,niwc_atlantic_division,center:niwc-atlantic,excluded,"technical_center_division code of center:niwc-atlantic, outside the PEO C4I portfolio (division itself not in alias table)"
LRAE Annex 25,442,N65236-23-RFPREQ-LSUBP00057-0142,N65236-23-RFPREQ-LSUBP00057-0142,LSUBP00057 - LSUBP00057 - FLEET INSTALLATION & READINESS DIV HD - NIWCLANT,LSUBP00057,niwc_atlantic_division,center:niwc-atlantic,excluded,"technical_center_division code of center:niwc-atlantic, outside the PEO C4I portfolio (division itself not in alias table)"
LRAE Annex 25,443,N65236-23-RFPREQ-LSUBP00057-0127,N65236-23-RFPREQ-LSUBP00057-0127,LSUBP00057 - LSUBP00057 - FLEET INSTALLATION & READINESS DIV HD - NIWCLANT,LSUBP00057,niwc_atlantic_division,center:niwc-atlantic,excluded,"technical_center_division code of center:niwc-atlantic, outside the PEO C4I portfolio (division itself not in alias table)"
LRAE Annex 25,444,N65236-23-RFPREQ-LSUBP00057-0103,N65236-23-RFPREQ-LSUBP00057-0103,LSUBP00057 - LSUBP00057 - FLEET INSTALLATION & READINESS DIV HD - NIWCLANT,LSUBP00057,niwc_atlantic_division,center:niwc-atlantic,excluded,"technical_center_division code of center:niwc-atlantic, outside the PEO C4I portfolio (division itself not in alias table)"
LRAE Annex 25,445,N65236-23-RFPREQ-LSUBP00057-0104,N65236-23-RFPREQ-LSUBP00057-0104,LSUBP00057 - LSUBP00057 - FLEET INSTALLATION & READINESS DIV HD - NIWCLANT,LSUBP00057,niwc_atlantic_division,center:niwc-atlantic,excluded,"technical_center_division code of center:niwc-atlantic, outside the PEO C4I portfolio (division itself not in alias table)"
LRAE Annex 25,446,N65236-23-RFPREQ-LSUBP00057-0094,N65236-23-RFPREQ-LSUBP00057-0094,LSUBP00057 - LSUBP00057 - FLEET INSTALLATION & READINESS DIV HD - NIWCLANT,LSUBP00057,niwc_atlantic_division,center:niwc-atlantic,excluded,"technical_center_division code of center:niwc-atlantic, outside the PEO C4I portfolio (division itself not in alias table)"
LRAE Annex 25,447,N65236-23-RFPREQ-LSUBP00057-0089,N65236-23-RFPREQ-LSUBP00057-0089,LSUBP00057 - LSUBP00057 - FLEET INSTALLATION & READINESS DIV HD - NIWCLANT,LSUBP00057,niwc_atlantic_division,center:niwc-atlantic,excluded,"technical_center_division code of center:niwc-atlantic, outside the PEO C4I portfolio (division itself not in alias table)"
LRAE Annex 25,448,N65236-23-RFPREQ-LSUBP00057-0105,N65236-23-RFPREQ-LSUBP00057-0105,LSUBP00057 - LSUBP00057 - FLEET INSTALLATION & READINESS DIV HD - NIWCLANT,LSUBP00057,niwc_atlantic_division,center:niwc-atlantic,excluded,"technical_center_division code of center:niwc-atlantic, outside the PEO C4I portfolio (division itself not in alias table)"
LRAE Annex 25,449,N65236-23-RFPREQ-LSUBP00057-0106,N65236-23-RFPREQ-LSUBP00057-0106,LSUBP00057 - LSUBP00057 - FLEET INSTALLATION & READINESS DIV HD - NIWCLANT,LSUBP00057,niwc_atlantic_division,center:niwc-atlantic,excluded,"technical_center_division code of center:niwc-atlantic, outside the PEO C4I portfolio (division itself not in alias table)"
LRAE Annex 25,450,N65236-23-RFPREQ-LSUBP00057-0113,N65236-23-RFPREQ-LSUBP00057-0113,LSUBP00057 - LSUBP00057 - FLEET INSTALLATION & READINESS DIV HD - NIWCLANT,LSUBP00057,niwc_atlantic_division,center:niwc-atlantic,excluded,"technical_center_division code of center:niwc-atlantic, outside the PEO C4I portfolio (division itself not in alias table)"
LRAE Annex 25,451,N65236-23-RFPREQ-LSUBP00057-0114,N65236-23-RFPREQ-LSUBP00057-0114,LSUBP00057 - LSUBP00057 - FLEET INSTALLATION & READINESS DIV HD - NIWCLANT,LSUBP00057,niwc_atlantic_division,center:niwc-atlantic,excluded,"technical_center_division code of center:niwc-atlantic, outside the PEO C4I portfolio (division itself not in alias table)"
LRAE Annex 25,452,N65236-23-RFPREQ-LSUBP00057-0119,N65236-23-RFPREQ-LSUBP00057-0119,LSUBP00057 - LSUBP00057 - FLEET INSTALLATION & READINESS DIV HD - NIWCLANT,LSUBP00057,niwc_atlantic_division,center:niwc-atlantic,excluded,"technical_center_division code of center:niwc-atlantic, outside the PEO C4I portfolio (division itself not in alias table)"
LRAE Annex 25,453,N65236-23-RFPREQ-LSUBP00057-0125,N65236-23-RFPREQ-LSUBP00057-0125,LSUBP00057 - LSUBP00057 - FLEET INSTALLATION & READINESS DIV HD - NIWCLANT,LSUBP00057,niwc_atlantic_division,center:niwc-atlantic,excluded,"technical_center_division code of center:niwc-atlantic, outside the PEO C4I portfolio (division itself not in alias table)"
LRAE Annex 25,454,N65236-23-RFPREQ-LSUBP00057-0169,N65236-23-RFPREQ-LSUBP00057-0169,LSUBP00057 - LSUBP00057 - FLEET INSTALLATION & READINESS DIV HD - NIWCLANT,LSUBP00057,niwc_atlantic_division,center:niwc-atlantic,excluded,"technical_center_division code of center:niwc-atlantic, outside the PEO C4I portfolio (division itself not in alias table)"
LRAE Annex 25,455,N65236-23-RFPREQ-LSUBP00057-0189,N65236-23-RFPREQ-LSUBP00057-0189,LSUBP00057 - LSUBP00057 - FLEET INSTALLATION & READINESS DIV HD - NIWCLANT,LSUBP00057,niwc_atlantic_division,center:niwc-atlantic,excluded,"technical_center_division code of center:niwc-atlantic, outside the PEO C4I portfolio (division itself not in alias table)"
LRAE Annex 25,456,N65236-23-RFPREQ-LSUBP00057-0224,N65236-23-RFPREQ-LSUBP00057-0224,LSUBP00057 - LSUBP00057 - FLEET INSTALLATION & READINESS DIV HD - NIWCLANT,LSUBP00057,niwc_atlantic_division,center:niwc-atlantic,excluded,"technical_center_division code of center:niwc-atlantic, outside the PEO C4I portfolio (division itself not in alias table)"
LRAE Annex 25,457,N00039-23-RFPREQ-PMS-485-0048,N00039-23-RFPREQ-PMS-485-0048,PMS-485 - PMS-485 - NAVWAR,PMS-485,navsea_program_office,pms:485,excluded,"code resolves to pms:485 (program_office), outside the PEO C4I portfolio"
LRAE Annex 25,458,N00039-23-RFPREQ-PMS-485-0050,N00039-23-RFPREQ-PMS-485-0050,PMS-485 - PMS-485 - NAVWAR,PMS-485,navsea_program_office,pms:485,excluded,"code resolves to pms:485 (program_office), outside the PEO C4I portfolio"
LRAE Annex 25,459,N00039-25-RFPREQ-PMS-485-0001,N00039-25-RFPREQ-PMS-485-0001,PMS-485 - PMS-485 - NAVWAR,PMS-485,navsea_program_office,pms:485,excluded,"code resolves to pms:485 (program_office), outside the PEO C4I portfolio"
LRAE Annex 25,460,N00039-25-RFPREQ-PMS-485-0002,N00039-25-RFPREQ-PMS-485-0002,PMS-485 - PMS-485 - NAVWAR,PMS-485,navsea_program_office,pms:485,excluded,"code resolves to pms:485 (program_office), outside the PEO C4I portfolio"
LRAE Annex 25,461,N00039-26-RFPREQ-PMS-485-0001,N00039-26-RFPREQ-PMS-485-0001,PMS-485 - PMS-485 - NAVWAR,PMS-485,navsea_program_office,pms:485,excluded,"code resolves to pms:485 (program_office), outside the PEO C4I portfolio"
LRAE Annex 25,462,N00039-23-RFPREQ-PMS-485-0072,N00039-23-RFPREQ-PMS-485-0072,PMS-485 - PMS-485 - NAVWAR,PMS-485,navsea_program_office,pms:485,excluded,"code resolves to pms:485 (program_office), outside the PEO C4I portfolio"
LRAE Annex 25,463,N00039-23-RFPREQ-PMS-485-0029,N00039-23-RFPREQ-PMS-485-0029,PMS-485 - PMS-485 - NAVWAR,PMS-485,navsea_program_office,pms:485,excluded,"code resolves to pms:485 (program_office), outside the PEO C4I portfolio"
LRAE Annex 25,464,N65236-24-RFPREQ-LSUBP00093-0001,N65236-24-RFPREQ-LSUBP00093-0001,LSUBP00093 - LSUBP00093 - 4.7 Competency Division - NIWCLANT,LSUBP00093,niwc_atlantic_division,center:niwc-atlantic,excluded,"technical_center_division code of center:niwc-atlantic, outside the PEO C4I portfolio (division itself not in alias table)"
LRAE Annex 25,465,N65236-23-RFPREQ-LSUBP00087-0019,N65236-23-RFPREQ-LSUBP00087-0019,LSUBP00087 - LSUBP00087 - Command Information Officer Division - NIWCLANT,LSUBP00087,niwc_atlantic_division,center:niwc-atlantic,excluded,"technical_center_division code of center:niwc-atlantic, outside the PEO C4I portfolio (division itself not in alias table)"
LRAE Annex 25,466,N65236-23-RFPREQ-LSUBP00087-0021,N65236-23-RFPREQ-LSUBP00087-0021,LSUBP00087 - LSUBP00087 - Command Information Officer Division - NIWCLANT,LSUBP00087,niwc_atlantic_division,center:niwc-atlantic,excluded,"technical_center_division code of center:niwc-atlantic, outside the PEO C4I portfolio (division itself not in alias table)"
LRAE Annex 25,467,N65236-23-RFPREQ-LSUBP00087-0022,N65236-23-RFPREQ-LSUBP00087-0022,LSUBP00087 - LSUBP00087 - Command Information Officer Division - NIWCLANT,LSUBP00087,niwc_atlantic_division,center:niwc-atlantic,excluded,"technical_center_division code of center:niwc-atlantic, outside the PEO C4I portfolio (division itself not in alias table)"
LRAE Annex 25,468,N65236-23-RFPREQ-LSUBP00080-0001,N65236-23-RFPREQ-LSUBP00080-0001,LSUBP00080 - LSUBP00080 - 5.9 Service Center - NIWCLANT,LSUBP00080,niwc_atlantic_division,center:niwc-atlantic,excluded,"technical_center_division code of center:niwc-atlantic, outside the PEO C4I portfolio (division itself not in alias table)"
LRAE Annex 25,469,N65236-23-RFPREQ-LSUBP00004-0052,N65236-23-RFPREQ-LSUBP00004-0052,LSUBP00004 - LSUBP00004 - EXPEDITIONARY C3 SOLUTIONS DIV HEAD - NIWCLANT,LSUBP00004,niwc_atlantic_division,center:niwc-atlantic,excluded,"technical_center_division code of center:niwc-atlantic, outside the PEO C4I portfolio (division itself not in alias table)"
LRAE Annex 25,470,N65236-22-RFPREQ-LSUBP00001-0015,N65236-22-RFPREQ-LSUBP00001-0015,LSUBP00001 - LSUBP00001 - AIR TRAFFIC CONTROL DIV HEAD - NIWCLANT,LSUBP00001,niwc_atlantic_division,center:niwc-atlantic,excluded,"technical_center_division code of center:niwc-atlantic, outside the PEO C4I portfolio (division itself not in alias table)"
LRAE Annex 25,471,N65236-23-RFPREQ-LSUBP00001-0083,N65236-23-RFPREQ-LSUBP00001-0083,LSUBP00001 - LSUBP00001 - AIR TRAFFIC CONTROL DIV HEAD - NIWCLANT,LSUBP00001,niwc_atlantic_division,center:niwc-atlantic,excluded,"technical_center_division code of center:niwc-atlantic, outside the PEO C4I portfolio (division itself not in alias table)"
LRAE Annex 25,472,N65236-23-RFPREQ-LSUBP00001-0026,N65236-23-RFPREQ-LSUBP00001-0026,LSUBP00001 - LSUBP00001 - AIR TRAFFIC CONTROL DIV HEAD - NIWCLANT,LSUBP00001,niwc_atlantic_division,center:niwc-atlantic,excluded,"technical_center_division code of center:niwc-atlantic, outside the PEO C4I portfolio (division itself not in alias table)"
LRAE Annex 25,473,N65236-23-RFPREQ-LSUBP00001-0045,N65236-23-RFPREQ-LSUBP00001-0045,LSUBP00001 - LSUBP00001 - AIR TRAFFIC CONTROL DIV HEAD - NIWCLANT,LSUBP00001,niwc_atlantic_division,center:niwc-atlantic,excluded,"technical_center_division code of center:niwc-atlantic, outside the PEO C4I portfolio (division itself not in alias table)"
LRAE Annex 25,474,N65236-24-RFPREQ-LSUBP00001-0001,N65236-24-RFPREQ-LSUBP00001-0001,LSUBP00001 - LSUBP00001 - AIR TRAFFIC CONTROL DIV HEAD - NIWCLANT,LSUBP00001,niwc_atlantic_division,center:niwc-atlantic,excluded,"technical_center_division code of center:niwc-atlantic, outside the PEO C4I portfolio (division itself not in alias table)"
LRAE Annex 25,475,N65236-23-RFPREQ-LSUBP00001-0047,N65236-23-RFPREQ-LSUBP00001-0047,LSUBP00001 - LSUBP00001 - AIR TRAFFIC CONTROL DIV HEAD - NIWCLANT,LSUBP00001,niwc_atlantic_division,center:niwc-atlantic,excluded,"technical_center_division code of center:niwc-atlantic, outside the PEO C4I portfolio (division itself not in alias table)"
LRAE Annex 25,476,N65236-23-RFPREQ-LSUBP00001-0072,N65236-23-RFPREQ-LSUBP00001-0072,LSUBP00001 - LSUBP00001 - AIR TRAFFIC CONTROL DIV HEAD - NIWCLANT,LSUBP00001,niwc_atlantic_division,center:niwc-atlantic,excluded,"technical_center_division code of center:niwc-atlantic, outside the PEO C4I portfolio (division itself not in alias table)"
LRAE Annex 25,477,N65236-23-RFPREQ-LSUBP00001-0080,N65236-23-RFPREQ-LSUBP00001-0080,LSUBP00001 - LSUBP00001 - AIR TRAFFIC CONTROL DIV HEAD - NIWCLANT,LSUBP00001,niwc_atlantic_division,center:niwc-atlantic,excluded,"technical_center_division code of center:niwc-atlantic, outside the PEO C4I portfolio (division itself not in alias table)"
LRAE Annex 25,478,N65236-23-RFPREQ-LSUBP00001-0081,N65236-23-RFPREQ-LSUBP00001-0081,LSUBP00001 - LSUBP00001 - AIR TRAFFIC CONTROL DIV HEAD - NIWCLANT,LSUBP00001,niwc_atlantic_division,center:niwc-atlantic,excluded,"technical_center_division code of center:niwc-atlantic, outside the PEO C4I portfolio (division itself not in alias table)"
LRAE Annex 25,479,N65236-23-RFPREQ-LSUBP00001-0082,N65236-23-RFPREQ-LSUBP00001-0082,LSUBP00001 - LSUBP00001 - AIR TRAFFIC CONTROL DIV HEAD - NIWCLANT,LSUBP00001,niwc_atlantic_division,center:niwc-atlantic,excluded,"technical_center_division code of center:niwc-atlantic, outside the PEO C4I portfolio (division itself not in alias table)"
LRAE Annex 25,480,N65236-23-RFPREQ-LSUBP00066-0015,N65236-23-RFPREQ-LSUBP00066-0015,LSUBP00066 - LSUBP00066 - DATA CENTER & CLOUD HOSTING SERVICES DIV HEAD - NIWCLANT,LSUBP00066,niwc_atlantic_division,center:niwc-atlantic,excluded,"technical_center_division code of center:niwc-atlantic, outside the PEO C4I portfolio (division itself not in alias table)"
LRAE Annex 25,481,N65236-23-RFPREQ-LSUBP00011-0025,N65236-23-RFPREQ-LSUBP00011-0025,LSUBP00011 - LSUBP00011 - MANPWR PERS TRNG & EDU SYS DIV HEAD - NIWCLANT,LSUBP00011,niwc_atlantic_division,center:niwc-atlantic,excluded,"technical_center_division code of center:niwc-atlantic, outside the PEO C4I portfolio (division itself not in alias table)"
LRAE Annex 25,482,N65236-23-RFPREQ-LSUBP00011-0035,N65236-23-RFPREQ-LSUBP00011-0035,LSUBP00011 - LSUBP00011 - MANPWR PERS TRNG & EDU SYS DIV HEAD - NIWCLANT,LSUBP00011,niwc_atlantic_division,center:niwc-atlantic,excluded,"technical_center_division code of center:niwc-atlantic, outside the PEO C4I portfolio (division itself not in alias table)"
LRAE Annex 25,483,N65236-23-RFPREQ-LSUBP00056-0054,N65236-23-RFPREQ-LSUBP00056-0054,LSUBP00056 - LSUBP00056 - ENTERPRISE BUSINESS SYSTEMS DIV HEAD - NIWCLANT,LSUBP00056,niwc_atlantic_division,center:niwc-atlantic,excluded,"technical_center_division code of center:niwc-atlantic, outside the PEO C4I portfolio (division itself not in alias table)"
LRAE Annex 25,484,N65236-23-RFPREQ-LSUBP00011-0037,N65236-23-RFPREQ-LSUBP00011-0037,LSUBP00011 - LSUBP00011 - MANPWR PERS TRNG & EDU SYS DIV HEAD - NIWCLANT,LSUBP00011,niwc_atlantic_division,center:niwc-atlantic,excluded,"technical_center_division code of center:niwc-atlantic, outside the PEO C4I portfolio (division itself not in alias table)"
LRAE Annex 25,485,N65236-23-RFPREQ-LSUBP00056-0063,N65236-23-RFPREQ-LSUBP00056-0063,LSUBP00056 - LSUBP00056 - ENTERPRISE BUSINESS SYSTEMS DIV HEAD - NIWCLANT,LSUBP00056,niwc_atlantic_division,center:niwc-atlantic,excluded,"technical_center_division code of center:niwc-atlantic, outside the PEO C4I portfolio (division itself not in alias table)"
LRAE Annex 25,486,N65236-23-RFPREQ-LSUBP00056-0064,N65236-23-RFPREQ-LSUBP00056-0064,LSUBP00056 - LSUBP00056 - ENTERPRISE BUSINESS SYSTEMS DIV HEAD - NIWCLANT,LSUBP00056,niwc_atlantic_division,center:niwc-atlantic,excluded,"technical_center_division code of center:niwc-atlantic, outside the PEO C4I portfolio (division itself not in alias table)"
LRAE Annex 25,487,N65236-23-RFPREQ-LSUBP00056-0067,N65236-23-RFPREQ-LSUBP00056-0067,LSUBP00056 - LSUBP00056 - ENTERPRISE BUSINESS SYSTEMS DIV HEAD - NIWCLANT,LSUBP00056,niwc_atlantic_division,center:niwc-atlantic,excluded,"technical_center_division code of center:niwc-atlantic, outside the PEO C4I portfolio (division itself not in alias table)"
LRAE Annex 25,488,N65236-23-RFPREQ-LSUBP00056-0069,N65236-23-RFPREQ-LSUBP00056-0069,LSUBP00056 - LSUBP00056 - ENTERPRISE BUSINESS SYSTEMS DIV HEAD - NIWCLANT,LSUBP00056,niwc_atlantic_division,center:niwc-atlantic,excluded,"technical_center_division code of center:niwc-atlantic, outside the PEO C4I portfolio (division itself not in alias table)"
LRAE Annex 25,489,N65236-23-RFPREQ-LSUBP00011-0043,N65236-23-RFPREQ-LSUBP00011-0043,LSUBP00011 - LSUBP00011 - MANPWR PERS TRNG & EDU SYS DIV HEAD - NIWCLANT,LSUBP00011,niwc_atlantic_division,center:niwc-atlantic,excluded,"technical_center_division code of center:niwc-atlantic, outside the PEO C4I portfolio (division itself not in alias table)"
LRAE Annex 25,490,N65236-23-RFPREQ-LSUBP00066-0017,N65236-23-RFPREQ-LSUBP00066-0017,LSUBP00066 - LSUBP00066 - DATA CENTER & CLOUD HOSTING SERVICES DIV HEAD - NIWCLANT,LSUBP00066,niwc_atlantic_division,center:niwc-atlantic,excluded,"technical_center_division code of center:niwc-atlantic, outside the PEO C4I portfolio (division itself not in alias table)"
LRAE Annex 25,491,N65236-23-RFPREQ-LSUBP00066-0018,N65236-23-RFPREQ-LSUBP00066-0018,LSUBP00066 - LSUBP00066 - DATA CENTER & CLOUD HOSTING SERVICES DIV HEAD - NIWCLANT,LSUBP00066,niwc_atlantic_division,center:niwc-atlantic,excluded,"technical_center_division code of center:niwc-atlantic, outside the PEO C4I portfolio (division itself not in alias table)"
LRAE Annex 25,492,N65236-23-RFPREQ-LSUBP00056-0076,N65236-23-RFPREQ-LSUBP00056-0076,LSUBP00056 - LSUBP00056 - ENTERPRISE BUSINESS SYSTEMS DIV HEAD - NIWCLANT,LSUBP00056,niwc_atlantic_division,center:niwc-atlantic,excluded,"technical_center_division code of center:niwc-atlantic, outside the PEO C4I portfolio (division itself not in alias table)"
LRAE Annex 25,493,N65236-23-RFPREQ-LSUBP00056-0079,N65236-23-RFPREQ-LSUBP00056-0079,LSUBP00056 - LSUBP00056 - ENTERPRISE BUSINESS SYSTEMS DIV HEAD - NIWCLANT,LSUBP00056,niwc_atlantic_division,center:niwc-atlantic,excluded,"technical_center_division code of center:niwc-atlantic, outside the PEO C4I portfolio (division itself not in alias table)"
LRAE Annex 25,494,N65236-23-RFPREQ-LSUBP00056-0081,N65236-23-RFPREQ-LSUBP00056-0081,LSUBP00056 - LSUBP00056 - ENTERPRISE BUSINESS SYSTEMS DIV HEAD - NIWCLANT,LSUBP00056,niwc_atlantic_division,center:niwc-atlantic,excluded,"technical_center_division code of center:niwc-atlantic, outside the PEO C4I portfolio (division itself not in alias table)"
LRAE Annex 25,495,N65236-23-RFPREQ-LSUBP00056-0083,N65236-23-RFPREQ-LSUBP00056-0083,LSUBP00056 - LSUBP00056 - ENTERPRISE BUSINESS SYSTEMS DIV HEAD - NIWCLANT,LSUBP00056,niwc_atlantic_division,center:niwc-atlantic,excluded,"technical_center_division code of center:niwc-atlantic, outside the PEO C4I portfolio (division itself not in alias table)"
LRAE Annex 25,496,N65236-23-RFPREQ-LSUBP00056-0084,N65236-23-RFPREQ-LSUBP00056-0084,LSUBP00056 - LSUBP00056 - ENTERPRISE BUSINESS SYSTEMS DIV HEAD - NIWCLANT,LSUBP00056,niwc_atlantic_division,center:niwc-atlantic,excluded,"technical_center_division code of center:niwc-atlantic, outside the PEO C4I portfolio (division itself not in alias table)"
LRAE Annex 25,497,N65236-23-RFPREQ-LSUBP00011-0053,N65236-23-RFPREQ-LSUBP00011-0053,LSUBP00011 - LSUBP00011 - MANPWR PERS TRNG & EDU SYS DIV HEAD - NIWCLANT,LSUBP00011,niwc_atlantic_division,center:niwc-atlantic,excluded,"technical_center_division code of center:niwc-atlantic, outside the PEO C4I portfolio (division itself not in alias table)"
LRAE Annex 25,498,N65236-23-RFPREQ-LSUBP00011-0054,N65236-23-RFPREQ-LSUBP00011-0054,LSUBP00011 - LSUBP00011 - MANPWR PERS TRNG & EDU SYS DIV HEAD - NIWCLANT,LSUBP00011,niwc_atlantic_division,center:niwc-atlantic,excluded,"technical_center_division code of center:niwc-atlantic, outside the PEO C4I portfolio (division itself not in alias table)"
LRAE Annex 25,499,N65236-22-RFPREQ-LSUBP00035-0001,N65236-22-RFPREQ-LSUBP00035-0001,LSUBP00035 - LSUBP00035 - SUBMARINE INTEGRATION DIV HEAD - NIWCLANT,LSUBP00035,niwc_atlantic_division,center:niwc-atlantic,excluded,"technical_center_division code of center:niwc-atlantic, outside the PEO C4I portfolio (division itself not in alias table)"
LRAE Annex 25,500,N65236-23-RFPREQ-LSUBP00015-0002,N65236-23-RFPREQ-LSUBP00015-0002,LSUBP00015 - LSUBP00015 - SHORE C4I INTEGRATION DIV HEAD - NIWCLANT,LSUBP00015,niwc_atlantic_division,center:niwc-atlantic,excluded,"technical_center_division code of center:niwc-atlantic, outside the PEO C4I portfolio (division itself not in alias table)"
LRAE Annex 25,501,N65236-23-RFPREQ-LSUBP00035-0005,N65236-23-RFPREQ-LSUBP00035-0005,LSUBP00035 - LSUBP00035 - SUBMARINE INTEGRATION DIV HEAD - NIWCLANT,LSUBP00035,niwc_atlantic_division,center:niwc-atlantic,excluded,"technical_center_division code of center:niwc-atlantic, outside the PEO C4I portfolio (division itself not in alias table)"
LRAE Annex 25,502,N65236-23-RFPREQ-LSUBP00035-0001,N65236-23-RFPREQ-LSUBP00035-0001,LSUBP00035 - LSUBP00035 - SUBMARINE INTEGRATION DIV HEAD - NIWCLANT,LSUBP00035,niwc_atlantic_division,center:niwc-atlantic,excluded,"technical_center_division code of center:niwc-atlantic, outside the PEO C4I portfolio (division itself not in alias table)"
LRAE Annex 25,503,N65236-23-RFPREQ-LSUBP00015-0008,N65236-23-RFPREQ-LSUBP00015-0008,LSUBP00015 - LSUBP00015 - SHORE C4I INTEGRATION DIV HEAD - NIWCLANT,LSUBP00015,niwc_atlantic_division,center:niwc-atlantic,excluded,"technical_center_division code of center:niwc-atlantic, outside the PEO C4I portfolio (division itself not in alias table)"
LRAE Annex 25,504,N65236-22-RFPREQ-LSUBP00015-0002,N65236-22-RFPREQ-LSUBP00015-0002,LSUBP00015 - LSUBP00015 - SHORE C4I INTEGRATION DIV HEAD - NIWCLANT,LSUBP00015,niwc_atlantic_division,center:niwc-atlantic,excluded,"technical_center_division code of center:niwc-atlantic, outside the PEO C4I portfolio (division itself not in alias table)"
LRAE Annex 25,505,N65236-22-RFPREQ-LSUBP00035-0007,N65236-22-RFPREQ-LSUBP00035-0007,LSUBP00035 - LSUBP00035 - SUBMARINE INTEGRATION DIV HEAD - NIWCLANT,LSUBP00035,niwc_atlantic_division,center:niwc-atlantic,excluded,"technical_center_division code of center:niwc-atlantic, outside the PEO C4I portfolio (division itself not in alias table)"
LRAE Annex 25,506,N65236-23-RFPREQ-LSUBP00015-0104,N65236-23-RFPREQ-LSUBP00015-0104,LSUBP00015 - LSUBP00015 - SHORE C4I INTEGRATION DIV HEAD - NIWCLANT,LSUBP00015,niwc_atlantic_division,center:niwc-atlantic,excluded,"technical_center_division code of center:niwc-atlantic, outside the PEO C4I portfolio (division itself not in alias table)"
LRAE Annex 25,507,N65236-23-RFPREQ-LSUBP00034-0092,N65236-23-RFPREQ-LSUBP00034-0092,LSUBP00034 - LSUBP00034 - SURFACE SHIP INTEGRATION DIV HEAD - NIWCLANT,LSUBP00034,niwc_atlantic_division,center:niwc-atlantic,excluded,"technical_center_division code of center:niwc-atlantic, outside the PEO C4I portfolio (division itself not in alias table)"
LRAE Annex 25,508,N65236-23-RFPREQ-LSUBP00015-0094,N65236-23-RFPREQ-LSUBP00015-0094,LSUBP00015 - LSUBP00015 - SHORE C4I INTEGRATION DIV HEAD - NIWCLANT,LSUBP00015,niwc_atlantic_division,center:niwc-atlantic,excluded,"technical_center_division code of center:niwc-atlantic, outside the PEO C4I portfolio (division itself not in alias table)"
LRAE Annex 25,509,N65236-23-RFPREQ-LSUBP00034-0059,N65236-23-RFPREQ-LSUBP00034-0059,LSUBP00034 - LSUBP00034 - SURFACE SHIP INTEGRATION DIV HEAD - NIWCLANT,LSUBP00034,niwc_atlantic_division,center:niwc-atlantic,excluded,"technical_center_division code of center:niwc-atlantic, outside the PEO C4I portfolio (division itself not in alias table)"
LRAE Annex 25,510,N65236-23-RFPREQ-LSUBP00035-0064,N65236-23-RFPREQ-LSUBP00035-0064,LSUBP00035 - LSUBP00035 - SUBMARINE INTEGRATION DIV HEAD - NIWCLANT,LSUBP00035,niwc_atlantic_division,center:niwc-atlantic,excluded,"technical_center_division code of center:niwc-atlantic, outside the PEO C4I portfolio (division itself not in alias table)"
LRAE Annex 25,511,N65236-22-RFPREQ-LSUBP00035-0008,N65236-22-RFPREQ-LSUBP00035-0008,LSUBP00035 - LSUBP00035 - SUBMARINE INTEGRATION DIV HEAD - NIWCLANT,LSUBP00035,niwc_atlantic_division,center:niwc-atlantic,excluded,"technical_center_division code of center:niwc-atlantic, outside the PEO C4I portfolio (division itself not in alias table)"
LRAE Annex 25,512,N65236-22-RFPREQ-LSUBP00034-0011,N65236-22-RFPREQ-LSUBP00034-0011,LSUBP00034 - LSUBP00034 - SURFACE SHIP INTEGRATION DIV HEAD - NIWCLANT,LSUBP00034,niwc_atlantic_division,center:niwc-atlantic,excluded,"technical_center_division code of center:niwc-atlantic, outside the PEO C4I portfolio (division itself not in alias table)"
LRAE Annex 25,513,N65236-23-RFPREQ-LSUBP00034-0005,N65236-23-RFPREQ-LSUBP00034-0005,LSUBP00034 - LSUBP00034 - SURFACE SHIP INTEGRATION DIV HEAD - NIWCLANT,LSUBP00034,niwc_atlantic_division,center:niwc-atlantic,excluded,"technical_center_division code of center:niwc-atlantic, outside the PEO C4I portfolio (division itself not in alias table)"
LRAE Annex 25,514,N65236-23-RFPREQ-LSUBP00034-0007,N65236-23-RFPREQ-LSUBP00034-0007,LSUBP00034 - LSUBP00034 - SURFACE SHIP INTEGRATION DIV HEAD - NIWCLANT,LSUBP00034,niwc_atlantic_division,center:niwc-atlantic,excluded,"technical_center_division code of center:niwc-atlantic, outside the PEO C4I portfolio (division itself not in alias table)"
LRAE Annex 25,515,N65236-23-RFPREQ-LSUBP00034-0010,N65236-23-RFPREQ-LSUBP00034-0010,LSUBP00034 - LSUBP00034 - SURFACE SHIP INTEGRATION DIV HEAD - NIWCLANT,LSUBP00034,niwc_atlantic_division,center:niwc-atlantic,excluded,"technical_center_division code of center:niwc-atlantic, outside the PEO C4I portfolio (division itself not in alias table)"
LRAE Annex 25,516,N65236-23-RFPREQ-LSUBP00015-0028,N65236-23-RFPREQ-LSUBP00015-0028,LSUBP00015 - LSUBP00015 - SHORE C4I INTEGRATION DIV HEAD - NIWCLANT,LSUBP00015,niwc_atlantic_division,center:niwc-atlantic,excluded,"technical_center_division code of center:niwc-atlantic, outside the PEO C4I portfolio (division itself not in alias table)"
LRAE Annex 25,517,N65236-23-RFPREQ-LSUBP00035-0044,N65236-23-RFPREQ-LSUBP00035-0044,LSUBP00035 - LSUBP00035 - SUBMARINE INTEGRATION DIV HEAD - NIWCLANT,LSUBP00035,niwc_atlantic_division,center:niwc-atlantic,excluded,"technical_center_division code of center:niwc-atlantic, outside the PEO C4I portfolio (division itself not in alias table)"
LRAE Annex 25,518,N65236-23-RFPREQ-LSUBP00002-0045,N65236-23-RFPREQ-LSUBP00002-0045,LSUBP00002 - LSUBP00002 - COMMAND OPERATIONS CENTERS DIV HEAD - NIWCLANT,LSUBP00002,niwc_atlantic_division,center:niwc-atlantic,excluded,"technical_center_division code of center:niwc-atlantic, outside the PEO C4I portfolio (division itself not in alias table)"
LRAE Annex 25,519,N65236-23-RFPREQ-LSUBP00002-0046,N65236-23-RFPREQ-LSUBP00002-0046,LSUBP00002 - LSUBP00002 - COMMAND OPERATIONS CENTERS DIV HEAD - NIWCLANT,LSUBP00002,niwc_atlantic_division,center:niwc-atlantic,excluded,"technical_center_division code of center:niwc-atlantic, outside the PEO C4I portfolio (division itself not in alias table)"
LRAE Annex 25,520,N65236-23-RFPREQ-LSUBP00034-0019,N65236-23-RFPREQ-LSUBP00034-0019,LSUBP00034 - LSUBP00034 - SURFACE SHIP INTEGRATION DIV HEAD - NIWCLANT,LSUBP00034,niwc_atlantic_division,center:niwc-atlantic,excluded,"technical_center_division code of center:niwc-atlantic, outside the PEO C4I portfolio (division itself not in alias table)"
LRAE Annex 25,521,N65236-23-RFPREQ-LSUBP00015-0041,N65236-23-RFPREQ-LSUBP00015-0041,LSUBP00015 - LSUBP00015 - SHORE C4I INTEGRATION DIV HEAD - NIWCLANT,LSUBP00015,niwc_atlantic_division,center:niwc-atlantic,excluded,"technical_center_division code of center:niwc-atlantic, outside the PEO C4I portfolio (division itself not in alias table)"
LRAE Annex 25,522,N65236-23-RFPREQ-LSUBP00034-0023,N65236-23-RFPREQ-LSUBP00034-0023,LSUBP00034 - LSUBP00034 - SURFACE SHIP INTEGRATION DIV HEAD - NIWCLANT,LSUBP00034,niwc_atlantic_division,center:niwc-atlantic,excluded,"technical_center_division code of center:niwc-atlantic, outside the PEO C4I portfolio (division itself not in alias table)"
LRAE Annex 25,523,N65236-23-RFPREQ-LSUBP00034-0029,N65236-23-RFPREQ-LSUBP00034-0029,LSUBP00034 - LSUBP00034 - SURFACE SHIP INTEGRATION DIV HEAD - NIWCLANT,LSUBP00034,niwc_atlantic_division,center:niwc-atlantic,excluded,"technical_center_division code of center:niwc-atlantic, outside the PEO C4I portfolio (division itself not in alias table)"
LRAE Annex 25,524,N65236-23-RFPREQ-LSUBP00015-0066,N65236-23-RFPREQ-LSUBP00015-0066,LSUBP00015 - LSUBP00015 - SHORE C4I INTEGRATION DIV HEAD - NIWCLANT,LSUBP00015,niwc_atlantic_division,center:niwc-atlantic,excluded,"technical_center_division code of center:niwc-atlantic, outside the PEO C4I portfolio (division itself not in alias table)"
LRAE Annex 25,525,N65236-23-RFPREQ-LSUBP00057-0086,N65236-23-RFPREQ-LSUBP00057-0086,LSUBP00057 - LSUBP00057 - FLEET INSTALLATION & READINESS DIV HD - NIWCLANT,LSUBP00057,niwc_atlantic_division,center:niwc-atlantic,excluded,"technical_center_division code of center:niwc-atlantic, outside the PEO C4I portfolio (division itself not in alias table)"
LRAE Annex 25,526,N65236-23-RFPREQ-LSUBP00015-0055,N65236-23-RFPREQ-LSUBP00015-0055,LSUBP00015 - LSUBP00015 - SHORE C4I INTEGRATION DIV HEAD - NIWCLANT,LSUBP00015,niwc_atlantic_division,center:niwc-atlantic,excluded,"technical_center_division code of center:niwc-atlantic, outside the PEO C4I portfolio (division itself not in alias table)"
LRAE Annex 25,527,N65236-23-RFPREQ-LSUBP00034-0015,N65236-23-RFPREQ-LSUBP00034-0015,LSUBP00034 - LSUBP00034 - SURFACE SHIP INTEGRATION DIV HEAD - NIWCLANT,LSUBP00034,niwc_atlantic_division,center:niwc-atlantic,excluded,"technical_center_division code of center:niwc-atlantic, outside the PEO C4I portfolio (division itself not in alias table)"
LRAE Annex 25,528,N65236-23-RFPREQ-LSUBP00035-0019,N65236-23-RFPREQ-LSUBP00035-0019,LSUBP00035 - LSUBP00035 - SUBMARINE INTEGRATION DIV HEAD - NIWCLANT,LSUBP00035,niwc_atlantic_division,center:niwc-atlantic,excluded,"technical_center_division code of center:niwc-atlantic, outside the PEO C4I portfolio (division itself not in alias table)"
LRAE Annex 25,529,N65236-23-RFPREQ-LSUBP00035-0020,N65236-23-RFPREQ-LSUBP00035-0020,LSUBP00035 - LSUBP00035 - SUBMARINE INTEGRATION DIV HEAD - NIWCLANT,LSUBP00035,niwc_atlantic_division,center:niwc-atlantic,excluded,"technical_center_division code of center:niwc-atlantic, outside the PEO C4I portfolio (division itself not in alias table)"
LRAE Annex 25,530,N65236-23-RFPREQ-LSUBP00035-0022,N65236-23-RFPREQ-LSUBP00035-0022,LSUBP00035 - LSUBP00035 - SUBMARINE INTEGRATION DIV HEAD - NIWCLANT,LSUBP00035,niwc_atlantic_division,center:niwc-atlantic,excluded,"technical_center_division code of center:niwc-atlantic, outside the PEO C4I portfolio (division itself not in alias table)"
LRAE Annex 25,531,N65236-23-RFPREQ-LSUBP00035-0008,N65236-23-RFPREQ-LSUBP00035-0008,LSUBP00035 - LSUBP00035 - SUBMARINE INTEGRATION DIV HEAD - NIWCLANT,LSUBP00035,niwc_atlantic_division,center:niwc-atlantic,excluded,"technical_center_division code of center:niwc-atlantic, outside the PEO C4I portfolio (division itself not in alias table)"
LRAE Annex 25,532,N65236-23-RFPREQ-LSUBP00035-0010,N65236-23-RFPREQ-LSUBP00035-0010,LSUBP00035 - LSUBP00035 - SUBMARINE INTEGRATION DIV HEAD - NIWCLANT,LSUBP00035,niwc_atlantic_division,center:niwc-atlantic,excluded,"technical_center_division code of center:niwc-atlantic, outside the PEO C4I portfolio (division itself not in alias table)"
LRAE Annex 25,533,N65236-23-RFPREQ-LSUBP00035-0011,N65236-23-RFPREQ-LSUBP00035-0011,LSUBP00035 - LSUBP00035 - SUBMARINE INTEGRATION DIV HEAD - NIWCLANT,LSUBP00035,niwc_atlantic_division,center:niwc-atlantic,excluded,"technical_center_division code of center:niwc-atlantic, outside the PEO C4I portfolio (division itself not in alias table)"
LRAE Annex 25,534,N65236-23-RFPREQ-LSUBP00035-0012,N65236-23-RFPREQ-LSUBP00035-0012,LSUBP00035 - LSUBP00035 - SUBMARINE INTEGRATION DIV HEAD - NIWCLANT,LSUBP00035,niwc_atlantic_division,center:niwc-atlantic,excluded,"technical_center_division code of center:niwc-atlantic, outside the PEO C4I portfolio (division itself not in alias table)"
LRAE Annex 25,535,N65236-23-RFPREQ-LSUBP00035-0013,N65236-23-RFPREQ-LSUBP00035-0013,LSUBP00035 - LSUBP00035 - SUBMARINE INTEGRATION DIV HEAD - NIWCLANT,LSUBP00035,niwc_atlantic_division,center:niwc-atlantic,excluded,"technical_center_division code of center:niwc-atlantic, outside the PEO C4I portfolio (division itself not in alias table)"
LRAE Annex 25,536,N65236-23-RFPREQ-LSUBP00035-0014,N65236-23-RFPREQ-LSUBP00035-0014,LSUBP00035 - LSUBP00035 - SUBMARINE INTEGRATION DIV HEAD - NIWCLANT,LSUBP00035,niwc_atlantic_division,center:niwc-atlantic,excluded,"technical_center_division code of center:niwc-atlantic, outside the PEO C4I portfolio (division itself not in alias table)"
LRAE Annex 25,537,N65236-23-RFPREQ-LSUBP00035-0015,N65236-23-RFPREQ-LSUBP00035-0015,LSUBP00035 - LSUBP00035 - SUBMARINE INTEGRATION DIV HEAD - NIWCLANT,LSUBP00035,niwc_atlantic_division,center:niwc-atlantic,excluded,"technical_center_division code of center:niwc-atlantic, outside the PEO C4I portfolio (division itself not in alias table)"
LRAE Annex 25,538,N65236-23-RFPREQ-LSUBP00035-0016,N65236-23-RFPREQ-LSUBP00035-0016,LSUBP00035 - LSUBP00035 - SUBMARINE INTEGRATION DIV HEAD - NIWCLANT,LSUBP00035,niwc_atlantic_division,center:niwc-atlantic,excluded,"technical_center_division code of center:niwc-atlantic, outside the PEO C4I portfolio (division itself not in alias table)"
LRAE Annex 25,539,N65236-23-RFPREQ-LSUBP00035-0017,N65236-23-RFPREQ-LSUBP00035-0017,LSUBP00035 - LSUBP00035 - SUBMARINE INTEGRATION DIV HEAD - NIWCLANT,LSUBP00035,niwc_atlantic_division,center:niwc-atlantic,excluded,"technical_center_division code of center:niwc-atlantic, outside the PEO C4I portfolio (division itself not in alias table)"
LRAE Annex 25,540,N65236-23-RFPREQ-LSUBP00035-0018,N65236-23-RFPREQ-LSUBP00035-0018,LSUBP00035 - LSUBP00035 - SUBMARINE INTEGRATION DIV HEAD - NIWCLANT,LSUBP00035,niwc_atlantic_division,center:niwc-atlantic,excluded,"technical_center_division code of center:niwc-atlantic, outside the PEO C4I portfolio (division itself not in alias table)"
LRAE Annex 25,541,N65236-23-RFPREQ-LSUBP00057-0085,N65236-23-RFPREQ-LSUBP00057-0085,LSUBP00057 - LSUBP00057 - FLEET INSTALLATION & READINESS DIV HD - NIWCLANT,LSUBP00057,niwc_atlantic_division,center:niwc-atlantic,excluded,"technical_center_division code of center:niwc-atlantic, outside the PEO C4I portfolio (division itself not in alias table)"
LRAE Annex 25,542,N65236-23-RFPREQ-LSUBP00034-0030,N65236-23-RFPREQ-LSUBP00034-0030,LSUBP00034 - LSUBP00034 - SURFACE SHIP INTEGRATION DIV HEAD - NIWCLANT,LSUBP00034,niwc_atlantic_division,center:niwc-atlantic,excluded,"technical_center_division code of center:niwc-atlantic, outside the PEO C4I portfolio (division itself not in alias table)"
LRAE Annex 25,543,N65236-23-RFPREQ-LSUBP00034-0031,N65236-23-RFPREQ-LSUBP00034-0031,LSUBP00034 - LSUBP00034 - SURFACE SHIP INTEGRATION DIV HEAD - NIWCLANT,LSUBP00034,niwc_atlantic_division,center:niwc-atlantic,excluded,"technical_center_division code of center:niwc-atlantic, outside the PEO C4I portfolio (division itself not in alias table)"
LRAE Annex 25,544,N65236-23-RFPREQ-LSUBP00015-0064,N65236-23-RFPREQ-LSUBP00015-0064,LSUBP00015 - LSUBP00015 - SHORE C4I INTEGRATION DIV HEAD - NIWCLANT,LSUBP00015,niwc_atlantic_division,center:niwc-atlantic,excluded,"technical_center_division code of center:niwc-atlantic, outside the PEO C4I portfolio (division itself not in alias table)"
LRAE Annex 25,545,N65236-23-RFPREQ-LSUBP00034-0040,N65236-23-RFPREQ-LSUBP00034-0040,LSUBP00034 - LSUBP00034 - SURFACE SHIP INTEGRATION DIV HEAD - NIWCLANT,LSUBP00034,niwc_atlantic_division,center:niwc-atlantic,excluded,"technical_center_division code of center:niwc-atlantic, outside the PEO C4I portfolio (division itself not in alias table)"
LRAE Annex 25,546,N65236-23-RFPREQ-LSUBP00034-0037,N65236-23-RFPREQ-LSUBP00034-0037,LSUBP00034 - LSUBP00034 - SURFACE SHIP INTEGRATION DIV HEAD - NIWCLANT,LSUBP00034,niwc_atlantic_division,center:niwc-atlantic,excluded,"technical_center_division code of center:niwc-atlantic, outside the PEO C4I portfolio (division itself not in alias table)"
LRAE Annex 25,547,N65236-23-RFPREQ-LSUBP00034-0044,N65236-23-RFPREQ-LSUBP00034-0044,LSUBP00034 - LSUBP00034 - SURFACE SHIP INTEGRATION DIV HEAD - NIWCLANT,LSUBP00034,niwc_atlantic_division,center:niwc-atlantic,excluded,"technical_center_division code of center:niwc-atlantic, outside the PEO C4I portfolio (division itself not in alias table)"
LRAE Annex 25,548,N65236-23-RFPREQ-LSUBP00034-0048,N65236-23-RFPREQ-LSUBP00034-0048,LSUBP00034 - LSUBP00034 - SURFACE SHIP INTEGRATION DIV HEAD - NIWCLANT,LSUBP00034,niwc_atlantic_division,center:niwc-atlantic,excluded,"technical_center_division code of center:niwc-atlantic, outside the PEO C4I portfolio (division itself not in alias table)"
LRAE Annex 25,549,N65236-23-RFPREQ-LSUBP00034-0049,N65236-23-RFPREQ-LSUBP00034-0049,LSUBP00034 - LSUBP00034 - SURFACE SHIP INTEGRATION DIV HEAD - NIWCLANT,LSUBP00034,niwc_atlantic_division,center:niwc-atlantic,excluded,"technical_center_division code of center:niwc-atlantic, outside the PEO C4I portfolio (division itself not in alias table)"
LRAE Annex 25,550,N65236-23-RFPREQ-LSUBP00034-0050,N65236-23-RFPREQ-LSUBP00034-0050,LSUBP00034 - LSUBP00034 - SURFACE SHIP INTEGRATION DIV HEAD - NIWCLANT,LSUBP00034,niwc_atlantic_division,center:niwc-atlantic,excluded,"technical_center_division code of center:niwc-atlantic, outside the PEO C4I portfolio (division itself not in alias table)"
LRAE Annex 25,551,N65236-23-RFPREQ-LSUBP00035-0070,N65236-23-RFPREQ-LSUBP00035-0070,LSUBP00035 - LSUBP00035 - SUBMARINE INTEGRATION DIV HEAD - NIWCLANT,LSUBP00035,niwc_atlantic_division,center:niwc-atlantic,excluded,"technical_center_division code of center:niwc-atlantic, outside the PEO C4I portfolio (division itself not in alias table)"
LRAE Annex 25,552,N65236-23-RFPREQ-LSUBP00035-0068,N65236-23-RFPREQ-LSUBP00035-0068,LSUBP00035 - LSUBP00035 - SUBMARINE INTEGRATION DIV HEAD - NIWCLANT,LSUBP00035,niwc_atlantic_division,center:niwc-atlantic,excluded,"technical_center_division code of center:niwc-atlantic, outside the PEO C4I portfolio (division itself not in alias table)"
LRAE Annex 25,553,N65236-23-RFPREQ-LSUBP00015-0074,N65236-23-RFPREQ-LSUBP00015-0074,LSUBP00015 - LSUBP00015 - SHORE C4I INTEGRATION DIV HEAD - NIWCLANT,LSUBP00015,niwc_atlantic_division,center:niwc-atlantic,excluded,"technical_center_division code of center:niwc-atlantic, outside the PEO C4I portfolio (division itself not in alias table)"
LRAE Annex 25,554,N65236-23-RFPREQ-LSUBP00034-0055,N65236-23-RFPREQ-LSUBP00034-0055,LSUBP00034 - LSUBP00034 - SURFACE SHIP INTEGRATION DIV HEAD - NIWCLANT,LSUBP00034,niwc_atlantic_division,center:niwc-atlantic,excluded,"technical_center_division code of center:niwc-atlantic, outside the PEO C4I portfolio (division itself not in alias table)"
LRAE Annex 25,555,N65236-23-RFPREQ-LSUBP00034-0058,N65236-23-RFPREQ-LSUBP00034-0058,LSUBP00034 - LSUBP00034 - SURFACE SHIP INTEGRATION DIV HEAD - NIWCLANT,LSUBP00034,niwc_atlantic_division,center:niwc-atlantic,excluded,"technical_center_division code of center:niwc-atlantic, outside the PEO C4I portfolio (division itself not in alias table)"
LRAE Annex 25,556,N65236-23-RFPREQ-LSUBP00034-0060,N65236-23-RFPREQ-LSUBP00034-0060,LSUBP00034 - LSUBP00034 - SURFACE SHIP INTEGRATION DIV HEAD - NIWCLANT,LSUBP00034,niwc_atlantic_division,center:niwc-atlantic,excluded,"technical_center_division code of center:niwc-atlantic, outside the PEO C4I portfolio (division itself not in alias table)"
LRAE Annex 25,557,N65236-23-RFPREQ-LSUBP00035-0073,N65236-23-RFPREQ-LSUBP00035-0073,LSUBP00035 - LSUBP00035 - SUBMARINE INTEGRATION DIV HEAD - NIWCLANT,LSUBP00035,niwc_atlantic_division,center:niwc-atlantic,excluded,"technical_center_division code of center:niwc-atlantic, outside the PEO C4I portfolio (division itself not in alias table)"
LRAE Annex 25,558,N65236-23-RFPREQ-LSUBP00034-0064,N65236-23-RFPREQ-LSUBP00034-0064,LSUBP00034 - LSUBP00034 - SURFACE SHIP INTEGRATION DIV HEAD - NIWCLANT,LSUBP00034,niwc_atlantic_division,center:niwc-atlantic,excluded,"technical_center_division code of center:niwc-atlantic, outside the PEO C4I portfolio (division itself not in alias table)"
LRAE Annex 25,559,N65236-23-RFPREQ-LSUBP00015-0080,N65236-23-RFPREQ-LSUBP00015-0080,LSUBP00015 - LSUBP00015 - SHORE C4I INTEGRATION DIV HEAD - NIWCLANT,LSUBP00015,niwc_atlantic_division,center:niwc-atlantic,excluded,"technical_center_division code of center:niwc-atlantic, outside the PEO C4I portfolio (division itself not in alias table)"
LRAE Annex 25,560,N65236-23-RFPREQ-LSUBP00034-0065,N65236-23-RFPREQ-LSUBP00034-0065,LSUBP00034 - LSUBP00034 - SURFACE SHIP INTEGRATION DIV HEAD - NIWCLANT,LSUBP00034,niwc_atlantic_division,center:niwc-atlantic,excluded,"technical_center_division code of center:niwc-atlantic, outside the PEO C4I portfolio (division itself not in alias table)"
LRAE Annex 25,561,N65236-23-RFPREQ-LSUBP00034-0066,N65236-23-RFPREQ-LSUBP00034-0066,LSUBP00034 - LSUBP00034 - SURFACE SHIP INTEGRATION DIV HEAD - NIWCLANT,LSUBP00034,niwc_atlantic_division,center:niwc-atlantic,excluded,"technical_center_division code of center:niwc-atlantic, outside the PEO C4I portfolio (division itself not in alias table)"
LRAE Annex 25,562,N65236-23-RFPREQ-LSUBP00015-0084,N65236-23-RFPREQ-LSUBP00015-0084,LSUBP00015 - LSUBP00015 - SHORE C4I INTEGRATION DIV HEAD - NIWCLANT,LSUBP00015,niwc_atlantic_division,center:niwc-atlantic,excluded,"technical_center_division code of center:niwc-atlantic, outside the PEO C4I portfolio (division itself not in alias table)"
LRAE Annex 25,563,N65236-23-RFPREQ-LSUBP00034-0068,N65236-23-RFPREQ-LSUBP00034-0068,LSUBP00034 - LSUBP00034 - SURFACE SHIP INTEGRATION DIV HEAD - NIWCLANT,LSUBP00034,niwc_atlantic_division,center:niwc-atlantic,excluded,"technical_center_division code of center:niwc-atlantic, outside the PEO C4I portfolio (division itself not in alias table)"
LRAE Annex 25,564,N65236-23-RFPREQ-LSUBP00034-0072,N65236-23-RFPREQ-LSUBP00034-0072,LSUBP00034 - LSUBP00034 - SURFACE SHIP INTEGRATION DIV HEAD - NIWCLANT,LSUBP00034,niwc_atlantic_division,center:niwc-atlantic,excluded,"technical_center_division code of center:niwc-atlantic, outside the PEO C4I portfolio (division itself not in alias table)"
LRAE Annex 25,565,N65236-23-RFPREQ-LSUBP00035-0079,N65236-23-RFPREQ-LSUBP00035-0079,LSUBP00035 - LSUBP00035 - SUBMARINE INTEGRATION DIV HEAD - NIWCLANT,LSUBP00035,niwc_atlantic_division,center:niwc-atlantic,excluded,"technical_center_division code of center:niwc-atlantic, outside the PEO C4I portfolio (division itself not in alias table)"
LRAE Annex 25,566,N65236-23-RFPREQ-LSUBP00015-0089,N65236-23-RFPREQ-LSUBP00015-0089,LSUBP00015 - LSUBP00015 - SHORE C4I INTEGRATION DIV HEAD - NIWCLANT,LSUBP00015,niwc_atlantic_division,center:niwc-atlantic,excluded,"technical_center_division code of center:niwc-atlantic, outside the PEO C4I portfolio (division itself not in alias table)"
LRAE Annex 25,567,N65236-23-RFPREQ-LSUBP00034-0077,N65236-23-RFPREQ-LSUBP00034-0077,LSUBP00034 - LSUBP00034 - SURFACE SHIP INTEGRATION DIV HEAD - NIWCLANT,LSUBP00034,niwc_atlantic_division,center:niwc-atlantic,excluded,"technical_center_division code of center:niwc-atlantic, outside the PEO C4I portfolio (division itself not in alias table)"
LRAE Annex 25,568,N65236-23-RFPREQ-LSUBP00015-0090,N65236-23-RFPREQ-LSUBP00015-0090,LSUBP00015 - LSUBP00015 - SHORE C4I INTEGRATION DIV HEAD - NIWCLANT,LSUBP00015,niwc_atlantic_division,center:niwc-atlantic,excluded,"technical_center_division code of center:niwc-atlantic, outside the PEO C4I portfolio (division itself not in alias table)"
LRAE Annex 25,569,N65236-23-RFPREQ-LSUBP00015-0091,N65236-23-RFPREQ-LSUBP00015-0091,LSUBP00015 - LSUBP00015 - SHORE C4I INTEGRATION DIV HEAD - NIWCLANT,LSUBP00015,niwc_atlantic_division,center:niwc-atlantic,excluded,"technical_center_division code of center:niwc-atlantic, outside the PEO C4I portfolio (division itself not in alias table)"
LRAE Annex 25,570,N65236-23-RFPREQ-LSUBP00034-0076,N65236-23-RFPREQ-LSUBP00034-0076,LSUBP00034 - LSUBP00034 - SURFACE SHIP INTEGRATION DIV HEAD - NIWCLANT,LSUBP00034,niwc_atlantic_division,center:niwc-atlantic,excluded,"technical_center_division code of center:niwc-atlantic, outside the PEO C4I portfolio (division itself not in alias table)"
LRAE Annex 25,571,N65236-23-RFPREQ-LSUBP00035-0077,N65236-23-RFPREQ-LSUBP00035-0077,LSUBP00035 - LSUBP00035 - SUBMARINE INTEGRATION DIV HEAD - NIWCLANT,LSUBP00035,niwc_atlantic_division,center:niwc-atlantic,excluded,"technical_center_division code of center:niwc-atlantic, outside the PEO C4I portfolio (division itself not in alias table)"
LRAE Annex 25,572,N65236-23-RFPREQ-LSUBP00035-0092,N65236-23-RFPREQ-LSUBP00035-0092,LSUBP00035 - LSUBP00035 - SUBMARINE INTEGRATION DIV HEAD - NIWCLANT,LSUBP00035,niwc_atlantic_division,center:niwc-atlantic,excluded,"technical_center_division code of center:niwc-atlantic, outside the PEO C4I portfolio (division itself not in alias table)"
LRAE Annex 25,573,N65236-23-RFPREQ-LSUBP00015-0097,N65236-23-RFPREQ-LSUBP00015-0097,LSUBP00015 - LSUBP00015 - SHORE C4I INTEGRATION DIV HEAD - NIWCLANT,LSUBP00015,niwc_atlantic_division,center:niwc-atlantic,excluded,"technical_center_division code of center:niwc-atlantic, outside the PEO C4I portfolio (division itself not in alias table)"
LRAE Annex 25,574,N65236-23-RFPREQ-LSUBP00034-0087,N65236-23-RFPREQ-LSUBP00034-0087,LSUBP00034 - LSUBP00034 - SURFACE SHIP INTEGRATION DIV HEAD - NIWCLANT,LSUBP00034,niwc_atlantic_division,center:niwc-atlantic,excluded,"technical_center_division code of center:niwc-atlantic, outside the PEO C4I portfolio (division itself not in alias table)"
LRAE Annex 25,575,N65236-23-RFPREQ-LSUBP00034-0088,N65236-23-RFPREQ-LSUBP00034-0088,LSUBP00034 - LSUBP00034 - SURFACE SHIP INTEGRATION DIV HEAD - NIWCLANT,LSUBP00034,niwc_atlantic_division,center:niwc-atlantic,excluded,"technical_center_division code of center:niwc-atlantic, outside the PEO C4I portfolio (division itself not in alias table)"
LRAE Annex 25,576,N65236-23-RFPREQ-LSUBP00034-0079,N65236-23-RFPREQ-LSUBP00034-0079,LSUBP00034 - LSUBP00034 - SURFACE SHIP INTEGRATION DIV HEAD - NIWCLANT,LSUBP00034,niwc_atlantic_division,center:niwc-atlantic,excluded,"technical_center_division code of center:niwc-atlantic, outside the PEO C4I portfolio (division itself not in alias table)"
LRAE Annex 25,577,N65236-23-RFPREQ-LSUBP00035-0088,N65236-23-RFPREQ-LSUBP00035-0088,LSUBP00035 - LSUBP00035 - SUBMARINE INTEGRATION DIV HEAD - NIWCLANT,LSUBP00035,niwc_atlantic_division,center:niwc-atlantic,excluded,"technical_center_division code of center:niwc-atlantic, outside the PEO C4I portfolio (division itself not in alias table)"
LRAE Annex 25,578,N65236-23-RFPREQ-LSUBP00035-0094,N65236-23-RFPREQ-LSUBP00035-0094,LSUBP00035 - LSUBP00035 - SUBMARINE INTEGRATION DIV HEAD - NIWCLANT,LSUBP00035,niwc_atlantic_division,center:niwc-atlantic,excluded,"technical_center_division code of center:niwc-atlantic, outside the PEO C4I portfolio (division itself not in alias table)"
LRAE Annex 25,579,N65236-23-RFPREQ-LSUBP00015-0101,N65236-23-RFPREQ-LSUBP00015-0101,LSUBP00015 - LSUBP00015 - SHORE C4I INTEGRATION DIV HEAD - NIWCLANT,LSUBP00015,niwc_atlantic_division,center:niwc-atlantic,excluded,"technical_center_division code of center:niwc-atlantic, outside the PEO C4I portfolio (division itself not in alias table)"
LRAE Annex 25,580,N65236-23-RFPREQ-LSUBP00034-0096,N65236-23-RFPREQ-LSUBP00034-0096,LSUBP00034 - LSUBP00034 - SURFACE SHIP INTEGRATION DIV HEAD - NIWCLANT,LSUBP00034,niwc_atlantic_division,center:niwc-atlantic,excluded,"technical_center_division code of center:niwc-atlantic, outside the PEO C4I portfolio (division itself not in alias table)"
LRAE Annex 25,581,N65236-23-RFPREQ-LSUBP00015-0103,N65236-23-RFPREQ-LSUBP00015-0103,LSUBP00015 - LSUBP00015 - SHORE C4I INTEGRATION DIV HEAD - NIWCLANT,LSUBP00015,niwc_atlantic_division,center:niwc-atlantic,excluded,"technical_center_division code of center:niwc-atlantic, outside the PEO C4I portfolio (division itself not in alias table)"
LRAE Annex 25,582,N65236-23-RFPREQ-LSUBP00034-0100,N65236-23-RFPREQ-LSUBP00034-0100,LSUBP00034 - LSUBP00034 - SURFACE SHIP INTEGRATION DIV HEAD - NIWCLANT,LSUBP00034,niwc_atlantic_division,center:niwc-atlantic,excluded,"technical_center_division code of center:niwc-atlantic, outside the PEO C4I portfolio (division itself not in alias table)"
LRAE Annex 25,583,N65236-23-RFPREQ-LSUBP00064-0010,N65236-23-RFPREQ-LSUBP00064-0010,LSUBP00064 - LSUBP00064 - EXPED ENTERPRISE SYS & SVS DIV HD - NIWCLANT,LSUBP00064,niwc_atlantic_division,center:niwc-atlantic,excluded,"technical_center_division code of center:niwc-atlantic, outside the PEO C4I portfolio (division itself not in alias table)"
LRAE Annex 25,584,N65236-23-RFPREQ-LSUBP00011-0024,N65236-23-RFPREQ-LSUBP00011-0024,LSUBP00011 - LSUBP00011 - MANPWR PERS TRNG & EDU SYS DIV HEAD - NIWCLANT,LSUBP00011,niwc_atlantic_division,center:niwc-atlantic,excluded,"technical_center_division code of center:niwc-atlantic, outside the PEO C4I portfolio (division itself not in alias table)"
LRAE Annex 25,585,N65236-23-RFPREQ-LSUBP00056-0044,N65236-23-RFPREQ-LSUBP00056-0044,LSUBP00056 - LSUBP00056 - ENTERPRISE BUSINESS SYSTEMS DIV HEAD - NIWCLANT,LSUBP00056,niwc_atlantic_division,center:niwc-atlantic,excluded,"technical_center_division code of center:niwc-atlantic, outside the PEO C4I portfolio (division itself not in alias table)"
LRAE Annex 25,586,N65236-23-RFPREQ-LSUBP00011-0030,N65236-23-RFPREQ-LSUBP00011-0030,LSUBP00011 - LSUBP00011 - MANPWR PERS TRNG & EDU SYS DIV HEAD - NIWCLANT,LSUBP00011,niwc_atlantic_division,center:niwc-atlantic,excluded,"technical_center_division code of center:niwc-atlantic, outside the PEO C4I portfolio (division itself not in alias table)"
LRAE Annex 25,587,N65236-23-RFPREQ-LSUBP00056-0050,N65236-23-RFPREQ-LSUBP00056-0050,LSUBP00056 - LSUBP00056 - ENTERPRISE BUSINESS SYSTEMS DIV HEAD - NIWCLANT,LSUBP00056,niwc_atlantic_division,center:niwc-atlantic,excluded,"technical_center_division code of center:niwc-atlantic, outside the PEO C4I portfolio (division itself not in alias table)"
LRAE Annex 25,588,N65236-23-RFPREQ-LSUBP00056-0055,N65236-23-RFPREQ-LSUBP00056-0055,LSUBP00056 - LSUBP00056 - ENTERPRISE BUSINESS SYSTEMS DIV HEAD - NIWCLANT,LSUBP00056,niwc_atlantic_division,center:niwc-atlantic,excluded,"technical_center_division code of center:niwc-atlantic, outside the PEO C4I portfolio (division itself not in alias table)"
LRAE Annex 25,589,N65236-23-RFPREQ-LSUBP00056-0066,N65236-23-RFPREQ-LSUBP00056-0066,LSUBP00056 - LSUBP00056 - ENTERPRISE BUSINESS SYSTEMS DIV HEAD - NIWCLANT,LSUBP00056,niwc_atlantic_division,center:niwc-atlantic,excluded,"technical_center_division code of center:niwc-atlantic, outside the PEO C4I portfolio (division itself not in alias table)"
LRAE Annex 25,590,N65236-23-RFPREQ-LSUBP00011-0045,N65236-23-RFPREQ-LSUBP00011-0045,LSUBP00011 - LSUBP00011 - MANPWR PERS TRNG & EDU SYS DIV HEAD - NIWCLANT,LSUBP00011,niwc_atlantic_division,center:niwc-atlantic,excluded,"technical_center_division code of center:niwc-atlantic, outside the PEO C4I portfolio (division itself not in alias table)"
LRAE Annex 25,591,N65236-23-RFPREQ-LSUBP00056-0074,N65236-23-RFPREQ-LSUBP00056-0074,LSUBP00056 - LSUBP00056 - ENTERPRISE BUSINESS SYSTEMS DIV HEAD - NIWCLANT,LSUBP00056,niwc_atlantic_division,center:niwc-atlantic,excluded,"technical_center_division code of center:niwc-atlantic, outside the PEO C4I portfolio (division itself not in alias table)"
LRAE Annex 25,592,N65236-23-RFPREQ-LSUBP00056-0077,N65236-23-RFPREQ-LSUBP00056-0077,LSUBP00056 - LSUBP00056 - ENTERPRISE BUSINESS SYSTEMS DIV HEAD - NIWCLANT,LSUBP00056,niwc_atlantic_division,center:niwc-atlantic,excluded,"technical_center_division code of center:niwc-atlantic, outside the PEO C4I portfolio (division itself not in alias table)"
LRAE Annex 25,593,N65236-23-RFPREQ-LSUBP00056-0078,N65236-23-RFPREQ-LSUBP00056-0078,LSUBP00056 - LSUBP00056 - ENTERPRISE BUSINESS SYSTEMS DIV HEAD - NIWCLANT,LSUBP00056,niwc_atlantic_division,center:niwc-atlantic,excluded,"technical_center_division code of center:niwc-atlantic, outside the PEO C4I portfolio (division itself not in alias table)"
LRAE Annex 25,594,N65236-23-RFPREQ-LSUBP00056-0080,N65236-23-RFPREQ-LSUBP00056-0080,LSUBP00056 - LSUBP00056 - ENTERPRISE BUSINESS SYSTEMS DIV HEAD - NIWCLANT,LSUBP00056,niwc_atlantic_division,center:niwc-atlantic,excluded,"technical_center_division code of center:niwc-atlantic, outside the PEO C4I portfolio (division itself not in alias table)"
LRAE Annex 25,595,N65236-23-RFPREQ-LSUBP00011-0047,N65236-23-RFPREQ-LSUBP00011-0047,LSUBP00011 - LSUBP00011 - MANPWR PERS TRNG & EDU SYS DIV HEAD - NIWCLANT,LSUBP00011,niwc_atlantic_division,center:niwc-atlantic,excluded,"technical_center_division code of center:niwc-atlantic, outside the PEO C4I portfolio (division itself not in alias table)"
LRAE Annex 25,596,N65236-23-RFPREQ-LSUBP00056-0082,N65236-23-RFPREQ-LSUBP00056-0082,LSUBP00056 - LSUBP00056 - ENTERPRISE BUSINESS SYSTEMS DIV HEAD - NIWCLANT,LSUBP00056,niwc_atlantic_division,center:niwc-atlantic,excluded,"technical_center_division code of center:niwc-atlantic, outside the PEO C4I portfolio (division itself not in alias table)"
LRAE Annex 25,597,N65236-23-RFPREQ-LSUBP00066-0021,N65236-23-RFPREQ-LSUBP00066-0021,LSUBP00066 - LSUBP00066 - DATA CENTER & CLOUD HOSTING SERVICES DIV HEAD - NIWCLANT,LSUBP00066,niwc_atlantic_division,center:niwc-atlantic,excluded,"technical_center_division code of center:niwc-atlantic, outside the PEO C4I portfolio (division itself not in alias table)"
LRAE Annex 25,598,N00039-23-RFPREQ-PEO-Digital-0004,N00039-23-RFPREQ-PEO-Digital-0004,PEO-Digital - PEO-Digital - NAVWAR,PEO-Digital,,peo:digital,excluded,"code resolves to peo:digital (other organization), outside the PEO C4I portfolio"
LRAE Annex 25,599,N65236-22-RFPREQ-LBUSP00025-0009,N65236-22-RFPREQ-LBUSP00025-0009,LBUSP00025 - LBUSP00025 - ExW-01X - NIWCLANT,LBUSP00025,niwc_atlantic_division,center:niwc-atlantic,excluded,"technical_center_division code of center:niwc-atlantic, outside the PEO C4I portfolio (division itself not in alias table)"
LRAE Annex 25,600,N65236-22-RFPREQ-LSUBP00004-0010,N65236-22-RFPREQ-LSUBP00004-0010,LSUBP00004 - LSUBP00004 - EXPEDITIONARY C3 SOLUTIONS DIV HEAD - NIWCLANT,LSUBP00004,niwc_atlantic_division,center:niwc-atlantic,excluded,"technical_center_division code of center:niwc-atlantic, outside the PEO C4I portfolio (division itself not in alias table)"
LRAE Annex 25,601,N65236-23-RFPREQ-LSUBP00066-0019,N65236-23-RFPREQ-LSUBP00066-0019,LSUBP00066 - LSUBP00066 - DATA CENTER & CLOUD HOSTING SERVICES DIV HEAD - NIWCLANT,LSUBP00066,niwc_atlantic_division,center:niwc-atlantic,excluded,"technical_center_division code of center:niwc-atlantic, outside the PEO C4I portfolio (division itself not in alias table)"
LRAE Annex 25,602,N65236-23-RFPREQ-LSUBP00083-0032,N65236-23-RFPREQ-LSUBP00083-0032,LSUBP00083 - LSUBP00083 - 8.0 Competency Division - NIWCLANT,LSUBP00083,niwc_atlantic_division,center:niwc-atlantic,excluded,"technical_center_division code of center:niwc-atlantic, outside the PEO C4I portfolio (division itself not in alias table)"
LRAE Annex 25,603,N65236-23-RFPREQ-LSUBP00083-0033,N65236-23-RFPREQ-LSUBP00083-0033,LSUBP00083 - LSUBP00083 - 8.0 Competency Division - NIWCLANT,LSUBP00083,niwc_atlantic_division,center:niwc-atlantic,excluded,"technical_center_division code of center:niwc-atlantic, outside the PEO C4I portfolio (division itself not in alias table)"
LRAE Annex 25,604,N65236-23-RFPREQ-LSUBP00056-0009,N65236-23-RFPREQ-LSUBP00056-0009,LSUBP00056 - LSUBP00056 - ENTERPRISE BUSINESS SYSTEMS DIV HEAD - NIWCLANT,LSUBP00056,niwc_atlantic_division,center:niwc-atlantic,excluded,"technical_center_division code of center:niwc-atlantic, outside the PEO C4I portfolio (division itself not in alias table)"
LRAE Annex 25,605,N65236-22-RFPREQ-LSUBP00009-0001,N65236-22-RFPREQ-LSUBP00009-0001,LSUBP00009 - LSUBP00009 - DEFENSE HEALTH INFO TECH DIV HEAD - NIWCLANT,LSUBP00009,niwc_atlantic_division,center:niwc-atlantic,excluded,"technical_center_division code of center:niwc-atlantic, outside the PEO C4I portfolio (division itself not in alias table)"
LRAE Annex 25,606,N65236-22-RFPREQ-LSUBP00009-0002,N65236-22-RFPREQ-LSUBP00009-0002,LSUBP00009 - LSUBP00009 - DEFENSE HEALTH INFO TECH DIV HEAD - NIWCLANT,LSUBP00009,niwc_atlantic_division,center:niwc-atlantic,excluded,"technical_center_division code of center:niwc-atlantic, outside the PEO C4I portfolio (division itself not in alias table)"
LRAE Annex 25,607,N65236-23-RFPREQ-LSUBP00001-0003,N65236-23-RFPREQ-LSUBP00001-0003,LSUBP00001 - LSUBP00001 - AIR TRAFFIC CONTROL DIV HEAD - NIWCLANT,LSUBP00001,niwc_atlantic_division,center:niwc-atlantic,excluded,"technical_center_division code of center:niwc-atlantic, outside the PEO C4I portfolio (division itself not in alias table)"
LRAE Annex 25,608,N65236-23-RFPREQ-LSUBP00001-0004,N65236-23-RFPREQ-LSUBP00001-0004,LSUBP00001 - LSUBP00001 - AIR TRAFFIC CONTROL DIV HEAD - NIWCLANT,LSUBP00001,niwc_atlantic_division,center:niwc-atlantic,excluded,"technical_center_division code of center:niwc-atlantic, outside the PEO C4I portfolio (division itself not in alias table)"
LRAE Annex 25,609,N65236-23-RFPREQ-LSUBP00001-0006,N65236-23-RFPREQ-LSUBP00001-0006,LSUBP00001 - LSUBP00001 - AIR TRAFFIC CONTROL DIV HEAD - NIWCLANT,LSUBP00001,niwc_atlantic_division,center:niwc-atlantic,excluded,"technical_center_division code of center:niwc-atlantic, outside the PEO C4I portfolio (division itself not in alias table)"
LRAE Annex 25,610,N65236-23-RFPREQ-LSUBP00001-0008,N65236-23-RFPREQ-LSUBP00001-0008,LSUBP00001 - LSUBP00001 - AIR TRAFFIC CONTROL DIV HEAD - NIWCLANT,LSUBP00001,niwc_atlantic_division,center:niwc-atlantic,excluded,"technical_center_division code of center:niwc-atlantic, outside the PEO C4I portfolio (division itself not in alias table)"
LRAE Annex 25,611,N65236-23-RFPREQ-LSUBP00001-0009,N65236-23-RFPREQ-LSUBP00001-0009,LSUBP00001 - LSUBP00001 - AIR TRAFFIC CONTROL DIV HEAD - NIWCLANT,LSUBP00001,niwc_atlantic_division,center:niwc-atlantic,excluded,"technical_center_division code of center:niwc-atlantic, outside the PEO C4I portfolio (division itself not in alias table)"
LRAE Annex 25,612,N65236-23-RFPREQ-LSUBP00001-0067,N65236-23-RFPREQ-LSUBP00001-0067,LSUBP00001 - LSUBP00001 - AIR TRAFFIC CONTROL DIV HEAD - NIWCLANT,LSUBP00001,niwc_atlantic_division,center:niwc-atlantic,excluded,"technical_center_division code of center:niwc-atlantic, outside the PEO C4I portfolio (division itself not in alias table)"
LRAE Annex 25,613,N65236-23-RFPREQ-LSUBP00009-0096,N65236-23-RFPREQ-LSUBP00009-0096,LSUBP00009 - LSUBP00009 - DEFENSE HEALTH INFO TECH DIV HEAD - NIWCLANT,LSUBP00009,niwc_atlantic_division,center:niwc-atlantic,excluded,"technical_center_division code of center:niwc-atlantic, outside the PEO C4I portfolio (division itself not in alias table)"
LRAE Annex 25,614,N65236-23-RFPREQ-LSUBP00001-0063,N65236-23-RFPREQ-LSUBP00001-0063,LSUBP00001 - LSUBP00001 - AIR TRAFFIC CONTROL DIV HEAD - NIWCLANT,LSUBP00001,niwc_atlantic_division,center:niwc-atlantic,excluded,"technical_center_division code of center:niwc-atlantic, outside the PEO C4I portfolio (division itself not in alias table)"
LRAE Annex 25,615,N65236-23-RFPREQ-LSUBP00001-0016,N65236-23-RFPREQ-LSUBP00001-0016,LSUBP00001 - LSUBP00001 - AIR TRAFFIC CONTROL DIV HEAD - NIWCLANT,LSUBP00001,niwc_atlantic_division,center:niwc-atlantic,excluded,"technical_center_division code of center:niwc-atlantic, outside the PEO C4I portfolio (division itself not in alias table)"
LRAE Annex 25,616,N65236-23-RFPREQ-LSUBP00001-0020,N65236-23-RFPREQ-LSUBP00001-0020,LSUBP00001 - LSUBP00001 - AIR TRAFFIC CONTROL DIV HEAD - NIWCLANT,LSUBP00001,niwc_atlantic_division,center:niwc-atlantic,excluded,"technical_center_division code of center:niwc-atlantic, outside the PEO C4I portfolio (division itself not in alias table)"
LRAE Annex 25,617,N65236-23-RFPREQ-LSUBP00009-0012,N65236-23-RFPREQ-LSUBP00009-0012,LSUBP00009 - LSUBP00009 - DEFENSE HEALTH INFO TECH DIV HEAD - NIWCLANT,LSUBP00009,niwc_atlantic_division,center:niwc-atlantic,excluded,"technical_center_division code of center:niwc-atlantic, outside the PEO C4I portfolio (division itself not in alias table)"
LRAE Annex 25,618,N65236-23-RFPREQ-LSUBP00009-0002,N65236-23-RFPREQ-LSUBP00009-0002,LSUBP00009 - LSUBP00009 - DEFENSE HEALTH INFO TECH DIV HEAD - NIWCLANT,LSUBP00009,niwc_atlantic_division,center:niwc-atlantic,excluded,"technical_center_division code of center:niwc-atlantic, outside the PEO C4I portfolio (division itself not in alias table)"
LRAE Annex 25,619,N65236-23-RFPREQ-LSUBP00001-0007,N65236-23-RFPREQ-LSUBP00001-0007,LSUBP00001 - LSUBP00001 - AIR TRAFFIC CONTROL DIV HEAD - NIWCLANT,LSUBP00001,niwc_atlantic_division,center:niwc-atlantic,excluded,"technical_center_division code of center:niwc-atlantic, outside the PEO C4I portfolio (division itself not in alias table)"
LRAE Annex 25,620,N65236-23-RFPREQ-LSUBP00001-0048,N65236-23-RFPREQ-LSUBP00001-0048,LSUBP00001 - LSUBP00001 - AIR TRAFFIC CONTROL DIV HEAD - NIWCLANT,LSUBP00001,niwc_atlantic_division,center:niwc-atlantic,excluded,"technical_center_division code of center:niwc-atlantic, outside the PEO C4I portfolio (division itself not in alias table)"
LRAE Annex 25,621,N65236-23-RFPREQ-LSUBP00001-0056,N65236-23-RFPREQ-LSUBP00001-0056,LSUBP00001 - LSUBP00001 - AIR TRAFFIC CONTROL DIV HEAD - NIWCLANT,LSUBP00001,niwc_atlantic_division,center:niwc-atlantic,excluded,"technical_center_division code of center:niwc-atlantic, outside the PEO C4I portfolio (division itself not in alias table)"
LRAE Annex 25,622,N65236-23-RFPREQ-LSUBP00001-0064,N65236-23-RFPREQ-LSUBP00001-0064,LSUBP00001 - LSUBP00001 - AIR TRAFFIC CONTROL DIV HEAD - NIWCLANT,LSUBP00001,niwc_atlantic_division,center:niwc-atlantic,excluded,"technical_center_division code of center:niwc-atlantic, outside the PEO C4I portfolio (division itself not in alias table)"
LRAE Annex 25,623,N65236-23-RFPREQ-LSUBP00009-0103,N65236-23-RFPREQ-LSUBP00009-0103,LSUBP00009 - LSUBP00009 - DEFENSE HEALTH INFO TECH DIV HEAD - NIWCLANT,LSUBP00009,niwc_atlantic_division,center:niwc-atlantic,excluded,"technical_center_division code of center:niwc-atlantic, outside the PEO C4I portfolio (division itself not in alias table)"
LRAE Annex 25,624,N65236-23-RFPREQ-LSUBP00009-0109,N65236-23-RFPREQ-LSUBP00009-0109,LSUBP00009 - LSUBP00009 - DEFENSE HEALTH INFO TECH DIV HEAD - NIWCLANT,LSUBP00009,niwc_atlantic_division,center:niwc-atlantic,excluded,"technical_center_division code of center:niwc-atlantic, outside the PEO C4I portfolio (division itself not in alias table)"
LRAE Annex 25,625,N65236-23-RFPREQ-LSUBP00009-0130,N65236-23-RFPREQ-LSUBP00009-0130,LSUBP00009 - LSUBP00009 - DEFENSE HEALTH INFO TECH DIV HEAD - NIWCLANT,LSUBP00009,niwc_atlantic_division,center:niwc-atlantic,excluded,"technical_center_division code of center:niwc-atlantic, outside the PEO C4I portfolio (division itself not in alias table)"
LRAE Annex 25,626,N65236-23-RFPREQ-LSUBP00009-0150,N65236-23-RFPREQ-LSUBP00009-0150,LSUBP00009 - LSUBP00009 - DEFENSE HEALTH INFO TECH DIV HEAD - NIWCLANT,LSUBP00009,niwc_atlantic_division,center:niwc-atlantic,excluded,"technical_center_division code of center:niwc-atlantic, outside the PEO C4I portfolio (division itself not in alias table)"
LRAE Annex 25,627,N65236-23-RFPREQ-LBUSP00032-0002,N65236-23-RFPREQ-LBUSP00032-0002,LBUSP00032 - LBUSP00032 - NL-1.0/6.0 - NIWCLANT,LBUSP00032,niwc_atlantic_division,center:niwc-atlantic,excluded,"technical_center_division code of center:niwc-atlantic, outside the PEO C4I portfolio (division itself not in alias table)"
LRAE Annex 25,628,N65236-23-RFPREQ-LSUBP00049-0055,N65236-23-RFPREQ-LSUBP00049-0055,LSUBP00049 - LSUBP00049 - S&T Division - NIWCLANT,LSUBP00049,niwc_atlantic_division,center:niwc-atlantic,excluded,"technical_center_division code of center:niwc-atlantic, outside the PEO C4I portfolio (division itself not in alias table)"
LRAE Annex 25,629,N65236-23-RFPREQ-LSUBP00049-0157,N65236-23-RFPREQ-LSUBP00049-0157,LSUBP00049 - LSUBP00049 - S&T Division - NIWCLANT,LSUBP00049,niwc_atlantic_division,center:niwc-atlantic,excluded,"technical_center_division code of center:niwc-atlantic, outside the PEO C4I portfolio (division itself not in alias table)"
LRAE Annex 25,630,N65236-23-RFPREQ-LSUBP00049-0173,N65236-23-RFPREQ-LSUBP00049-0173,LSUBP00049 - LSUBP00049 - S&T Division - NIWCLANT,LSUBP00049,niwc_atlantic_division,center:niwc-atlantic,excluded,"technical_center_division code of center:niwc-atlantic, outside the PEO C4I portfolio (division itself not in alias table)"
LRAE Annex 25,631,N65236-23-RFPREQ-LSUBP00049-0178,N65236-23-RFPREQ-LSUBP00049-0178,LSUBP00049 - LSUBP00049 - S&T Division - NIWCLANT,LSUBP00049,niwc_atlantic_division,center:niwc-atlantic,excluded,"technical_center_division code of center:niwc-atlantic, outside the PEO C4I portfolio (division itself not in alias table)"
LRAE Annex 25,632,N00039-22-RFPREQ-PMW-740-0006,N00039-22-RFPREQ-PMW-740-0006,PMW-740 - PMW-740 - NAVWAR,PMW-740,peo_program_office,pmw:740,included,"code resolves to pmw:740, a PEO C4I office (alias table)"
LRAE Annex 25,633,N00039-22-RFPREQ-PMW-740-0012,N00039-22-RFPREQ-PMW-740-0012,PMW-740 - PMW-740 - NAVWAR,PMW-740,peo_program_office,pmw:740,included,"code resolves to pmw:740, a PEO C4I office (alias table)"
LRAE Annex 25,634,N00039-24-RFPREQ-PMW-740-0002,N00039-24-RFPREQ-PMW-740-0002,PMW-740 - PMW-740 - NAVWAR,PMW-740,peo_program_office,pmw:740,included,"code resolves to pmw:740, a PEO C4I office (alias table)"
LRAE Annex 25,635,N00039-23-RFPREQ-PMW-740-0049,N00039-23-RFPREQ-PMW-740-0049,PMW-740 - PMW-740 - NAVWAR,PMW-740,peo_program_office,pmw:740,included,"code resolves to pmw:740, a PEO C4I office (alias table)"
LRAE Annex 25,636,N00039-25-RFPREQ-PMW-740-0005,N00039-25-RFPREQ-PMW-740-0005,PMW-740 - PMW-740 - NAVWAR,PMW-740,peo_program_office,pmw:740,included,"code resolves to pmw:740, a PEO C4I office (alias table)"
LRAE Annex 25,637,N00039-25-RFPREQ-PMW-740-0006,N00039-25-RFPREQ-PMW-740-0006,PMW-740 - PMW-740 - NAVWAR,PMW-740,peo_program_office,pmw:740,included,"code resolves to pmw:740, a PEO C4I office (alias table)"
LRAE Annex 25,638,N00039-25-RFPREQ-PMW-740-0004,N00039-25-RFPREQ-PMW-740-0004,PMW-740 - PMW-740 - NAVWAR,PMW-740,peo_program_office,pmw:740,included,"code resolves to pmw:740, a PEO C4I office (alias table)"
LRAE Annex 25,639,N00039-23-RFPREQ-PMW-740-0046,N00039-23-RFPREQ-PMW-740-0046,PMW-740 - PMW-740 - NAVWAR,PMW-740,peo_program_office,pmw:740,included,"code resolves to pmw:740, a PEO C4I office (alias table)"
LRAE Annex 25,640,N00039-26-RFPREQ-PMW-740-0003,N00039-26-RFPREQ-PMW-740-0003,PMW-740 - PMW-740 - NAVWAR,PMW-740,peo_program_office,pmw:740,included,"code resolves to pmw:740, a PEO C4I office (alias table)"
LRAE Annex 25,641,N00039-24-RFPREQ-PMW-740-0008,N00039-24-RFPREQ-PMW-740-0008,PMW-740 - PMW-740 - NAVWAR,PMW-740,peo_program_office,pmw:740,included,"code resolves to pmw:740, a PEO C4I office (alias table)"
LRAE Annex 25,642,N00039-25-RFPREQ-PMW-740-0007,N00039-25-RFPREQ-PMW-740-0007,PMW-740 - PMW-740 - NAVWAR,PMW-740,peo_program_office,pmw:740,included,"code resolves to pmw:740, a PEO C4I office (alias table)"
LRAE Annex 25,643,N00039-27-RFPREQ-PMW-740-0001,N00039-27-RFPREQ-PMW-740-0001,PMW-740 - PMW-740 - NAVWAR,PMW-740,peo_program_office,pmw:740,included,"code resolves to pmw:740, a PEO C4I office (alias table)"
LRAE Annex 25,644,N00039-24-RFPREQ-PMW-740-0007,N00039-24-RFPREQ-PMW-740-0007,PMW-740 - PMW-740 - NAVWAR,PMW-740,peo_program_office,pmw:740,included,"code resolves to pmw:740, a PEO C4I office (alias table)"
LRAE Annex 25,645,N00039-23-RFPREQ-PMW-740-0011,N00039-23-RFPREQ-PMW-740-0011,PMW-740 - PMW-740 - NAVWAR,PMW-740,peo_program_office,pmw:740,included,"code resolves to pmw:740, a PEO C4I office (alias table)"
LRAE Annex 25,646,N00039-24-RFPREQ-PMW-160-0001,N00039-24-RFPREQ-PMW-160-0001,PMW-160 - PMW-160 - NAVWAR,PMW-160,peo_program_office,pmw:160,included,"code resolves to pmw:160, a PEO C4I office (alias table)"
LRAE Annex 25,647,N00039-23-RFPREQ-PMW-160-0087,N00039-23-RFPREQ-PMW-160-0087,PMW-160 - PMW-160 - NAVWAR,PMW-160,peo_program_office,pmw:160,included,"code resolves to pmw:160, a PEO C4I office (alias table)"
LRAE Annex 25,648,N00039-23-RFPREQ-PMW-160-0088,N00039-23-RFPREQ-PMW-160-0088,PMW-160 - PMW-160 - NAVWAR,PMW-160,peo_program_office,pmw:160,included,"code resolves to pmw:160, a PEO C4I office (alias table)"
LRAE Annex 25,649,N00039-23-RFPREQ-PMW-160-0097,N00039-23-RFPREQ-PMW-160-0097,PMW-160 - PMW-160 - NAVWAR,PMW-160,peo_program_office,pmw:160,included,"code resolves to pmw:160, a PEO C4I office (alias table)"
LRAE Annex 25,650,N00039-23-RFPREQ-PMW-160-0106,N00039-23-RFPREQ-PMW-160-0106,PMW-160 - PMW-160 - NAVWAR,PMW-160,peo_program_office,pmw:160,included,"code resolves to pmw:160, a PEO C4I office (alias table)"
LRAE Annex 25,651,N00039-23-RFPREQ-PMW-160-0107,N00039-23-RFPREQ-PMW-160-0107,PMW-160 - PMW-160 - NAVWAR,PMW-160,peo_program_office,pmw:160,included,"code resolves to pmw:160, a PEO C4I office (alias table)"
LRAE Annex 25,652,N00039-24-RFPREQ-PMW-160-0003,N00039-24-RFPREQ-PMW-160-0003,PMW-160 - PMW-160 - NAVWAR,PMW-160,peo_program_office,pmw:160,included,"code resolves to pmw:160, a PEO C4I office (alias table)"
LRAE Annex 25,653,N00039-23-RFPREQ-PMW-160-0086,N00039-23-RFPREQ-PMW-160-0086,PMW-160 - PMW-160 - NAVWAR,PMW-160,peo_program_office,pmw:160,included,"code resolves to pmw:160, a PEO C4I office (alias table)"
LRAE Annex 25,654,N65236-23-RFPREQ-LSUBP00057-0001,N65236-23-RFPREQ-LSUBP00057-0001,LSUBP00057 - LSUBP00057 - FLEET INSTALLATION & READINESS DIV HD - NIWCLANT,LSUBP00057,niwc_atlantic_division,center:niwc-atlantic,excluded,"technical_center_division code of center:niwc-atlantic, outside the PEO C4I portfolio (division itself not in alias table)"
LRAE Annex 25,655,N65236-22-RFPREQ-LSUBP00022-0002,N65236-22-RFPREQ-LSUBP00022-0002,LSUBP00022 - LSUBP00022 - BATTLE SPACE AWARENESS DIV HEAD - NIWCLANT,LSUBP00022,niwc_atlantic_division,center:niwc-atlantic,excluded,"technical_center_division code of center:niwc-atlantic, outside the PEO C4I portfolio (division itself not in alias table)"
LRAE Annex 25,656,N00039-22-RFPREQ-PMW-750-0004,N00039-22-RFPREQ-PMW-750-0004,PMW-750 - PMW-750 - NAVWAR,PMW-750,peo_program_office,pmw:750,included,"code resolves to pmw:750, a PEO C4I office (alias table)"
LRAE Annex 25,657,N00039-22-RFPREQ-PMW-130-0009,N00039-22-RFPREQ-PMW-130-0009,PMW-130 - PMW-130 - NAVWAR,PMW-130,peo_program_office,pmw:130,included,"code resolves to pmw:130, a PEO C4I office (alias table)"
LRAE Annex 25,658,k:974a8b038cab,,None,None,,,unresolved,code None matches no code family
LRAE Annex 25,659,k:70170c1d4e56,,None,None,,,unresolved,code None matches no code family
LRAE Annex 25,660,k:651696a2c09c,,None,None,,,unresolved,code None matches no code family
LRAE Annex 25,661,k:486d56a031fb,,None,None,,,unresolved,code None matches no code family
LRAE Annex 25,662,k:08ea66e1be4a,,None,None,,,unresolved,code None matches no code family
LRAE Annex 25,663,k:dd82cc603b34,,None,None,,,unresolved,code None matches no code family
LRAE Annex 25,664,k:0a2097734134,,Cyber Defense,Cyber Defense,,,unresolved,code Cyber Defense matches no code family
LRAE Annex 25,665,k:4d483bee11f7,,Cyber Defense,Cyber Defense,,,unresolved,code Cyber Defense matches no code family
LRAE Annex 25,666,k:c9fe2b7fb2c5,,Cyber Defense,Cyber Defense,,,unresolved,code Cyber Defense matches no code family
LRAE Annex 25,667,k:be34a2e782ef,,None,None,,,unresolved,code None matches no code family
LRAE Annex 25,668,k:7e3f7a81d77a,,None,None,,,unresolved,code None matches no code family
LRAE Annex 25,669,k:634d60687f8b,,Cyber Defense,Cyber Defense,,,unresolved,code Cyber Defense matches no code family
LRAE Annex 25,670,k:b6ca338217c8,,Cyber Defense,Cyber Defense,,,unresolved,code Cyber Defense matches no code family
LRAE Annex 25,671,k:ce790268f2db,,None,None,,,unresolved,code None matches no code family
LRAE Annex 25,672,k:73eaedd75d8c,,None,None,,,unresolved,code None matches no code family
LRAE Annex 25,673,k:8f880591fd37,,None,None,,,unresolved,code None matches no code family
LRAE Annex 25,674,k:31e50e8ec761,,Cyber Defense,Cyber Defense,,,unresolved,code Cyber Defense matches no code family
LRAE Annex 25,675,k:f91ff29bfbef,,None,None,,,unresolved,code None matches no code family
LRAE Annex 25,676,k:1373e5cb5e61,,None,None,,,unresolved,code None matches no code family
LRAE Annex 25,677,k:5201f20ef9bc,,None,None,,,unresolved,code None matches no code family
LRAE Annex 25,678,k:513fa4abb78e,,None,None,,,unresolved,code None matches no code family
LRAE Annex 25,679,k:34f30bc1e654,,None,None,,,unresolved,code None matches no code family
LRAE Annex 25,680,k:eccb30c7cae6,,None,None,,,unresolved,code None matches no code family
LRAE Annex 25,681,k:0c1e45b9fbc5,,None,None,,,unresolved,code None matches no code family
LRAE Annex 25,682,k:0168fe701783,,None,None,,,unresolved,code None matches no code family
LRAE Annex 25,683,k:a70f8b654ce6,,None,None,,,unresolved,code None matches no code family
LRAE Annex 25,684,k:9af242ba3e5f,,None,None,,,unresolved,code None matches no code family
LRAE Annex 25,685,k:d59987aa598a,,None,None,,,unresolved,code None matches no code family
LRAE Annex 25,686,k:ba858aaf652e,,None,None,,,unresolved,code None matches no code family
LRAE Annex 25,687,k:4242e99435df,,None,None,,,unresolved,code None matches no code family
LRAE Annex 25,688,k:7e2fa8722047,,None,None,,,unresolved,code None matches no code family
LRAE Annex 25,689,k:e43760803aaa,,None,None,,,unresolved,code None matches no code family
LRAE Annex 25,690,k:e40241cfd433,,None,None,,,unresolved,code None matches no code family
LRAE Annex 25,691,k:f3fa2d34b9df,,None,None,,,unresolved,code None matches no code family
LRAE Annex 25,692,k:076bd1f9a206,,None,None,,,unresolved,code None matches no code family
LRAE Annex 25,693,k:df8d9becc50f,,None,None,,,unresolved,code None matches no code family
LRAE Annex 25,694,k:2f0722aa6432,,None,None,,,unresolved,code None matches no code family
LRAE Annex 25,695,k:ace0fca256c5,,None,None,,,unresolved,code None matches no code family
LRAE Annex 25,696,k:811bac3c1683,,None,None,,,unresolved,code None matches no code family
LRAE Annex 25,697,k:5c7a0a8426c0,,None,None,,,unresolved,code None matches no code family
LRAE Annex 25,698,k:c621187df856,,None,None,,,unresolved,code None matches no code family
LRAE Annex 25,699,k:57e0b0e446e3,,None,None,,,unresolved,code None matches no code family
LRAE Annex 25,700,k:bac02bccfc42,,None,None,,,unresolved,code None matches no code family
LRAE Annex 25,701,k:928b2ad1439c,,HPCMP,HPCMP,,,unresolved,code HPCMP matches no code family
LRAE Annex 25,702,k:461196c9e30b,,None,None,,,unresolved,code None matches no code family
LRAE Annex 25,703,k:99628e7226ed,,None,None,,,unresolved,code None matches no code family
LRAE Annex 25,704,k:c73e0e2a904d,,MCPNT Directorate,MCPNT Directorate,,,unresolved,code MCPNT Directorate matches no code family
LRAE Annex 25,705,k:b5e624bef7ff,,535,535,,,unresolved,code 535 matches no code family
LRAE Annex 25,706,k:0d8e2ee04061,,535,535,,,unresolved,code 535 matches no code family
LRAE Annex 25,707,k:219013ac0c3a,,535,535,,,unresolved,code 535 matches no code family
LRAE Annex 25,708,k:c77bb567eebf,,535,535,,,unresolved,code 535 matches no code family
LRAE Annex 25,709,k:ab23cd58a165,,535,535,,,unresolved,code 535 matches no code family
LRAE Annex 25,710,k:89e184a09ec5,,535,535,,,unresolved,code 535 matches no code family
LRAE Annex 25,711,k:a469d82046fb,,535,535,,,unresolved,code 535 matches no code family
LRAE Annex 25,712,k:f39e779c0cba,,535,535,,,unresolved,code 535 matches no code family
LRAE Annex 25,713,k:b8f570b8f95d,,535,535,,,unresolved,code 535 matches no code family
LRAE Annex 25,714,k:9d7d22af69e1,,535,535,,,unresolved,code 535 matches no code family
LRAE Annex 25,715,k:70fda248758f,,535,535,,,unresolved,code 535 matches no code family
LRAE Annex 25,716,k:e5182bfc62e6,,535,535,,,unresolved,code 535 matches no code family
LRAE Annex 25,717,k:e9c79c1ca4a9,,535,535,,,unresolved,code 535 matches no code family
LRAE Annex 25,718,k:8a8212d77876,,535,535,,,unresolved,code 535 matches no code family
LRAE Annex 25,719,k:f8023164a52f,,535,535,,,unresolved,code 535 matches no code family
LRAE Annex 25,720,k:13314ab65987,,535,535,,,unresolved,code 535 matches no code family
LRAE Annex 25,721,k:063e2f61b6fb,,535,535,,,unresolved,code 535 matches no code family
LRAE Annex 25,722,k:7e3b2f328d22,,535,535,,,unresolved,code 535 matches no code family
LRAE Annex 25,723,k:3649ef0cbe03,,536,536,,,unresolved,code 536 matches no code family
LRAE Annex 25,724,k:a14e9fb09d98,,536,536,,,unresolved,code 536 matches no code family
LRAE Annex 25,725,k:3e916e24494b,,534,534,,,unresolved,code 534 matches no code family
LRAE Annex 25,726,k:55a15a589eac,,534,534,,,unresolved,code 534 matches no code family
LRAE Annex 25,727,k:840d01cdec2a,,532,532,,,unresolved,code 532 matches no code family
LRAE Annex 25,728,k:7c55660a6417,,532,532,,,unresolved,code 532 matches no code family
LRAE Annex 25,729,k:d72f928e5ddc,,532,532,,,unresolved,code 532 matches no code family
LRAE Annex 25,730,k:b16d2bbe60a7,,532,532,,,unresolved,code 532 matches no code family
LRAE Annex 25,731,k:6fd90ef9de53,,532,532,,,unresolved,code 532 matches no code family
LRAE Annex 25,732,k:b5edcf0ca3b0,,None,None,,,unresolved,code None matches no code family
LRAE Annex 25,733,k:f87a46ada7fc,,None,None,,,unresolved,code None matches no code family
LRAE Annex 25,734,k:7f392ef9136d,,None,None,,,unresolved,code None matches no code family
LRAE Annex 25,735,k:5b6068010ceb,,None,None,,,unresolved,code None matches no code family
LRAE Annex 25,736,k:0658d23ac830,,None,None,,,unresolved,code None matches no code family
LRAE Annex 25,737,k:0f95562a409d,,None,None,,,unresolved,code None matches no code family
LRAE Annex 25,738,k:6c508be9b757,,None,None,,,unresolved,code None matches no code family
LRAE Annex 25,739,k:9db8317401c3,,None,None,,,unresolved,code None matches no code family
LRAE Annex 25,740,k:34d609a62e11,,None,None,,,unresolved,code None matches no code family
LRAE Annex 25,741,k:25b0f16a8b68,,None,None,,,unresolved,code None matches no code family
