sheet,row_number,requirement_title,requirement_description,office_code_string,anticipated_total_value,procurement_method,contract_type,procurement_instrument,contracting_office_uic,solicitation_fy,solicitation_quarter,award_fy,award_quarter,period_of_performance_months,follow_on_or_new,existing_contract_number,incumbent_contractor,place_of_performance,naics,psc,contracting_poc_name,contracting_poc_contact,secondary_poc_name,secondary_poc_contact,facility_clearance,personnel_clearance,palt_code,sub_palt_code,comments,pid,url
LRAE Annex 25,9,PEO Digital Research & Advisory Services Follow On (C),Placeholder for recompete of current Gartner contract (N0003921F5007),CSBO - Command Strategy and Business Office - NAVWAR,$7.5M - $50M,TBD,TBD,Delivery Order/Task Order,N00039 - NAVWAR,,,FY26,Q4,,,,,"San Diego, CA",541519 - Other Computer Related Services,TBD - TBD,"Agyei-Sarpong, Peter",peter.agyei-sarpong@navy.mil,NAVWAR OSBP,navwarsbo.fct@navy.mil,,,,,,N00039-25-RFPREQ-CSBO-0001,https://ams.navair.navy.mil/procurement/4C7003D9-2E16-4390-B8C1-7D8997AAB06A
LRAE Annex 25,10,Surface Ship Integration Division and Fleet Installation & Response Division Installation Technical and Logistic Support Services (C),"This task order (TO) supports installation technical, engineering, and logistic support services. The scope of this effort will include on site representative support / zone integrator services, alteration installation team manager technical support for both surface and shore platforms, shore modernization Installation Management Office and Regional Shore Installation Management (RSIM) support, systems engineering support and the corresponding logistics support.",LSUBP00057 - LSUBP00057 - FLEET INSTALLATION & READINESS DIV HD - NIWCLANT,$50M - $100M,TBD,Cost-Reimbursement,Delivery Order/Task Order,N65236 - NIWCLANT,FY23,Q1,FY23,Q3,,Follow-on,N0017814D7955,"SYSTEMS TECHNOLOGY FORUM, LTD.","Charleston, SC",541330 - Engineering Services,R425 - SUPPORT- PROFESSIONAL: ENGINEERING/TECHNICAL,"Anderson, Shannon",shannon.b.anderson3.civ@us.navy.mil,NAVWAR OSBP,navwarsbo.fct@navy.mil,,,,,,N65236-22-RFPREQ-LSUBP00057-0001,https://ams.navair.navy.mil/procurement/791CDE5E-1692-41B9-B94D-4A9D22DD9FEB
LRAE Annex 25,11,C4I FMS-LIPTM00214_Multiple Countries- Engineering and Project Management Support-Seaport NXGEN-Base plus 4 option years (C),"This effort will be a follow-on to the TTL task order to provide  PM and Engineering Support to various FMS Cases. To include providing design, engineering, integration, testing, installation, training, PM, acquisition & process improvement and logistic support.",LSUBP00006 - LSUBP00006 - FMS AIR INTEGRATION USCG DIV HEAD - NIWCLANT,$7.5M - $50M,TBD,Cost-Reimbursement,Delivery Order/Task Order,N65236 - NIWCLANT,FY23,Q3,FY24,Q1,,New,N6523618D4801,BOOZ ALLEN HAMILTON INC.,"Charleston, SC",541330 - Engineering Services,R425 - SUPPORT- PROFESSIONAL: ENGINEERING/TECHNICAL,"Anderson, Shannon",shannon.b.anderson3.civ@us.navy.mil,NAVWAR OSBP,navwarsbo.fct@navy.mil,,,,,,N65236-24-RFPREQ-LSUBP00006-0002,https://ams.navair.navy.mil/procurement/AEDC94EE-3634-429F-8F6D-65D8CF8E3AF1
LRAE Annex 25,12,"LIPTM00426, FIO FSO C4I SMR REPAIR, Chugach Dept SAC, Base + 4 OYs","The purpose of this task order is to provide emergent and rapid response for engineering, diagnostic, technical support services and maintenance repair, non GIC installation support services, and associated integration of C4ISR systems on ashore and afloat units in support of Naval Information Warfare Center (NIWC) to support systems associated with, but not limited to, Surveillance and Video Systems; Tactical Networks; Satellite Communications systems; LOS HF/UHF systems; and Interior Communications",LSUBP00057 - LSUBP00057 - FLEET INSTALLATION & READINESS DIV HD - NIWCLANT,$50M - $100M,,Cost-Reimbursement,Delivery Order/Task Order,N65236 - NIWCLANT,FY23,Q3,FY23,Q4,,Follow-on,N0017815D8134,"CHUGACH INFORMATION TECHNOLOGY, INC.","NORTH CHARLESTON, SC",TBD - TBD,R425 - SUPPORT- PROFESSIONAL: ENGINEERING/TECHNICAL,"Anderson, Shannon",shannon.b.anderson3.civ@us.navy.mil,NAVWAR OSBP,navwarsbo.fct@navy.mil,,,,,,N65236-23-RFPREQ-LSUBP00057-0167,https://ams.navair.navy.mil/procurement/4BE6850B-A492-4982-B6AC-A88CF53C46B6
LRAE Annex 25,13,LIPTM00241 - USCG IPT - TELEVISION-DIRECT TO SAILORS - (T606 JG) SEWP (C),TELEVISION DIRECT TO SAILORS (TV-DTS) TO BE INSTALLED ONBOARD USCGC CALHOUN.,LSUBP00006 - LSUBP00006 - FMS AIR INTEGRATION USCG DIV HEAD - NIWCLANT,< $2M,Small Business Set-Aside,Fixed-Price,Delivery Order/Task Order,N65236 - NIWCLANT,FY23,Q3,FY23,Q3,,New,,,"Charleston, SC",541519 - Other Computer Related Services,"5820 - RADIO AND TELEVISION COMMUNICATION EQUIPMENT, EXCEPT AIRBORNE","Anderson, Shannon",shannon.b.anderson3.civ@us.navy.mil,NAVWAR OSBP,navwarsbo.fct@navy.mil,,,,,,N65236-23-RFPREQ-LSUBP00006-0010,https://ams.navair.navy.mil/procurement/68BF2517-F5A4-4433-8C02-FFC50491D0F5
LRAE Annex 25,14,LIPTM00241 - USCG - SCIF/ATIP RACKS - (T637 JG) SEWP (C),"72"" Equipment Racks for SCIF and ATIP systems onboard Offshore Patrol Cutters (OPC), USCGC Stratton, and USCGC Calhoun.  New requirement, not procured before.",LSUBP00006 - LSUBP00006 - FMS AIR INTEGRATION USCG DIV HEAD - NIWCLANT,No Range Specified,TBD,Fixed-Price,Delivery Order/Task Order,N65236 - NIWCLANT,FY23,Q2,FY23,Q3,,New,,,"Charleston, SC",541519 - Other Computer Related Services,5999 - MISCELLANEOUS ELECTRICAL AND ELECTRONIC COMPONENTS,"Anderson, Shannon",shannon.b.anderson3.civ@us.navy.mil,NAVWAR OSBP,navwarsbo.fct@navy.mil,,,,,,N65236-23-RFPREQ-LSUBP00006-0032,https://ams.navair.navy.mil/procurement/229B31F9-8266-47F3-A3F9-98DE60FAC51C
LRAE Annex 25,15,"LIPTM00214, C4I Foreign Military Sales IPT, Satellite Phones,SEWP (C)","The scope of this contract includes the
procurement and delivery of  commercially available off-the-shelf (COTS) equipment
maintenance associated with COTS equipment not available via mandatory sources, renewals for software and hardware licenses/
maintenance not available via mandatory sources, warranties, associated incidental services and all associated documentation
necessary to perform the Naval Information Warfare Center (NIWC) Atlantic mission. The items listed below are considered to be
within scope of the MAC, and have been determined to be commercially available through various re-sellers.",LSUBP00006 - LSUBP00006 - FMS AIR INTEGRATION USCG DIV HEAD - NIWCLANT,< $2M,TBD,Fixed-Price,Delivery Order/Task Order,N65236 - NIWCLANT,FY23,Q2,FY23,Q3,,New,,,"NORTH CHARLESTON, SC",541519 - Other Computer Related Services,7 - IT AND TELECOM - INFORMATION TECHNOLOGY AND TELECOMMUNICATIONS,"Anderson, Shannon",shannon.b.anderson3.civ@us.navy.mil,NAVWAR OSBP,navwarsbo.fct@navy.mil,,,,,,N65236-23-RFPREQ-LSUBP00006-0040,https://ams.navair.navy.mil/procurement/4CF0DF5E-1AAC-422B-AADA-E1D2279E8E99
LRAE Annex 25,16,Submarine CWITT and SWFTS Modernization (N65236-22-R-0017),"The engineering, technical, logistics, programmatic and administrative services provided under the planned contract are for unique support services for VIRGINIA and COLUMBIA Class Submarine Command, Control, Communications, Computers, Combat Systems and Interoperability (C5I) & Weapons Shipping/Handling/Launcher Integrated Test Team (CWITT) and Submarine Warfare Federated Tactical Systems (SWFTS) Modernization (5 Year Base Period plus a 2 Year Optional Ordering Period)",LSUBP00035 - LSUBP00035 - SUBMARINE INTEGRATION DIV HEAD - NIWCLANT,$250M - $1B,,Cost-Reimbursement,Single-Award Indefinite-Delivery,N65236 - NIWCLANT,FY23,Q3,FY23,Q4,,Follow-on,N6523617F3083,,"Charleston, SC",TBD - TBD,"K058 - MODIFICATION OF EQUIPMENT- COMMUNICATION, DETECTION, AND COHERENT RADIATION EQUIPMENT","Anderson, Shannon",shannon.b.anderson3.civ@us.navy.mil,NAVWAR OSBP,navwarsbo.fct@navy.mil,,,,,,N65236-21-RFPREQ-LSUBP00035-0001,https://ams.navair.navy.mil/procurement/95F57E2D-D484-4936-B159-549AC6087E57
LRAE Annex 25,17,LIPTM00214 - C4I FMS IPT- JAPAN - FMS - JA-P-NCO ASEV,NEW SAC - GLOBAL COMMAND AND CONTROL SYSTEM – MARITIME (GCCS-M) JAPAN HARDWARE SYSTEM PRODUCTION under Base Contract N6523618D8014,LSUBP00006 - LSUBP00006 - FMS AIR INTEGRATION USCG DIV HEAD - NIWCLANT,< $2M,TBD,Cost-Reimbursement,Delivery Order/Task Order,N65236 - NIWCLANT,,,FY23,Q3,,New,,,"Charleston, SC",541330 - Engineering Services,R425 - SUPPORT- PROFESSIONAL: ENGINEERING/TECHNICAL,"Anderson, Shannon",shannon.b.anderson3.civ@us.navy.mil,NAVWAR OSBP,navwarsbo.fct@navy.mil,,,,,,N65236-23-RFPREQ-LSUBP00006-0024,https://ams.navair.navy.mil/procurement/3AF0E629-0505-4BD0-86DD-5D789155DF51
LRAE Annex 25,18,LIPTM00214 - C4I FMS IPT- TAIWAN_FMS Case TW-P-GOX Engineering - Support and Testing of Multi-Data Link Management System-12 months+1 option - Ultra SAC,"Engineering Support and Testing of Multi-Data Link Management System (MDLMS) for Foreign Military Sales (FMS) Case TW-PGOX. Support encompasses engineering, testing, software development and technical support integrating the Multi-Data Link Management System (MDLMS) with the Taiwan Advanced Tactical Data Link System (TATDLS) and Beyond Line of Site (BLOS) link sites.",LSUBP00006 - LSUBP00006 - FMS AIR INTEGRATION USCG DIV HEAD - NIWCLANT,< $2M,,Fixed-Price,Delivery Order/Task Order,N65236 - NIWCLANT,FY23,Q2,FY23,Q3,,Follow-on,N6523620F0873,,"Charleston, SC",334111 - Electronic Computer Manufacturing,R425 - SUPPORT- PROFESSIONAL: ENGINEERING/TECHNICAL,"Anderson, Shannon",shannon.b.anderson3.civ@us.navy.mil,NAVWAR OSBP,navwarsbo.fct@navy.mil,,,,,,N65236-23-RFPREQ-LSUBP00006-0011,https://ams.navair.navy.mil/procurement/9954B9C1-19EB-47E9-BA00-EB2141776659
LRAE Annex 25,19,Chugach SAC -Fleet C4I and Readiness Emergent/Rapid Fleet Response Support (CIR 22-022),"The purpose of this contract vehicle is to provide emergent and rapid response for engineering, technical support services, maintenance repair and modernization, and associated integration of C4ISR systems on ashore and afloat units.",LBUSP00023 - LBUSP00023 - C4ISR-01C - NIWCLANT,$50M - $100M,8(a) Sole Source,Cost-Reimbursement,Single-Award Indefinite-Delivery,N65236 - NIWCLANT,FY23,Q2,FY23,Q4,,Follow-on,N6523618F3121,,"Charleston, SC",TBD - TBD,R425 - SUPPORT- PROFESSIONAL: ENGINEERING/TECHNICAL,"Anderson, Shannon",shannon.b.anderson3.civ@us.navy.mil,NAVWAR OSBP,navwarsbo.fct@navy.mil,,,,,,N65236-23-RFPREQ-LBUSP00023-0002,https://ams.navair.navy.mil/procurement/B7B70D75-3B8F-4B28-8DAC-D88B30C2C0E4
LRAE Annex 25,20,Surface Ship Integration Division Project and Financial Management Support,Program management and financial management services for the Surface Ship Integration Division,LSUBP00034 - LSUBP00034 - SURFACE SHIP INTEGRATION DIV HEAD - NIWCLANT,No Range Specified,,TBD,Delivery Order/Task Order,N65236 - NIWCLANT,,,,,,New,,,"Charleston, SC",TBD - TBD,TBD - TBD,"Anderson, Shannon",shannon.b.anderson3.civ@us.navy.mil,NAVWAR OSBP,navwarsbo.fct@navy.mil,,,,,,N65236-23-RFPREQ-LSUBP00034-0001,https://ams.navair.navy.mil/procurement/6C3ECF38-C052-4395-9052-F37ACA4D02A5
LRAE Annex 25,21,LIPTM00214 - USCG IPT - L-3  Communications Corp - NICHE Contract (CIR 22-023),"Work will consist of upgrade integration support of the L3 proprietary products and systems including Red and Black Base Band switches, IVCS and RFDS for hardware and software in support of NSC 7-10. Classroom and hands on training after integration. New iterations of these systems will be upgraded per requirements on all National Security Cutters post DD-250. Technical and engineering services will also be provided as required bases.",LSUBP00006 - LSUBP00006 - FMS AIR INTEGRATION USCG DIV HEAD - NIWCLANT,$50M - $100M,,Cost-Reimbursement,Single-Award Indefinite-Delivery,N65236 - NIWCLANT,FY23,Q3,FY24,Q2,,Follow-on,N6523618D8007,"L3 TECHNOLOGIES, INC.","Charleston, SC",541330 - Engineering Services,R425 - SUPPORT- PROFESSIONAL: ENGINEERING/TECHNICAL,"Anderson, Shannon",shannon.b.anderson3.civ@us.navy.mil,NAVWAR OSBP,navwarsbo.fct@navy.mil,,,,,,N65236-22-RFPREQ-LSUBP00006-0008,https://ams.navair.navy.mil/procurement/174F469E-3256-4A25-BBFC-8551D46A0E5D
LRAE Annex 25,22,"TACMOBILE ENGINEERING, INTEGRATION & INSTALLATION SUPPORT (C)",Follow on task order to N6523619D4809/N6523620F3907,LSUBP00006 - LSUBP00006 - FMS AIR INTEGRATION USCG DIV HEAD - NIWCLANT,$250M - $1B,TBD,Cost-Reimbursement,Delivery Order/Task Order,N65236 - NIWCLANT,,,FY24,Q4,,Follow-on,N6523620F3907,,"Charleston, SC",TBD - TBD,TBD - TBD,"Anderson, Shannon",shannon.b.anderson3.civ@us.navy.mil,NAVWAR OSBP,navwarsbo.fct@navy.mil,,,,,,N65236-23-RFPREQ-LSUBP00006-0046,https://ams.navair.navy.mil/procurement/948AC693-67B0-4E06-998B-B2E380C2D899
LRAE Annex 25,23,LIPTM00226 - NAVAIR FMS TWN-23-3004 HELP DESK - SEWP (C),"SCIENCE APPLICATIONS INTERNATIONAL CORPORATION (SAIC), P/N: 15206-23, JRE HELP DESK FOR YEAR 2023",LSUBP00006 - LSUBP00006 - FMS AIR INTEGRATION USCG DIV HEAD - NIWCLANT,< $2M,TBD,Fixed-Price,Delivery Order/Task Order,N65236 - NIWCLANT,FY23,Q3,FY23,Q4,,Follow-on,N6523621V7617,SCIENCE APPLICATIONS INTERNATIONAL CORPORATION,"PATUXENT RIVER, MD",TBD - TBD,TBD - TBD,"Anderson, Shannon",shannon.b.anderson3.civ@us.navy.mil,NAVWAR OSBP,navwarsbo.fct@navy.mil,,,,,,N65236-23-RFPREQ-LSUBP00006-0050,https://ams.navair.navy.mil/procurement/8D865EE9-0EB5-4E35-82B7-D38878EA6770
LRAE Annex 25,24,LIPTM00226 - NAVAIR FMS TWN-23-3001 RUGGED/DELL/PANDUIT SEWP (C),"Naval Information Warfare Center (NIWC) Atlantic has a requirement to procure equipment that is part of the approved NAVAIR FMS system.  These items include RUGGED SYSTEMS, DELL and PANDUIT hardware.",LSUBP00006 - LSUBP00006 - FMS AIR INTEGRATION USCG DIV HEAD - NIWCLANT,< $2M,TBD,Fixed-Price,Delivery Order/Task Order,N65236 - NIWCLANT,FY23,Q3,FY23,Q3,,New,,,"PATUXENT RIVER, MD",TBD - TBD,TBD - TBD,"Anderson, Shannon",shannon.b.anderson3.civ@us.navy.mil,NAVWAR OSBP,navwarsbo.fct@navy.mil,,,,,,N65236-23-RFPREQ-LSUBP00006-0054,https://ams.navair.navy.mil/procurement/F0414C73-5B16-4C8A-BC86-5599A036947E
LRAE Annex 25,25,"LIPTM00214 - C4I FMS IPT-NATO-FMS CASE N1-P-LAA, SEWP (C)","“This is a justification to support the procurement of items that are peculiar to specific manufacturers. The proposed action will result in the award of a Firm Fixed Price (FFP) delivery order under the National Aeronautics and Space Administration (NASA) Solutions for Enterprise-Wide Procurement (SEWP) Government-Wide Acquisitions Contract (GWAC). The scope of SEWP includes the procurement and delivery of commercial equipment, software, hardware licenses/maintenance associated with commercial items and ancillary services. The items listed below are considered to within the scope of the GWAC and have been determined to be commercially available through various re-sellers. The identified items are Commercial-Off-The-Shelf (COTS) and are not available via mandatory sources.”",LSUBP00006 - LSUBP00006 - FMS AIR INTEGRATION USCG DIV HEAD - NIWCLANT,< $2M,TBD,Fixed-Price,Delivery Order/Task Order,N65236 - NIWCLANT,FY23,Q3,FY23,Q4,,New,,,"NORTH CHARLESTON, SC",541519 - Other Computer Related Services,"3694 - CLEAN WORK STATIONS, CONTROLLED ENVIRONMENT, AND RELATED EQUIPMENT","Anderson, Shannon",shannon.b.anderson3.civ@us.navy.mil,NAVWAR OSBP,navwarsbo.fct@navy.mil,,,,,,N65236-23-RFPREQ-LSUBP00006-0065,https://ams.navair.navy.mil/procurement/15E1B38F-E37A-4C0D-9A18-A01515F0BD1A
LRAE Annex 25,26,LIPTM00226-NAVAIR-FMS-KS-P3-23-002-TRIVEC-SEWP (C),TRIVEC AVANT ANTENNAS,LSUBP00006 - LSUBP00006 - FMS AIR INTEGRATION USCG DIV HEAD - NIWCLANT,< $2M,,Fixed-Price,Delivery Order/Task Order,N65236 - NIWCLANT,FY23,Q3,FY23,Q4,,New,,,"Washington Navy Yard, DC",TBD - TBD,"5985 - ANTENNAS, WAVEGUIDES, AND RELATED EQUIPMENT","Anderson, Shannon",shannon.b.anderson3.civ@us.navy.mil,NAVWAR OSBP,navwarsbo.fct@navy.mil,,,,,,N65236-23-RFPREQ-LSUBP00006-0064,https://ams.navair.navy.mil/procurement/DFD393A3-1E82-49F4-BC66-626A40736D18
LRAE Annex 25,27,"LIPTM00214 - C4I FMS, USCENTCOM Partner Network and CENTRIXSFMS, CASE BA-P-GBM, SEWP (C)",Procurement of material for USCENTCOM Partner Network and CENTRIXS capabilities for Bahrain.,LSUBP00006 - LSUBP00006 - FMS AIR INTEGRATION USCG DIV HEAD - NIWCLANT,< $2M,TBD,Fixed-Price,Delivery Order/Task Order,N65236 - NIWCLANT,FY23,Q3,FY23,Q4,,New,,,"NORTH CHARLESTON, SC",541519 - Other Computer Related Services,7B22 - IT AND TELECOM - COMPUTE: SERVERS (HARDWARE AND PERPETUAL LICENSE SOFTWARE),"Anderson, Shannon",shannon.b.anderson3.civ@us.navy.mil,NAVWAR OSBP,navwarsbo.fct@navy.mil,,,,,,N65236-23-RFPREQ-LSUBP00006-0078,https://ams.navair.navy.mil/procurement/A046EE27-5C67-4E1C-98DF-35A57F948FBC
LRAE Annex 25,28,Front Office Contract Re-compete (C),Award new MIDS Front Office contract,PMA/PMW-101 - PMA/PMW-101 - NAVWAR,< $2M,Small Business Set-Aside,Cost-Reimbursement,Single-Award Indefinite-Delivery,N00039 - NAVWAR,,,FY27,Q2,60,Follow-on,N0017819D7675,"G2 SOFTWARE SYSTEMS, INC.","San Diego, CA",541330 - Engineering Services,R408 - Program Management/Support Services,"ARTIS, MICHAEL",michael.r.artis.civ@us.navy.mil,NAVWAR OSBP,navwarsbo.fct@navy.mil,Secret,,,,Some of the contractors will need to hold a TS SCI as well as Secret,N00039-26-RFPREQ-PMA/PMW-101-0005,https://ams.navair.navy.mil/procurement/32077B48-FAF3-453B-8339-C986F52F89B2
LRAE Annex 25,29,MIDS LVT IDIQ (C),"Follow-on contract for the procurement of MIDS-LVT terminals, spares, FMS, engineering Services, BU2 Retrofit Kits, and BU2 Retrofit Services.",PMA/PMW-101 - PMA/PMW-101 - NAVWAR,$250M - $1B,,TBD,TBD,N00039 - NAVWAR,,,FY25,Q3,,,,,"San Diego, CA",334220 - Radio and Television Broadcasting and Wireless Communications Equipment Manufacturing,TBD - TBD,"Bredesen, Editha",editha.y.bredesen.civ@us.navy.mil,NAVWAR OSBP,navwarsbo.fct@navy.mil,Secret,,,,,N00039-23-RFPREQ-PMA/PMW-101-0017,https://ams.navair.navy.mil/procurement/9F18C0BC-9F20-458C-863F-3CB416EF543F
LRAE Annex 25,30,LCM,LCM production and SE&I,PMA/PMW-101 - PMA/PMW-101 - NAVWAR,$7.5M - $50M,,TBD,TBD,N00039 - NAVWAR,,,FY25,Q3,60,,,,"San Diego, CA",334220 - Radio and Television Broadcasting and Wireless Communications Equipment Manufacturing,TBD - TBD,"Bredesen, Editha",editha.y.bredesen.civ@us.navy.mil,NAVWAR OSBP,navwarsbo.fct@navy.mil,Secret,,,,,N00039-23-RFPREQ-PMA/PMW-101-0018,https://ams.navair.navy.mil/procurement/914BD22D-5D89-4383-BF7C-17C98E80A877
LRAE Annex 25,31,Defense Health Agency Information Transport III - SeaPort (C),"Naval Information Warfare Center Atlantic (NIWC Atlantic) delivers management, systems engineering, finance, logistics, and quality assurance services to Defense Health Agency (DHA) Infrastructure & Operations and a triennial technical refresh of the Military Treatment Facilities (MTF) infrastructure at 130 Military Treatment Facilities worldwide. This includes cable plant infrastructure, Local Area Network (LAN) electronics, Wireless LAN (WLAN) capability, and WLAN engineering services to DHA LAN / WLAN Deployment Section, and WLAN sustainment services to the DHA LAN / WLAN Sustainment Section. Support also encompasses maintenance of the Department of Defense (DoD) Risk Management Framework - type accreditation for the DHA WLAN 2.0 type accreditation and for future DHA WLAN increments; support compliance with DoD and Military Health System (MHS) Information Assurance (IA) standards, maximize standardization, interchangeability and commonality, and provide remote, on-call engineering support to deployed MHS WLAN systems. Technical refresh is executed in a triennial, site-based, phased approach, on a sliding schedule and at any time six (6) deployment teams could be fielded to execute various phases of the refresh at six (6) different locations.",LSUBP00009 - LSUBP00009 - DEFENSE HEALTH INFO TECH DIV HEAD - NIWCLANT,$100M - $250M,Small Business Set-Aside,Cost-Reimbursement,Delivery Order/Task Order,N65236 - NIWCLANT,FY23,Q3,FY23,Q4,,Follow-on,N0017814D7819,MANUFACTURING ENGINEERING SYSTEMS INC.,"Charleston, SC",541330 - Engineering Services,R425 - SUPPORT- PROFESSIONAL: ENGINEERING/TECHNICAL,"Brown, Christopher",christopher.m.brown14.civ@us.navy.mil,NAVWAR OSBP,navwarsbo.fct@navy.mil,,,,,,N65236-22-RFPREQ-LSUBP00009-0010,https://ams.navair.navy.mil/procurement/396F584E-12B8-4D75-AB77-A929F8C7E51F
LRAE Annex 25,32,National Intelligence Systems Engineering and Capability Development - SeaPort (C),"Operations and maintenance support, research and development, test and evaluation and management support services to Naval Information Warfare Center Atlantic (NIWC Atlantic) in support of National Intelligence programs including High Frequency Direction Finding (HFDF) systems, REDHAWK Center of Excellence (COE), and related efforts supporting cryptologic and Signals Intelligence (SIGINT) revitalization.",LSUBP00023 - LSUBP00023 - SPEC RECON SURVEIL & EXPLOIT DIV HD - NIWCLANT,$7.5M - $50M,TBD,Cost-Reimbursement,Delivery Order/Task Order,N65236 - NIWCLANT,FY23,Q2,FY23,Q4,,Follow-on,N6523619D4809,SCIENTIFIC RESEARCH CORPORATION,"Charleston, SC",541330 - Engineering Services,R425 - SUPPORT- PROFESSIONAL: ENGINEERING/TECHNICAL,"Brown, Christopher",christopher.m.brown14.civ@us.navy.mil,NAVWAR OSBP,navwarsbo.fct@navy.mil,,,,,,N65236-22-RFPREQ-LSUBP00023-0003,https://ams.navair.navy.mil/procurement/49BEF53D-38B1-4E3E-9ACF-8A9D6CCB3777
LRAE Annex 25,33,"NETWORK PROTECTION DESIGN, DEPLOYMENT, AND ENGINEERING SUPPORT - SeaPort (C)","Executing network protection suite design, testing, deployment and sustainment in support of the Medical Community of Interest (MedCOI) network, which will support the exchange of healthcare information worldwide between Army, Navy, Air Force, the Defense Health Agency (DHA), United States Coast Guard (USCG), the Veteran’s Administration (VA), Defense Manpower Data Center (DMDC), Defense Healthcare Management System Modernization (DHMSM), Defense Medical Information Exchange (DMIX), and DHA locations worldwide.",LSUBP00009 - LSUBP00009 - DEFENSE HEALTH INFO TECH DIV HEAD - NIWCLANT,$7.5M - $50M,Small Business Set-Aside,Cost-Reimbursement,Delivery Order/Task Order,N65236 - NIWCLANT,FY23,Q3,FY23,Q4,,Follow-on,N0017819D8183,"NEXGEN DATA SYSTEMS, INC.","Charleston, SC",541330 - Engineering Services,R425 - SUPPORT- PROFESSIONAL: ENGINEERING/TECHNICAL,"Brown, Christopher",christopher.m.brown14.civ@us.navy.mil,NAVWAR OSBP,navwarsbo.fct@navy.mil,,,,,,N65236-22-RFPREQ-LSUBP00009-0009,https://ams.navair.navy.mil/procurement/6550CE3F-F8BE-4146-97BA-FFA30398BD8B
LRAE Annex 25,34,IT SUPPORT SERVICES (ITSS) - SeaPort (C),"Enterprise IT/Infrastructure, Data center/hosting environment, Command, Control, Communications Protection (C3P) Ashore, Enterprise Information Management (EIM), Enterprise Support Center (including applications), Regional IT Services, Information Assurance, and Cyber Security.  The contractor shall fully embrace Information Technology (IT) as an enabler to provide efficient and effective approaches to the enterprise structure and process including training services.  The contractor shall leverage business and mission support ideas from their staff and external partners to provide enterprise-class service and support to the NIWC Atlantic program, functioning across CNIC’s regions, installations, bases, programs and business lines.  The contractor shall enable more efficient and effective operations and enterprise business solutions that support both today’s and tomorrow’s IT needs.",LSUBP00010 - LSUBP00010 - FORCE PROTECTION SOLUTIONS DIV HEAD - NIWCLANT,$100M - $250M,,Cost-Reimbursement,Delivery Order/Task Order,N65236 - NIWCLANT,FY23,Q3,FY24,Q2,,Follow-on,N0017819D7693,"GENERAL DYNAMICS INFORMATION TECHNOLOGY, INC.","Charleston, SC",541330 - Engineering Services,DA01 - IT and Telecom — Business Application/Application Development Support Services (Labor) Services,"Brown, Christopher",christopher.m.brown14.civ@us.navy.mil,NAVWAR OSBP,navwarsbo.fct@navy.mil,,,,,,N65236-24-RFPREQ-LSUBP00010-0001,https://ams.navair.navy.mil/procurement/4C7A4B06-6D2F-4372-9B8E-0EC62EA7E73F
LRAE Annex 25,35,NGA DIA SMS Integration,"New SAC TO: DIA HQ Annex services will be provided by existing infrastructure.  Due to this decision, NGA classified networks and SMS systems will extend into the DIA facility. This PR will extend all SMS",LSUBP00010 - LSUBP00010 - FORCE PROTECTION SOLUTIONS DIV HEAD - NIWCLANT,$2M - $7.5M,,Cost-Reimbursement,Delivery Order/Task Order,N65236 - NIWCLANT,FY23,Q3,FY23,Q4,,New,,,"Charleston, SC",541330 - Engineering Services,"N063 - INSTALLATION OF EQUIPMENT- ALARM, SIGNAL, AND SECURITY DETECTION SYSTEMS","Brown, Christopher",christopher.m.brown14.civ@us.navy.mil,NAVWAR OSBP,navwarsbo.fct@navy.mil,,,,,,N65236-23-RFPREQ-LSUBP00010-0058,https://ams.navair.navy.mil/procurement/9401F38B-ED78-4E5E-934F-FC2047F2300D
LRAE Annex 25,36,"LIPTM00006, Naval Command & Operations Centers, C6F VDS MOC Installation Support, SAC","Contract Number: N6523621D8009 / Task Order: NEW
Requirements Overview: Command 6th Fleet Video Distribution System (VDS) Installation in ALT-FCC and Maritime Operations Center (MOC).",LSUBP00002 - LSUBP00002 - COMMAND OPERATIONS CENTERS DIV HEAD - NIWCLANT,< $2M,8(a) Sole Source,Cost-Reimbursement,Delivery Order/Task Order,N65236 - NIWCLANT,FY23,Q3,FY23,Q4,,New,,,"Charleston, SC",541330 - Engineering Services,R425 - SUPPORT- PROFESSIONAL: ENGINEERING/TECHNICAL,"Brown, Christopher",christopher.m.brown14.civ@us.navy.mil,NAVWAR OSBP,navwarsbo.fct@navy.mil,,,,,,N65236-23-RFPREQ-LSUBP00002-0059,https://ams.navair.navy.mil/procurement/D6F30BA6-206D-42E5-B5D2-A4DDBCB44E54
LRAE Annex 25,37,"LBUSP00026, Shore C2ISR Dept, New SAC TO, MBAS II PM/FM/BA","Contract: N6523622D8006
Task Order: New
Requirements: Shore C2ISR and Integration PM/FM & Business Analytical Support",LSUBP00002 - LSUBP00002 - COMMAND OPERATIONS CENTERS DIV HEAD - NIWCLANT,$7.5M - $50M,Small Business Set-Aside,Cost-Reimbursement,Delivery Order/Task Order,N65236 - NIWCLANT,FY23,Q3,FY23,Q3,,New,,,"Charleston, SC","518210 - Computing Infrastructure Providers, Data Processing, Web Hosting, and Related Services",R408 - Program Management/Support Services,"Brown, Christopher",christopher.m.brown14.civ@us.navy.mil,NAVWAR OSBP,navwarsbo.fct@navy.mil,,,,,,N65236-23-RFPREQ-LSUBP00002-0060,https://ams.navair.navy.mil/procurement/9833FB41-C7CF-462D-992B-D3815A66854B
LRAE Annex 25,38,PNBC Philadelphia LAMAS Alarm Integration,New ORDER SAC: PNBC Philadelphia LAMAS alarm integration under the ESSS Contract - N6523620D8001,LSUBP00010 - LSUBP00010 - FORCE PROTECTION SOLUTIONS DIV HEAD - NIWCLANT,< $2M,,Cost-Reimbursement,Delivery Order/Task Order,N65236 - NIWCLANT,FY23,Q3,FY23,Q3,,New,,,"Charleston, SC",541330 - Engineering Services,"N063 - INSTALLATION OF EQUIPMENT- ALARM, SIGNAL, AND SECURITY DETECTION SYSTEMS","Brown, Christopher",christopher.m.brown14.civ@us.navy.mil,NAVWAR OSBP,navwarsbo.fct@navy.mil,,,,,,N65236-23-RFPREQ-LSUBP00010-0042,https://ams.navair.navy.mil/procurement/6AF31569-5FD3-4180-9608-1784242198BD
LRAE Annex 25,39,Performance Based Logistics Support and Repair of Repairables Program support to NAVAIR PMA-290 and NAVSUP WSS-SeaPort (C),"Work under this order will consist of program management, logistics, technical troubleshooting and repair services for SPAWAR Performance Based Logistics-Organic (PBL-O) on Fleet Operational Cryptologic Systems fielded by NAVAIR throughout their life cycle. These systems include the EP-3E Spiral 1, Spiral 3,  and the Special Missions Aircraft (SMA) systems",LSUBP00023 - LSUBP00023 - SPEC RECON SURVEIL & EXPLOIT DIV HD - NIWCLANT,$7.5M - $50M,Small Business Set-Aside,Cost-Reimbursement,Delivery Order/Task Order,N65236 - NIWCLANT,FY23,Q2,FY23,Q3,,Follow-on,N0017814D7736,"GROVE RESOURCE SOLUTIONS, INC.","NORTH CHARLESTON, SC",541330 - Engineering Services,"DE01 - IT AND TELECOM - END USER SUPPORT SERVICES: CONFERENCING, AV, HELPDESK, DESKSIDE SUPPORT, WORKSPACE, PRINTERS, COLLABORATION AND PRODUCTIVITY TOOLS (LABOR)","Brown, Christopher",christopher.m.brown14.civ@us.navy.mil,NAVWAR OSBP,navwarsbo.fct@navy.mil,,,,,,N65236-23-RFPREQ-LSUBP00023-0001,https://ams.navair.navy.mil/procurement/4B30FB11-B5C0-4FA5-9BE0-78DFB6EFEFCE
LRAE Annex 25,40,NGA CMS Lifecycle Optimization (C),Sustainment Services for the NGA Chem/Bio/Nuc/Radiological/Explosives detection system which protects 2.5 million sq ft of SCIF space at NGA HQ and other facilities.,LSUBP00010 - LSUBP00010 - FORCE PROTECTION SOLUTIONS DIV HEAD - NIWCLANT,$7.5M - $50M,,Fixed-Price,Delivery Order/Task Order,N65236 - NIWCLANT,FY23,Q2,FY23,Q4,,New,,,"Charleston, SC",541330 - Engineering Services,"J063 - MAINT/REPAIR/REBUILD OF EQUIPMENT- ALARM, SIGNAL, AND SECURITY DETECTION SYSTEMS","Brown, Christopher",christopher.m.brown14.civ@us.navy.mil,NAVWAR OSBP,navwarsbo.fct@navy.mil,,,,,,N65236-23-RFPREQ-LSUBP00010-0012,https://ams.navair.navy.mil/procurement/E7C9BB26-21A0-4242-94BF-29875A6FAAC8
LRAE Annex 25,41,LIPTM00132_Naval & Joint Europe _MISCELLANEOUS MATERIAL FOR CONFERECNE ROOM_SEWP (C),"To provide miscellaneous equipment for United States European Command (USEUCOM), J2 Conference Rooms Audio Visual Upgrade.",LSUBP00002 - LSUBP00002 - COMMAND OPERATIONS CENTERS DIV HEAD - NIWCLANT,< $2M,Small Business Set-Aside,Fixed-Price,Delivery Order/Task Order,N65236 - NIWCLANT,FY23,Q2,FY23,Q3,,New,,,"NORTH CHARLESTON, SC",423690 - Other Electronic Parts and Equipment Merchant Wholesalers,5999 - MISCELLANEOUS ELECTRICAL AND ELECTRONIC COMPONENTS,"Brown, Christopher",christopher.m.brown14.civ@us.navy.mil,NAVWAR OSBP,navwarsbo.fct@navy.mil,,,,,,N65236-23-RFPREQ-LSUBP00002-0004,https://ams.navair.navy.mil/procurement/B92B7B54-A98D-4B6A-BDC0-0E1E583D8673
LRAE Annex 25,42,LIPTM00006_Naval Command and Operations Center_INSTALL MATERIAL_SEWP (C),Miscellaneous install material for a the NCTS NOC Watchfloor Install for sustainment of operations at the customer's site (Naples).,LSUBP00002 - LSUBP00002 - COMMAND OPERATIONS CENTERS DIV HEAD - NIWCLANT,< $2M,TBD,Fixed-Price,Delivery Order/Task Order,N65236 - NIWCLANT,FY23,Q2,FY23,Q2,,New,,,"NORTH CHARLESTON, SC",541519 - Other Computer Related Services,5999 - MISCELLANEOUS ELECTRICAL AND ELECTRONIC COMPONENTS,"Brown, Christopher",christopher.m.brown14.civ@us.navy.mil,NAVWAR OSBP,navwarsbo.fct@navy.mil,,,,,,N65236-23-RFPREQ-LSUBP00002-0005,https://ams.navair.navy.mil/procurement/F0177981-ACBC-4C9B-A201-3EA1ADEA3B2D
LRAE Annex 25,43,CYP CCTV Lifecycle Support Maintenance - SeaPort (C),Provides CYP CCTV systems for USN and USAF with annual maintenance visits to provide ongoing systems health checks and ATO updates and a 24/7 help desk including onsite visits for emergency and corrective maintenance actions.,LSUBP00010 - LSUBP00010 - FORCE PROTECTION SOLUTIONS DIV HEAD - NIWCLANT,$7.5M - $50M,,Cost-Reimbursement,Delivery Order/Task Order,N65236 - NIWCLANT,FY23,Q2,FY24,Q1,,Follow-on,N0017814D7748,"KBRWYLE TECHNOLOGY SOLUTIONS, LLC","Charleston, SC",541330 - Engineering Services,"J063 - MAINT/REPAIR/REBUILD OF EQUIPMENT- ALARM, SIGNAL, AND SECURITY DETECTION SYSTEMS","Brown, Christopher",christopher.m.brown14.civ@us.navy.mil,NAVWAR OSBP,navwarsbo.fct@navy.mil,,,,,,N65236-23-RFPREQ-LSUBP00010-0028,https://ams.navair.navy.mil/procurement/0003D236-BB67-4CA2-A56E-B54EDABF3A90
LRAE Annex 25,44,"LIPTM00008, Joint Command & Operations Center, AADS-PADS Procure/Install, CMS MAC (C)","Contract: N65236-18-D-3003-3007
Task Order: New
Alaska Air Defense Sector (AADS) & Pacific Air Defense Sector (PADS) Agile Operations Center: 60%, 90%, 100% C4I designs (AV, PI, IFS) Cyber support, adding AV to existing ATOs, Procurement and Installation of C4I designs.",LSUBP00002 - LSUBP00002 - COMMAND OPERATIONS CENTERS DIV HEAD - NIWCLANT,$7.5M - $50M,,Cost-Reimbursement,Delivery Order/Task Order,N65236 - NIWCLANT,FY23,Q3,FY23,Q4,,New,,,"Charleston, SC",541330 - Engineering Services,R425 - SUPPORT- PROFESSIONAL: ENGINEERING/TECHNICAL,"Brown, Christopher",christopher.m.brown14.civ@us.navy.mil,NAVWAR OSBP,navwarsbo.fct@navy.mil,,,,,,N65236-23-RFPREQ-LSUBP00002-0021,https://ams.navair.navy.mil/procurement/81BEAACE-AEE2-45FE-8B25-05B90F673782
LRAE Annex 25,45,LIPTM00132_Naval & Joint Europe _CISCO MATERIAL FOR CONFERENCE ROOM_DOD ESI CISCO SEWP CATALOG (C),"To provide Cisco equipment for United States European Command (USEUCOM), J2 Conference Rooms Audio Visual Upgrade.",LSUBP00002 - LSUBP00002 - COMMAND OPERATIONS CENTERS DIV HEAD - NIWCLANT,< $2M,Small Business Set-Aside,Fixed-Price,Delivery Order/Task Order,N65236 - NIWCLANT,FY23,Q2,FY23,Q3,,New,,,"NORTH CHARLESTON, SC",541519 - Other Computer Related Services,7G20 - IT AND TELECOM - NETWORK: ANALOG VOICE PRODUCTS (HARDWARE AND PERPETUAL LICENSE SOFTWARE),"Brown, Christopher",christopher.m.brown14.civ@us.navy.mil,NAVWAR OSBP,navwarsbo.fct@navy.mil,,,,,,N65236-23-RFPREQ-LSUBP00002-0023,https://ams.navair.navy.mil/procurement/3C664916-8A5A-430E-A9AF-42C5767A5A1A
LRAE Annex 25,46,NCR Expansion ESS Upgrade,New Order SAC to support NCR Expansion ESS Upgrade. Contract N65236-20-D-8001,LSUBP00010 - LSUBP00010 - FORCE PROTECTION SOLUTIONS DIV HEAD - NIWCLANT,$7.5M - $50M,,Cost-Reimbursement,Delivery Order/Task Order,N65236 - NIWCLANT,FY23,Q3,FY23,Q3,,New,,,"Charleston, SC",541330 - Engineering Services,"N063 - INSTALLATION OF EQUIPMENT- ALARM, SIGNAL, AND SECURITY DETECTION SYSTEMS","Brown, Christopher",christopher.m.brown14.civ@us.navy.mil,NAVWAR OSBP,navwarsbo.fct@navy.mil,,,,,,N65236-23-RFPREQ-LSUBP00010-0043,https://ams.navair.navy.mil/procurement/2960EB67-5910-4A60-A41D-092B529C5844
LRAE Annex 25,47,NGA LMR Headend Refresh,New Order SAC to support NGA LMR Headend Refresh. Contract N65236-20-D-8001,LSUBP00010 - LSUBP00010 - FORCE PROTECTION SOLUTIONS DIV HEAD - NIWCLANT,$2M - $7.5M,TBD,Cost-Reimbursement,Delivery Order/Task Order,N65236 - NIWCLANT,FY23,Q3,FY23,Q4,,New,,,"Charleston, SC",541330 - Engineering Services,"N063 - INSTALLATION OF EQUIPMENT- ALARM, SIGNAL, AND SECURITY DETECTION SYSTEMS","Brown, Christopher",christopher.m.brown14.civ@us.navy.mil,NAVWAR OSBP,navwarsbo.fct@navy.mil,,,,,,N65236-23-RFPREQ-LSUBP00010-0044,https://ams.navair.navy.mil/procurement/AF84AD60-00D1-4B10-8B1A-1A39751CE7CB
LRAE Annex 25,48,NAVCONBRIG Miramar ESCS Technical Support Guard Duress,NAVCONBRIG Miramar ESCS Technical Support Guard Duress,LSUBP00010 - LSUBP00010 - FORCE PROTECTION SOLUTIONS DIV HEAD - NIWCLANT,< $2M,,Cost-Reimbursement,Delivery Order/Task Order,N65236 - NIWCLANT,FY23,Q3,FY23,Q4,,New,,,"Charleston, SC",541330 - Engineering Services,"N063 - INSTALLATION OF EQUIPMENT- ALARM, SIGNAL, AND SECURITY DETECTION SYSTEMS","Brown, Christopher",christopher.m.brown14.civ@us.navy.mil,NAVWAR OSBP,navwarsbo.fct@navy.mil,,,,,,N65236-23-RFPREQ-LSUBP00010-0009,https://ams.navair.navy.mil/procurement/850720F3-F760-4155-BA9E-6071CAED85FD
LRAE Annex 25,49,"LIPTM00006, Naval Command & Operations Centers, C5F Programming Support, SAC","Contract Number: N6523621D8009 / Task Order: NEW
Requirements Overview: This effort encompasses a software installation to support the Primeview Video Wall installation at C5F building 260.",LSUBP00002 - LSUBP00002 - COMMAND OPERATIONS CENTERS DIV HEAD - NIWCLANT,< $2M,8(a) Sole Source,Cost-Reimbursement,Delivery Order/Task Order,N65236 - NIWCLANT,FY23,Q3,FY23,Q4,,New,,,"Charleston, SC",541330 - Engineering Services,R425 - SUPPORT- PROFESSIONAL: ENGINEERING/TECHNICAL,"Brown, Christopher",christopher.m.brown14.civ@us.navy.mil,NAVWAR OSBP,navwarsbo.fct@navy.mil,,,,,,N65236-23-RFPREQ-LSUBP00002-0012,https://ams.navair.navy.mil/procurement/D2EE58CC-08DE-4CA1-90D6-CE3A673C9B6C
LRAE Annex 25,50,Emergent and Special Security Solutions (CIR 23-011) (C),"The Force Protection Solutions division requires a contract to provide security related engineering, technical, logistics, and other support services to develop and deliver solutions for Electronic Security System (ESS) and Emergency Management (EM) requirements.  This contract is intended to focus exclusively on ESS/EM requirements where timely responses are required to address evolving mission requirements and emerging threats.  The primary sponsors supported by this requirement includes:  CNIC HQ, CNIC Regions, CNIC N9, NAVFAC AT/FP, MCICOM, AFRICOM, EUCOM, USAFE, US Army, US Secret Service, DLA, and NGA.

This contract will be supplemented by a corresponding MAC contract for requirements that are not of an emergent and time sensitive nature.",LSUBP00010 - LSUBP00010 - FORCE PROTECTION SOLUTIONS DIV HEAD - NIWCLANT,$50M - $100M,TBD,Cost-Reimbursement,Single-Award Indefinite-Delivery,N65236 - NIWCLANT,FY24,Q2,FY25,Q2,,Follow-on,N6523620D8001,"M. C. DEAN, INC.","Charleston, SC",541330 - Engineering Services,"N063 - INSTALLATION OF EQUIPMENT- ALARM, SIGNAL, AND SECURITY DETECTION SYSTEMS","Brown, Christopher",christopher.m.brown14.civ@us.navy.mil,NAVWAR OSBP,navwarsbo.fct@navy.mil,,,,,,N65236-25-RFPREQ-LSUBP00010-0001,https://ams.navair.navy.mil/procurement/AB99BF47-1515-450D-AF2C-C5C8631C7993
LRAE Annex 25,51,ESS Global Security Solutions (CIR 23-012) (C),"The Force Protection Solutions (FPS) division requires a contract to provide security related engineering, technical, logistics, and other support services to develop, deliver, and sustain Electronic Security System (ESS) and Emergency Management (EM) solutions for its customers/sponsors.  The primary FPS customers/sponsors supported by this requirement includes:  CNIC HQ, CNIC Regions, CNIC N9, NAVFAC AT/FP, MCICOM, US Secret Service, and NGA.  The FPS division anticipates a major increase in demand for Navy shore ESS solutions as Navy Interim Guidance for the Life Cycle Management of Shore Electronic Security Systems was released by CNO last year naming NIWC Atlantic as the Technical Manager for Navy ESS.

This contract will be supplemented by a corresponding emergent requirements SAC contract.",LSUBP00010 - LSUBP00010 - FORCE PROTECTION SOLUTIONS DIV HEAD - NIWCLANT,$250M - $1B,TBD,Cost-Reimbursement,Single-Award Indefinite-Delivery,N65236 - NIWCLANT,FY24,Q2,FY25,Q2,,New,,,"Charleston, SC",541330 - Engineering Services,"N063 - INSTALLATION OF EQUIPMENT- ALARM, SIGNAL, AND SECURITY DETECTION SYSTEMS","Brown, Christopher",christopher.m.brown14.civ@us.navy.mil,NAVWAR OSBP,navwarsbo.fct@navy.mil,,,,,,N65236-23-RFPREQ-LSUBP00010-0002,https://ams.navair.navy.mil/procurement/385B9238-72D0-462A-A0BD-D9960E65EBBF
LRAE Annex 25,52,LIPTM00006_Naval Command and Operations Center_INSTALL CISCO MATERIAL_DOD ESI SEWP CATALOG (C),CISCO material for a the NCTS NOC Watchfloor Install for sustainment of operations at the customer's site (Naples).,LSUBP00002 - LSUBP00002 - COMMAND OPERATIONS CENTERS DIV HEAD - NIWCLANT,< $2M,TBD,Fixed-Price,Delivery Order/Task Order,N65236 - NIWCLANT,FY23,Q2,FY23,Q2,,New,,,"NORTH CHARLESTON, SC",541519 - Other Computer Related Services,7G20 - IT AND TELECOM - NETWORK: ANALOG VOICE PRODUCTS (HARDWARE AND PERPETUAL LICENSE SOFTWARE),"Brown, Christopher",christopher.m.brown14.civ@us.navy.mil,NAVWAR OSBP,navwarsbo.fct@navy.mil,,,,,,N65236-23-RFPREQ-LSUBP00002-0026,https://ams.navair.navy.mil/procurement/6D55FC61-1F18-4E21-835B-708D2FC25AC1
LRAE Annex 25,53,LIPTM00395 - MULTI MEDIA  IPT - 23-021 COMNAV BEACH Material - SEWP (C),SEWP PROCURE AUDIO VISUAL Material - SEWP VTC INSTALL,LSUBP00002 - LSUBP00002 - COMMAND OPERATIONS CENTERS DIV HEAD - NIWCLANT,< $2M,,Fixed-Price,Delivery Order/Task Order,N65236 - NIWCLANT,FY23,Q3,FY23,Q3,,New,,,"Charleston, SC",541519 - Other Computer Related Services,7G20 - IT AND TELECOM - NETWORK: ANALOG VOICE PRODUCTS (HARDWARE AND PERPETUAL LICENSE SOFTWARE),"Brown, Christopher",christopher.m.brown14.civ@us.navy.mil,NAVWAR OSBP,navwarsbo.fct@navy.mil,,,,,,N65236-23-RFPREQ-LSUBP00002-0030,https://ams.navair.navy.mil/procurement/00C702AF-3073-4E30-A7C5-7029E60C0ACF
LRAE Annex 25,54,LIPTM00395 - MULTI MEDIA  IPT - 23-016 MARINE CORPS SECURITY FORCES REGIMENT AUDIO VISUAL Material - SEWP (C),SEWP PROCURE MCSFR AUDIO VISUAL Material - SEWP VTC INSTALL,LSUBP00002 - LSUBP00002 - COMMAND OPERATIONS CENTERS DIV HEAD - NIWCLANT,< $2M,,Fixed-Price,Delivery Order/Task Order,N65236 - NIWCLANT,FY23,Q3,FY23,Q3,,New,,,"Charleston, SC",541519 - Other Computer Related Services,7G20 - IT AND TELECOM - NETWORK: ANALOG VOICE PRODUCTS (HARDWARE AND PERPETUAL LICENSE SOFTWARE),"Brown, Christopher",christopher.m.brown14.civ@us.navy.mil,NAVWAR OSBP,navwarsbo.fct@navy.mil,,,,,,N65236-23-RFPREQ-LSUBP00002-0031,https://ams.navair.navy.mil/procurement/E88986DD-35C5-4D51-BF3A-9D65A01F9382
LRAE Annex 25,55,LIPTM00395 - MULTI MEDIA  IPT - 22-044 COMPACFLT AUDIO VISUAL Material - SEWP (C),SEWP PROCURE COMPACFLT AUDIO VISUAL Material - SEWP VTC INSTALL,LSUBP00002 - LSUBP00002 - COMMAND OPERATIONS CENTERS DIV HEAD - NIWCLANT,< $2M,,Fixed-Price,Delivery Order/Task Order,N65236 - NIWCLANT,FY23,Q3,FY23,Q3,,New,,,"Charleston, SC",541519 - Other Computer Related Services,7G20 - IT AND TELECOM - NETWORK: ANALOG VOICE PRODUCTS (HARDWARE AND PERPETUAL LICENSE SOFTWARE),"Brown, Christopher",christopher.m.brown14.civ@us.navy.mil,NAVWAR OSBP,navwarsbo.fct@navy.mil,,,,,,N65236-23-RFPREQ-LSUBP00002-0032,https://ams.navair.navy.mil/procurement/F5F15F21-E6A7-4E6F-87B2-48460D77D3E1
LRAE Annex 25,56,Commander Navy Region Mid-Atlantic (CNRMA) Electronic Security Systems (ESS)Sustainment Support (C),5 Year New Order for ESS Support. OMN Funds and CPFF CLIN Structure.,LSUBP00010 - LSUBP00010 - FORCE PROTECTION SOLUTIONS DIV HEAD - NIWCLANT,< $2M,TBD,TBD,Delivery Order/Task Order,N65236 - NIWCLANT,FY23,Q2,FY23,Q4,,New,,,"Charleston, SC",541330 - Engineering Services,"N063 - INSTALLATION OF EQUIPMENT- ALARM, SIGNAL, AND SECURITY DETECTION SYSTEMS","Brown, Christopher",christopher.m.brown14.civ@us.navy.mil,NAVWAR OSBP,navwarsbo.fct@navy.mil,,,,,,N65236-23-RFPREQ-LSUBP00010-0039,https://ams.navair.navy.mil/procurement/8A5C9BB0-2C5D-415E-A720-B2A3E45430D0
LRAE Annex 25,57,LIPTM00395 - MULTI MEDIA  IPT - TPL 23-092A EVANS CUSTOM TABLE  - SEWP (C),SEWP PROCURE MATERIAL COMNAVSURFPAC - SEWP VTC INSTALL EVANS RACK,LSUBP00002 - LSUBP00002 - COMMAND OPERATIONS CENTERS DIV HEAD - NIWCLANT,< $2M,TBD,Fixed-Price,Delivery Order/Task Order,N65236 - NIWCLANT,FY23,Q3,FY23,Q3,,New,,,"Charleston, SC",541519 - Other Computer Related Services,7G20 - IT AND TELECOM - NETWORK: ANALOG VOICE PRODUCTS (HARDWARE AND PERPETUAL LICENSE SOFTWARE),"Brown, Christopher",christopher.m.brown14.civ@us.navy.mil,NAVWAR OSBP,navwarsbo.fct@navy.mil,,,,,,N65236-23-RFPREQ-LSUBP00002-0057,https://ams.navair.navy.mil/procurement/6E835CF4-5524-4A11-B60B-13C57658B7D1
LRAE Annex 25,58,LIPTM00395 - MULTI MEDIA  IPT - TPL 23-091 CISCO-ESI (C),CISCO PROCURE MATERIAL COMNAVSURFPAC  CS DESKPRO WEB-ESI,LSUBP00002 - LSUBP00002 - COMMAND OPERATIONS CENTERS DIV HEAD - NIWCLANT,< $2M,,Fixed-Price,Delivery Order/Task Order,N65236 - NIWCLANT,FY23,Q3,FY23,Q3,,New,,,"Charleston, SC",541519 - Other Computer Related Services,7G20 - IT AND TELECOM - NETWORK: ANALOG VOICE PRODUCTS (HARDWARE AND PERPETUAL LICENSE SOFTWARE),"Brown, Christopher",christopher.m.brown14.civ@us.navy.mil,NAVWAR OSBP,navwarsbo.fct@navy.mil,,,,,,N65236-23-RFPREQ-LSUBP00002-0058,https://ams.navair.navy.mil/procurement/AC93A70A-8A3A-496D-A04F-79B8983EFB05
LRAE Annex 25,59,LIPTM00395 - MULTI MEDIA  IPT - TPL 23-092  COMNAVSURFPAC AUDIO VISUAL Material - SEWP (C),SEWP PROCURE MATERIAL COMNAVSURFPAC - SEWP VTC INSTALL NON- CISCO GEAR,LSUBP00002 - LSUBP00002 - COMMAND OPERATIONS CENTERS DIV HEAD - NIWCLANT,< $2M,,Fixed-Price,Delivery Order/Task Order,N65236 - NIWCLANT,FY23,Q3,FY23,Q3,,New,,,"Charleston, SC",541519 - Other Computer Related Services,7G20 - IT AND TELECOM - NETWORK: ANALOG VOICE PRODUCTS (HARDWARE AND PERPETUAL LICENSE SOFTWARE),"Brown, Christopher",christopher.m.brown14.civ@us.navy.mil,NAVWAR OSBP,navwarsbo.fct@navy.mil,,,,,,N65236-23-RFPREQ-LSUBP00002-0052,https://ams.navair.navy.mil/procurement/4012C5F3-6483-4EFA-AC24-3BAA9313EC63
LRAE Annex 25,60,LIPTM00395 - MULTI MEDIA  IPT - TPL 22-068/22-069 CISCO PRODUCTS (C),CISCO PRODUCTS FOR INSTALL,LSUBP00002 - LSUBP00002 - COMMAND OPERATIONS CENTERS DIV HEAD - NIWCLANT,< $2M,,Fixed-Price,Delivery Order/Task Order,N65236 - NIWCLANT,FY23,Q3,FY23,Q3,,New,,,"Charleston, SC",541519 - Other Computer Related Services,7G20 - IT AND TELECOM - NETWORK: ANALOG VOICE PRODUCTS (HARDWARE AND PERPETUAL LICENSE SOFTWARE),"Brown, Christopher",christopher.m.brown14.civ@us.navy.mil,NAVWAR OSBP,navwarsbo.fct@navy.mil,,,,,,N65236-23-RFPREQ-LSUBP00002-0061,https://ams.navair.navy.mil/procurement/2EC2D3C9-B396-47C1-AF83-09DC120D7656
LRAE Annex 25,61,LIPTM00132_Naval & Joint Europe_Material for United States European Command (USEUCOM) SITE C_ SEWP (C),"To provide material for United States European Command (USEUCOM) Site C, J2 Conference Rooms Audio Visual Upgrade.",LSUBP00002 - LSUBP00002 - COMMAND OPERATIONS CENTERS DIV HEAD - NIWCLANT,< $2M,Small Business Set-Aside,Fixed-Price,Delivery Order/Task Order,N65236 - NIWCLANT,FY23,Q3,FY23,Q4,,New,,,"NORTH CHARLESTON, SC",541519 - Other Computer Related Services,7G20 - IT AND TELECOM - NETWORK: ANALOG VOICE PRODUCTS (HARDWARE AND PERPETUAL LICENSE SOFTWARE),"Brown, Christopher",christopher.m.brown14.civ@us.navy.mil,NAVWAR OSBP,navwarsbo.fct@navy.mil,,,,,,N65236-23-RFPREQ-LSUBP00002-0062,https://ams.navair.navy.mil/procurement/CDC2792A-F0F4-4621-8484-695BA30CDC80
LRAE Annex 25,62,LIPTM00132_Naval & Joint Europe_Material for United States European Command (USEUCOM) SITE C_ DOD Cisco SEWP Catalog (C),"To provide Cisco material for United States European Command (USEUCOM) Site C, J2 Conference Rooms Audio Visual Upgrade.",LSUBP00002 - LSUBP00002 - COMMAND OPERATIONS CENTERS DIV HEAD - NIWCLANT,< $2M,Small Business Set-Aside,Fixed-Price,Delivery Order/Task Order,N65236 - NIWCLANT,FY23,Q3,FY23,Q4,,New,,,"NORTH CHARLESTON, SC",541519 - Other Computer Related Services,7G20 - IT AND TELECOM - NETWORK: ANALOG VOICE PRODUCTS (HARDWARE AND PERPETUAL LICENSE SOFTWARE),"Brown, Christopher",christopher.m.brown14.civ@us.navy.mil,NAVWAR OSBP,navwarsbo.fct@navy.mil,,,,,,N65236-23-RFPREQ-LSUBP00002-0063,https://ams.navair.navy.mil/procurement/70954D4E-8F86-4C19-9D42-37F14E910883
LRAE Annex 25,63,LIPTM00395 - MULTI MEDIA  IPT - TPL 23-092A-D -ESI (C),CISCO PRODUCTS MATERIAL A-D COMNAVSURFPAC  CISCO DESKPRO WEB-ESI,LSUBP00002 - LSUBP00002 - COMMAND OPERATIONS CENTERS DIV HEAD - NIWCLANT,< $2M,,Fixed-Price,Delivery Order/Task Order,N65236 - NIWCLANT,FY23,Q3,FY23,Q3,,New,,,"Charleston, SC",541519 - Other Computer Related Services,7G20 - IT AND TELECOM - NETWORK: ANALOG VOICE PRODUCTS (HARDWARE AND PERPETUAL LICENSE SOFTWARE),"Brown, Christopher",christopher.m.brown14.civ@us.navy.mil,NAVWAR OSBP,navwarsbo.fct@navy.mil,,,,,,N65236-23-RFPREQ-LSUBP00002-0064,https://ams.navair.navy.mil/procurement/E416436B-EB2B-4913-AABE-9E6AECDDBE4A
LRAE Annex 25,64,LIPTM00395 - MULTI MEDIA  IPT - TPL 23-078/79 CMDIO-SEWP (C),CMDIO AUDIO VISUAL COMPONENTS INSTALL (SEWP),LSUBP00002 - LSUBP00002 - COMMAND OPERATIONS CENTERS DIV HEAD - NIWCLANT,< $2M,,Fixed-Price,Delivery Order/Task Order,N65236 - NIWCLANT,FY23,Q3,FY23,Q3,,New,,,"Charleston, SC",541519 - Other Computer Related Services,7G20 - IT AND TELECOM - NETWORK: ANALOG VOICE PRODUCTS (HARDWARE AND PERPETUAL LICENSE SOFTWARE),"Brown, Christopher",christopher.m.brown14.civ@us.navy.mil,NAVWAR OSBP,navwarsbo.fct@navy.mil,,,,,,N65236-23-RFPREQ-LSUBP00002-0065,https://ams.navair.navy.mil/procurement/460C68D4-75AA-469F-B35F-50FE39E4CDD9
LRAE Annex 25,65,LIPTM00395 - MULTI MEDIA  IPT - TPL 23-078/79 CMDIO-ESI SEWP (C),CMDIO AUDIO VISUAL COMPONENTS INSTALL ESI (SEWP) CISCO GEAR FOR INSTALL,LSUBP00002 - LSUBP00002 - COMMAND OPERATIONS CENTERS DIV HEAD - NIWCLANT,< $2M,TBD,Fixed-Price,Delivery Order/Task Order,N65236 - NIWCLANT,FY23,Q3,FY23,Q3,,New,,,"Charleston, SC",541519 - Other Computer Related Services,7G20 - IT AND TELECOM - NETWORK: ANALOG VOICE PRODUCTS (HARDWARE AND PERPETUAL LICENSE SOFTWARE),"Brown, Christopher",christopher.m.brown14.civ@us.navy.mil,NAVWAR OSBP,navwarsbo.fct@navy.mil,,,,,,N65236-23-RFPREQ-LSUBP00002-0066,https://ams.navair.navy.mil/procurement/1E71EFDC-17B0-41F9-A75B-2B8E2B64BE09
LRAE Annex 25,66,LIPTM00395 - MULTI MEDIA  IPT - TPL 23-052A-B -ESI (C),CISCO PRODUCTS MATERIAL A-B,LSUBP00002 - LSUBP00002 - COMMAND OPERATIONS CENTERS DIV HEAD - NIWCLANT,< $2M,TBD,Fixed-Price,Delivery Order/Task Order,N65236 - NIWCLANT,FY23,Q3,FY23,Q3,,New,,,"Charleston, SC",541519 - Other Computer Related Services,7G20 - IT AND TELECOM - NETWORK: ANALOG VOICE PRODUCTS (HARDWARE AND PERPETUAL LICENSE SOFTWARE),"Brown, Christopher",christopher.m.brown14.civ@us.navy.mil,NAVWAR OSBP,navwarsbo.fct@navy.mil,,,,,,N65236-23-RFPREQ-LSUBP00002-0069,https://ams.navair.navy.mil/procurement/005A8E19-A8C2-4FE2-9B9E-4FC44A004FF9
LRAE Annex 25,67,LIPTM00395 - MULTI MEDIA  IPT - TPL 23-052A-B MARFORCOM-SEWP (C),USMC (MARFORCOM) AUDIO VISUAL COMPONENTS INSTALL (SEWP),LSUBP00002 - LSUBP00002 - COMMAND OPERATIONS CENTERS DIV HEAD - NIWCLANT,< $2M,TBD,Fixed-Price,Delivery Order/Task Order,N65236 - NIWCLANT,FY23,Q3,FY23,Q3,,New,,,"Charleston, SC",541519 - Other Computer Related Services,7G20 - IT AND TELECOM - NETWORK: ANALOG VOICE PRODUCTS (HARDWARE AND PERPETUAL LICENSE SOFTWARE),"Brown, Christopher",christopher.m.brown14.civ@us.navy.mil,NAVWAR OSBP,navwarsbo.fct@navy.mil,,,,,,N65236-23-RFPREQ-LSUBP00002-0070,https://ams.navair.navy.mil/procurement/30B35A5D-6ACE-44BA-8E26-11D9E26C9109
LRAE Annex 25,68,LIPTM00395 - MULTI MEDIA  IPT - TPL 23-043  LPD 30 INSTALL  AUDIO VISUAL Material - SEWP (C),SEWP PROCURE MATERIAL LPD 30 INSTALL AUDIO VISUAL - NON- CISCO GEAR,LSUBP00002 - LSUBP00002 - COMMAND OPERATIONS CENTERS DIV HEAD - NIWCLANT,< $2M,TBD,Fixed-Price,Delivery Order/Task Order,N65236 - NIWCLANT,FY23,Q3,FY23,Q3,,New,,,"Charleston, SC",541519 - Other Computer Related Services,7G20 - IT AND TELECOM - NETWORK: ANALOG VOICE PRODUCTS (HARDWARE AND PERPETUAL LICENSE SOFTWARE),"Brown, Christopher",christopher.m.brown14.civ@us.navy.mil,NAVWAR OSBP,navwarsbo.fct@navy.mil,,,,,,N65236-23-RFPREQ-LSUBP00002-0072,https://ams.navair.navy.mil/procurement/1257F385-4D32-4FF0-BA7A-826C0F8F620D
LRAE Annex 25,69,LIPTM00395 - MULTI MEDIA  IPT - TPL 23-075 A-B NIPO TEAM INSTALL-SEWP (C),USMC (MARFORCOM) AUDIO VISUAL COMPONENTS INSTALL (SEWP),LSUBP00002 - LSUBP00002 - COMMAND OPERATIONS CENTERS DIV HEAD - NIWCLANT,< $2M,TBD,Fixed-Price,Delivery Order/Task Order,N65236 - NIWCLANT,FY23,Q3,FY23,Q3,,New,,,"Charleston, SC",541519 - Other Computer Related Services,7G20 - IT AND TELECOM - NETWORK: ANALOG VOICE PRODUCTS (HARDWARE AND PERPETUAL LICENSE SOFTWARE),"Brown, Christopher",christopher.m.brown14.civ@us.navy.mil,NAVWAR OSBP,navwarsbo.fct@navy.mil,,,,,,N65236-23-RFPREQ-LSUBP00002-0073,https://ams.navair.navy.mil/procurement/8392DF3B-8EA6-4DA0-A082-16C4177080F1
LRAE Annex 25,70,"LIPTM00085, MST MUL USMC ESS QTR 3 FY23 (C)",FY23 QTR award.,LSUBP00010 - LSUBP00010 - FORCE PROTECTION SOLUTIONS DIV HEAD - NIWCLANT,< $2M,Small Business Set-Aside,Fixed-Price,Delivery Order/Task Order,N65236 - NIWCLANT,,,FY23,Q3,,New,,,"Charleston, SC",541330 - Engineering Services,R425 - SUPPORT- PROFESSIONAL: ENGINEERING/TECHNICAL,"Brown, Christopher",christopher.m.brown14.civ@us.navy.mil,NAVWAR OSBP,navwarsbo.fct@navy.mil,,,,,,N65236-23-RFPREQ-LSUBP00010-0072,https://ams.navair.navy.mil/procurement/859D484F-0433-4218-A27C-0CA9D1344833
LRAE Annex 25,71,CYP CCTV Installation Expansion (C),"CYP ESS Installations for USN and USAF child youth programs.  This includes hardware and software upgrades for the current CYP CCTV installations under NIWC sustainment efforts as well as new CYP facility constructions and renovations scheduled for CCTV installations to include CCTV, ACS, IDS, Intercoms, and/or Enterprise Network expansions.",LSUBP00010 - LSUBP00010 - FORCE PROTECTION SOLUTIONS DIV HEAD - NIWCLANT,$7.5M - $50M,TBD,TBD,Delivery Order/Task Order,N65236 - NIWCLANT,,,FY23,Q4,,,,,"Charleston, SC",TBD - TBD,TBD - TBD,"Brown, Christopher",christopher.m.brown14.civ@us.navy.mil,NAVWAR OSBP,navwarsbo.fct@navy.mil,,,,,,N65236-23-RFPREQ-LSUBP00010-0069,https://ams.navair.navy.mil/procurement/FAF250D2-03F9-4EFC-B0A7-E7818BBB92CE
LRAE Annex 25,72,"LIPTM00080 Headquarters, Naval Sea Systems Command (NAVSEA) Integrated Electronic Security System (IESS) Sustainment (C)",Sustainment of Electronic Security System.,LSUBP00010 - LSUBP00010 - FORCE PROTECTION SOLUTIONS DIV HEAD - NIWCLANT,$2M - $7.5M,,TBD,Delivery Order/Task Order,N65236 - NIWCLANT,,,FY23,Q4,,,,,"Charleston, SC",TBD - TBD,TBD - TBD,"Brown, Christopher",christopher.m.brown14.civ@us.navy.mil,NAVWAR OSBP,navwarsbo.fct@navy.mil,,,,,,N65236-23-RFPREQ-LSUBP00010-0074,https://ams.navair.navy.mil/procurement/B6D2E706-82A8-473D-AFD0-6147B0049988
LRAE Annex 25,73,LIPTM00149 - CCOP and ASE Engineering and Technical Support - CME (New TO) (C),"Cryptologic Carry-on Program (CCOP) and Afloat Signals Exploitation (ASE) engineering and technical support
(NERP Planning PR 1300977110-0000 Canceled)",LSUBP00022 - LSUBP00022 - BATTLE SPACE AWARENESS DIV HEAD - NIWCLANT,$50M - $100M,,Cost-Reimbursement,Delivery Order/Task Order,N65236 - NIWCLANT,FY23,Q2,FY24,Q1,,New,,,"Charleston, SC",541330 - Engineering Services,R425 - SUPPORT- PROFESSIONAL: ENGINEERING/TECHNICAL,"Casper, Sheela",sheela.casper2.civ@us.navy.mil,NAVWAR OSBP,navwarsbo.fct@navy.mil,,,,,,N65236-22-RFPREQ-LSUBP00022-0001,https://ams.navair.navy.mil/procurement/47038730-9720-46E2-ADFA-746B5377D663
LRAE Annex 25,74,LIPTM00444-CANES TACTICAL NETWORKS (TACNET) TECHNICAL AND PRODUCTION SUPPORT/SeaPort TO (Base +4OYS) (C),"System Configuration, Technical, Logistics and Material Management, System Engineering, Training, Configuration Management and Management support services in providing the Naval Information Warfare Center Atlantic (NIWC Atlantic) Tactical Networks (TACNET) Deployment Integrated Product Team (IPT) services and solutions in support of mission capabilities within its Portfolio mission areas.",LSUBP00063 - LSUBP00063 - NAVY AFLOAT NETWORK DIV HEAD - NIWCLANT,$50M - $100M,TBD,Cost-Reimbursement,Delivery Order/Task Order,N65236 - NIWCLANT,FY23,Q3,FY24,Q1,,Follow-on,N0017804D4143/18F3051,,"Charleston, SC",541330 - Engineering Services,R425 - SUPPORT- PROFESSIONAL: ENGINEERING/TECHNICAL,"Casper, Sheela",sheela.casper2.civ@us.navy.mil,NAVWAR OSBP,navwarsbo.fct@navy.mil,,,,,,N65236-23-RFPREQ-LSUBP00063-0004,https://ams.navair.navy.mil/procurement/53D12DDC-E094-4F12-807C-C04FE6D8500C
LRAE Annex 25,75,LIPTM00397-CANES ENG AND CANES TNSS/SeaPort TO (Base +4OYs) (C),"PEO C4I SYSTEMS TECHNICAL, SUSTAINMENT AND SOFTWARE ENGINEERING LIFE CYCLE MANAGEMENT (LCM)",LSUBP00063 - LSUBP00063 - NAVY AFLOAT NETWORK DIV HEAD - NIWCLANT,$50M - $100M,Small Business Set-Aside,Cost-Reimbursement,Delivery Order/Task Order,N65236 - NIWCLANT,FY23,Q2,FY24,Q1,,Follow-on,N0017815D8092/18F3127,,"Charleston, SC",541330 - Engineering Services,R425 - SUPPORT- PROFESSIONAL: ENGINEERING/TECHNICAL,"Casper, Sheela",sheela.casper2.civ@us.navy.mil,NAVWAR OSBP,navwarsbo.fct@navy.mil,,,,,,N65236-23-RFPREQ-LSUBP00063-0003,https://ams.navair.navy.mil/procurement/D3C969F4-A8D5-4B8A-8864-55F27A4EEC6C
LRAE Annex 25,76,Network Security IPT - SeaPort TO (C),"Technical Support, Logistics, Integration, Test and Evaluation, Installation (SOVT), Research and Development, Training in support of CND systems. Formally known as: Computer Network Defense: RDT&E, Production Engineering, Integration, Sustainment, and IPT Support for Logistics Services",LSUBP00024 - LSUBP00024 - IA AND NAVY CYBER SECURITY DIV HEAD - NIWCLANT,$100M - $250M,TBD,Cost-Reimbursement,Delivery Order/Task Order,N65236 - NIWCLANT,FY23,Q2,FY24,Q1,,Follow-on,N6523618F3113,,"Charleston, SC",541330 - Engineering Services,R425 - SUPPORT- PROFESSIONAL: ENGINEERING/TECHNICAL,"Casper, Sheela",sheela.casper2.civ@us.navy.mil,NAVWAR OSBP,navwarsbo.fct@navy.mil,,,,,,N65236-23-RFPREQ-LSUBP00024-0002,https://ams.navair.navy.mil/procurement/5D7DFDD9-0355-4C9A-BBF4-729A507E9716
LRAE Annex 25,77,"LIPTM00156 - DCGS-N Systems Engineering, ISEA, and Training (3902 Follow On) - Seaport New TO Base+4OY (C)","This task order will cover Systems Engineering (SE), In-Service Engineering Activity (ISEA), and training services for development, production, installation, and sustainment support to the Distributed Common Ground Station – Navy (DCGS-N) Family of Systems (FoS) and other Program Manager Warfare (PMW) 120 programs in support of the Battlespace Awareness (BA) Division at the Naval Information Warfare Center Atlantic (NIWC Atlantic).",LSUBP00022 - LSUBP00022 - BATTLE SPACE AWARENESS DIV HEAD - NIWCLANT,$100M - $250M,TBD,Cost-Reimbursement,Delivery Order/Task Order,N65236 - NIWCLANT,FY24,Q2,FY24,Q4,,Follow-on,N6523620F3902,,"Charleston, SC",541330 - Engineering Services,R425 - SUPPORT- PROFESSIONAL: ENGINEERING/TECHNICAL,"Casper, Sheela",sheela.casper2.civ@us.navy.mil,NAVWAR OSBP,navwarsbo.fct@navy.mil,,,,,,N65236-23-RFPREQ-LSUBP00022-0011,https://ams.navair.navy.mil/procurement/13FC45CE-DB31-4CCD-884B-2C12F9EBC520
LRAE Annex 25,78,LIPTM00156 - DCGS-N Test & Evaluation and Cybersecurity Support (3914 Follow-On) - Seaport New TO Base+4OY (C),"This PWS covers Test & Evaluation (T&E) and Cybersecurity services for development, production, installation, and sustainment support to
the Distributed Common Ground System – Navy (DCGS-N) Family of Systems (FoS) and other Program Manager Warfare (PMW) 120
programs in support of the Battlespace Awareness (BA) Division at the Naval Information Warfare Center Atlantic (NIWC Atlantic).",LSUBP00022 - LSUBP00022 - BATTLE SPACE AWARENESS DIV HEAD - NIWCLANT,$7.5M - $50M,TBD,Cost-Reimbursement,Delivery Order/Task Order,N65236 - NIWCLANT,FY24,Q4,FY24,Q4,,Follow-on,N6523620F3914,,"Charleston, SC",541330 - Engineering Services,R425 - SUPPORT- PROFESSIONAL: ENGINEERING/TECHNICAL,"Casper, Sheela",sheela.casper2.civ@us.navy.mil,NAVWAR OSBP,navwarsbo.fct@navy.mil,,,,,,N65236-23-RFPREQ-LSUBP00022-0002,https://ams.navair.navy.mil/procurement/267FD744-FF40-4743-B975-956019745251
LRAE Annex 25,79,LITPM00149 - BA Division CM & ILS Support (3915 follow on) - Seaport New TO Base+4OY (C),"This PWS covers Integrated Logistics Support (ILS) and Configuration Management (CM) for development, production, installation, and sustainment support for the Navy Acquisition Category (ACAT) and Abbreviated Acquisition Programs (AAP) Battlespace Awareness (BA) Division programs at Naval Information Warfare Center (NIWC) Atlantic.

NIWC Atlantic requires ILS and CM services to support PMW 120, PMW 740, and NAVSEA customers. Contractor services are required for the ISR and IO systems in support of the following Navy ACAT and AAP programs: Ship's Signal Exploitation Equipment (SSEE) Family of Systems (FoS), Spectral (Spectral as the follow-on SSEE system is contained within the SSEE FoS), Cryptologic Carry-On Program (CCOP), SSEE Ship New Construction (SCN), Foreign Military Sales (FMS) United Kingdom (UK)/New Zealand (NZ), Distributed Common Ground System – Navy (DCGS-N) FoS, Intelligence Carry-On Program (ICOP), Joint Tactical Terminal - Maritime (JTT-M), Automatic Identification System, (AIS), and Maritime Domain Awareness (MDA).",LSUBP00022 - LSUBP00022 - BATTLE SPACE AWARENESS DIV HEAD - NIWCLANT,$7.5M - $50M,TBD,Cost-Reimbursement,Delivery Order/Task Order,N65236 - NIWCLANT,FY24,Q3,FY24,Q4,,Follow-on,N6523620F3915,,"Charleston, SC","541614 - Process, Physical Distribution, and Logistics Consulting Services",R425 - SUPPORT- PROFESSIONAL: ENGINEERING/TECHNICAL,"Casper, Sheela",sheela.casper2.civ@us.navy.mil,NAVWAR OSBP,navwarsbo.fct@navy.mil,,,,,,N65236-23-RFPREQ-LSUBP00022-0003,https://ams.navair.navy.mil/procurement/94415FB2-6B01-4D6A-AAC0-71E7FF4B9871
LRAE Annex 25,80,LITPM00149 - SSEE FoS and CCOP FoS Engineering and Technical Support (3910 follow on) – Seaport New TO Base+4OY (C),"This PWS covers Integrated Logistics Support (ILS) and Configuration Management (CM) for development, production, installation, and sustainment support for the Navy Acquisition Category (ACAT) and Abbreviated Acquisition Programs (AAP) Battlespace Awareness (BA) Division programs at Naval Information Warfare Center (NIWC) Atlantic.",LSUBP00022 - LSUBP00022 - BATTLE SPACE AWARENESS DIV HEAD - NIWCLANT,$100M - $250M,TBD,Cost-Reimbursement,Delivery Order/Task Order,N65236 - NIWCLANT,,,FY24,Q4,,Follow-on,N6523620F3910,,"Charleston, SC",TBD - TBD,TBD - TBD,"Casper, Sheela",sheela.casper2.civ@us.navy.mil,NAVWAR OSBP,navwarsbo.fct@navy.mil,,,,,,N65236-23-RFPREQ-LSUBP00022-0005,https://ams.navair.navy.mil/procurement/21F1EE08-0E03-4DF0-80E5-3900237657FD
LRAE Annex 25,81,LIPTM00229 -  IUSS IPT - 300-23-909 - X-LOCKS (MORTON)-SEWP (C),X-LOCKS required to replace and upgrade required locks for John Morton.,LSUBP00022 - LSUBP00022 - BATTLE SPACE AWARENESS DIV HEAD - NIWCLANT,< $2M,TBD,Fixed-Price,Delivery Order/Task Order,N65236 - NIWCLANT,FY23,Q3,FY23,Q4,,New,,,"Virginia Beach, VA",332510 - Hardware Manufacturing,7G20 - IT AND TELECOM - NETWORK: ANALOG VOICE PRODUCTS (HARDWARE AND PERPETUAL LICENSE SOFTWARE),"Casper, Sheela",sheela.casper2.civ@us.navy.mil,NAVWAR OSBP,navwarsbo.fct@navy.mil,,,,,,N65236-23-RFPREQ-LSUBP00022-0024,https://ams.navair.navy.mil/procurement/ADB1FC01-5F21-459F-8232-D657B67EA585
LRAE Annex 25,82,LIPTM00229 - IUSS IPT - 300-23-911 - JCDX (POPE)-SEWP (C),Equipment for the JCDX for Eric Pope.,LSUBP00022 - LSUBP00022 - BATTLE SPACE AWARENESS DIV HEAD - NIWCLANT,< $2M,TBD,Fixed-Price,Delivery Order/Task Order,N65236 - NIWCLANT,FY23,Q2,FY23,Q3,,New,,,"Virginia Beach, VA",332510 - Hardware Manufacturing,7G20 - IT AND TELECOM - NETWORK: ANALOG VOICE PRODUCTS (HARDWARE AND PERPETUAL LICENSE SOFTWARE),"Casper, Sheela",sheela.casper2.civ@us.navy.mil,NAVWAR OSBP,navwarsbo.fct@navy.mil,,,,,,N65236-23-RFPREQ-LSUBP00022-0026,https://ams.navair.navy.mil/procurement/F584953C-E5B4-4217-828D-51743E24620B
LRAE Annex 25,83,LIPTM00229 - IUSS IPT - 300-23-912 - JCDX (MORTON)-SEWP (C),Equipment for the JCDX for John Morton.,LSUBP00022 - LSUBP00022 - BATTLE SPACE AWARENESS DIV HEAD - NIWCLANT,< $2M,TBD,Fixed-Price,Delivery Order/Task Order,N65236 - NIWCLANT,FY23,Q3,FY23,Q3,,New,,,"Virginia Beach, VA",332510 - Hardware Manufacturing,7G20 - IT AND TELECOM - NETWORK: ANALOG VOICE PRODUCTS (HARDWARE AND PERPETUAL LICENSE SOFTWARE),"Casper, Sheela",sheela.casper2.civ@us.navy.mil,NAVWAR OSBP,navwarsbo.fct@navy.mil,,,,,,N65236-23-RFPREQ-LSUBP00022-0027,https://ams.navair.navy.mil/procurement/CB121CF7-857B-47C2-8B07-C34EFB02A743
LRAE Annex 25,84,LIPTM00229 - IUSS IPT - 300-23-914 - JCDX 2 (POPE)-SEWP (C),Equipment for the JCDX for Eric Pope.,LSUBP00022 - LSUBP00022 - BATTLE SPACE AWARENESS DIV HEAD - NIWCLANT,< $2M,TBD,Fixed-Price,Delivery Order/Task Order,N65236 - NIWCLANT,FY23,Q3,FY23,Q4,,New,,,"Virginia Beach, VA",332510 - Hardware Manufacturing,7G20 - IT AND TELECOM - NETWORK: ANALOG VOICE PRODUCTS (HARDWARE AND PERPETUAL LICENSE SOFTWARE),"Casper, Sheela",sheela.casper2.civ@us.navy.mil,NAVWAR OSBP,navwarsbo.fct@navy.mil,,,,,,N65236-23-RFPREQ-LSUBP00022-0029,https://ams.navair.navy.mil/procurement/9E4D9329-FA7D-4F77-AF84-0437D9D6FC73
LRAE Annex 25,85,LIPTM00156 - DCGS-N FY23-24 Hardware Systems Production - CAEI,"N65236-18-D-8014, DCGS-N FY23-24 Hardware Systems Production",LSUBP00022 - LSUBP00022 - BATTLE SPACE AWARENESS DIV HEAD - NIWCLANT,$7.5M - $50M,,Cost-Reimbursement,Delivery Order/Task Order,N65236 - NIWCLANT,,,FY23,Q4,,Follow-on,N6523622F0336,,"Charleston, SC","541614 - Process, Physical Distribution, and Logistics Consulting Services",TBD - TBD,"Casper, Sheela",sheela.casper2.civ@us.navy.mil,NAVWAR OSBP,navwarsbo.fct@navy.mil,,,,,,N65236-23-RFPREQ-LSUBP00022-0056,https://ams.navair.navy.mil/procurement/10F5E8E9-2DA1-4DDC-946F-96BF3ED21D62
LRAE Annex 25,86,LIPTM00397 - Canes Eng IPT- N6523622D8006/NEW TO MBASII,N6523622D8006 New Task Order for PM & BFM Support,LSUBP00063 - LSUBP00063 - NAVY AFLOAT NETWORK DIV HEAD - NIWCLANT,$2M - $7.5M,Small Business Set-Aside,Cost-Reimbursement,Delivery Order/Task Order,N65236 - NIWCLANT,FY23,Q3,FY23,Q4,,New,,,"Charleston, SC",561110 - Office Administrative Services,TBD - TBD,"Casper, Sheela",sheela.casper2.civ@us.navy.mil,NAVWAR OSBP,navwarsbo.fct@navy.mil,,,,,,N65236-23-RFPREQ-LSUBP00063-0012,https://ams.navair.navy.mil/procurement/D99971E0-FDC9-4006-98F8-6BD3016B0D5C
LRAE Annex 25,87,LIPTM00156 - DCGS-N System PPM and MCT (3904 Follow-On) - Niche/FOE New TO Base+4OY,This task order will cover training services for sustainment support to the Distributed Common Ground Station – Navy (DCGS-N) Family of Systems (FoS) and other Program Manager Warfare (PMW) 120 programs in support of the Battlespace Awareness (BA) Division at the Naval Information Warfare Center Atlantic (NIWC LANT),LSUBP00022 - LSUBP00022 - BATTLE SPACE AWARENESS DIV HEAD - NIWCLANT,$7.5M - $50M,TBD,Cost-Reimbursement,Delivery Order/Task Order,N65236 - NIWCLANT,,,FY24,Q4,,Follow-on,N6523620F3904,,"Charleston, SC",541512 - Computer Systems Design Services,R425 - SUPPORT- PROFESSIONAL: ENGINEERING/TECHNICAL,"Casper, Sheela",sheela.casper2.civ@us.navy.mil,NAVWAR OSBP,navwarsbo.fct@navy.mil,,,,,,N65236-23-RFPREQ-LSUBP00022-0012,https://ams.navair.navy.mil/procurement/6333BC61-3C34-44C9-8EF7-7F61F95CA1F0
LRAE Annex 25,88,"LIPTM00285 NAVALC2, GCCS-M SAPNS2 SYBASE SW RNWL, ESI (C)",NAVALC2 GCCS-M SYBASE SOFTWARE RENEWAL -PREVIOUS AWARD N6523622F0629,LSUBP00063 - LSUBP00063 - NAVY AFLOAT NETWORK DIV HEAD - NIWCLANT,< $2M,,Fixed-Price,Delivery Order/Task Order,N65236 - NIWCLANT,,,FY23,Q4,,Follow-on,,,"NORTH CHARLESTON, SC",TBD - TBD,TBD - TBD,"Casper, Sheela",sheela.casper2.civ@us.navy.mil,NAVWAR OSBP,navwarsbo.fct@navy.mil,,,,,,N65236-23-RFPREQ-LSUBP00063-0039,https://ams.navair.navy.mil/procurement/EA1F2A4B-2C81-4AFE-901D-AC0F1FB70C6A
LRAE Annex 25,89,"LIPTM00285 NAVALC2, GCCS-M & MTC2 POSTGRES SW RNWL, SEWP (C)",NAVALC2 GCCS-M & MTC2 POSTGRES SOFTWARE RENEWAL -PREVIOUS AWARD N6523622F0764,LSUBP00063 - LSUBP00063 - NAVY AFLOAT NETWORK DIV HEAD - NIWCLANT,< $2M,,Fixed-Price,Delivery Order/Task Order,N65236 - NIWCLANT,,,FY23,Q4,,Follow-on,N6523622F0764,,"NORTH CHARLESTON, SC",TBD - TBD,TBD - TBD,"Casper, Sheela",sheela.casper2.civ@us.navy.mil,NAVWAR OSBP,navwarsbo.fct@navy.mil,,,,,,N65236-23-RFPREQ-LSUBP00063-0040,https://ams.navair.navy.mil/procurement/A8607BF6-6118-4ED5-ACFB-0845A9CA6154
LRAE Annex 25,90,LIPTM00149 - ASE - SSEE Mission Module Shearwater - ASE-23-003 - SEWP (C),The material being procured are apart of the hardware baseline for the SSEE-F system. There are no suitable alternatives that would maintain this baseline.  These parts are also required to meet fleet sparing needs to maintain operational availability (Ao).,LSUBP00022 - LSUBP00022 - BATTLE SPACE AWARENESS DIV HEAD - NIWCLANT,< $2M,,Fixed-Price,Delivery Order/Task Order,N65236 - NIWCLANT,FY23,Q3,FY23,Q3,,New,,,"NORTH CHARLESTON, SC",541519 - Other Computer Related Services,7G21 - IT AND TELECOM - NETWORK: DIGITAL NETWORK PRODUCTS (HARDWARE AND PERPETUAL LICENSE SOFTWARE),"Casper, Sheela",sheela.casper2.civ@us.navy.mil,NAVWAR OSBP,navwarsbo.fct@navy.mil,,,,,,N65236-23-RFPREQ-LSUBP00022-0087,https://ams.navair.navy.mil/procurement/29008962-06A3-41E4-8403-EBA8A0927D28
LRAE Annex 25,91,LIPTM00149 - ASE - SSEE Inc F FMS Peregrine and WiFi Box - ASE-23-022 - SEWP (C),Procure  Simulation Playback Freq Range  30 MHz – 18 GHz System and SMALL Wi-Fi Processor with Serial Control,LSUBP00022 - LSUBP00022 - BATTLE SPACE AWARENESS DIV HEAD - NIWCLANT,< $2M,,Fixed-Price,Delivery Order/Task Order,N65236 - NIWCLANT,FY23,Q3,FY23,Q4,,New,,,"NORTH CHARLESTON, SC",423690 - Other Electronic Parts and Equipment Merchant Wholesalers,TBD - TBD,"Casper, Sheela",sheela.casper2.civ@us.navy.mil,NAVWAR OSBP,navwarsbo.fct@navy.mil,,,,,,N65236-23-RFPREQ-LSUBP00022-0104,https://ams.navair.navy.mil/procurement/FC69DFD4-616D-493A-BFF4-DC014856C0D8
LRAE Annex 25,92,LIPTM00149 - ASE - FMS Monarch Recorders and Signal Hound - SEWP - ASE-23-009 (C),Procure Monarch Recorders and Signal Hound hardware,LSUBP00022 - LSUBP00022 - BATTLE SPACE AWARENESS DIV HEAD - NIWCLANT,< $2M,,Fixed-Price,Delivery Order/Task Order,N65236 - NIWCLANT,FY23,Q3,FY23,Q3,,New,,,"NORTH CHARLESTON, SC",423690 - Other Electronic Parts and Equipment Merchant Wholesalers,TBD - TBD,"Casper, Sheela",sheela.casper2.civ@us.navy.mil,NAVWAR OSBP,navwarsbo.fct@navy.mil,,,,,,N65236-23-RFPREQ-LSUBP00022-0105,https://ams.navair.navy.mil/procurement/79445442-46EF-4116-AA80-7C6F0917CA16
LRAE Annex 25,93,LIPTM00149 - ASE - SSEE Inc F DDG 128 & 129 Red Falcon Next Gen Chassis and Peregrine - ASE-23-014 - SEWP (C),Procure DDG 128 & 129 Red Falcon Next Gen Chassis and Peregrine in support of SSEE Inc F utilizing SCN funding,LSUBP00022 - LSUBP00022 - BATTLE SPACE AWARENESS DIV HEAD - NIWCLANT,< $2M,,Fixed-Price,Delivery Order/Task Order,N65236 - NIWCLANT,FY23,Q3,FY23,Q3,,New,,,"NORTH CHARLESTON, SC",423690 - Other Electronic Parts and Equipment Merchant Wholesalers,TBD - TBD,"Casper, Sheela",sheela.casper2.civ@us.navy.mil,NAVWAR OSBP,navwarsbo.fct@navy.mil,,,,,,N65236-23-RFPREQ-LSUBP00022-0107,https://ams.navair.navy.mil/procurement/BC901611-9CC8-4DE7-A1C3-44F7B6B9D199
LRAE Annex 25,94,LIPTM00149 - ASE - SSEE Intellian Spares - ASE-23-040 - SEWP (C),Procure Intellian Spares  of SSEE,LSUBP00022 - LSUBP00022 - BATTLE SPACE AWARENESS DIV HEAD - NIWCLANT,< $2M,,Fixed-Price,Delivery Order/Task Order,N65236 - NIWCLANT,FY23,Q3,FY23,Q4,,New,,,"NORTH CHARLESTON, SC",423690 - Other Electronic Parts and Equipment Merchant Wholesalers,TBD - TBD,"Casper, Sheela",sheela.casper2.civ@us.navy.mil,NAVWAR OSBP,navwarsbo.fct@navy.mil,,,,,,N65236-23-RFPREQ-LSUBP00022-0119,https://ams.navair.navy.mil/procurement/D574D893-E411-4695-94EA-AE1694CDC9EC
LRAE Annex 25,95,"LIPTM00118, TACTICAL NETWORK SOFTWARE SUPPORT, HAIVISION SUPPORT RENEWAL, SEWP (C)","-Market research from the internet – Search of GSA, SEWP, and ESI found multiple NASA SEWP agreements for Haivision maintenance and support program renewal. 
-About the company - Haivision is a provider of mission-critical, real-time video networking and visual collaboration solutions.
-About the product –   Haivision maintenance and support program provides software upgrades with standard support, phone support during standard business hours, first response time within 1 business day, access to general availability software and security updates, and access to the Haivision Support Portal to create, manage and upgrade support cases, request licenses, view product documentation, and knowledge base articles.
-Specialty of this product over other products – The CANES lab at NIWC LANT uses Haivision hardware for CANES video distribution. Because HAIVISION is the exclusive hardware provider, only HAIVISION is able to provide software and firmware updates through a support agreement.",LSUBP00063 - LSUBP00063 - NAVY AFLOAT NETWORK DIV HEAD - NIWCLANT,< $2M,,Fixed-Price,Delivery Order/Task Order,N65236 - NIWCLANT,FY23,Q3,FY23,Q4,,Follow-on,N6523622F0695,,"Charleston, SC",TBD - TBD,TBD - TBD,"Casper, Sheela",sheela.casper2.civ@us.navy.mil,NAVWAR OSBP,navwarsbo.fct@navy.mil,,,,,,N65236-23-RFPREQ-LSUBP00063-0053,https://ams.navair.navy.mil/procurement/8ACC843A-9D85-4D16-80EF-02B0576B0051
LRAE Annex 25,96,"LIPTM00321, NS IPT, CND IBM HW/SW RENEWALS, SEWP (C)",CND IBM HW/SW RENEWALS,LSUBP00024 - LSUBP00024 - IA AND NAVY CYBER SECURITY DIV HEAD - NIWCLANT,< $2M,,Fixed-Price,Delivery Order/Task Order,N65236 - NIWCLANT,FY23,Q3,FY23,Q4,,Follow-on,N6523621F0446,,"NORTH CHARLESTON, SC",541519 - Other Computer Related Services,7J20 - IT AND TELECOM - SECURITY AND COMPLIANCE PRODUCTS (HARDWARE AND PERPETUAL LICENSE SOFTWARE),"Casper, Sheela",sheela.casper2.civ@us.navy.mil,NAVWAR OSBP,navwarsbo.fct@navy.mil,,,,,,N65236-23-RFPREQ-LSUBP00024-0036,https://ams.navair.navy.mil/procurement/5F93E40F-7C34-4209-B170-1E458CB5D7E5
LRAE Annex 25,97,LIPTM00156 -  DCGS-N IPT -  ARCGIS (DAS) - SEWP (C),Procure FY23 ARCGIS (DAS) new requirements for the DCGS-N program,LSUBP00022 - LSUBP00022 - BATTLE SPACE AWARENESS DIV HEAD - NIWCLANT,< $2M,TBD,Fixed-Price,Delivery Order/Task Order,N65236 - NIWCLANT,FY23,Q3,FY23,Q4,,New,,,"Charleston, SC",TBD - TBD,TBD - TBD,"Casper, Sheela",sheela.casper2.civ@us.navy.mil,NAVWAR OSBP,navwarsbo.fct@navy.mil,,,,,,N65236-23-RFPREQ-LSUBP00022-0134,https://ams.navair.navy.mil/procurement/26AA241F-6664-49C0-BC64-B11FB6AB1123
LRAE Annex 25,98,LIPTM00156 - DCGSN IPT - FY23 DCGS-N SOCET DAS - SEWP (C),"Procure FY23 SOCET DAS requirements for the DCGS-N program
Contract N6523623F0234
Date 3/29/2023",LSUBP00022 - LSUBP00022 - BATTLE SPACE AWARENESS DIV HEAD - NIWCLANT,< $2M,TBD,Fixed-Price,Delivery Order/Task Order,N65236 - NIWCLANT,FY23,Q3,FY23,Q4,,Follow-on,N6523623F0234,,"Charleston, SC",TBD - TBD,TBD - TBD,"Casper, Sheela",sheela.casper2.civ@us.navy.mil,NAVWAR OSBP,navwarsbo.fct@navy.mil,,,,,,N65236-23-RFPREQ-LSUBP00022-0135,https://ams.navair.navy.mil/procurement/69FE36EF-B3AA-4429-85B7-0A66E6D14702
LRAE Annex 25,99,"LIPTM00285 NAVALC2, MTC2 REAL TIME INNOVATIONS (RTI) SW RNWL, SEWP (C)",REAL TIME INNOVATIONS (RTI) SOFTWARE RENEWAL FOR THE MTC2 PROGRAM - PREVIOUSLY ORDERED ON SEWP - FY22 AWARD N6523622F0508,LSUBP00063 - LSUBP00063 - NAVY AFLOAT NETWORK DIV HEAD - NIWCLANT,< $2M,TBD,Fixed-Price,Delivery Order/Task Order,N65236 - NIWCLANT,FY23,Q3,FY23,Q4,,Follow-on,N6523622F0508,,"NORTH CHARLESTON, SC",TBD - TBD,TBD - TBD,"Casper, Sheela",sheela.casper2.civ@us.navy.mil,NAVWAR OSBP,navwarsbo.fct@navy.mil,,,,,,N65236-23-RFPREQ-LSUBP00063-0067,https://ams.navair.navy.mil/procurement/0139617C-E748-444C-81C7-EC3EA309EC32
LRAE Annex 25,100,"LIPTM00321, C4I, NS IPT, CND 5.1 FORCEPOINT HW SUPPORT RENEWALS, SEWP (C)","CND 5.1 FORCEPOINT HW SUPPORT RENEWALS,",LSUBP00024 - LSUBP00024 - IA AND NAVY CYBER SECURITY DIV HEAD - NIWCLANT,< $2M,,Fixed-Price,Delivery Order/Task Order,N65236 - NIWCLANT,FY23,Q4,FY23,Q4,,New,,,"NORTH CHARLESTON, SC",TBD - TBD,7J20 - IT AND TELECOM - SECURITY AND COMPLIANCE PRODUCTS (HARDWARE AND PERPETUAL LICENSE SOFTWARE),"Casper, Sheela",sheela.casper2.civ@us.navy.mil,NAVWAR OSBP,navwarsbo.fct@navy.mil,,,,,,N65236-23-RFPREQ-LSUBP00024-0043,https://ams.navair.navy.mil/procurement/E4F3C42C-DAC5-401B-B383-29943EFE79DA
LRAE Annex 25,101,"LIPTM00321, C4I, NS IPT, CND IXIA HW/SW RENEWALS, SEWP (C)",CND IXIA HW/SW RENEWALS,LSUBP00024 - LSUBP00024 - IA AND NAVY CYBER SECURITY DIV HEAD - NIWCLANT,< $2M,TBD,Fixed-Price,Delivery Order/Task Order,N65236 - NIWCLANT,FY23,Q3,FY23,Q4,,Follow-on,N6523622F0728,,"NORTH CHARLESTON, SC",TBD - TBD,7J20 - IT AND TELECOM - SECURITY AND COMPLIANCE PRODUCTS (HARDWARE AND PERPETUAL LICENSE SOFTWARE),"Casper, Sheela",sheela.casper2.civ@us.navy.mil,NAVWAR OSBP,navwarsbo.fct@navy.mil,,,,,,N65236-23-RFPREQ-LSUBP00024-0046,https://ams.navair.navy.mil/procurement/9BE24BB9-0BE6-4B7C-9836-04DF8C7B4A39
LRAE Annex 25,102,LIPTM00229 - IUSS IPT - 300-23-927 - CISCO Routers (Outlaw)-SEWP (C),CISCO Routers in support of 401 tasking for Paul Outlaw.,LSUBP00022 - LSUBP00022 - BATTLE SPACE AWARENESS DIV HEAD - NIWCLANT,< $2M,TBD,Fixed-Price,Delivery Order/Task Order,N65236 - NIWCLANT,FY23,Q3,FY23,Q4,,New,,,"Virginia Beach, VA",541519 - Other Computer Related Services,TBD - TBD,"Casper, Sheela",sheela.casper2.civ@us.navy.mil,NAVWAR OSBP,navwarsbo.fct@navy.mil,,,,,,N65236-23-RFPREQ-LSUBP00022-0139,https://ams.navair.navy.mil/procurement/07C7CD18-CEA2-464E-B84F-CA065524984F
LRAE Annex 25,103,LIPTM00229 - IUSS IPT - 300-23-928 - DELL WORKSTATION (Outlaw)-SEWP (C),Dell workstation in support of J-AOS tasking for Paul Outlaw.,LSUBP00022 - LSUBP00022 - BATTLE SPACE AWARENESS DIV HEAD - NIWCLANT,< $2M,TBD,Fixed-Price,Delivery Order/Task Order,N65236 - NIWCLANT,FY23,Q3,FY23,Q4,,New,,,"Virginia Beach, VA",541519 - Other Computer Related Services,TBD - TBD,"Casper, Sheela",sheela.casper2.civ@us.navy.mil,NAVWAR OSBP,navwarsbo.fct@navy.mil,,,,,,N65236-23-RFPREQ-LSUBP00022-0140,https://ams.navair.navy.mil/procurement/865D4AC0-076E-4AFB-8AAB-15893A69A8E0
LRAE Annex 25,104,LIPTM00156 DCGS-N IPT FY23 NETAPP - SEWP (C),"Procure FY23 SOCET DAS requirements for the DCGS-N program
Contract N6523623F0234
Date 3/29/2023",LSUBP00022 - LSUBP00022 - BATTLE SPACE AWARENESS DIV HEAD - NIWCLANT,< $2M,TBD,Fixed-Price,Delivery Order/Task Order,N65236 - NIWCLANT,,,FY23,Q4,,New,,,"Charleston, SC",TBD - TBD,TBD - TBD,"Casper, Sheela",sheela.casper2.civ@us.navy.mil,NAVWAR OSBP,navwarsbo.fct@navy.mil,,,,,,N65236-23-RFPREQ-LSUBP00022-0145,https://ams.navair.navy.mil/procurement/0B0133BC-A373-4094-8247-F2064BE67974
LRAE Annex 25,105,"LIPTM00118, TACTICAL NETWORK SOFTWARE SUPPORT, MICRO FOCUS NETIQ, ESI-BPA (C)","-Market research from the internet – Search of GSA, SEWP, ESI found ESI-BPA agreement for Micro Focus, contract No. N6600119A0120 with reseller Carhsoft Technology and contract No. N66001-19-A-0119 with reseller EC America. 
-About the company - Micro Focus International plc was a British multinational software and information technology business based in Newbury, Berkshire, England. The firm provided software and consultancy. The company was acquired by the Canadian software firm OpenText in January 2023.
-About the product – Sentinel is a Security Information and Event Management (SIEM) solution that receives information from many sources throughout an enterprise, standardizes it, prioritizes it, and presents it to you to make threat, risk, and policy decisions.         
-Specialty of this product over other products – This product is part of the CANES Base line. Only software in the approved baseline is authorized for CANES installations. To replace it will require new compatibility testing, new documentation, additional funding for engineering changes, and coordination with Coalition partners. Such action will delay procurement of support for distributed software.",LSUBP00063 - LSUBP00063 - NAVY AFLOAT NETWORK DIV HEAD - NIWCLANT,$2M - $7.5M,TBD,Fixed-Price,BPA Call,N65236 - NIWCLANT,,,FY23,Q4,,New,,,"Charleston, SC",TBD - TBD,TBD - TBD,"Casper, Sheela",sheela.casper2.civ@us.navy.mil,NAVWAR OSBP,navwarsbo.fct@navy.mil,,,,,,N65236-23-RFPREQ-LSUBP00063-0075,https://ams.navair.navy.mil/procurement/AABD77E6-2106-4556-83C1-72FAE02D79BD
LRAE Annex 25,106,"LIPTM00467, 83200 Facilities, Furniture and Chairs Inventory, GSA (C)",Conference tables and chairs for Facilities inventory and use throughout the command,LSUBP00083 - LSUBP00083 - 8.0 Competency Division - NIWCLANT,< $2M,TBD,Fixed-Price,Delivery Order/Task Order,N65236 - NIWCLANT,FY23,Q2,FY23,Q3,,New,,,"Charleston, SC",337214 - Office Furniture (except Wood) Manufacturing,7110 - OFFICE FURNITURE,"CHRISTOPHER, ADAM",adam.w.christopher4.civ@us.navy.mil,NAVWAR OSBP,navwarsbo.fct@navy.mil,,,,,,N65236-23-RFPREQ-LSUBP00083-0001,https://ams.navair.navy.mil/procurement/21D5B8FE-E0A0-4074-8DF7-753B777AFCBF
LRAE Annex 25,107,"LIPTM00252, PBLO, ELECTRONIC COMPONENTS, SEWP (C)","THERE WILL BE HD VIDEO, LOCAL NETWORK, ELECTRONIC SWITCHES, DIGITAL CONVERTERS, SECURITY DATA SYSTEMS, COMMUNICATIONS SECURITY MODULE.
NIWC Atlantic Code 47320 has a requirement for brand name equipment in support of the performance Based Logistics-Organic (PBLO) Program at NIWC.  PBLO is tasked by the Navy Supply Weapons Systems Support (NAVSUP WSS) to manage the baseline inventory.",LSUBP00093 - LSUBP00093 - 4.7 Competency Division - NIWCLANT,< $2M,,Fixed-Price,Delivery Order/Task Order,N65236 - NIWCLANT,FY23,Q2,FY23,Q3,,New,,,"Virginia Beach, VA",334419 - Other Electronic Component Manufacturing,5999 - MISCELLANEOUS ELECTRICAL AND ELECTRONIC COMPONENTS,"CHRISTOPHER, ADAM",adam.w.christopher4.civ@us.navy.mil,NAVWAR OSBP,navwarsbo.fct@navy.mil,,,,,,N65236-23-RFPREQ-LSUBP00093-0010,https://ams.navair.navy.mil/procurement/D73B7A60-83CB-4798-8756-2D33D27DC608
LRAE Annex 25,108,"LIPTM00290, Tactical Services & Infrastructure, Matrix Chat SW, SEWP (C)",Matrix is an encrypted chat application (messenger) built on open-source software.,LSUBP00004 - LSUBP00004 - EXPEDITIONARY C3 SOLUTIONS DIV HEAD - NIWCLANT,< $2M,TBD,Fixed-Price,Delivery Order/Task Order,N65236 - NIWCLANT,FY23,Q2,FY23,Q3,,New,,,"Charleston, SC",513210 - Software Publishers,7A21 - IT AND TELECOM - BUSINESS APPLICATION SOFTWARE (PERPETUAL LICENSE SOFTWARE),"CHRISTOPHER, ADAM",adam.w.christopher4.civ@us.navy.mil,NAVWAR OSBP,navwarsbo.fct@navy.mil,,,,,,N65236-23-RFPREQ-LSUBP00004-0029,https://ams.navair.navy.mil/procurement/3DF56FB0-C020-4F0B-8CD5-A54B31AE7C0C
LRAE Annex 25,109,"LIPTM00290, TSI IPT, Blue Coat SW, SEWP (C)",Bluecoat Software Renewals,LSUBP00004 - LSUBP00004 - EXPEDITIONARY C3 SOLUTIONS DIV HEAD - NIWCLANT,< $2M,TBD,Fixed-Price,Delivery Order/Task Order,N65236 - NIWCLANT,FY23,Q2,FY23,Q3,,Follow-on,N6523622F0497,,"Charleston, SC",513210 - Software Publishers,7A21 - IT AND TELECOM - BUSINESS APPLICATION SOFTWARE (PERPETUAL LICENSE SOFTWARE),"CHRISTOPHER, ADAM",adam.w.christopher4.civ@us.navy.mil,NAVWAR OSBP,navwarsbo.fct@navy.mil,,,,,,N65236-23-RFPREQ-LSUBP00004-0032,https://ams.navair.navy.mil/procurement/FED820D6-7BC3-457E-8A08-5565D1C41198
LRAE Annex 25,110,LIPTM00252-BASED LOGISTICS-ORGANIC/SSEE INC F SPARES/SEWP (C),"PBLO / DEPOT SOUTH MATERIAL. THIS WILL BE A SEWP PROCUREMENT contain various electronic components, which include Power Supplies, Fan Assemblies, Circuit Card Assemblies, Broadband Modules, and Air Filters. ORDER FOR THE SSEE INC F PROGRAM WITHIN THE PERFORMANCE BASED LOGISTICS-ORGANIC (PBLO) SUSTAINMENT CONSTRUCT. THIS PROCUREMENT ACTION WILL ALLOW PBLO TO HAVE THE REQUIRED STOCK LEVELS NEEDED AND READY TO SUPPORT AND DIRECTLY FILL CURRENT AND OPEN FLEET REQUISITIONS.",LSUBP00093 - LSUBP00093 - 4.7 Competency Division - NIWCLANT,< $2M,Small Business Set-Aside,Fixed-Price,Delivery Order/Task Order,N65236 - NIWCLANT,FY23,Q2,FY23,Q3,,New,,,"Charleston, SC",TBD - TBD,"5998 - ELECTRICAL AND ELECTRONIC ASSEMBLIES, BOARDS, CARDS, AND ASSOCIATED HARDWARE","CHRISTOPHER, ADAM",adam.w.christopher4.civ@us.navy.mil,NAVWAR OSBP,navwarsbo.fct@navy.mil,,,,,,N65236-23-RFPREQ-LSUBP00093-0012,https://ams.navair.navy.mil/procurement/CD00A656-AC17-449D-940E-92251E5E1F1D
LRAE Annex 25,111,"LIPTM00467, 83200 Facilities, B12 Furniture, GSA (C)",This action is requested to order workbenches and installation needed for building 12. This furniture will be attached to and integrated with existing furniture systems.,LSUBP00083 - LSUBP00083 - 8.0 Competency Division - NIWCLANT,< $2M,,Fixed-Price,Delivery Order/Task Order,N65236 - NIWCLANT,FY23,Q2,FY23,Q3,,New,,,"Charleston, SC",TBD - TBD,7110 - OFFICE FURNITURE,"CHRISTOPHER, ADAM",adam.w.christopher4.civ@us.navy.mil,NAVWAR OSBP,navwarsbo.fct@navy.mil,,,,,,N65236-23-RFPREQ-LSUBP00083-0039,https://ams.navair.navy.mil/procurement/7349B9BF-5878-48C1-B1F4-C6DD6909508C
LRAE Annex 25,112,"LIPTM00467, 83200 Facilities, Quantico Furniture, GSA (C)",Furniture to outfit leased Quantico Space,LSUBP00083 - LSUBP00083 - 8.0 Competency Division - NIWCLANT,< $2M,,Fixed-Price,Delivery Order/Task Order,N65236 - NIWCLANT,FY23,Q2,FY23,Q3,,New,,,"Charleston, SC",TBD - TBD,7110 - OFFICE FURNITURE,"CHRISTOPHER, ADAM",adam.w.christopher4.civ@us.navy.mil,NAVWAR OSBP,navwarsbo.fct@navy.mil,,,,,,N65236-23-RFPREQ-LSUBP00083-0041,https://ams.navair.navy.mil/procurement/A811D773-5FF0-48D6-8E49-7AC34BE4AD39
LRAE Annex 25,113,"Bundle 4- 3440 North Side Exterior Repairs (250k), 3450 Demo (150K)- $400K","3440 North Side Exterior Repairs TO under NIWC LANT IDIQ N6523623D1002
3450 Demolition",LSUBP00083 - LSUBP00083 - 8.0 Competency Division - NIWCLANT,< $2M,TBD,Fixed-Price,Delivery Order/Task Order,N65236 - NIWCLANT,FY23,Q2,FY23,Q3,,New,,,"Charleston, SC",236220 - Commercial and Institutional Building Construction,Z2AA - REPAIR OR ALTERATION OF OFFICE BUILDINGS,"CHRISTOPHER, ADAM",adam.w.christopher4.civ@us.navy.mil,NAVWAR OSBP,navwarsbo.fct@navy.mil,,,,,,N65236-23-RFPREQ-LSUBP00083-0013,https://ams.navair.navy.mil/procurement/206E9E91-AC44-454E-9E68-FF57BB29FE4C
LRAE Annex 25,114,"Bundle 3- 3113 Lab 4  Electrical (58K), New STEM Bldg (25H), 3148 Fire Sup and Alarm (125K), 1602 Vehicle Vent (150k)- $258K","Bldg 3113 Lab 4 Electrical Improvements $58K
Bldg NEW STEM Storage Facility - Site Work (JOC) - $25K
3148 Fire Suppression & Alarm Repair (JOC) - $125K
1602C - Vehicle Ventilation Enhancements (JOC) - $150K",LSUBP00083 - LSUBP00083 - 8.0 Competency Division - NIWCLANT,< $2M,TBD,Fixed-Price,Delivery Order/Task Order,N65236 - NIWCLANT,FY23,Q2,FY23,Q3,,New,,,"Charleston, SC",236220 - Commercial and Institutional Building Construction,Z2AA - REPAIR OR ALTERATION OF OFFICE BUILDINGS,"CHRISTOPHER, ADAM",adam.w.christopher4.civ@us.navy.mil,NAVWAR OSBP,navwarsbo.fct@navy.mil,,,,,,N65236-23-RFPREQ-LSUBP00083-0029,https://ams.navair.navy.mil/procurement/D9F0114C-987A-4D53-AC83-82C440B087D1
LRAE Annex 25,115,"CNSC (Compute, Network, Storage, Consumption) Follow On","Global technology and advanced engineering support for Cloud Solutions, C5ISR, and Advanced Engineering / IT",Pf007NERP - Pf007NERP - NAVWAR,$100M - $250M,SeaPort,CPFF,Delivery Order/Task Order,N00039 - NAVWAR,FY26,Q2,Q2,FY26,60,Follow-on,N00039-21-F-5007,Smartronix,"Washington Navy Yard, DC",,R425,"Coley, Terry",terry.coley@navy.mil,NAVWAR OSBP,navwarsbo.fct@navy.mil,Secret,Secret,,,,,
LRAE Annex 25,116,Engineering Logistics Support Services (ELSS) Follow On,Professional and technical Engineering and Logistics support services for Navy ERP and SLDCADA,Pf007NERP - Pf007NERP - NAVWAR,$50M - $100M,SeaPort,CPFF,Delivery Order/Task Order,N00039 - NAVWAR,FY26,Q2,Q2,FY26,60,Follow-on,N00039-21-F-9058,FALCONWOOD,"Washington Navy Yard, DC",,R425,"Kopa, Mary",mary.kopa@navy.mil,NAVWAR OSBP,navwarsbo.fct@navy.mil,Secret,Secret,,,,,
LRAE Annex 25,117,PMO Specialized/Senior Consultant Support Services (Grey Beard) Follow On,"Professional Portfolio Program Management including, senior technical expertise, senior acquisition support, senior strategic support, senior technical implementation, senior requirements management support, and acquisition management tools and automation capability",Pf007NERP - Pf007NERP - NAVWAR,$50M - $100M,,CPFF,,N00039 - NAVWAR,FY26,Q3,Q3,FY26,60,Follow-on,N00039-21-F-3007,Bowhead Cybersecurity Solutions and Services,"Washington Navy Yard, DC",,DA01,"Kopa, Mary",mary.kopa@navy.mil,NAVWAR OSBP,navwarsbo.fct@navy.mil,Secret,Secret,,,,,
LRAE Annex 25,118,NETSS Follow On,"Navy ERP Modernization, sustainment, and optimization",Pf007NERP - Pf007NERP - NAVWAR,$1B,SeaPort,CPFF,Delivery Order/Task Order,N00039 - NAVWAR,FY25,Q4,Q4,FY25,60,Follow-on,N00039-20-F-3019,IBM,"Washington Navy Yard, DC",,R710,,mary.kopa@navy.mil,NAVWAR OSBP,navwarsbo.fct@navy.mil,,,,,,,
LRAE Annex 25,119,SLDCADA,"SLDCADA Modernization, sustainment, and optimization",Pf007NERP - Pf007NERP - NAVWAR,,SeaPort,CPFF,Delivery Order/Task Order,N00039 - NAVWAR,FY27,Q2,Q2,FY27,60,Follow-on,N0003922F3009,Innovatus,"Yorktown, VA",,,"Kopa, Mary",mary.kopa@navy.mil,NAVWAR OSBP,navwarsbo.fct@navy.mil,,,,,,,
LRAE Annex 25,120,NABS Electronic Procurement Systems (ePS) (C),Provide the DON contracting workforce with the end-to-end (E2E) procurement capability required to execute the DON’s contracting mission as it procures goods and services,Pf005NABS - Pf005NABS - NAVWAR,$50M - $100M,SEAPORT,CPFF,MAC,N00039 - NAVWAR,FY23,Q2,FY23,Q4,60,NEW,NA,NA,"Washington Navy Yard, DC",541330 - Engineering Services,DA - IT AND TELECOM - APLLICATIONS,"Coley, Terry",terry.coley@navy.mil,NAVWAR OSBP,navwarsbo.fct@navy.mil,Secret,Secret,,,,N00039-23-RFPREQ-Pf005NABS-0019,https://ams.navair.navy.mil/procurement/D8D2FEB2-D9BF-4658-8D02-2B053AF8D19C
LRAE Annex 25,121,Joint Air Logistics Information System,"Sustainment of the JALIS application, database, and operating environment",Pf005NABS - Pf005NABS - NAVWAR,$6.6M,TBD,Cost-Reimbursement,TBD,N00039 - NAVWAR,FY23,Q2,FY23,Q3,66,Follow-on,N0003918C0026,"KATMAI TECHNICAL SERVICES, LLC","San Diego, CA",541511 - Custom Computer Programming Services,R425 - SUPPORT- PROFESSIONAL: ENGINEERING/TECHNICAL,"Holcomb, Katherine",katherine.l.holcomb.civ@us.navy.mil,NAVWAR OSBP,navwarsbo.fct@navy.mil,Secret,Secret,,,,,
LRAE Annex 25,122,"LBUSP00030, Facilities Support, Pre-Priced CLINS New Task Order","This task order supports Naval Information Warfare Center Atlantic (NIWC Atlantic) Facilities under the purview of the Corporate Operations Competency.  This support encompasses meeting documentation, communications, scheduling, data coordination, cost proposals, cost estimates, facility visits, and contractor badging and base access.
Contract: N6523620D1002",LBUSP00030 - LBUSP00030 - NL-8.0 - NIWCLANT,< $2M,EDWOSB Set-Aside,Fixed-Price,Delivery Order/Task Order,N65236 - NIWCLANT,FY23,Q3,FY23,Q4,,New,,,"NORTH CHARLESTON, SC",TBD - TBD,TBD - TBD,"CONNELL, MELISSA A.",melissa.a.connell10.civ@us.navy.mil,NAVWAR OSBP,navwarsbo.fct@navy.mil,,,,,,N65236-23-RFPREQ-LBUSP00030-0015,https://ams.navair.navy.mil/procurement/6BC91345-51CD-4E89-A61C-DCF55556130F
LRAE Annex 25,123,LIPTM00460 RDT&E IPT - SOLARWINDS ANNUAL RENEWAL - NASA SEWP (C),FY23 RDT&E Solarwinds Annual Renewal,LSUBP00087 - LSUBP00087 - Command Information Officer Division - NIWCLANT,< $2M,,Fixed-Price,Delivery Order/Task Order,N65236 - NIWCLANT,FY23,Q2,FY23,Q3,,New,,,"NORTH CHARLESTON, SC",334111 - Electronic Computer Manufacturing,"7E20 - IT AND TELECOM - END USER: HELP DESK;TIER 1-2, WORKSPACE, PRINT, PRODUCTIVITY TOOL (HW/PERPETUAL SW)","CONNELL, MELISSA A.",melissa.a.connell10.civ@us.navy.mil,NAVWAR OSBP,navwarsbo.fct@navy.mil,,,,,,N65236-23-RFPREQ-LSUBP00087-0008,https://ams.navair.navy.mil/procurement/E74E3F09-B325-437F-A1AB-AFF881322614
LRAE Annex 25,124,LIPTM00229 - IUSS IPT - 300-23-921 - CISCO Modules (Outlaw)-SEWP (C),CISCO Modules in support of 402 tasking for Paul Outlaw.,LSUBP00022 - LSUBP00022 - BATTLE SPACE AWARENESS DIV HEAD - NIWCLANT,< $2M,TBD,Fixed-Price,Delivery Order/Task Order,N65236 - NIWCLANT,FY23,Q3,FY23,Q3,,New,,,"Virginia Beach, VA",332510 - Hardware Manufacturing,7G20 - IT AND TELECOM - NETWORK: ANALOG VOICE PRODUCTS (HARDWARE AND PERPETUAL LICENSE SOFTWARE),"DELLINGER, VINCENT",vincent.m.dellinger.civ@us.navy.mil,NAVWAR OSBP,navwarsbo.fct@navy.mil,,,,,,N65236-23-RFPREQ-LSUBP00022-0072,https://ams.navair.navy.mil/procurement/0BA77698-596B-4B71-A5DD-E311480D11D3
LRAE Annex 25,125,LIPTM00439-KMI Bracket Procurement and Assembly POP 12 Months,Procurement and Assembly of KMI Mounting Brackets,LSUBP00024 - LSUBP00024 - IA AND NAVY CYBER SECURITY DIV HEAD - NIWCLANT,No Range Specified,,Cost-Reimbursement,Delivery Order/Task Order,N65236 - NIWCLANT,FY23,Q2,FY23,Q4,,Follow-on,N6523622F0693,,"Charleston, SC",541330 - Engineering Services,DC01 - IT AND TELECOM - DATA CENTER SUPPORT SERVICES (LABOR),"DELLINGER, VINCENT",vincent.m.dellinger.civ@us.navy.mil,NAVWAR OSBP,navwarsbo.fct@navy.mil,,,,,,N65236-23-RFPREQ-LSUBP00024-0003,https://ams.navair.navy.mil/procurement/D872160E-6F65-4ED4-B978-6BF3A281E987
LRAE Annex 25,126,LIPTM00156 - FY23 DCGS-N CLOUDERA AND POSTGRESS - SEWP (C),Procure FY23 Cloudera and  Postgres EDB NEW requirements for the DCGS-N program,LSUBP00022 - LSUBP00022 - BATTLE SPACE AWARENESS DIV HEAD - NIWCLANT,No Range Specified,TBD,Fixed-Price,Delivery Order/Task Order,N65236 - NIWCLANT,FY23,Q3,FY23,Q3,,New,,,"San Diego, CA",423430 - Computer and Computer Peripheral Equipment and Software Merchant Wholesalers,"7E20 - IT AND TELECOM - END USER: HELP DESK;TIER 1-2, WORKSPACE, PRINT, PRODUCTIVITY TOOL (HW/PERPETUAL SW)","DELLINGER, VINCENT",vincent.m.dellinger.civ@us.navy.mil,NAVWAR OSBP,navwarsbo.fct@navy.mil,,,,,,N65236-23-RFPREQ-LSUBP00022-0082,https://ams.navair.navy.mil/procurement/847824BE-73E0-4387-92B9-7741A563A26A
LRAE Annex 25,127,"LIPTM00444, TACNET DEP IPT, CANES TOOLS, SEWP (C)",Create tool box for maintenance repairs of CANES products.  Tech code conducted an RFI on SEWP 10Mar23,LSUBP00063 - LSUBP00063 - NAVY AFLOAT NETWORK DIV HEAD - NIWCLANT,< $2M,Small Business Set-Aside,Fixed-Price,Delivery Order/Task Order,N65236 - NIWCLANT,FY23,Q3,FY23,Q4,,New,,,"Norfolk, VA",541519 - Other Computer Related Services,5836 - VIDEO RECORDING AND REPRODUCING EQUIPMENT,"DELLINGER, VINCENT",vincent.m.dellinger.civ@us.navy.mil,NAVWAR OSBP,navwarsbo.fct@navy.mil,,,,,,N65236-23-RFPREQ-LSUBP00063-0041,https://ams.navair.navy.mil/procurement/4C78F5A8-1D3B-49EC-8C2D-EA17591A949A
LRAE Annex 25,128,LIPTM00229 - IUSS IPT - 300-23-925 - CISCO Routers (Outlaw)-SEWP (C),CISCO Routers in support of J4 401-C tasking for Paul Outlaw.,LSUBP00022 - LSUBP00022 - BATTLE SPACE AWARENESS DIV HEAD - NIWCLANT,< $2M,TBD,Fixed-Price,Delivery Order/Task Order,N65236 - NIWCLANT,FY23,Q3,FY23,Q3,,New,,,"Virginia Beach, VA",TBD - TBD,TBD - TBD,"DELLINGER, VINCENT",vincent.m.dellinger.civ@us.navy.mil,NAVWAR OSBP,navwarsbo.fct@navy.mil,,,,,,N65236-23-RFPREQ-LSUBP00022-0094,https://ams.navair.navy.mil/procurement/949D5CBF-648C-4A30-9F3A-D1405853EFB3
LRAE Annex 25,129,LIPTM00229 - IUSS IPT - 300-23-926 - VIAVI Testers (Outlaw)-SEWP (C),VIAVI Testers in support of 402/401-C tasking for Paul Outlaw.,LSUBP00022 - LSUBP00022 - BATTLE SPACE AWARENESS DIV HEAD - NIWCLANT,< $2M,TBD,Fixed-Price,Delivery Order/Task Order,N65236 - NIWCLANT,FY23,Q3,FY23,Q4,,New,,,"Virginia Beach, VA",541519 - Other Computer Related Services,7G20 - IT AND TELECOM - NETWORK: ANALOG VOICE PRODUCTS (HARDWARE AND PERPETUAL LICENSE SOFTWARE),"DELLINGER, VINCENT",vincent.m.dellinger.civ@us.navy.mil,NAVWAR OSBP,navwarsbo.fct@navy.mil,,,,,,N65236-23-RFPREQ-LSUBP00022-0095,https://ams.navair.navy.mil/procurement/73D98736-04D6-479E-83B8-36FA2FEAB884
LRAE Annex 25,130,LIPTM00149 - ASE - SSEE Inc F Peregrine - ASE-23-011 - SEWP (C),Procure Peregrine ASY00779-01,LSUBP00022 - LSUBP00022 - BATTLE SPACE AWARENESS DIV HEAD - NIWCLANT,$2M - $7.5M,,Fixed-Price,Delivery Order/Task Order,N65236 - NIWCLANT,FY23,Q3,FY23,Q4,,Follow-on,N6523617D8009,"SIX3 ADVANCED SYSTEMS, INC.","NORTH CHARLESTON, SC",423690 - Other Electronic Parts and Equipment Merchant Wholesalers,TBD - TBD,"DELLINGER, VINCENT",vincent.m.dellinger.civ@us.navy.mil,NAVWAR OSBP,navwarsbo.fct@navy.mil,,,,,,N65236-23-RFPREQ-LSUBP00022-0106,https://ams.navair.navy.mil/procurement/A75609E3-3E67-4F95-B0EA-261FD8852614
LRAE Annex 25,131,"LIPTM00321, C4I, NS IPT, CND CISCO MIGRATION HW SUPT RENEWALS, SEWP (C)","CND MIGRATION HW SUPPORT RENEWALS, SEWP",LSUBP00024 - LSUBP00024 - IA AND NAVY CYBER SECURITY DIV HEAD - NIWCLANT,< $2M,,Fixed-Price,Delivery Order/Task Order,N65236 - NIWCLANT,FY23,Q3,FY23,Q4,,Follow-on,N6523622F0486,,"NORTH CHARLESTON, SC",541519 - Other Computer Related Services,7J20 - IT AND TELECOM - SECURITY AND COMPLIANCE PRODUCTS (HARDWARE AND PERPETUAL LICENSE SOFTWARE),"DELLINGER, VINCENT",vincent.m.dellinger.civ@us.navy.mil,NAVWAR OSBP,navwarsbo.fct@navy.mil,,,,,,N65236-23-RFPREQ-LSUBP00024-0032,https://ams.navair.navy.mil/procurement/FCDA2773-6F0F-4CA9-839E-3FAC25F13FC7
LRAE Annex 25,132,LIPTM00149 - ASE - SSEE Inc F Mission Module Spares - ASE-23-007 - SEWP (C),Procure mission module spare hardware in support of SSEE Inc F.,LSUBP00022 - LSUBP00022 - BATTLE SPACE AWARENESS DIV HEAD - NIWCLANT,< $2M,,Fixed-Price,Delivery Order/Task Order,N65236 - NIWCLANT,FY23,Q3,FY23,Q3,,New,,,"NORTH CHARLESTON, SC",423690 - Other Electronic Parts and Equipment Merchant Wholesalers,7K20 - IT AND TELECOM - STORAGE PRODUCTS (HARDWARE AND PERPETUAL LICENSE SOFTWARE),"DELLINGER, VINCENT",vincent.m.dellinger.civ@us.navy.mil,NAVWAR OSBP,navwarsbo.fct@navy.mil,,,,,,N65236-23-RFPREQ-LSUBP00022-0114,https://ams.navair.navy.mil/procurement/17D3C432-700D-427B-ABCC-8FA9962F31F9
LRAE Annex 25,133,"LIPTM00149 - ASE IPT - Horizon UPS, Ethernet, and 2U Servers - ASE-23-020 - SEWP (C)","Procure APC UPS, Ethernet Switch, and 2U Servers in support of Horizon",LSUBP00022 - LSUBP00022 - BATTLE SPACE AWARENESS DIV HEAD - NIWCLANT,< $2M,,Fixed-Price,Delivery Order/Task Order,N65236 - NIWCLANT,FY23,Q3,FY23,Q4,,New,,,"NORTH CHARLESTON, SC",423690 - Other Electronic Parts and Equipment Merchant Wholesalers,TBD - TBD,"DELLINGER, VINCENT",vincent.m.dellinger.civ@us.navy.mil,NAVWAR OSBP,navwarsbo.fct@navy.mil,,,,,,N65236-23-RFPREQ-LSUBP00022-0115,https://ams.navair.navy.mil/procurement/79B807D1-AA9E-45CC-BFD3-89F86EB2BAF0
LRAE Annex 25,134,LIPTM00149 - ASE - SSEE CDE JFrog and SonarSource Licenses and Maintenance - ASE-23-042 - SEWP (C),"Procure the following in support of SSEE CDE 
 - JFrog Enterprise X Software, Antifactory, X-ray, Mission Control
 - JFrog Enterprise X Software, Antifactory, X-ray, Mission Control Renewals 
 - Sonar Source Sonar Qube Enterprise Edition, Up to 5M Locs with Support
 - Sonar Source Sonar Qube Enterprise Edition Up to 5m Locs with Support Renewal",LSUBP00022 - LSUBP00022 - BATTLE SPACE AWARENESS DIV HEAD - NIWCLANT,< $2M,,Fixed-Price,Delivery Order/Task Order,N65236 - NIWCLANT,FY23,Q3,FY23,Q4,,New,,,"NORTH CHARLESTON, SC",423690 - Other Electronic Parts and Equipment Merchant Wholesalers,TBD - TBD,"DELLINGER, VINCENT",vincent.m.dellinger.civ@us.navy.mil,NAVWAR OSBP,navwarsbo.fct@navy.mil,,,,,,N65236-23-RFPREQ-LSUBP00022-0116,https://ams.navair.navy.mil/procurement/19C6423E-0A4D-47F1-B712-B165F2A1CE65
LRAE Annex 25,135,LIPTM00156 - DCGS-N - IBM ASPERA & ANALYST NBKS -  SEWP (C),"Procure FY23 IBM ASPERA & ANALYST NBKS requirements for the DCGS-N Program.
Previous Award N6523622F0523
Date 7/28/2022",LSUBP00022 - LSUBP00022 - BATTLE SPACE AWARENESS DIV HEAD - NIWCLANT,< $2M,TBD,Fixed-Price,Delivery Order/Task Order,N65236 - NIWCLANT,FY23,Q3,FY23,Q4,,Follow-on,N6523622F0523,,"Charleston, SC",TBD - TBD,TBD - TBD,"DELLINGER, VINCENT",vincent.m.dellinger.civ@us.navy.mil,NAVWAR OSBP,navwarsbo.fct@navy.mil,,,,,,N65236-23-RFPREQ-LSUBP00022-0122,https://ams.navair.navy.mil/procurement/D210966E-CD75-4ED5-8260-23B9A210299B
LRAE Annex 25,136,"LIPTM00321, C4I, NS IPT, CND NCDOC ORACLE EXADATA HW SUPPORT RENEWALS, SEWP (C)",CND NCDOC ORACLE EXADATA HW SUPPORT RENEWALS,LSUBP00024 - LSUBP00024 - IA AND NAVY CYBER SECURITY DIV HEAD - NIWCLANT,< $2M,,Fixed-Price,Delivery Order/Task Order,N65236 - NIWCLANT,FY23,Q3,FY23,Q4,,Follow-on,N6523621F0825,,"NORTH CHARLESTON, SC",541519 - Other Computer Related Services,7J20 - IT AND TELECOM - SECURITY AND COMPLIANCE PRODUCTS (HARDWARE AND PERPETUAL LICENSE SOFTWARE),"DELLINGER, VINCENT",vincent.m.dellinger.civ@us.navy.mil,NAVWAR OSBP,navwarsbo.fct@navy.mil,,,,,,N65236-23-RFPREQ-LSUBP00024-0037,https://ams.navair.navy.mil/procurement/F40F72A1-E370-4055-A095-7667F2190418
LRAE Annex 25,137,LIPTM00149 - ASE - SSEE Inc F Wideband Recorder Hardware and TCP UPS Filter- ASE-23-008-SEWP (C),Procure Wideband Recorder Hardware and TCP UPS Filter,LSUBP00022 - LSUBP00022 - BATTLE SPACE AWARENESS DIV HEAD - NIWCLANT,< $2M,TBD,Fixed-Price,Delivery Order/Task Order,N65236 - NIWCLANT,FY23,Q3,FY23,Q4,,New,,,"NORTH CHARLESTON, SC",423690 - Other Electronic Parts and Equipment Merchant Wholesalers,7K20 - IT AND TELECOM - STORAGE PRODUCTS (HARDWARE AND PERPETUAL LICENSE SOFTWARE),"DELLINGER, VINCENT",vincent.m.dellinger.civ@us.navy.mil,NAVWAR OSBP,navwarsbo.fct@navy.mil,,,,,,N65236-23-RFPREQ-LSUBP00022-0129,https://ams.navair.navy.mil/procurement/B33C5848-D49E-4245-8336-CE9A14C1A62D
LRAE Annex 25,138,LIPTM00410 Enterprise Communications Infrastructure (ECI) Support - SeaPort (C),"To provide system operations, engineering, configuration management (CM), integrated and materiel logistics, program management, and quality assurance (QA) services in support of ECI IPT.",LSUBP00064 - LSUBP00064 - EXPED ENTERPRISE SYS & SVS DIV HD - NIWCLANT,$7.5M - $50M,,Cost-Reimbursement,Delivery Order/Task Order,N65236 - NIWCLANT,FY23,Q2,FY23,Q4,60,Follow-on,N00178-04-D-4119,SCIENCE APPLICATIONS INTERNATIONAL CORPORATION,"Charleston, SC",541330 - Engineering Services,R425 - SUPPORT- PROFESSIONAL: ENGINEERING/TECHNICAL,"Dumenigo, Giancarlo",giancarlo.dumenigo.civ@us.navy.mil,NAVWAR OSBP,navwarsbo.fct@navy.mil,Secret,Secret,,,SVC Procurements via SeaPort-NxG,N65236-22-RFPREQ-LSUBP00064-0006,https://ams.navair.navy.mil/procurement/7AB6EF73-18BB-466A-AA85-9DE7AC824E30
LRAE Annex 25,139,LIPTM00454 Application DevSecOps Service Modernization (C),"Naval Information Warfare Center (NIWC) Atlantic Expeditionary Enterprise Systems and Services (E2S2) Division seeks to execute cyber
security support tasking for the following integrated product teams.",LSUBP00064 - LSUBP00064 - EXPED ENTERPRISE SYS & SVS DIV HD - NIWCLANT,$7.5M - $50M,Small Business Set-Aside,Cost-Reimbursement,Delivery Order/Task Order,N65236 - NIWCLANT,FY23,Q2,FY24,Q1,60,Follow-on,N6523620F3012,"COMMIT ENTERPRISES, INC.","Charleston, SC",541330 - Engineering Services,R425 - SUPPORT- PROFESSIONAL: ENGINEERING/TECHNICAL,"Dumenigo, Giancarlo",giancarlo.dumenigo.civ@us.navy.mil,NAVWAR OSBP,navwarsbo.fct@navy.mil,Secret,Secret,,,SVC Procurements via SeaPort-NxG,N65236-23-RFPREQ-LSUBP00064-0007,https://ams.navair.navy.mil/procurement/2415FF4E-0EC3-4BB3-A60F-A3E17F5B9740
LRAE Annex 25,140,LIPTM00107_Naval Tactical Command Support System (NTCSS) Support Services-SeaPort TO (C),"The development and maintenance and sustainment of the Naval Tactical Command Support System (NTCSS) current solutions as part of the Naval Maintenance, Repair, and Overhaul (N-MRO) and Naval Operational Supply System (NOSS).   Specific requirements include: Project Management (PM), systems and software engineering, requirements analysis, configuration management, information assurance, testing, and help desk support services.",LSUBP00056 - LSUBP00056 - ENTERPRISE BUSINESS SYSTEMS DIV HEAD - NIWCLANT,No Range Specified,,Cost-Reimbursement,Delivery Order/Task Order,N65236 - NIWCLANT,FY23,Q1,FY23,Q4,,Follow-on,N0017804D4026,"CACI TECHNOLOGIES, INC","Norfolk, VA",541330 - Engineering Services,DA01 - IT and Telecom — Business Application/Application Development Support Services (Labor) Services,"Dumenigo, Giancarlo",giancarlo.dumenigo.civ@us.navy.mil,NAVWAR OSBP,navwarsbo.fct@navy.mil,,,,,,N65236-22-RFPREQ-LSUBP00056-0005,https://ams.navair.navy.mil/procurement/692AFCB4-AEE1-414F-811D-5AB18A134777
LRAE Annex 25,141,LIPTM00454 -MCBOSS - PUPPET - SEWP (C),SOFTWARE REQUIRED FOR SYSTEM CONTINUITY,LSUBP00064 - LSUBP00064 - EXPED ENTERPRISE SYS & SVS DIV HD - NIWCLANT,< $2M,TBD,Fixed-Price,Delivery Order/Task Order,N65236 - NIWCLANT,,,FY23,Q2,12,Follow-on,N6523622F0290,,"Charleston, SC",421430 - COMPUTER AND COMPUTER PERIPHERAL EQUIPMENT AND SOFTWARE WHOLESALERS,7A21 - IT AND TELECOM - BUSINESS APPLICATION SOFTWARE (PERPETUAL LICENSE SOFTWARE),"Dumenigo, Giancarlo",giancarlo.dumenigo.civ@us.navy.mil,NAVWAR OSBP,navwarsbo.fct@navy.mil,None,None,,,Material Procurements,N65236-23-RFPREQ-LSUBP00064-0005,https://ams.navair.navy.mil/procurement/BE6CBA22-889F-4D1F-B900-6B6808B661F1
LRAE Annex 25,142,LIPTM00453- WAN Infrastructure Support - SeaPort TO (C),Wide Area Network (WAN) INFRASTRUCTURE SUPPORT,LSUBP00017 - LSUBP00017 - INFRASTRUCTURE SYSTEMS DIV HEAD - NIWCLANT,$7.5M - $50M,,Cost-Reimbursement,Delivery Order/Task Order,N65236 - NIWCLANT,FY23,Q2,FY24,Q1,,Follow-on,N6523622F3020,,"Charleston, SC",541330 - Engineering Services,J059 - MAINT/REPAIR/REBUILD OF EQUIPMENT- ELECTRICAL AND ELECTRONIC EQUIPMENT COMPONENTS,"Dumenigo, Giancarlo",giancarlo.dumenigo.civ@us.navy.mil,NAVWAR OSBP,navwarsbo.fct@navy.mil,,,,,,N65236-22-RFPREQ-LSUBP00017-0003,https://ams.navair.navy.mil/procurement/1433AF77-8B1C-4AB7-BE2C-C6DD1DC131BA
LRAE Annex 25,143,LIPTM00454 -MCBOSS - SPLUNK SOFTWARE RENEWAL - BPA ESI (C),SOFTWARE REQUIRED FOR SYSTEM CONTINUITY,LSUBP00064 - LSUBP00064 - EXPED ENTERPRISE SYS & SVS DIV HD - NIWCLANT,< $2M,TBD,Fixed-Price,Delivery Order/Task Order,N65236 - NIWCLANT,,,FY23,Q4,12,Follow-on,N6523622F0513,,"Charleston, SC",421430 - COMPUTER AND COMPUTER PERIPHERAL EQUIPMENT AND SOFTWARE WHOLESALERS,7A21 - IT AND TELECOM - BUSINESS APPLICATION SOFTWARE (PERPETUAL LICENSE SOFTWARE),"Dumenigo, Giancarlo",giancarlo.dumenigo.civ@us.navy.mil,NAVWAR OSBP,navwarsbo.fct@navy.mil,None,None,,,Material Procurements,N65236-23-RFPREQ-LSUBP00064-0006,https://ams.navair.navy.mil/procurement/B4B6EA34-54BE-4B7E-87A7-973F084F7BD3
LRAE Annex 25,144,"LIPTM00183, INIS IPT, OTP MUOS Bcubed NEW TASK ORDER","N652362290006
NEW TO (#2) - Follow on 
BCubed 
Planning PID - Will Obligate $9M to start- waiting to receive funding.",LSUBP00023 - LSUBP00023 - SPEC RECON SURVEIL & EXPLOIT DIV HD - NIWCLANT,$7.5M - $50M,Small Business Set-Aside,TBD,Delivery Order/Task Order,N65236 - NIWCLANT,,,FY23,Q4,,,,,"Charleston, SC",TBD - TBD,TBD - TBD,"Dumenigo, Giancarlo",giancarlo.dumenigo.civ@us.navy.mil,NAVWAR OSBP,navwarsbo.fct@navy.mil,,,,,,N65236-23-RFPREQ-LSUBP00023-0053,https://ams.navair.navy.mil/procurement/17AD1989-778A-4A5E-8C60-4BCDCD017C71
LRAE Annex 25,145,FY24 USMC MCBOSS Cloud Consumption,"Naval Information Warfare Center Atlantic (NIWC Atlantic) provides Cloud Brokerage functions to Department of Navy (DON) and United States Marine Corps (USMC) Mission Owners (MOs). As part of the brokerage function NIWC Atlantic provides acquisition of the Cloud Services on the DON MOs behalf. The Brokerage functions are provided via the Enterprise Engineering and Integration Services (E2IS) Integrated Product Team (IPT) as part of the Expeditionary Enterprise Systems and Services (E2S2) Division within the Expeditionary Warfare Department. The scope of this PWS is for obtaining unclassified commercial cloud services at the Information Level 2, 4, 5 (defined in DoD Cloud Security Requirements Guide) and will include the following Cloud Service Providers (CSPs): Amazon Web Services (AWS).",LSUBP00064 - LSUBP00064 - EXPED ENTERPRISE SYS & SVS DIV HD - NIWCLANT,$2M - $7.5M,TBD,Fixed-Price,BPA Call,N65236 - NIWCLANT,FY23,Q3,FY23,Q4,12,Follow-on,N0003918A0003,GENERAL DYNAMICS INFORMATION TECHNOLOGY,"Charleston, SC",541513 - Computer Facilities Management Services,DB10 - IT AND TELECOM - COMPUTE AS A SERVICE: MAINFRAME/SERVERS,"Dumenigo, Giancarlo",giancarlo.dumenigo.civ@us.navy.mil,NAVWAR OSBP,navwarsbo.fct@navy.mil,Classified,Classified,,,SVC Procurements via DoD ESL,N65236-23-RFPREQ-LSUBP00064-0044,https://ams.navair.navy.mil/procurement/13DE9ABC-8215-47B4-A85A-B285364616D0
LRAE Annex 25,146,LIPTM00454 -MCBOSS - GITLAB RENEWAL - SEWP (C),SOFTWARE REQUIRED FOR SYSTEM CONTINUITY,LSUBP00064 - LSUBP00064 - EXPED ENTERPRISE SYS & SVS DIV HD - NIWCLANT,< $2M,TBD,Fixed-Price,Delivery Order/Task Order,N65236 - NIWCLANT,,,FY23,Q4,12,Follow-on,N6523622F0725,,"NORTH CHARLESTON, SC",421430 - COMPUTER AND COMPUTER PERIPHERAL EQUIPMENT AND SOFTWARE WHOLESALERS,7A21 - IT AND TELECOM - BUSINESS APPLICATION SOFTWARE (PERPETUAL LICENSE SOFTWARE),"Dumenigo, Giancarlo",giancarlo.dumenigo.civ@us.navy.mil,NAVWAR OSBP,navwarsbo.fct@navy.mil,None,None,,,Material Procurements,N65236-23-RFPREQ-LSUBP00064-0011,https://ams.navair.navy.mil/procurement/699C6E26-AF93-4BC9-A615-C0595DDC1ABE
LRAE Annex 25,147,LIPTM00454 - MCBOSS - GRAFANA RENEWAL - SEWP (C),SOFTWARE REQUIRED FOR SYSTEM CONTINUITY,LSUBP00064 - LSUBP00064 - EXPED ENTERPRISE SYS & SVS DIV HD - NIWCLANT,< $2M,TBD,Fixed-Price,Delivery Order/Task Order,N65236 - NIWCLANT,,,FY23,Q4,12,Follow-on,,,"NORTH CHARLESTON, SC",421430 - COMPUTER AND COMPUTER PERIPHERAL EQUIPMENT AND SOFTWARE WHOLESALERS,7A21 - IT AND TELECOM - BUSINESS APPLICATION SOFTWARE (PERPETUAL LICENSE SOFTWARE),"Dumenigo, Giancarlo",giancarlo.dumenigo.civ@us.navy.mil,NAVWAR OSBP,navwarsbo.fct@navy.mil,None,None,,,Material Procurements,N65236-23-RFPREQ-LSUBP00064-0012,https://ams.navair.navy.mil/procurement/72A68F6C-F3B9-4086-A190-C04AD53729D2
LRAE Annex 25,148,LIPTM00454 - MCBOSS - F5 RENEWAL - SEWP (C),SOFTWARE REQUIRED FOR SYSTEM CONTINUITY,LSUBP00064 - LSUBP00064 - EXPED ENTERPRISE SYS & SVS DIV HD - NIWCLANT,< $2M,TBD,Fixed-Price,Delivery Order/Task Order,N65236 - NIWCLANT,,,FY23,Q4,12,Follow-on,N6523622F0492,,"NORTH CHARLESTON, SC",421430 - COMPUTER AND COMPUTER PERIPHERAL EQUIPMENT AND SOFTWARE WHOLESALERS,7A21 - IT AND TELECOM - BUSINESS APPLICATION SOFTWARE (PERPETUAL LICENSE SOFTWARE),"Dumenigo, Giancarlo",giancarlo.dumenigo.civ@us.navy.mil,NAVWAR OSBP,navwarsbo.fct@navy.mil,None,None,,,Material Procurements,N65236-23-RFPREQ-LSUBP00064-0013,https://ams.navair.navy.mil/procurement/39F62B8F-1B5F-4D4A-92DA-B0ED31C8A1F0
LRAE Annex 25,149,LIPTM00454 - MCBOSS - THREADFIX RENEWAL - SEWP (C),SOFTWARE REQUIRED FOR SYSTEM CONTINUITY,LSUBP00064 - LSUBP00064 - EXPED ENTERPRISE SYS & SVS DIV HD - NIWCLANT,< $2M,TBD,TBD,Delivery Order/Task Order,N65236 - NIWCLANT,,,FY23,Q4,12,,,,"NORTH CHARLESTON, SC",421430 - COMPUTER AND COMPUTER PERIPHERAL EQUIPMENT AND SOFTWARE WHOLESALERS,7A21 - IT AND TELECOM - BUSINESS APPLICATION SOFTWARE (PERPETUAL LICENSE SOFTWARE),"Dumenigo, Giancarlo",giancarlo.dumenigo.civ@us.navy.mil,NAVWAR OSBP,navwarsbo.fct@navy.mil,None,None,,,Material Procurements,N65236-23-RFPREQ-LSUBP00064-0014,https://ams.navair.navy.mil/procurement/56079DFC-381D-4843-9B9A-FC1A8E1C90C0
LRAE Annex 25,150,LIPTM00480 - Naval Tactical Command Support System - VE3 Tabletop Cisco Switches - CISCO ESI BPA - SEWP (C),151-23-024 FY23 NTCSS VE3 Tabletop Switches.  These switches are needed for the VE3 Tabletop requirement.,LSUBP00056 - LSUBP00056 - ENTERPRISE BUSINESS SYSTEMS DIV HEAD - NIWCLANT,< $2M,TBD,Fixed-Price,Delivery Order/Task Order,N65236 - NIWCLANT,FY23,Q2,FY23,Q3,,New,,,"Norfolk, VA",541519 - Other Computer Related Services,7K20 - IT AND TELECOM - STORAGE PRODUCTS (HARDWARE AND PERPETUAL LICENSE SOFTWARE),"Dumenigo, Giancarlo",giancarlo.dumenigo.civ@us.navy.mil,NAVWAR OSBP,navwarsbo.fct@navy.mil,,,,,,N65236-23-RFPREQ-LSUBP00056-0028,https://ams.navair.navy.mil/procurement/56D73B21-210E-49D8-9047-5674A7C3FF2D
LRAE Annex 25,151,LIPTM00454 -MCBOSS - FORTIFY/WEBINSPECT RENEWAL- BPA ESI (C),SOFTWARE REQUIRED FOR SYSTEM CONTINUITY,LSUBP00064 - LSUBP00064 - EXPED ENTERPRISE SYS & SVS DIV HD - NIWCLANT,< $2M,TBD,Fixed-Price,Delivery Order/Task Order,N65236 - NIWCLANT,,,FY23,Q4,12,Follow-on,N6523622F0675,,"NORTH CHARLESTON, SC",421430 - COMPUTER AND COMPUTER PERIPHERAL EQUIPMENT AND SOFTWARE WHOLESALERS,7A21 - IT AND TELECOM - BUSINESS APPLICATION SOFTWARE (PERPETUAL LICENSE SOFTWARE),"Dumenigo, Giancarlo",giancarlo.dumenigo.civ@us.navy.mil,NAVWAR OSBP,navwarsbo.fct@navy.mil,None,None,,,Material Procurements,N65236-23-RFPREQ-LSUBP00064-0009,https://ams.navair.navy.mil/procurement/8405CE67-8217-4EF5-84F8-EFFDE488CF2E
LRAE Annex 25,152,LIPTM00454 -MCBOSS - PIVOTAL(TANZU) - VMWARE - DONELA,SOFTWARE REQUIRED FOR SYSTEM CONTINUITY,LSUBP00064 - LSUBP00064 - EXPED ENTERPRISE SYS & SVS DIV HD - NIWCLANT,< $2M,TBD,Fixed-Price,BPA Call,N65236 - NIWCLANT,,,FY23,Q4,12,Follow-on,N6523622F0513,,"Charleston, SC",421430 - COMPUTER AND COMPUTER PERIPHERAL EQUIPMENT AND SOFTWARE WHOLESALERS,7A21 - IT AND TELECOM - BUSINESS APPLICATION SOFTWARE (PERPETUAL LICENSE SOFTWARE),"Dumenigo, Giancarlo",giancarlo.dumenigo.civ@us.navy.mil,NAVWAR OSBP,navwarsbo.fct@navy.mil,None,None,,,Material Procurements,N65236-23-RFPREQ-LSUBP00064-0058,https://ams.navair.navy.mil/procurement/04E14068-DA89-469B-82DA-3F404DE0C7D3
LRAE Annex 25,153,LIPTM00319_CyberANTX2023_CSO (C),Releasing a CSO to support a Cyber ANTX planned for September 2023.Collaborating with NIWC PAC.,LSUBP00049 - LSUBP00049 - S&T Division - NIWCLANT,< $2M,,TBD,TBD,N65236 - NIWCLANT,,,FY23,Q3,,,,,"Charleston, SC",TBD - TBD,TBD - TBD,"Dumenigo, Giancarlo",giancarlo.dumenigo.civ@us.navy.mil,NAVWAR OSBP,navwarsbo.fct@navy.mil,,,,,,N65236-23-RFPREQ-LSUBP00049-0150,https://ams.navair.navy.mil/procurement/D4C9674D-1A19-430E-8EB6-6EDD895748F6
LRAE Annex 25,154,"LIPTM00453, Special Networks IPT, Operationalizing Enterprise Capabilities, D/O (Prototype) (C)",This is for a new delivery order on Contract N652362290005 (Prototype) off the IDIQ (existing).,LSUBP00017 - LSUBP00017 - INFRASTRUCTURE SYSTEMS DIV HEAD - NIWCLANT,No Range Specified,,Fixed-Price,Delivery Order/Task Order,N65236 - NIWCLANT,,,FY23,Q3,,,,,"Charleston, SC",TBD - TBD,TBD - TBD,"Dumenigo, Giancarlo",giancarlo.dumenigo.civ@us.navy.mil,NAVWAR OSBP,navwarsbo.fct@navy.mil,,,,,,N65236-23-RFPREQ-LSUBP00017-0011,https://ams.navair.navy.mil/procurement/DFA98912-0F90-47AE-AA8A-752E728543D5
LRAE Annex 25,155,NEBS (C),"Tech Stack Refresh, Update from ECC to S/4 HANA",Pf007NERP - Pf007NERP - NAVWAR,$7.5M - $50M,TBD,TBD,OTA,N65236 - NIWCLANT,,,FY24,Q1,,,,,"Charleston, SC",TBD - TBD,TBD - TBD,"Dumenigo, Giancarlo",giancarlo.dumenigo.civ@us.navy.mil,NAVWAR OSBP,navwarsbo.fct@navy.mil,,,,,,N65236-23-RFPREQ-Pf007NERP-0069,https://ams.navair.navy.mil/procurement/ECCBB8EA-5F4E-43C8-80F7-652AFC05E73E
LRAE Annex 25,156,MOS Mod BPA Call 5 (C),Procure MOS Mod SCAs,PMW-150 - PMW-150 - NAVWAR,No Range Specified,,Fixed-Price,BPA Call,N00039 - NAVWAR,FY23,Q1,FY23,Q3,,New,,,"San Diego, CA",334220 - Radio and Television Broadcasting and Wireless Communications Equipment Manufacturing,"5825 - RADIO NAVIGATION EQUIPMENT, EXCEPT AIRBORNE","Fleming, Matthew",matthew.l.fleming10.civ@us.navy.mil,NAVWAR OSBP,navwarsbo.fct@navy.mil,,,,,,N00039-22-RFPREQ-PMW-150-0017,https://ams.navair.navy.mil/procurement/C6173A3A-9EB7-44D7-B420-A2023DBCAE0D
LRAE Annex 25,157,MOS Mod Production Follow On (C),MOS Mod cabinets and spares,PMW-150 - PMW-150 - NAVWAR,$7.5M - $50M,,TBD,TBD,N00039 - NAVWAR,,,FY24,Q2,,Follow-on,,,"San Diego, CA",334220 - Radio and Television Broadcasting and Wireless Communications Equipment Manufacturing,"5825 - RADIO NAVIGATION EQUIPMENT, EXCEPT AIRBORNE","Fleming, Matthew",matthew.l.fleming10.civ@us.navy.mil,NAVWAR OSBP,navwarsbo.fct@navy.mil,,,,,,N00039-23-RFPREQ-PMW-150-0011,https://ams.navair.navy.mil/procurement/1422CB2E-EEF8-4530-B665-7F5CF98E0583
LRAE Annex 25,158,C2P BPA Call 1 (C),Issue first call of C2P BPA,PMW-150 - PMW-150 - NAVWAR,No Range Specified,,TBD,Delivery Order/Task Order,N00039 - NAVWAR,,,FY23,Q1,,,,,"San Diego, CA",334220 - Radio and Television Broadcasting and Wireless Communications Equipment Manufacturing,5811 - OTHER CRYPTOLOGIC EQUIPMENT AND COMPONENTS,"Fleming, Matthew",matthew.l.fleming10.civ@us.navy.mil,NAVWAR OSBP,navwarsbo.fct@navy.mil,,,,,,N00039-23-RFPREQ-PMW-150-0016,https://ams.navair.navy.mil/procurement/F2670126-DB2D-4B18-9E79-3CC1A8096828
LRAE Annex 25,159,JPI A8 Card Follow-on,Follow-on to current JPI A8 card update contract.,PMW-150 - PMW-150 - NAVWAR,< $2M,,Fixed-Price,Purchase Order,N00039 - NAVWAR,FY23,Q3,FY23,Q4,,Follow-on,N00039-20-P-0005,DATA LINK SOLUTIONS L.L.C.,"San Diego, CA",334220 - Radio and Television Broadcasting and Wireless Communications Equipment Manufacturing,5811 - OTHER CRYPTOLOGIC EQUIPMENT AND COMPONENTS,"Fleming, Matthew",matthew.l.fleming10.civ@us.navy.mil,NAVWAR OSBP,navwarsbo.fct@navy.mil,,,,,,N00039-23-RFPREQ-PMW-150-0026,https://ams.navair.navy.mil/procurement/0061709A-A364-4A6F-9F2C-DDA7F57D037C
LRAE Annex 25,160,"JPI Reflash, Repair, and Reconfiguration","New contract for JPI Reflash, Repair, and Reconfiguration.",PMW-150 - PMW-150 - NAVWAR,No Range Specified,,Fixed-Price,TBD,N00039 - NAVWAR,FY23,Q3,FY23,Q4,,,,,"San Diego, CA",334220 - Radio and Television Broadcasting and Wireless Communications Equipment Manufacturing,5811 - OTHER CRYPTOLOGIC EQUIPMENT AND COMPONENTS,"Fleming, Matthew",matthew.l.fleming10.civ@us.navy.mil,NAVWAR OSBP,navwarsbo.fct@navy.mil,,,,,,N00039-23-RFPREQ-PMW-150-0035,https://ams.navair.navy.mil/procurement/640A4DDB-2036-47D3-8408-552EA2BF29A9
LRAE Annex 25,161,MOS TC CPU Repair,To repair MOS TC CPUs,PMW-150 - PMW-150 - NAVWAR,No Range Specified,,Fixed-Price,Purchase Order,N00039 - NAVWAR,FY23,Q2,FY23,Q4,,New,,,"San Diego, CA",334220 - Radio and Television Broadcasting and Wireless Communications Equipment Manufacturing,"5825 - RADIO NAVIGATION EQUIPMENT, EXCEPT AIRBORNE","Fleming, Matthew",matthew.l.fleming10.civ@us.navy.mil,NAVWAR OSBP,navwarsbo.fct@navy.mil,,,,,,N00039-22-RFPREQ-PMW-150-0019,https://ams.navair.navy.mil/procurement/E7693180-4B8F-4E6C-8EED-957438B1A6B5
LRAE Annex 25,162,JPI FR (A3 Card),Upgrade A3 cards for frequency remapping,PMW-150 - PMW-150 - NAVWAR,< $2M,,Fixed-Price,Purchase Order,N00039 - NAVWAR,FY23,Q3,FY24,Q1,,New,,,"San Diego, CA",334220 - Radio and Television Broadcasting and Wireless Communications Equipment Manufacturing,5811 - OTHER CRYPTOLOGIC EQUIPMENT AND COMPONENTS,"Fleming, Matthew",matthew.l.fleming10.civ@us.navy.mil,NAVWAR OSBP,navwarsbo.fct@navy.mil,,,,,,N00039-22-RFPREQ-PMW-150-0013,https://ams.navair.navy.mil/procurement/C733F1F7-62B2-47DF-991C-30B01B77F7A9
LRAE Annex 25,163,RTAB/SHARC 27,"Small Business Innovative Research (SBIR) Phase III for Robust Towed Array Beamforming (RTAB), SURTASS Headline and Roll Control (SHARC), Net Mitigation, and Low Frequency Active/Compact Low Frequency Active (LFA/CLFA) Processing",PMS-485 - PMS-485 - NAVWAR,$7.5M - $50M,Limited Source,Cost-Reimbursement,"""C"" Type Contract",N00039 - NAVWAR,,,FY27,Q3,60,Follow-on,N0003922C9000,"L3 TECHNOLOGIES, INC.","San Diego, CA","334511 - Search, Detection, Navigation, Guidance, Aeronautical, and Nautical System and Instrument Manufacturing",5845 - UNDERWATER SOUND EQUIPMENT,"Fletcher, Wendy M.",wendy.fletcher@navy.mil,NAVWAR OSBP,navwarsbo.fct@navy.mil,Secret,Secret,,,,N00039-25-RFPREQ-PMS-485-0003,https://ams.navair.navy.mil/procurement/02EA0B6C-A32A-4583-A3A4-7BD39C9052C0
LRAE Annex 25,164,TL-29A-25 RFP,"Request for proposal TL-29A-25. This effort is to procure TL-29A arrays, provide engineering support, and do refurbishments.",PMS-485 - PMS-485 - NAVWAR,$250M - $1B,Sole-Source,Fixed-Price,"""C"" Type Contract",N00039 - NAVWAR,,,FY25,Q2,60,Follow-on,N0003920C0003,LOCKHEED MARTIN CORPORATION,"San Diego, CA","334511 - Search, Detection, Navigation, Guidance, Aeronautical, and Nautical System and Instrument Manufacturing",5845 - UNDERWATER SOUND EQUIPMENT,"Fletcher, Wendy M.",wendy.fletcher@navy.mil,NAVWAR OSBP,navwarsbo.fct@navy.mil,Secret,Secret,,,,N00039-23-RFPREQ-PMS-485-0037,https://ams.navair.navy.mil/procurement/0FEBFCBE-6115-4D83-82B8-06702F890926
LRAE Annex 25,165,CLTS Production & CLTS/LTS Services,"This contract provides for the acquisition of new production CLTS array (projector elements, NAS, and array cabling) shipsets for the next generation (T-25 class) SURTASS ships. It also provides for engineering services for the maintenance and repair of the currently fielded LTS/CLTS systems and the new CLTS systems installed on the T-25 class vessels.",PMS-485 - PMS-485 - NAVWAR,$50M - $100M,Sole-Source,TBD,"""C"" Type Contract",N00039 - NAVWAR,FY24,Q2,FY25,Q1,60,Follow-on,N0003919C0002,BAE Systems,"San Diego, CA","334511 - Search, Detection, Navigation, Guidance, Aeronautical, and Nautical System and Instrument Manufacturing",5845 - UNDERWATER SOUND EQUIPMENT,"Fletcher, Wendy M.",wendy.fletcher@navy.mil,NAVWAR OSBP,navwarsbo.fct@navy.mil,Secret,Secret,,,,N00039-23-RFPREQ-PMS-485-0038,https://ams.navair.navy.mil/procurement/F268ABDC-6CAC-40C6-8744-7E265C78E2D6
LRAE Annex 25,166,TAIPT-24,"This RFP is for procurement of TAIPT engineering support, CTA, and production and delivery of Dual Twinline Telemetry Transceiver Subsystem assemblies.",PMS-485 - PMS-485 - NAVWAR,$7.5M - $50M,Limited Source,Cost-Reimbursement,"""C"" Type Contract",N00039 - NAVWAR,FY23,Q2,FY24,Q1,60,Follow-on,N00039-18-C-0024,L-3 CHESAPEAKE SCIENCES CORPORATION,"San Diego, CA","541715 - Research and Development in the Physical, Engineering, and Life Sciences (except Nanotechnology and Biotechnology)","K058 - MODIFICATION OF EQUIPMENT- COMMUNICATION, DETECTION, AND COHERENT RADIATION EQUIPMENT","Fletcher, Wendy M.",wendy.fletcher@navy.mil,NAVWAR OSBP,navwarsbo.fct@navy.mil,Secret,Secret,,,,N00039-24-RFPREQ-PMS-485-0001,https://ams.navair.navy.mil/procurement/722FAB03-A960-47C1-9C61-44220075AB5E
LRAE Annex 25,167,Definitization of CLTS Array CLIN 0406,Definitization of Array CLIN 0406 which was NTE on original contract award,PMS-485 - PMS-485 - NAVWAR,$7.5M - $50M,Sole Source,Cost-Reimbursement,"""C"" Type Contract",N00039 - NAVWAR,FY23,Q3,FY24,Q2,30,Mod,N0003919C0002,BAE Systems,"San Diego, CA","334511 - Search, Detection, Navigation, Guidance, Aeronautical, and Nautical System and Instrument Manufacturing",5845 - UNDERWATER SOUND EQUIPMENT,"Fletcher, Wendy M.",wendy.fletcher@navy.mil,NAVWAR OSBP,navwarsbo.fct@navy.mil,Secret,Secret,,,,N00039-23-RFPREQ-PMS-485-0003,https://ams.navair.navy.mil/procurement/05ACBFCE-5CA6-4552-A57F-C680A40BACC7
LRAE Annex 25,168,Modeling and Simulation 23,Development of analysis and software simulation tools to model the behavior of undersea cables and towed arrays.,PMS-485 - PMS-485 - NAVWAR,$2M - $7.5M,Limited Source,Cost-Reimbursement,"""C"" Type Contract",N00039 - NAVWAR,FY23,Q1,FY23,Q4,60,Follow-on,N0003918C0016,"MAKAI OCEAN ENGINEERING, INC.","San Diego, CA","541715 - Research and Development in the Physical, Engineering, and Life Sciences (except Nanotechnology and Biotechnology)",A - RESEARCH AND DEVELOPMENT,"Fletcher, Wendy M.",wendy.fletcher@navy.mil,NAVWAR OSBP,navwarsbo.fct@navy.mil,Secret,Secret,,,,N00039-23-RFPREQ-PMS-485-0004,https://ams.navair.navy.mil/procurement/F2EB2CC4-40F5-47CD-BDF1-7F124F4D68AD
LRAE Annex 25,169,MIDS FMS Program Support Services (C),"MIDS Foreign Military Sales (FMS) case and financial management, program management, and technical and logistics support services",PMA/PMW-101 - PMA/PMW-101 - NAVWAR,$7.5M - $50M,Small Business Set-Aside,TBD,Delivery Order/Task Order,N00039 - NAVWAR,,,FY28,Q2,60,,,,"San Diego, CA",TBD - TBD,TBD - TBD,"Gonzales, Joseph",joseph.a.gonzales50.civ@us.navy.mil,NAVWAR OSBP,navwarsbo.fct@navy.mil,Secret,,,,,N00039-26-RFPREQ-PMA/PMW-101-0003,https://ams.navair.navy.mil/procurement/54329009-EC41-46FF-8D26-31332F6B0085
LRAE Annex 25,170,NOA SIBR ESS (C),Provide engineering services support pertaining to NOA tasking,DRPM-NOA - Overmatch - NAVWAR,$7.5M - $50M,,TBD,TBD,N00039 - NAVWAR,,,,,,New,,,"San Diego, CA",,TBD - TBD,"Griffin, Brian",brian.d.griffin@navy.mil,NAVWAR OSBP,navwarsbo.fct@navy.mil,,,,,,N00039-23-RFPREQ-DRPM-NOA-0002,https://ams.navair.navy.mil/procurement/22CACAFC-DF27-47F7-B02E-FA7B40C1C8D9
LRAE Annex 25,171,CVN 68 Class Shock Testing for the RCS RCOH Design (C),"Provide Ships Signal Exploitation Space (SSES) Integration and Testing support onboard USS JOHN C. STENNIS (CVN 74) under Refueling Complex Overhaul (RCOH), for Program Executive Office (PEO) C4I.",PMW-750 - PMW-750 - NAVWAR,$2M - $7.5M,,Cost-Reimbursement,Delivery Order/Task Order,N00039 - NAVWAR,FY23,Q3,FY24,Q1,,New,,,"San Diego, CA",541330 - Engineering Services,"L058 - TECHNICAL REPRESENTATIVE- COMMUNICATION, DETECTION, AND COHERENT RADIATION EQUIPMENT","Griffin, Brian",brian.d.griffin@navy.mil,NAVWAR OSBP,navwarsbo.fct@navy.mil,,,,,,N00039-23-RFPREQ-PMW-750-0014,https://ams.navair.navy.mil/procurement/92117974-7DD1-42D8-BCC0-6FEB6FFCEB9B
LRAE Annex 25,172,CVN 75 RCOH RCS CSIF and Shipboard Integration (C),"Provide Radio Communications Suite (RCS) Turnkey Engineering, CTIF and Topside, Shipboard, Smart Start Work, AIT (SCD), Integration and Testing Support onboard USS HARRY S. TRUMAN (CVN 75) under Refueling Complex Overhaul (RCOH), for Program Executive Office (PEO) C4I.",PMW-750 - PMW-750 - NAVWAR,$7.5M - $50M,,Cost-Reimbursement,Delivery Order/Task Order,N00039 - NAVWAR,,,FY25,Q1,,New,,,"San Diego, CA",541330 - Engineering Services,"L058 - TECHNICAL REPRESENTATIVE- COMMUNICATION, DETECTION, AND COHERENT RADIATION EQUIPMENT","Griffin, Brian",brian.d.griffin@navy.mil,NAVWAR OSBP,navwarsbo.fct@navy.mil,,,,,,N00039-24-RFPREQ-PMW-750-0001,https://ams.navair.navy.mil/procurement/E16BC698-9E8C-4004-AF57-EB18C70797CA
LRAE Annex 25,173,CVN 75 RCOH SSES CSIF and Shipboard Integration (C),"Provide Ships Signal Exploitation Space (SSES) Turnkey Engineering, CTIF and Topside, Shipboard, Smart Start Work, AIT (SCD), Integration and Testing Support onboard USS HARRY S. TRUMAN (CVN 75) under Refueling Complex Overhaul (RCOH), for Program Executive Office (PEO) C4I.",PMW-750 - PMW-750 - NAVWAR,$7.5M - $50M,,Cost-Reimbursement,Delivery Order/Task Order,N00039 - NAVWAR,,,FY25,Q1,,New,,,"San Diego, CA",541330 - Engineering Services,"L058 - TECHNICAL REPRESENTATIVE- COMMUNICATION, DETECTION, AND COHERENT RADIATION EQUIPMENT","Griffin, Brian",brian.d.griffin@navy.mil,NAVWAR OSBP,navwarsbo.fct@navy.mil,,,,,,N00039-24-RFPREQ-PMW-750-0002,https://ams.navair.navy.mil/procurement/6DDD8C01-2EB1-4905-9158-E5FE84E3EE1E
LRAE Annex 25,174,CVN 75 RCOH DS Shipboard Integration (C),"Provide Distributed (DS) Shipboard, Smart Start Work, AIT (SCD), Integration and Testing Support onboard USS HARRY S. TRUMAN (CVN 75) under Refueling Complex Overhaul (RCOH), for Program Executive Office (PEO) C4I.",PMW-750 - PMW-750 - NAVWAR,$7.5M - $50M,,Cost-Reimbursement,Delivery Order/Task Order,N00039 - NAVWAR,,,FY25,Q1,,New,,,"San Diego, CA",541330 - Engineering Services,"L058 - TECHNICAL REPRESENTATIVE- COMMUNICATION, DETECTION, AND COHERENT RADIATION EQUIPMENT","Griffin, Brian",brian.d.griffin@navy.mil,NAVWAR OSBP,navwarsbo.fct@navy.mil,,,,,,N00039-24-RFPREQ-PMW-750-0003,https://ams.navair.navy.mil/procurement/9146A234-DFC8-4522-B438-3F613117C25A
LRAE Annex 25,175,CVN 75 RCOH Removals and Shipboard Zone Integration (C),"Provide Removals and Zone Integrator/AIT, Integration and Testing Support onboard USS HARRY S. TRUMAN (CVN 75) under Refueling Complex Overhaul (RCOH), for Program Executive Office (PEO) C4I.",PMW-750 - PMW-750 - NAVWAR,$7.5M - $50M,,Cost-Reimbursement,Delivery Order/Task Order,N00039 - NAVWAR,,,FY24,Q3,,New,,,"San Diego, CA",541330 - Engineering Services,"L058 - TECHNICAL REPRESENTATIVE- COMMUNICATION, DETECTION, AND COHERENT RADIATION EQUIPMENT","Griffin, Brian",brian.d.griffin@navy.mil,NAVWAR OSBP,navwarsbo.fct@navy.mil,,,,,,N00039-23-RFPREQ-PMW-750-0015,https://ams.navair.navy.mil/procurement/7C7C2EA9-ADA0-4851-BAEE-96DF4893F79F
LRAE Annex 25,176,NSC2I TATS 8-13. (C),NSC2I TATS 8-13.,PMW-760 - PMW-760 - NAVWAR,< $2M,,Cost-Reimbursement,Delivery Order/Task Order,N00039 - NAVWAR,FY23,Q3,FY24,Q2,,,,,"San Diego, CA",541330 - Engineering Services,"L058 - TECHNICAL REPRESENTATIVE- COMMUNICATION, DETECTION, AND COHERENT RADIATION EQUIPMENT","Griffin, Brian",brian.d.griffin@navy.mil,NAVWAR OSBP,navwarsbo.fct@navy.mil,,,,,,N00039-23-RFPREQ-PMW-760-0020,https://ams.navair.navy.mil/procurement/6F27059D-86B2-43D9-B60C-070D1F463313
LRAE Annex 25,177,NSC2I LPD.  29.30.31. (C),"NSC2I LPD.  29 (PHASE5).
NEED BY DATE 27 OCT 23.",PMW-760 - PMW-760 - NAVWAR,< $2M,,Cost-Reimbursement,Delivery Order/Task Order,N00039 - NAVWAR,FY23,Q4,FY24,Q2,,,,,"San Diego, CA",541330 - Engineering Services,"L058 - TECHNICAL REPRESENTATIVE- COMMUNICATION, DETECTION, AND COHERENT RADIATION EQUIPMENT","Griffin, Brian",brian.d.griffin@navy.mil,NAVWAR OSBP,navwarsbo.fct@navy.mil,,,,,,N00039-23-RFPREQ-PMW-760-0021,https://ams.navair.navy.mil/procurement/7E59B2E7-6A1D-4E23-9CC4-21E7AD2FD402
LRAE Annex 25,178,NSC2I FFG 62. (C),NSC2I FFG 62.,PMW-760 - PMW-760 - NAVWAR,< $2M,,Cost-Reimbursement,Delivery Order/Task Order,N00039 - NAVWAR,FY23,Q4,FY24,Q2,,,,,"San Diego, CA",541330 - Engineering Services,"L058 - TECHNICAL REPRESENTATIVE- COMMUNICATION, DETECTION, AND COHERENT RADIATION EQUIPMENT","Griffin, Brian",brian.d.griffin@navy.mil,NAVWAR OSBP,navwarsbo.fct@navy.mil,,,,,,N00039-23-RFPREQ-PMW-760-0029,https://ams.navair.navy.mil/procurement/64565E07-698B-475D-82E9-016D69420091
LRAE Annex 25,179,CVN 74 RCOH Multifunction Copier Installation (C),"Provide C4ISR installation support services which consists of: Installation and Functional Testing of Class III Multifunction Copier Infrastructure and Class IV Multifunction Copier Infrastructure onboard USS JOHN C. STENNIS (CVN 74) under Refueling Complex Overhaul (RCOH), for Program Executive Office (PEO) C4I.",PMW-750 - PMW-750 - NAVWAR,< $2M,,Cost-Reimbursement,TBD,N00039 - NAVWAR,,,FY24,Q1,,,,,"San Diego, CA",541330 - Engineering Services,"L058 - TECHNICAL REPRESENTATIVE- COMMUNICATION, DETECTION, AND COHERENT RADIATION EQUIPMENT","Griffin, Brian",brian.d.griffin@navy.mil,NAVWAR OSBP,navwarsbo.fct@navy.mil,,,,,,N00039-23-RFPREQ-PMW-750-0016,https://ams.navair.navy.mil/procurement/4F7D291F-F54B-4ACE-A600-1C7F55D1C4FB
LRAE Annex 25,180,NSC2I EPF14-16.  EMS 1. (C),NSC2I EPF14-16.  EMS 1.,PMW-760 - PMW-760 - NAVWAR,< $2M,,Cost-Reimbursement,Delivery Order/Task Order,N00039 - NAVWAR,FY23,Q3,FY24,Q2,,,,,"San Diego, CA",541330 - Engineering Services,TBD - TBD,"Griffin, Brian",brian.d.griffin@navy.mil,NAVWAR OSBP,navwarsbo.fct@navy.mil,,,,,,N00039-23-RFPREQ-PMW-760-0016,https://ams.navair.navy.mil/procurement/E0FEAD9C-0565-42A6-811F-FB1CAC1D2230
LRAE Annex 25,181,NSC2I FFG 63. (C),NSC2I FFG 63.,PMW-760 - PMW-760 - NAVWAR,< $2M,,Cost-Reimbursement,Delivery Order/Task Order,N00039 - NAVWAR,FY23,Q4,FY24,Q2,,,,,"San Diego, CA",541330 - Engineering Services,"L058 - TECHNICAL REPRESENTATIVE- COMMUNICATION, DETECTION, AND COHERENT RADIATION EQUIPMENT","Griffin, Brian",brian.d.griffin@navy.mil,NAVWAR OSBP,navwarsbo.fct@navy.mil,,,,,,N00039-23-RFPREQ-PMW-760-0031,https://ams.navair.navy.mil/procurement/BFE1F4C4-34E6-423C-B1BC-C504022683C6
LRAE Annex 25,182,NSC2I TAO 207-210. (C),NSC2I TAO 207-210.,PMW-760 - PMW-760 - NAVWAR,< $2M,,Cost-Reimbursement,Delivery Order/Task Order,N00039 - NAVWAR,FY23,Q4,FY24,Q2,,,,,"San Diego, CA",541330 - Engineering Services,"L058 - TECHNICAL REPRESENTATIVE- COMMUNICATION, DETECTION, AND COHERENT RADIATION EQUIPMENT","Griffin, Brian",brian.d.griffin@navy.mil,NAVWAR OSBP,navwarsbo.fct@navy.mil,,,,,,N00039-23-RFPREQ-PMW-760-0032,https://ams.navair.navy.mil/procurement/0A7B35F0-439A-476F-A11D-6FE9F815997F
LRAE Annex 25,183,SOLUTE SSCP PoP extension / ceiling increase,SOLUTE SSCP PoP extension / ceiling increase out to the end of the current base contract PoP,PMW-150 - PMW-150 - NAVWAR,No Range Specified,Sole-Source,Cost-Reimbursement,Single-Award Indefinite-Delivery,N00039 - NAVWAR,,,FY23,Q4,,,,,"San Diego, CA",541512 - Computer Systems Design Services,TBD - TBD,"Griffin, Brian",brian.d.griffin@navy.mil,NAVWAR OSBP,navwarsbo.fct@navy.mil,,,,,,N00039-23-RFPREQ-PMW-150-0069,https://ams.navair.navy.mil/procurement/EF491D21-54D5-4D9A-A6CC-5B3C988739EA
LRAE Annex 25,184,N00039-23-RFPREQ-PMW-150-LGRAID-0001,Awarding a Sole Source SBIR Phase III contract - Base plus 3 option years.,PMW-150 - PMW-150 - NAVWAR,$7.5M - $50M,Small Business Set-Aside,Cost-Reimbursement,"""C"" Type Contract",N00039 - NAVWAR,FY23,Q3,FY23,Q4,,New,,,"San Diego, CA","541710 - RESEARCH AND DEVELOPMENT IN THE PHYSICAL, ENGINEERING, AND LIFE SCIENCES",AC12 - NATIONAL DEFENSE R&D SERVICES; DEPARTMENT OF DEFENSE - MILITARY; APPLIED RESEARCH,"Griffin, Brian",brian.d.griffin@navy.mil,NAVWAR OSBP,navwarsbo.fct@navy.mil,,,,,,N00039-23-RFPREQ-PMW-150-0059,https://ams.navair.navy.mil/procurement/27933BEE-C84B-4D9F-B8F4-C40BB9A169AF
LRAE Annex 25,185,IDT ATRT SIBR,"Scale and advance ATRT in order to bring innovative warfighting technologies in rapid succession across all-domains.  IDT will continue to deliver an ATRT integrated solution as part of the Naval Digital Transformation Strategy for design, integration, installation coordination, and test, leading to prototype and experimentation activities, which then in turn lead to transitions to military Programs of Record (PoRs).",DRPM-NOA - Overmatch - NAVWAR,$50M - $100M,,Cost-Reimbursement,TBD,N00039 - NAVWAR,FY23,Q3,FY23,Q4,,New,,,"San Diego, CA",334515 - Instrument Manufacturing for Measuring and Testing Electricity and Electrical Signals,AJ12 - GENERAL SCIENCE AND TECHNOLOGY R&D SERVICES; GENERAL SCIENCE AND TECHNOLOGY; APPLIED RESEARCH,"Griffin, Brian",brian.d.griffin@navy.mil,NAVWAR OSBP,navwarsbo.fct@navy.mil,,,,,,N00039-23-RFPREQ-DRPM-NOA-0001,https://ams.navair.navy.mil/procurement/3BA06A7D-46AF-4E31-9DC9-B0297ED62416
LRAE Annex 25,186,Naval Enterprise DevSecOps and Software Modernization IDIQ - Follow On Effort,"Future Planning - Long Range Acquisition Forecast Tasker

Will support follow on effort for the IDIQ N0003921D1009",Pf1-PAS - Pf1-PAS - NAVWAR,$7.5M - $50M,TBD,Fixed-Price,Single-Award Indefinite-Delivery,N00039 - NAVWAR,,,FY26,Q3,,Follow-on,N0003921D1009,SOLUTE,"San Diego, CA",541330 - Engineering Services,DA01 - IT and Telecom — Business Application/Application Development Support Services (Labor) Services,"Harvill, Kim",kim.harvill@navy.mil,NAVWAR OSBP,navwarsbo.fct@navy.mil,,,,,,N00039-25-RFPREQ-Pf1-PAS-0001,https://ams.navair.navy.mil/procurement/9D1FE630-2F5D-4E79-87E0-610BDCCA4CEE
LRAE Annex 25,187,SETA Recompete/21F3000 Follow-On (C),"The major objective of this task order is to obtain Systems Engineering and Technical Assistance (SETA) support services. SETA support includes analysis, evaluation and recommendations of software and hardware and data components as well as their interfaces to current and future C4I systems.",PMW-150 - PMW-150 - NAVWAR,$100M - $250M,Small Business Set-Aside,Cost-Reimbursement,Delivery Order/Task Order,N00039 - NAVWAR,FY24,Q1,FY24,Q4,,Follow-on,N0003921F3000,,"San Diego, CA",541330 - Engineering Services,TBD - TBD,"HEARD, FELICIA",felicia.m.heard.civ@us.navy.mil,NAVWAR OSBP,navwarsbo.fct@navy.mil,,,,,,N00039-23-RFPREQ-PMW-150-0033,https://ams.navair.navy.mil/procurement/C10B6720-F8CF-4D87-A6C6-6B55C52D1E2B
LRAE Annex 25,188,Project Overmatch Services (C),Project Overmatch Services,DRPM-NOA - Overmatch - NAVWAR,$100M - $250M,TBD,Cost-Reimbursement,Delivery Order/Task Order,N00039 - NAVWAR,FY23,Q4,FY24,Q3,,New,,,"San Diego, CA",541330 - Engineering Services,TBD - TBD,"HEARD, FELICIA",felicia.m.heard.civ@us.navy.mil,NAVWAR OSBP,navwarsbo.fct@navy.mil,,,,,,N00039-23-RFPREQ-DRPM-NOA-0003,https://ams.navair.navy.mil/procurement/21165579-B4D5-4FDF-AEC1-6C394318BED4
LRAE Annex 25,189,MIDS Engineering/Logistics Re-compete/21F3011 Follow-On (C),MIDS Engineering and Logistics Services,PMA/PMW-101 - PMA/PMW-101 - NAVWAR,$100M - $250M,,Cost-Reimbursement,Single-Award Indefinite-Delivery,N00039 - NAVWAR,FY23,Q4,FY24,Q3,60,Follow-on,N0003921F3011,,"San Diego, CA",541330 - Engineering Services,R408 - Program Management/Support Services,"HEARD, FELICIA",felicia.m.heard.civ@us.navy.mil,NAVWAR OSBP,navwarsbo.fct@navy.mil,Top Secret,Top Secret,,,This task will require TS SCI and Secret work in the contractors facility,N00039-23-RFPREQ-PMA/PMW-101-0010,https://ams.navair.navy.mil/procurement/3395BF17-AE7A-4617-AFA7-1AE6DC129F6C
LRAE Annex 25,190,CVN 71 SNAIAS MANUAL REVISION,Revision of Ship's Navigation and Aircraft Inertial Alignment Systems (SNAIAS) Manual for USS Theodore Roosevelt CVN 71,LBUSP00023 - LBUSP00023 - C4ISR-01C - NIWCLANT,< $2M,,Cost-Reimbursement,Delivery Order/Task Order,N65236 - NIWCLANT,,,FY23,Q3,,New,,,"Norfolk, VA","541990 - All Other Professional, Scientific, and Technical Services",T013 - PHOTO/MAP/PRINT/PUBLICATION- TECHNICAL WRITING,"Hill, Kari",kari.a.hill7.civ@navy.mil,NAVWAR OSBP,navwarsbo.fct@navy.mil,,,,,,N65236-23-RFPREQ-LBUSP00023-0006,https://ams.navair.navy.mil/procurement/E5C33EB8-8C74-40AD-9287-1C0A24C382D2
LRAE Annex 25,191,DMR - PA MAC Follow-on (C),Award follow-on contract to procure 100W/200W Ship/Shore/Sub power amplifiers.,PMW/A-170 - PMW/A-170 - NAVWAR,$50M - $100M,,Fixed-Price,TBD,N00039 - NAVWAR,,,,,60,New,,,"San Diego, CA",334290 - Other Communications Equipment Manufacturing,TBD - TBD,"Holtet, Alexander",alexander.holtet@navy.mil,NAVWAR OSBP,navwarsbo.fct@navy.mil,Secret,Secret,,,,N00039-26-RFPREQ-PMW/A-170-0001,https://ams.navair.navy.mil/procurement/7F53A678-F862-4647-9CD0-D6D1E832E27D
LRAE Annex 25,192,DMR - SMRC OTA (C),Protype Scalable MOSA Radio Cluster (SMRC),PMW/A-170 - PMW/A-170 - NAVWAR,< $2M,,Fixed-Price,OTA,N00039 - NAVWAR,FY23,Q4,FY24,Q1,60,New,,,"San Diego, CA",334290 - Other Communications Equipment Manufacturing,"5825 - RADIO NAVIGATION EQUIPMENT, EXCEPT AIRBORNE","Holtet, Alexander",alexander.holtet@navy.mil,NAVWAR OSBP,navwarsbo.fct@navy.mil,Secret,Secret,,,,N00039-23-RFPREQ-PMW/A-170-0133,https://ams.navair.navy.mil/procurement/F53404C7-31EC-4B03-A80B-1E92DA1D53F1
LRAE Annex 25,193,DMR - Lab Repairs - 22R2000,Repair of DMR JEDI Lab and ACST Lab parts,PMW/A-170 - PMW/A-170 - NAVWAR,< $2M,,TBD,Single-Award Indefinite-Delivery,N00039 - NAVWAR,FY23,Q4,FY24,Q1,60,,,,"San Diego, CA",334290 - Other Communications Equipment Manufacturing,J059 - MAINT/REPAIR/REBUILD OF EQUIPMENT- ELECTRICAL AND ELECTRONIC EQUIPMENT COMPONENTS,"Holtet, Alexander",alexander.holtet@navy.mil,NAVWAR OSBP,navwarsbo.fct@navy.mil,Secret,Secret,,,,N00039-23-RFPREQ-PMW/A-170-0230,https://ams.navair.navy.mil/procurement/F78DE416-2F19-47B8-9470-1E3488109C33
LRAE Annex 25,194,DMR - CVN 79 Upgrade - 18D0004,Upgrade the ASU Housing Assemblies associated with an OE-570G antenna system.,PMW/A-170 - PMW/A-170 - NAVWAR,< $2M,,TBD,Delivery Order/Task Order,N00039 - NAVWAR,FY23,Q4,FY23,Q4,60,,,,"San Diego, CA",334220 - Radio and Television Broadcasting and Wireless Communications Equipment Manufacturing,TBD - TBD,"Holtet, Alexander",alexander.holtet@navy.mil,NAVWAR OSBP,navwarsbo.fct@navy.mil,Secret,Secret,,,,N00039-23-RFPREQ-PMW/A-170-0185,https://ams.navair.navy.mil/procurement/42F3560A-3C75-4BC6-89F1-12DC5BA6915D
LRAE Annex 25,195,DMR - DDG 127 Repairs,Repair of failed MSN 8200 Transceiver and 1000W Power Amplifier (PA) for DDG 127.,PMW/A-170 - PMW/A-170 - NAVWAR,< $2M,,Fixed-Price,Delivery Order/Task Order,N00039 - NAVWAR,FY23,Q2,FY23,Q4,60,New,,,"San Diego, CA",334290 - Other Communications Equipment Manufacturing,J059 - MAINT/REPAIR/REBUILD OF EQUIPMENT- ELECTRICAL AND ELECTRONIC EQUIPMENT COMPONENTS,"Holtet, Alexander",alexander.holtet@navy.mil,NAVWAR OSBP,navwarsbo.fct@navy.mil,Secret,Secret,,,,N00039-23-RFPREQ-PMW/A-170-0163,https://ams.navair.navy.mil/procurement/4091F0D5-B9EF-45AA-83AE-F6CECF4576C0
LRAE Annex 25,196,DMR - ATC Phase 3 - 22R2000,Air Traffic Control (ATC) Phase 3,PMW/A-170 - PMW/A-170 - NAVWAR,< $2M,,TBD,Delivery Order/Task Order,N00039 - NAVWAR,FY23,Q4,FY24,Q1,60,,,,"San Diego, CA",334290 - Other Communications Equipment Manufacturing,"K058 - MODIFICATION OF EQUIPMENT- COMMUNICATION, DETECTION, AND COHERENT RADIATION EQUIPMENT","Holtet, Alexander",alexander.holtet@navy.mil,NAVWAR OSBP,navwarsbo.fct@navy.mil,Secret,Secret,,,,N00039-23-RFPREQ-PMW/A-170-0180,https://ams.navair.navy.mil/procurement/E31F736B-6F1C-4CFF-852C-1F9AE7116CA3
LRAE Annex 25,197,DMR - AEGIS Grooms -22R2000,Groom of AEGIS equipment,PMW/A-170 - PMW/A-170 - NAVWAR,< $2M,,TBD,Delivery Order/Task Order,N00039 - NAVWAR,FY23,Q4,FY24,Q1,60,,,,"San Diego, CA",334290 - Other Communications Equipment Manufacturing,J059 - MAINT/REPAIR/REBUILD OF EQUIPMENT- ELECTRICAL AND ELECTRONIC EQUIPMENT COMPONENTS,"Holtet, Alexander",alexander.holtet@navy.mil,NAVWAR OSBP,navwarsbo.fct@navy.mil,Secret,Secret,,,,N00039-23-RFPREQ-PMW/A-170-0181,https://ams.navair.navy.mil/procurement/F5476A72-4E32-44D1-B477-4562FFFDAF37
LRAE Annex 25,198,DMR - DMR Parts Repair - 22R2000,Repair of DMR parts,PMW/A-170 - PMW/A-170 - NAVWAR,< $2M,,TBD,Delivery Order/Task Order,N00039 - NAVWAR,FY23,Q4,FY24,Q1,60,,,,"San Diego, CA",334290 - Other Communications Equipment Manufacturing,J059 - MAINT/REPAIR/REBUILD OF EQUIPMENT- ELECTRICAL AND ELECTRONIC EQUIPMENT COMPONENTS,"Holtet, Alexander",alexander.holtet@navy.mil,NAVWAR OSBP,navwarsbo.fct@navy.mil,Secret,Secret,,,,N00039-23-RFPREQ-PMW/A-170-0182,https://ams.navair.navy.mil/procurement/50D94D4B-82C0-4812-9B9E-B420443DC8CF
LRAE Annex 25,199,DMR - TTAM IW and 5kHz - 22R2000,Update DMR software for TTAM IW and 5kHz,PMW/A-170 - PMW/A-170 - NAVWAR,< $2M,,TBD,Delivery Order/Task Order,N00039 - NAVWAR,FY23,Q4,FY24,Q2,60,,,,"San Diego, CA",334290 - Other Communications Equipment Manufacturing,"K058 - MODIFICATION OF EQUIPMENT- COMMUNICATION, DETECTION, AND COHERENT RADIATION EQUIPMENT","Holtet, Alexander",alexander.holtet@navy.mil,NAVWAR OSBP,navwarsbo.fct@navy.mil,Secret,Secret,,,,N00039-24-RFPREQ-PMW/A-170-0005,https://ams.navair.navy.mil/procurement/2B2CCF4C-25C6-476F-BBB0-067BD236043C
LRAE Annex 25,200,DMR - HMI/ITU - 22R2000,Update DMR HMI/ITU,PMW/A-170 - PMW/A-170 - NAVWAR,< $2M,,TBD,Delivery Order/Task Order,N00039 - NAVWAR,FY24,Q1,FY24,Q2,60,,,,"San Diego, CA",334290 - Other Communications Equipment Manufacturing,"K058 - MODIFICATION OF EQUIPMENT- COMMUNICATION, DETECTION, AND COHERENT RADIATION EQUIPMENT","Holtet, Alexander",alexander.holtet@navy.mil,NAVWAR OSBP,navwarsbo.fct@navy.mil,Secret,Secret,,,,N00039-24-RFPREQ-PMW/A-170-0006,https://ams.navair.navy.mil/procurement/BE9A5236-B0E8-4020-A374-8A518AABE737
LRAE Annex 25,201,DMR - PACU 461 - 22R2000,Update DMR PACU to meet MIL-STD-461,PMW/A-170 - PMW/A-170 - NAVWAR,< $2M,,TBD,Delivery Order/Task Order,N00039 - NAVWAR,FY24,Q1,FY24,Q3,60,,,,"San Diego, CA",334290 - Other Communications Equipment Manufacturing,"K058 - MODIFICATION OF EQUIPMENT- COMMUNICATION, DETECTION, AND COHERENT RADIATION EQUIPMENT","Holtet, Alexander",alexander.holtet@navy.mil,NAVWAR OSBP,navwarsbo.fct@navy.mil,Secret,Secret,,,,N00039-24-RFPREQ-PMW/A-170-0007,https://ams.navair.navy.mil/procurement/70A2587B-E4BE-4FFE-A42B-A0651F8DAE92
LRAE Annex 25,202,DMR - DOCCT/S - 22R2000,Groom/update/repair DOCCT/S GFP,PMW/A-170 - PMW/A-170 - NAVWAR,< $2M,,TBD,Delivery Order/Task Order,N00039 - NAVWAR,FY24,Q1,FY24,Q3,60,,,,"San Diego, CA",334290 - Other Communications Equipment Manufacturing,"K058 - MODIFICATION OF EQUIPMENT- COMMUNICATION, DETECTION, AND COHERENT RADIATION EQUIPMENT","Holtet, Alexander",alexander.holtet@navy.mil,NAVWAR OSBP,navwarsbo.fct@navy.mil,Secret,Secret,,,,N00039-24-RFPREQ-PMW/A-170-0008,https://ams.navair.navy.mil/procurement/84BE0EE3-2192-4C4E-859A-95227E5A7704
LRAE Annex 25,203,DMR - CCAS - 22R2000,Configurable Coherent Amplifier Switch (CCAS),PMW/A-170 - PMW/A-170 - NAVWAR,< $2M,,TBD,Delivery Order/Task Order,N00039 - NAVWAR,FY24,Q3,FY25,Q1,60,,,,"San Diego, CA",334290 - Other Communications Equipment Manufacturing,"K058 - MODIFICATION OF EQUIPMENT- COMMUNICATION, DETECTION, AND COHERENT RADIATION EQUIPMENT","Holtet, Alexander",alexander.holtet@navy.mil,NAVWAR OSBP,navwarsbo.fct@navy.mil,Secret,Secret,,,,N00039-24-RFPREQ-PMW/A-170-0009,https://ams.navair.navy.mil/procurement/C0B460F3-47E6-446A-981C-96D4FD30B03F
LRAE Annex 25,204,DMR - HF Receiver Replacement - 22R2000,Develop HFDAG HF Receiver Replacement,PMW/A-170 - PMW/A-170 - NAVWAR,< $2M,,TBD,Delivery Order/Task Order,N00039 - NAVWAR,FY24,Q3,FY24,Q4,60,,,,"San Diego, CA",334290 - Other Communications Equipment Manufacturing,"5820 - RADIO AND TELEVISION COMMUNICATION EQUIPMENT, EXCEPT AIRBORNE","Holtet, Alexander",alexander.holtet@navy.mil,NAVWAR OSBP,navwarsbo.fct@navy.mil,Secret,Secret,,,,N00039-24-RFPREQ-PMW/A-170-0010,https://ams.navair.navy.mil/procurement/C8577EC6-8694-486E-B87E-0FCE82E24FA8
LRAE Annex 25,205,DMR -MUOS WF 3.2 SW Development (Phase II) - 18D0002,Award Phase II of DMR MUOS WF 3.2 SW Development effort.,PMW/A-170 - PMW/A-170 - NAVWAR,No Range Specified,,Cost-Reimbursement,Delivery Order/Task Order,N00039 - NAVWAR,FY24,Q1,FY24,Q3,60,New,,,"San Diego, CA",334290 - Other Communications Equipment Manufacturing,"K058 - MODIFICATION OF EQUIPMENT- COMMUNICATION, DETECTION, AND COHERENT RADIATION EQUIPMENT","Holtet, Alexander",alexander.holtet@navy.mil,NAVWAR OSBP,navwarsbo.fct@navy.mil,Secret,Secret,,,,N00039-23-RFPREQ-PMW/A-170-0014,https://ams.navair.navy.mil/procurement/9337D868-6DBA-4147-8A62-806C3CACB1F4
LRAE Annex 25,206,DMR - SATURN SW Development (Phase I) - 18D0002,Award DMR SATURN SW Development (Phase I) effort.,PMW/A-170 - PMW/A-170 - NAVWAR,No Range Specified,,Cost-Reimbursement,Delivery Order/Task Order,N00039 - NAVWAR,FY24,Q1,FY24,Q2,60,New,,,"San Diego, CA",334290 - Other Communications Equipment Manufacturing,"K058 - MODIFICATION OF EQUIPMENT- COMMUNICATION, DETECTION, AND COHERENT RADIATION EQUIPMENT","Holtet, Alexander",alexander.holtet@navy.mil,NAVWAR OSBP,navwarsbo.fct@navy.mil,Secret,Secret,,,,N00039-23-RFPREQ-PMW/A-170-0015,https://ams.navair.navy.mil/procurement/AA73D0CB-CB2A-46FD-BFFF-46CCE71635C9
LRAE Annex 25,207,DMR - 500W Power Amplifier OTP,Production of 500W Power Amplifiers for Subs,PMW/A-170 - PMW/A-170 - NAVWAR,$7.5M - $50M,,TBD,TBD,N00039 - NAVWAR,FY23,Q4,FY24,Q1,60,New,,,"San Diego, CA",334220 - Radio and Television Broadcasting and Wireless Communications Equipment Manufacturing,5996 - AMPLIFIERS,"Holtet, Alexander",alexander.holtet@navy.mil,NAVWAR OSBP,navwarsbo.fct@navy.mil,Secret,Secret,,,,N00039-23-RFPREQ-PMW/A-170-0220,https://ams.navair.navy.mil/procurement/C9D078A9-7274-49FE-8A78-336F8AE74DDF
LRAE Annex 25,208,ADNS Production MAC RFP #24 (C),"Procurement of ADNS systems, equipment, and spares",PMW-160 - PMW-160 - NAVWAR,$7.5M - $50M,,Fixed-Price,Delivery Order/Task Order,N00039 - NAVWAR,FY23,Q2,FY23,Q3,,New,,,"San Diego, CA",334210 - Telephone Apparatus Manufacturing,7G20 - IT AND TELECOM - NETWORK: ANALOG VOICE PRODUCTS (HARDWARE AND PERPETUAL LICENSE SOFTWARE),"Johnson, Jeannie",jeannie.w.johnson.civ@us.navy.mil,NAVWAR OSBP,navwarsbo.fct@navy.mil,,,,,,N00039-23-RFPREQ-PMW-160-0001,https://ams.navair.navy.mil/procurement/F963377A-ED45-43EE-BAEF-80C0DE29BAE6
LRAE Annex 25,209,ADNS Production MAC RFP #25 (C),"Procurement of ADNS systems, equipment, and spares",PMW-160 - PMW-160 - NAVWAR,No Range Specified,,TBD,Delivery Order/Task Order,N00039 - NAVWAR,,,,,,New,,,"San Diego, CA",TBD - TBD,TBD - TBD,"Johnson, Jeannie",jeannie.w.johnson.civ@us.navy.mil,NAVWAR OSBP,navwarsbo.fct@navy.mil,,,,,,N00039-23-RFPREQ-PMW-160-0002,https://ams.navair.navy.mil/procurement/AC455F7F-5BFD-4AA9-B53E-6AB6C4F44848
LRAE Annex 25,210,"LIPTM00074,DHA/HSI, 23-003 NHC Cherry Point and NMC Camp Lejeune LAN Forklifts-SEWP (C)",23-003 for NHC Cherry Point and NMC Camp Lejeune LAN Forklifts,LSUBP00009 - LSUBP00009 - DEFENSE HEALTH INFO TECH DIV HEAD - NIWCLANT,$2M - $7.5M,Small Business Set-Aside,Fixed-Price,Delivery Order/Task Order,N65236 - NIWCLANT,FY23,Q2,FY23,Q3,,New,,,"NORTH CHARLESTON, SC",541519 - Other Computer Related Services,7G21 - IT AND TELECOM - NETWORK: DIGITAL NETWORK PRODUCTS (HARDWARE AND PERPETUAL LICENSE SOFTWARE),"Johnson, Sean .",sean.d.johnson62.civ@us.navy.mil,NAVWAR OSBP,navwarsbo.fct@navy.mil,,,,,,N65236-23-RFPREQ-LSUBP00009-0006,https://ams.navair.navy.mil/procurement/0EE4A9F0-F83A-4721-8AA9-DAAEB146F116
LRAE Annex 25,211,"LIPTM00074, HEALTH SYSTEMS INFRASTRUCTURE, 23-008 MISC for FT.BRAGG, NH JAX, CAMP LEJEUNE, PETERSON AFB, TRAVIS AFB, KOREA 121ST-SEWP (C)","23-008 MISC for FT.BRAGG, NAVAL HOSPITAL JACKSONVILLE, CAMP LEJEUNE, PETERSON AFB, TRAVIS AFB, KOREA 121ST MEDICAL EVACUATION HOSPITAL",LSUBP00009 - LSUBP00009 - DEFENSE HEALTH INFO TECH DIV HEAD - NIWCLANT,< $2M,Small Business Set-Aside,Fixed-Price,Delivery Order/Task Order,N65236 - NIWCLANT,FY23,Q2,FY23,Q3,,New,,,"NORTH CHARLESTON, SC",541330 - Engineering Services,7G21 - IT AND TELECOM - NETWORK: DIGITAL NETWORK PRODUCTS (HARDWARE AND PERPETUAL LICENSE SOFTWARE),"Johnson, Sean .",sean.d.johnson62.civ@us.navy.mil,NAVWAR OSBP,navwarsbo.fct@navy.mil,,,,,,N65236-23-RFPREQ-LSUBP00009-0043,https://ams.navair.navy.mil/procurement/0B4926BA-212D-4B09-B9AD-A40595F74F0B
LRAE Annex 25,212,"LIPTM00074, DHA/HSI IPT, 23-010 RUCKUS for NMC SD_NH BREM_JB LEWIS-MCCHORD_MACDILL_LAUGHLIN_TRIPLER-SEWP (C)",23-010 RUCKUS for NMC SD_NH BREM_JB LEWIS-MCCHORD_MACDILL_LAUGHLIN_TRIPLER-SEWP,LSUBP00009 - LSUBP00009 - DEFENSE HEALTH INFO TECH DIV HEAD - NIWCLANT,< $2M,Small Business Set-Aside,Fixed-Price,Delivery Order/Task Order,N65236 - NIWCLANT,FY23,Q2,FY23,Q3,,New,,,"NORTH CHARLESTON, SC",541519 - Other Computer Related Services,7G21 - IT AND TELECOM - NETWORK: DIGITAL NETWORK PRODUCTS (HARDWARE AND PERPETUAL LICENSE SOFTWARE),"Johnson, Sean .",sean.d.johnson62.civ@us.navy.mil,NAVWAR OSBP,navwarsbo.fct@navy.mil,,,,,,N65236-23-RFPREQ-LSUBP00009-0069,https://ams.navair.navy.mil/procurement/13FDA848-E34C-47FF-A0ED-CE5C2D7BE6AB
LRAE Annex 25,213,"LIPTM00074, DHA/HSI IPT, 23-011 CISCO for MESOC-SAN ANTONIO, TX & WALTER REED NMMC-SEWP (C)","LIPTM00074, DHA/HSI IPT, 23-011 CISCO for MILITARY HEALTH SYSTEMS (MHS) SERVICE OPERATIONS CENTER (MESOC)-SAN ANTONIO, TX & WALTER REED NATIONAL MILITARY MEDICAL CENTER (WRNMMC)-SEWP",LSUBP00009 - LSUBP00009 - DEFENSE HEALTH INFO TECH DIV HEAD - NIWCLANT,< $2M,TBD,Fixed-Price,Delivery Order/Task Order,N65236 - NIWCLANT,FY23,Q2,FY23,Q3,,New,,,"NORTH CHARLESTON, SC",TBD - TBD,7G21 - IT AND TELECOM - NETWORK: DIGITAL NETWORK PRODUCTS (HARDWARE AND PERPETUAL LICENSE SOFTWARE),"Johnson, Sean .",sean.d.johnson62.civ@us.navy.mil,NAVWAR OSBP,navwarsbo.fct@navy.mil,,,,,,N65236-23-RFPREQ-LSUBP00009-0071,https://ams.navair.navy.mil/procurement/499F67D6-046C-407C-B4A7-CCDFF44DBFF6
LRAE Annex 25,214,LIPTM00478 CSSP CISCO SWITCH REPLACEMENT SEWP/DOD-ESI (C),PROCURE  CISCO SWITCHES TO REPLACE UNITS GOING END OF LIFE,LSUBP00009 - LSUBP00009 - DEFENSE HEALTH INFO TECH DIV HEAD - NIWCLANT,< $2M,Small Business Set-Aside,Fixed-Price,Delivery Order/Task Order,N65236 - NIWCLANT,FY23,Q3,FY23,Q4,,New,,,"NORTH CHARLESTON, SC",541519 - Other Computer Related Services,7B21 - IT AND TELECOM - COMPUTE: MAINFRAME (HARDWARE AND PERPETUAL LICENSE SOFTWARE),"Johnson, Sean .",sean.d.johnson62.civ@us.navy.mil,NAVWAR OSBP,navwarsbo.fct@navy.mil,,,,,,N65236-23-RFPREQ-LSUBP00009-0074,https://ams.navair.navy.mil/procurement/23E6DB24-7852-41BE-9D25-94A91D8AF983
LRAE Annex 25,215,"LIPTM00074, DHA/HSI IPT, 23-012 JUNIPER for FT. LEONARD WOOD & KOREA'S 121ST-SEWP (C)","LIPTM00074, DHA/HSI IPT, 23-012 JUNIPER for FT. LEONARD WOOD & KOREA'S 121ST MEDICAL EVACUATION HOSPITAL-SEWP",LSUBP00009 - LSUBP00009 - DEFENSE HEALTH INFO TECH DIV HEAD - NIWCLANT,< $2M,Small Business Set-Aside,Fixed-Price,Delivery Order/Task Order,N65236 - NIWCLANT,FY23,Q2,FY23,Q3,,New,,,"NORTH CHARLESTON, SC",541519 - Other Computer Related Services,7G21 - IT AND TELECOM - NETWORK: DIGITAL NETWORK PRODUCTS (HARDWARE AND PERPETUAL LICENSE SOFTWARE),"Johnson, Sean .",sean.d.johnson62.civ@us.navy.mil,NAVWAR OSBP,navwarsbo.fct@navy.mil,,,,,,N65236-23-RFPREQ-LSUBP00009-0076,https://ams.navair.navy.mil/procurement/15126922-B36B-4998-85A0-F23C5539481C
LRAE Annex 25,216,"LIPTM00074, DHA/HSI IPT, 23-013 MISC for KOREA's 121ST, FT. LEONARD WOOD & NMC SAN DIEGO-SEWP (C)","LIPTM00074, DHA/HSI IPT, 23-013 MISC for KOREA's 121ST, FT. LEONARD WOOD & NAVAL MEDICAL CENTER (NMC) SAN DIEGO-SEWP",LSUBP00009 - LSUBP00009 - DEFENSE HEALTH INFO TECH DIV HEAD - NIWCLANT,< $2M,Small Business Set-Aside,Fixed-Price,Delivery Order/Task Order,N65236 - NIWCLANT,FY23,Q3,FY23,Q3,,New,,,"NORTH CHARLESTON, SC",541519 - Other Computer Related Services,7G21 - IT AND TELECOM - NETWORK: DIGITAL NETWORK PRODUCTS (HARDWARE AND PERPETUAL LICENSE SOFTWARE),"Johnson, Sean .",sean.d.johnson62.civ@us.navy.mil,NAVWAR OSBP,navwarsbo.fct@navy.mil,,,,,,N65236-23-RFPREQ-LSUBP00009-0086,https://ams.navair.navy.mil/procurement/4E004078-9ACC-4ABD-9D23-F01AE2CAF330
LRAE Annex 25,217,"LIPTM00074, DHA/HSI IPT, 23-014 WLAN HPE for FLW LEJ ROBINS MOODY BRKSDL KSLR BRAGG GDFLW-SEWP (C)","LIPTM00074, DHA/HSI IPT, 23-014 WLAN HPE for FT. LEONARD WOOD, CAMP LEJEUNE, ROBINS AFB, MOODY AFB, BARKSDALE AFB, KEESLER AFB, FT. BRAGG, GOODFELLOW AFB-SEWP",LSUBP00009 - LSUBP00009 - DEFENSE HEALTH INFO TECH DIV HEAD - NIWCLANT,< $2M,TBD,Fixed-Price,Delivery Order/Task Order,N65236 - NIWCLANT,FY23,Q3,FY23,Q4,,New,,,"NORTH CHARLESTON, SC",TBD - TBD,7G21 - IT AND TELECOM - NETWORK: DIGITAL NETWORK PRODUCTS (HARDWARE AND PERPETUAL LICENSE SOFTWARE),"Johnson, Sean .",sean.d.johnson62.civ@us.navy.mil,NAVWAR OSBP,navwarsbo.fct@navy.mil,,,,,,N65236-23-RFPREQ-LSUBP00009-0118,https://ams.navair.navy.mil/procurement/35D18103-D0C0-43D0-AE93-5E25964867B3
LRAE Annex 25,218,"LIPTM00074, DHA/HSI IPT, 23-015 BRAND OR EQUAL for BARKSDALE AFB, MOODY AFB, ROBINS AFB-SEWP (C)","LIPTM00074, DHA/HSI IPT, 23-015 BRAND OR EQUAL for BARKSDALE, MOODY AND ROBINS AIR FORCE BASES-SEWP",LSUBP00009 - LSUBP00009 - DEFENSE HEALTH INFO TECH DIV HEAD - NIWCLANT,< $2M,TBD,Fixed-Price,Delivery Order/Task Order,N65236 - NIWCLANT,FY23,Q3,FY23,Q4,,New,,,"NORTH CHARLESTON, SC",TBD - TBD,7G21 - IT AND TELECOM - NETWORK: DIGITAL NETWORK PRODUCTS (HARDWARE AND PERPETUAL LICENSE SOFTWARE),"Johnson, Sean .",sean.d.johnson62.civ@us.navy.mil,NAVWAR OSBP,navwarsbo.fct@navy.mil,,,,,,N65236-23-RFPREQ-LSUBP00009-0126,https://ams.navair.navy.mil/procurement/F8FD19B6-3859-4DA1-BFAF-569F20371E7E
LRAE Annex 25,219,"LIPTM00478, FORCEPOINT SOFTWARE RENEWAL, GSA (C)",ANNUAL SOFTWARE RENEWAL FOR FORCEPOINT,LSUBP00009 - LSUBP00009 - DEFENSE HEALTH INFO TECH DIV HEAD - NIWCLANT,< $2M,TBD,TBD,Delivery Order/Task Order,N65236 - NIWCLANT,FY23,Q3,FY23,Q4,,New,,,"Charleston, SC",TBD - TBD,TBD - TBD,"Johnson, Sean .",sean.d.johnson62.civ@us.navy.mil,NAVWAR OSBP,navwarsbo.fct@navy.mil,,,,,,N65236-23-RFPREQ-LSUBP00009-0144,https://ams.navair.navy.mil/procurement/66EA8E91-C926-4845-9A99-F93A019D424E
LRAE Annex 25,220,LIPTM00478 MOBATEK SOFTWARE RENEWAL SEWP (C),RENEW ANNUAL SOFTWARE MAINTENANCE TO ALLOW FOR THE CONTINUED USE OF TEH PROGRAM,LSUBP00009 - LSUBP00009 - DEFENSE HEALTH INFO TECH DIV HEAD - NIWCLANT,< $2M,,Fixed-Price,Delivery Order/Task Order,N65236 - NIWCLANT,FY23,Q3,FY23,Q4,,New,,,"Charleston, SC",TBD - TBD,TBD - TBD,"Johnson, Sean .",sean.d.johnson62.civ@us.navy.mil,NAVWAR OSBP,navwarsbo.fct@navy.mil,,,,,,N65236-23-RFPREQ-LSUBP00009-0147,https://ams.navair.navy.mil/procurement/8892871F-6EFA-41E3-9D1D-4B31586796D6
LRAE Annex 25,221,ATIP - TO#21 Server and TIF repairs,repair out of warranty ATIP servers and TIFs,PMW/A-170 - PMW/A-170 - NAVWAR,< $2M,,Cost-Reimbursement,Delivery Order/Task Order,N00039 - NAVWAR,FY23,Q2,FY23,Q3,48,New,,,"San Diego, CA",334220 - Radio and Television Broadcasting and Wireless Communications Equipment Manufacturing,D - IT AND TELECOM - INFORMATION TECHNOLOGY AND TELECOMMUNICATIONS,"Joworski, Tyler",tyler.joworski@navy.mil,NAVWAR OSBP,navwarsbo.fct@navy.mil,Secret,Secret,,,,N00039-23-RFPREQ-PMW/A-170-0108,https://ams.navair.navy.mil/procurement/B808017F-1DDB-47DE-8D59-6168583A1567
LRAE Annex 25,222,ESRP TO38 '23OMN ISEA,"FY 2023 OMN task order for services comprising program management, engineering, industrial, logistics, and information assurance, along with the necessary provisional items, travel, shipping, and Grooms to provide complete In-Service Engineering Agent (ISEA) support for ESRP.",PMW/A-170 - PMW/A-170 - NAVWAR,< $2M,,Cost-Reimbursement,Delivery Order/Task Order,N00039 - NAVWAR,FY23,Q2,FY23,Q4,48,New,,,"San Diego, CA",541330 - Engineering Services,R425 - SUPPORT- PROFESSIONAL: ENGINEERING/TECHNICAL,"Joworski, Tyler",tyler.joworski@navy.mil,NAVWAR OSBP,navwarsbo.fct@navy.mil,Secret,Secret,,,,N00039-23-RFPREQ-PMW/A-170-0113,https://ams.navair.navy.mil/procurement/D8ED8374-9DB7-4005-BCB1-FB66B72BB42C
LRAE Annex 25,223,ESRP TO39 SMT FINAL PHASE,Requirements to maintaining uninterrupted Direct Read Out of environmental data at select United States Navy ESRP Ashore sites affected by the Advanced Wireless Services 3 (AWS-3) auction and sale of the 1695-1710 MHz radio frequency band; follow-on to level-of-effort under task order 31.,PMW/A-170 - PMW/A-170 - NAVWAR,< $2M,,Cost-Reimbursement,Delivery Order/Task Order,N00039 - NAVWAR,FY23,Q3,FY23,Q4,48,New,,,"San Diego, CA",541330 - Engineering Services,R425 - SUPPORT- PROFESSIONAL: ENGINEERING/TECHNICAL,"Joworski, Tyler",tyler.joworski@navy.mil,NAVWAR OSBP,navwarsbo.fct@navy.mil,Secret,Secret,,,,N00039-23-RFPREQ-PMW/A-170-0114,https://ams.navair.navy.mil/procurement/CACAC57C-664E-4F1C-8409-943F0FDD5EC8
LRAE Annex 25,224,ESRP TO40 '23RDT&E/OPN INITITIVE-01,"The SMQ-XX/Afloat System Modernization Task Order is a comprehensive initiative aimed at modernizing the SMQ-11 E/F system. The primary objective of this effort is to replace outdated internal components with commercially available ones, thereby increasing the system's efficiency and ensuring its compliance with the C4I lethality requirements of the Warfighter and Fleet.",PMW/A-170 - PMW/A-170 - NAVWAR,$2M - $7.5M,,Cost-Reimbursement,Delivery Order/Task Order,N00039 - NAVWAR,FY23,Q3,FY23,Q4,48,Secret,Secret,,"San Diego, CA",541330 - Engineering Services,"L058 - TECHNICAL REPRESENTATIVE- COMMUNICATION, DETECTION, AND COHERENT RADIATION EQUIPMENT","Joworski, Tyler",tyler.joworski@navy.mil,NAVWAR OSBP,navwarsbo.fct@navy.mil,Secret,Secret,,,,N00039-23-RFPREQ-PMW/A-170-0115,https://ams.navair.navy.mil/procurement/6A63F64F-43F6-4A5B-B10B-13B896C3F3B4
LRAE Annex 25,225,FSET Follow on contract (C),Fleet Systems engineering Team Support for Fleet Readiness directorate. The objective of this TO is to ensure functionality and interoperability of NAVWAR C4ISR systems afloat and ashore. Requirements is > 100 FTE with TS/SCI clearance including OCONUS Afloat and ashore.,FRD - FRD - NAVWAR,$100M - $250M,TBD,Cost-Reimbursement,"""C"" Type Contract",N00039 - NAVWAR,FY23,Q4,FY24,Q1,,Follow-on,N0003919F3001,,"San Diego, CA",541330 - Engineering Services,R425 - SUPPORT- PROFESSIONAL: ENGINEERING/TECHNICAL,"Kedrow, Robyn L.",Robyn.l.kedrow.civ@us.navy.mil,NAVWAR OSBP,navwarsbo.fct@navy.mil,,,,,,N00039-23-RFPREQ-FRD-0007,https://ams.navair.navy.mil/procurement/914A058F-C55C-4A3C-A425-A8256D6B8019
LRAE Annex 25,226,4.0 IT Tools – Follow-On (C),"Provides for execution of SPIDER, SAILOR and HARPS programs.",4.0 - 4.0 - NAVWAR,No Range Specified,Small Business Set-Aside,Cost-Reimbursement,Delivery Order/Task Order,N00039 - NAVWAR,FY23,Q2,FY23,Q4,,Follow-on,,,"San Diego, CA",541330 - Engineering Services,R425 - SUPPORT- PROFESSIONAL: ENGINEERING/TECHNICAL,"Kedrow, Robyn L.",Robyn.l.kedrow.civ@us.navy.mil,NAVWAR OSBP,navwarsbo.fct@navy.mil,,,,,,N00039-23-RFPREQ-4.0-0001,https://ams.navair.navy.mil/procurement/C9FCEB4D-EE01-4205-A9EE-CEF242414A67
LRAE Annex 25,227,PEO Digital Engineering and Logistics Support follow on (C),Placeholder for recompete of PEO D Engineering and Logistics Support,CSBO - Command Strategy and Business Office - NAVWAR,$100M - $250M,TBD,TBD,Delivery Order/Task Order,N00039 - NAVWAR,,,FY26,Q1,,,,,"San Diego, CA",541330 - Engineering Services,R425 - SUPPORT- PROFESSIONAL: ENGINEERING/TECHNICAL,"Kedrow, Robyn L.",Robyn.l.kedrow.civ@us.navy.mil,NAVWAR OSBP,navwarsbo.fct@navy.mil,,,,,,N00039-26-RFPREQ-CSBO-0001,https://ams.navair.navy.mil/procurement/5848942A-2FF2-4428-B6E4-2D96EF0885A6
LRAE Annex 25,228,Audit Liasion and Remediation Follow-On IT General Control (ITGC) (C),Supports management and remediation of current and future audit deficiencies related to notices of findings and recommendations.,Pf007NERP - Pf007NERP - NAVWAR,$7.5M - $50M,,Cost-Reimbursement,Delivery Order/Task Order,N00039 - NAVWAR,FY24,Q1,FY23,Q4,46 months,Follow-on,N0003921F9515,Deloitte,"Washington Navy Yard, DC",541219 - Other Accounting Services,C - ARCHITECT/ENGINEER SERVICES,"Kopa, Mary",mary.kopa@navy.mil,NAVWAR OSBP,navwarsbo.fct@navy.mil,Secret,Secret,,,,N00039-23-RFPREQ-Pf007NERP-0038,https://ams.navair.navy.mil/procurement/E0CB2DF5-3A2B-4CC9-B567-7123A152602C
LRAE Annex 25,229,"LIPTM00303, DARPA IPT, BAA NEW, SDP (OVERSIGHT SEEDLING DRAPER) (CIR 23-010)",This is for a new BAA in support of Satellite Diagnostics and Prognostics (Oversight Seedling-DRAPER).  Contract # N6523623C8019.,LSUBP00049 - LSUBP00049 - S&T Division - NIWCLANT,< $2M,,Cost-Reimbursement,"""C"" Type Contract",N65236 - NIWCLANT,FY23,Q3,FY23,Q4,,New,,,"NORTH CHARLESTON, SC",TBD - TBD,TBD - TBD,"Lawless, Jo Ann",joann.lawless.civ@us.navy.mil,NAVWAR OSBP,navwarsbo.fct@navy.mil,,,,,,N65236-23-RFPREQ-LSUBP00049-0134,https://ams.navair.navy.mil/procurement/D818405C-6DF6-4DA5-85DC-ADD6735F5565
LRAE Annex 25,230,LIPTM00120 - SDRS IPT Technical Support - SeaPort-NxG Base + 4 Option Years (C),"SOFTWARE DEFINED RADIO SOLUTIONS (SDRS) INTEGRATED PRODUCT TEAM (IPT) TECHNICAL SUPPORT
This is the SDRS IPT Seaport task order procurement that was received in contracts on 3/22/2022 as PR#1300932895.  This PID is to allow for execution of the award in AMS.",LSUBP00016 - LSUBP00016 - NAVY AFLOAT TRANSPORT & NAVI DIV HD - NIWCLANT,$7.5M - $50M,,Cost-Reimbursement,Delivery Order/Task Order,N65236 - NIWCLANT,FY23,Q2,FY23,Q4,,Follow-on,N0017804D4121,SCIENTIFIC RESEARCH CORPORATIO,"Charleston, SC",541330 - Engineering Services,R425 - SUPPORT- PROFESSIONAL: ENGINEERING/TECHNICAL,"Leya, Martha",martha.p.leya.civ@us.navy.mil,NAVWAR OSBP,navwarsbo.fct@navy.mil,,,,,,N65236-22-RFPREQ-LSUBP00016-0017,https://ams.navair.navy.mil/procurement/CB5984AC-F337-431E-B2A2-EAF1D11868D6
LRAE Annex 25,231,LSUBP0016 - RCIPT- FY23 ISEA Spt_12 Month POP_Chugach (SAC)_New TO 21-D-8009,"N65236-21-D-8009
IPT LEAD: TIM LOGAN
New TO under Chugach contract to provide FY23 ISEA Support for ATCS, HF, LCS, TVS and UHF Projects",LSUBP00016 - LSUBP00016 - NAVY AFLOAT TRANSPORT & NAVI DIV HD - NIWCLANT,< $2M,,Cost-Reimbursement,Delivery Order/Task Order,N65236 - NIWCLANT,FY23,Q3,FY23,Q4,,New,,,"Norfolk, VA",TBD - TBD,TBD - TBD,"Leya, Martha",martha.p.leya.civ@us.navy.mil,NAVWAR OSBP,navwarsbo.fct@navy.mil,,,,,,N65236-23-RFPREQ-LSUBP00016-0150,https://ams.navair.navy.mil/procurement/10EC1A57-43DA-4FB5-A3D7-1E8C489AA5A8
LRAE Annex 25,232,"LIPTM00121_ATS IPT: PMW/A 170 System Operability Testing (SOT), SOT II, Deploying Group System Integration Testing (DGSIT), and System Decommissioning_(CENTURUM (SAC)-NEW TO)","NEW TO UNDER SAC N6523620D8011
IPT LEAD:  BRITT LOWERY
IN SUPPORT OF SATCOM SOT I / II, DGSIT, AND DECOM",LSUBP00016 - LSUBP00016 - NAVY AFLOAT TRANSPORT & NAVI DIV HD - NIWCLANT,$2M - $7.5M,,Cost-Reimbursement,Delivery Order/Task Order,N65236 - NIWCLANT,FY23,Q3,FY23,Q4,,New,,,"Norfolk, VA",TBD - TBD,"DE01 - IT AND TELECOM - END USER SUPPORT SERVICES: CONFERENCING, AV, HELPDESK, DESKSIDE SUPPORT, WORKSPACE, PRINTERS, COLLABORATION AND PRODUCTIVITY TOOLS (LABOR)","Leya, Martha",martha.p.leya.civ@us.navy.mil,NAVWAR OSBP,navwarsbo.fct@navy.mil,,,,,,N65236-23-RFPREQ-LSUBP00016-0149,https://ams.navair.navy.mil/procurement/543D5E4B-CBE6-4316-A18F-6E34233AED5B
LRAE Annex 25,233,"LIPTM00448-PNT ISEA: 21F0417_SSBN/SSGN/OCR TACNAV AND IC/DTS ISEA _MOD_REV. PWS, INCREASE CEILING,INC FUNDS (WRS SAC)","N6523621F0417
N6523620D8024
Modification is to add scope to PWS, increase ceiling, change PoP from Base + Options to Multi-Yr Base, Incrementally Fund",LSUBP00016 - LSUBP00016 - NAVY AFLOAT TRANSPORT & NAVI DIV HD - NIWCLANT,No Range Specified,,Cost-Reimbursement,Single-Award Indefinite-Delivery,N65236 - NIWCLANT,FY23,Q3,FY23,Q4,,,,,"Norfolk, VA",541330 - Engineering Services,R425 - SUPPORT- PROFESSIONAL: ENGINEERING/TECHNICAL,"Leya, Martha",martha.p.leya.civ@us.navy.mil,NAVWAR OSBP,navwarsbo.fct@navy.mil,,,,,,N65236-23-RFPREQ-LSUBP00016-0161,https://ams.navair.navy.mil/procurement/884DDFA3-1FC1-4AAE-A83C-5F72F5CA55C9
LRAE Annex 25,234,LIPTM00121_ATS IPT: SATCOM MODERNIZATION SPPT_30 Month POP_(CENTURUM (SAC)-NEW TO),"NEW TO UNDER SAC N6523620D8011
IPT LEAD: BRITT LOWERY
In support of SATCOM modernization efforts not limited to design, execution, testing, sustainment and closeout.",LSUBP00016 - LSUBP00016 - NAVY AFLOAT TRANSPORT & NAVI DIV HD - NIWCLANT,$7.5M - $50M,,Cost-Reimbursement,Delivery Order/Task Order,N65236 - NIWCLANT,FY23,Q4,FY24,Q1,,New,N6523620D8011,"CENTURUM INFORMATION TECHNOLOGY, INC.","Norfolk, VA",TBD - TBD,TBD - TBD,"Leya, Martha",martha.p.leya.civ@us.navy.mil,NAVWAR OSBP,navwarsbo.fct@navy.mil,,,,,,N65236-23-RFPREQ-LSUBP00016-0143,https://ams.navair.navy.mil/procurement/04F7FB45-4711-428A-8C25-DA7853E85E71
LRAE Annex 25,235,"LIPTM00304-PNT Engineering, INFORMATION SECURITY / CYBERSECURITY AND TECHNICAL SUPPORT SERVICES-LeviWilliams-TO-22F0638-(Bowhead-MOD)","Complex modification to N6523621D8008 TO N6523622F0638 to exercise Option Year 1, update PWS, and increase ceiling.",LSUBP00016 - LSUBP00016 - NAVY AFLOAT TRANSPORT & NAVI DIV HD - NIWCLANT,No Range Specified,8(a) Sole Source,Cost-Reimbursement,Single-Award Indefinite-Delivery,N65236 - NIWCLANT,,,FY23,Q4,,,,,"Norfolk, VA",TBD - TBD,R425 - SUPPORT- PROFESSIONAL: ENGINEERING/TECHNICAL,"Leya, Martha",martha.p.leya.civ@us.navy.mil,NAVWAR OSBP,navwarsbo.fct@navy.mil,,,,,,N65236-23-RFPREQ-LSUBP00016-0146,https://ams.navair.navy.mil/procurement/BA4E04BB-C888-421F-A66C-59AF749DDE4F
LRAE Annex 25,236,LIPTM00415-Radio Comms IPT- FY 25 and on OA-9277A Coupler and Power Supply procurement-NEW NICHE SAC (CIR/PPA 2X-XXX),This sole source SAC contract is being established for the procurement of OA-9277A Couplers and Power Supplies. There is an urgent fleet need for them to support future ship construction and installation. This effort does have high interest from the sponsor at the flag level.  This is a follow on to N65236-21-D-4805.,LSUBP00016 - LSUBP00016 - NAVY AFLOAT TRANSPORT & NAVI DIV HD - NIWCLANT,$100M - $250M,,TBD,Single-Award Indefinite-Delivery,N65236 - NIWCLANT,FY24,Q1,FY26,Q1,,Follow-on,N6523621D4805,"R F PRODUCTS, INC.","Virginia Beach, VA",TBD - TBD,TBD - TBD,"Leya, Martha",martha.p.leya.civ@us.navy.mil,NAVWAR OSBP,navwarsbo.fct@navy.mil,,,,,,N65236-23-RFPREQ-LSUBP00016-0115,https://ams.navair.navy.mil/procurement/DFA8EF85-A3D0-446E-A117-67CD42D54DD7
LRAE Annex 25,237,LIPTM00304-Aircraft Inertail Alignment System (AIAS) Production Support CVN 80 SCN-Lambert0012-(WR Systems-NEW),"This will be a New Task Order under SAC N6523620D8024 WR Systems, IPT Lead, Jared Judy, LIPTM00304, for  Aircraft Inertail Alignment System (AIAS) Production Support CVN 80 SCN, COR Kris Lambert (Lambert0012). This is a XSYSCOM action.",LSUBP00016 - LSUBP00016 - NAVY AFLOAT TRANSPORT & NAVI DIV HD - NIWCLANT,< $2M,,TBD,Delivery Order/Task Order,N65236 - NIWCLANT,,,FY23,Q4,,,,,"Norfolk, VA",541330 - Engineering Services,R425 - SUPPORT- PROFESSIONAL: ENGINEERING/TECHNICAL,"Leya, Martha",martha.p.leya.civ@us.navy.mil,NAVWAR OSBP,navwarsbo.fct@navy.mil,,,,,,N65236-23-RFPREQ-LSUBP00016-0130,https://ams.navair.navy.mil/procurement/C3441F45-0550-46A1-95E0-1A41F9CF7D65
LRAE Annex 25,238,LIPTM00448-AN/WSN-9 DIGITAL HYBRID SPEED LOG (DHYSL) PRODUCTION SUPPORT-Marsh0014-(WR Systems-NEW),"This will be a New Task Order under SAC N6523620D8024 WR Systems, IPT Lead, Bill Browne, LIPTM00448, for AN/WSN-9 DIGITAL HYBRID SPEED LOG (DHYSL) PRODUCTION SUPPORT, COR Richie Marsh (Marsh0014). This is a XSYSCOM action with OPN funding.",LSUBP00016 - LSUBP00016 - NAVY AFLOAT TRANSPORT & NAVI DIV HD - NIWCLANT,$2M - $7.5M,,Cost-Reimbursement,Delivery Order/Task Order,N65236 - NIWCLANT,FY23,Q3,FY23,Q3,,New,,,"Norfolk, VA",541330 - Engineering Services,R425 - SUPPORT- PROFESSIONAL: ENGINEERING/TECHNICAL,"Leya, Martha",martha.p.leya.civ@us.navy.mil,NAVWAR OSBP,navwarsbo.fct@navy.mil,,,,,,N65236-23-RFPREQ-LSUBP00016-0118,https://ams.navair.navy.mil/procurement/C515EBDA-0E21-4F1E-9F89-B9DCC58CE32E
LRAE Annex 25,239,LIPTM00448-FMS JAPAN ASEV AN/WSN-7 RLGN LBTS AND GENERAL ENGINEERING AND TECHNICAL SUPPORT PROGRAM-Bang0007-(WR Systems-NEW),"This will be a New Task Order under SAC N6523620D8024 WR Systems, IPT Lead, Bill Browne, LIPTM00448, for FMS JAPAN ASEV AN/WSN-7 RLGN LBTS AND GENERAL ENGINEERING AND TECHNICAL SUPPORT PROGRAM, COR Dong Bang (Bang0007). This is a XSYSCOM action.",LSUBP00016 - LSUBP00016 - NAVY AFLOAT TRANSPORT & NAVI DIV HD - NIWCLANT,< $2M,,Cost-Reimbursement,Delivery Order/Task Order,N65236 - NIWCLANT,FY23,Q3,FY23,Q4,,New,,,"Norfolk, VA",541330 - Engineering Services,R425 - SUPPORT- PROFESSIONAL: ENGINEERING/TECHNICAL,"Leya, Martha",martha.p.leya.civ@us.navy.mil,NAVWAR OSBP,navwarsbo.fct@navy.mil,,,,,,N65236-23-RFPREQ-LSUBP00016-0158,https://ams.navair.navy.mil/procurement/510058BF-D8F1-405B-8DD1-8B3E3E6D997B
LRAE Annex 25,240,LIPTM00448-FMS JAPAN AN/WSN-7 LIFECYCLE GENERAL ENGINEERING AND TECHNICAL SUPPORT LTS-Bang0008-(WR Systems-NEW),"This will be a New Task Order under SAC N6523620D8024 WR Systems, IPT Lead, Bill Browne, LIPTM00448, for FMS JAPAN AN/WSN-7 LIFECYCLE GENERAL ENGINEERING AND TECHNICAL SUPPORT, COR Dong Bang (Bang0008). This is a XSYSCOM action.",LSUBP00016 - LSUBP00016 - NAVY AFLOAT TRANSPORT & NAVI DIV HD - NIWCLANT,< $2M,,Cost-Reimbursement,Delivery Order/Task Order,N65236 - NIWCLANT,FY23,Q3,FY23,Q4,,New,,,"Norfolk, VA",541330 - Engineering Services,R425 - SUPPORT- PROFESSIONAL: ENGINEERING/TECHNICAL,"Leya, Martha",martha.p.leya.civ@us.navy.mil,NAVWAR OSBP,navwarsbo.fct@navy.mil,,,,,,N65236-23-RFPREQ-LSUBP00016-0119,https://ams.navair.navy.mil/procurement/B5E6D429-C6EB-40F8-B6D2-9A03C64B2AF0
LRAE Annex 25,241,"LIPTM00304-AN/WSN-9 DHYSL INSTALLATION, AN/WSN-9 DHYSL SYS ENG FOR SCN VIRGINIA CLASS SUB, SPEED SENSOR UPGRADE, AN/WSN-9 DHYSL REDESIGN, AND IP-1747/WSN CEA REDESIGN-Marsh0015-(WR Systems-NEW)","This will be a New Task Order under SAC N6523620D8024 WR Systems, IPT Lead, Jared Judy, LIPTM00304, for AN/WSN-9 DIGITAL HYBRID SPEED LOG (DHYSL) INSTALLATION, AN/WSN-9 DIGITAL HYBRID SPEED LOG (DHYSL) SYSTEMS ENGINEERING FOR SCN VIRGINIA CLASS SUBMARINES, SPEED SENSOR UPGRADE, AN/WSN-9 DIGITAL HYBRID SPEED LOG (DHYSL) REDESIGN, AND IP-1747/WSN COMPUTER EXPANSION ASSEMBLY (CEA) REDESIGN, COR Richie Marsh (Marsh0015). This is a XSYSCOM action.",LSUBP00016 - LSUBP00016 - NAVY AFLOAT TRANSPORT & NAVI DIV HD - NIWCLANT,$2M - $7.5M,,TBD,Delivery Order/Task Order,N65236 - NIWCLANT,,,FY23,Q4,,,,,"Norfolk, VA",541330 - Engineering Services,R425 - SUPPORT- PROFESSIONAL: ENGINEERING/TECHNICAL,"Leya, Martha",martha.p.leya.civ@us.navy.mil,NAVWAR OSBP,navwarsbo.fct@navy.mil,,,,,,N65236-24-RFPREQ-LSUBP00016-0120,https://ams.navair.navy.mil/procurement/0F391FF3-88A8-4F60-B0BA-1A4000AB18A8
LRAE Annex 25,242,"LIPTM00448-FMS JAPAN AND AUSTRALIA AN/WSN-7 GEN ENG AND TECH FC-22 Upgrade& ISEA LTS for DDG-17x Ships (Atago &  Kongo) & ISEA SPT for MAYA class ships, and FMS Australia FC Support-Bang-22-(Northrop Grumman-NEW)","This will be a New Task Order under SAC N6523618D8001 Northrop Grumman, IPT Lead, Bill Browne, LIPTM00448, for FMS JAPAN AND AUSTRALIA AN/WSN-7 GEN ENG AND TECH FC-22 Upgrade& ISEA LTS for DDG-17x Ships (Atago &  Kongo) & ISEA SPT for MAYA class ships, and FMS Australia FC Support-Bang-22, COR Dong Bang. This is a XSYSCOM action.",LSUBP00016 - LSUBP00016 - NAVY AFLOAT TRANSPORT & NAVI DIV HD - NIWCLANT,< $2M,,TBD,Delivery Order/Task Order,N65236 - NIWCLANT,,,FY23,Q4,,,,,"Norfolk, VA",541330 - Engineering Services,R425 - SUPPORT- PROFESSIONAL: ENGINEERING/TECHNICAL,"Leya, Martha",martha.p.leya.civ@us.navy.mil,NAVWAR OSBP,navwarsbo.fct@navy.mil,,,,,,N65236-24-RFPREQ-LSUBP00016-0121,https://ams.navair.navy.mil/procurement/970F3A1C-3026-4C35-9864-FCFDA7A3CF21
LRAE Annex 25,243,LIPTM00304-AN/WSN-12 INERTIAL NAVIGATION SYSTEM PRODUCTION AND SUPPORT-DeGroff0002-(WR Systems-NEW),"This will be a New Task Order under SAC N6523620D8024 WR Systems, IPT Lead, Jared Judy, LIPTM00304, for AN/WSN-12 INERTIAL NAVIGATION SYSTEM PRODUCTION AND SUPPORT, COR Jonathan DeGroff (DeGroff0002). This is a XSYSCOM action with OPN funding.",LSUBP00016 - LSUBP00016 - NAVY AFLOAT TRANSPORT & NAVI DIV HD - NIWCLANT,$50M - $100M,,TBD,Delivery Order/Task Order,N65236 - NIWCLANT,,,FY23,Q4,,,,,"Norfolk, VA",541330 - Engineering Services,R425 - SUPPORT- PROFESSIONAL: ENGINEERING/TECHNICAL,"Leya, Martha",martha.p.leya.civ@us.navy.mil,NAVWAR OSBP,navwarsbo.fct@navy.mil,,,,,,N65236-24-RFPREQ-LSUBP00016-0122,https://ams.navair.navy.mil/procurement/A251D690-EF90-44AF-BBB7-FB0285F00DDC
LRAE Annex 25,244,LIPTM00448-FMS KOREA CB-ISEA SUPPORT FOR GPNTS CASE # KS-P-LQI & NAVSSI CASE # KS-P-GRY-Nwachukwu0009-(WR Systems-NEW),"This will be a New Task Order under SAC N6523620D8024 WR Systems, IPT Lead, Bill Browne, LIPTM00448, for FMS KOREA CB-ISEA SUPPORT FOR GPNTS CASE # KS-P-LQI & NAVSSI CASE # KS-P-GRY-COR Charles Nwachukwu (Nwachukwu0009). This is a XSYSCOM action.",LSUBP00016 - LSUBP00016 - NAVY AFLOAT TRANSPORT & NAVI DIV HD - NIWCLANT,< $2M,,TBD,Delivery Order/Task Order,N65236 - NIWCLANT,,,FY23,Q4,,,,,"Norfolk, VA",541330 - Engineering Services,R425 - SUPPORT- PROFESSIONAL: ENGINEERING/TECHNICAL,"Leya, Martha",martha.p.leya.civ@us.navy.mil,NAVWAR OSBP,navwarsbo.fct@navy.mil,,,,,,N65236-24-RFPREQ-LSUBP00016-0123,https://ams.navair.navy.mil/procurement/18FA77B2-9850-4E23-BCBB-FD6984DB3E9A
LRAE Annex 25,245,LIPTM00448-NAVIGATION SYSTEMS FLEET SERVICES TECHNICAL SUPPORT-Nwachukwu0010-(WR Systems-NEW) (utilzing TDL process),"This will be a New Task Order under SAC N6523620D8024 WR Systems, IPT Lead, Bill Browne, LIPTM00448, for NAVIGATION SYSTEMS FLEET SERVICES TECHNICAL SUPPORT, COR Charles Nwachukwu (Nwachukwu0010). This is a XSYSCOM action.",LSUBP00016 - LSUBP00016 - NAVY AFLOAT TRANSPORT & NAVI DIV HD - NIWCLANT,< $2M,,TBD,Delivery Order/Task Order,N65236 - NIWCLANT,,,FY23,Q4,,,,,"Norfolk, VA",541330 - Engineering Services,R425 - SUPPORT- PROFESSIONAL: ENGINEERING/TECHNICAL,"Leya, Martha",martha.p.leya.civ@us.navy.mil,NAVWAR OSBP,navwarsbo.fct@navy.mil,,,,,,N65236-24-RFPREQ-LSUBP00016-0124,https://ams.navair.navy.mil/procurement/B8F10D95-AA1F-41D4-B061-738B805B4C6C
LRAE Annex 25,246,LIPTM00304-CVN/LHA/LPD/FFG SCN-Lambert0011-(WR Systems-NEW),"This will be a New Task Order under SAC N6523620D8024 WR Systems, IPT Lead, Jared Judy, LIPTM00304, for  CVN/LHA/LPD/FFG SCN, COR Kris Lambert (Lambert0011). This is a XSYSCOM action funding is SCN.",LSUBP00016 - LSUBP00016 - NAVY AFLOAT TRANSPORT & NAVI DIV HD - NIWCLANT,< $2M,,TBD,Delivery Order/Task Order,N65236 - NIWCLANT,,,FY23,Q4,,,,,"Norfolk, VA",541330 - Engineering Services,R425 - SUPPORT- PROFESSIONAL: ENGINEERING/TECHNICAL,"Leya, Martha",martha.p.leya.civ@us.navy.mil,NAVWAR OSBP,navwarsbo.fct@navy.mil,,,,,,N65236-24-RFPREQ-LSUBP00016-0125,https://ams.navair.navy.mil/procurement/33D1726B-5607-4FE9-B56A-6FFBA5648700
LRAE Annex 25,247,LIPTM00448-DDG CLASS SCN NAVIGATION SYSTEMS SUPPORT-Lambert0013-(WR Systems-NEW),"This will be a New Task Order under SAC N6523620D8024 WR Systems, IPT Lead, Bill Browne, LIPTM00448, for DDG CLASS SCN NAVIGATION SYSTEMS SUPPORT, COR Kris Lambert (Lambert0011). This is a XSYSXOM action.",LSUBP00016 - LSUBP00016 - NAVY AFLOAT TRANSPORT & NAVI DIV HD - NIWCLANT,< $2M,,TBD,Delivery Order/Task Order,N65236 - NIWCLANT,,,FY23,Q4,,,,,"Norfolk, VA",541330 - Engineering Services,R425 - SUPPORT- PROFESSIONAL: ENGINEERING/TECHNICAL,"Leya, Martha",martha.p.leya.civ@us.navy.mil,NAVWAR OSBP,navwarsbo.fct@navy.mil,,,,,,N65236-24-RFPREQ-LSUBP00016-0126,https://ams.navair.navy.mil/procurement/3E6D8749-3565-4182-BC15-19735CAF8492
LRAE Annex 25,248,LIPTM00214-C4I FMS IPT _Costa Rica_FMS Case CS-P-LBF_SAC_Two Year,New SAC Award,LSUBP00006 - LSUBP00006 - FMS AIR INTEGRATION USCG DIV HEAD - NIWCLANT,No Range Specified,,Cost-Reimbursement,Single-Award Indefinite-Delivery,N65236 - NIWCLANT,,,FY23,Q4,,Follow-on,N6523620D8024,W R SYSTEMS LTD.,"Charleston, SC",TBD - TBD,R425 - SUPPORT- PROFESSIONAL: ENGINEERING/TECHNICAL,"Leya, Martha",martha.p.leya.civ@us.navy.mil,NAVWAR OSBP,navwarsbo.fct@navy.mil,,,,,,N65236-23-RFPREQ-LSUBP00006-0070,https://ams.navair.navy.mil/procurement/897225EC-A3FE-4DEA-8406-067417E50C2F
LRAE Annex 25,249,LSUBP0016 - Radio COMMS IPT- DMR TECH SUPPORT_35 MOS. POP_CENTURUM (SAC)-NEW TO),"NEW TO UNDER SAC N6523620D8011
IPT LEAD: TIM LOGAN
SHORT TITLE:  Navy Afloat Transport and Navigation Division (PMW 170) Digital Modular Radio (DMR), Miniature Demand Assigned Multiple Access (Mini-DAMA) Systems, 5/25 kHz UHF Legacy and Radio Communication Systems Technical Support",LSUBP00016 - LSUBP00016 - NAVY AFLOAT TRANSPORT & NAVI DIV HD - NIWCLANT,< $2M,,Cost-Reimbursement,Delivery Order/Task Order,N65236 - NIWCLANT,FY23,Q3,FY23,Q4,,New,,,"Norfolk, VA",TBD - TBD,TBD - TBD,"Leya, Martha",martha.p.leya.civ@us.navy.mil,NAVWAR OSBP,navwarsbo.fct@navy.mil,,,,,,N65236-23-RFPREQ-LSUBP00016-0110,https://ams.navair.navy.mil/procurement/C1561978-5B04-44A1-BA60-E506A88AAF4E
LRAE Annex 25,250,LSUBP00016: NAVY AFLOAT & NAV DIV PM AND FM SUPPORT (MBAS II SAC - NEW),"The scope of this Task Order is to support the Naval Information Warfare Center Atlantic (NIWC Atlantic) Navy Afloat Transport and Navigation Division (PMW 170) Division in providing effective resources for Business Analytics, Predictive Analysis and Intelligence; Business Financial Management (BFM); and Programmatic and Acquisition Support for operational and business functions for the Division’s various sponsors and Integrated product Teams (IPTs) support.",LSUBP00016 - LSUBP00016 - NAVY AFLOAT TRANSPORT & NAVI DIV HD - NIWCLANT,$7.5M - $50M,,Cost-Reimbursement,Delivery Order/Task Order,N65236 - NIWCLANT,FY23,Q3,FY23,Q4,,New,,,"Charleston, SC",TBD - TBD,R425 - SUPPORT- PROFESSIONAL: ENGINEERING/TECHNICAL,"Leya, Martha",martha.p.leya.civ@us.navy.mil,NAVWAR OSBP,navwarsbo.fct@navy.mil,,,,,,N65236-23-RFPREQ-LSUBP00016-0108,https://ams.navair.navy.mil/procurement/34B20AD3-99DF-4D8B-A5C1-DF572D751012
LRAE Annex 25,251,LIPTM00304-NAVIGATION SYSTEMS ENGINEERING AND TECHNICAL SUPPORT-Smith0004-(WR Systems-NEW),"This will be a New Task Order under SAC N6523620D8024 WR Systems, IPT Lead, Jared Judy, LIPTM00304, for NAVIGATION SYSTEMS ENGINEERING AND TECHNICAL SUPPORT, COR Kevin Smith (Smith0004). This is a XSYSCOM action with multiple PRs needed some of which will go thru WC04 to be ADHOC approved.",LSUBP00016 - LSUBP00016 - NAVY AFLOAT TRANSPORT & NAVI DIV HD - NIWCLANT,$7.5M - $50M,,Cost-Reimbursement,Delivery Order/Task Order,N65236 - NIWCLANT,FY23,Q3,FY23,Q3,,New,,,"Norfolk, VA",541330 - Engineering Services,R425 - SUPPORT- PROFESSIONAL: ENGINEERING/TECHNICAL,"Leya, Martha",martha.p.leya.civ@us.navy.mil,NAVWAR OSBP,navwarsbo.fct@navy.mil,,,,,,N65236-23-RFPREQ-LSUBP00016-0102,https://ams.navair.navy.mil/procurement/D2385C6E-EAB1-49C9-B11C-F9B0EEDD24BC
LRAE Annex 25,252,LIPTM00304-UNMANNED SURFACE VEHICLE (USV) NAVIGATION SYSTEMS SUPPORT-Marsh0016-(WR Systems-NEW),UNMANNED SURFACE VEHICLE (USV) NAVIGATION  SYSTEMS SUPPORT,LSUBP00016 - LSUBP00016 - NAVY AFLOAT TRANSPORT & NAVI DIV HD - NIWCLANT,< $2M,,Cost-Reimbursement,Delivery Order/Task Order,N65236 - NIWCLANT,FY23,Q3,FY23,Q3,,New,,,"Norfolk, VA",541330 - Engineering Services,R425 - SUPPORT- PROFESSIONAL: ENGINEERING/TECHNICAL,"Leya, Martha",martha.p.leya.civ@us.navy.mil,NAVWAR OSBP,navwarsbo.fct@navy.mil,,,,,,N65236-23-RFPREQ-LSUBP00016-0093,https://ams.navair.navy.mil/procurement/B3ABE4A5-029F-4A6E-87A3-3F05C2BE278C
LRAE Annex 25,253,LIPTM00448-CVN CLASS SNAIAS MANUAL REVISION-Limbaugh0006-(WR Systems-NEW),"N65236-20-D-8024
This support encompasses the ISEA TDM effort for the development, revision and distribution of the Ship’s Navigation and Aircraft Inertial Alignment System (SNAIAS) technical documentation for CVN Class ships.",LSUBP00016 - LSUBP00016 - NAVY AFLOAT TRANSPORT & NAVI DIV HD - NIWCLANT,< $2M,,Cost-Reimbursement,Delivery Order/Task Order,N65236 - NIWCLANT,FY23,Q3,FY23,Q3,,New,,,"San Diego, CA",541330 - Engineering Services,R425 - SUPPORT- PROFESSIONAL: ENGINEERING/TECHNICAL,"Leya, Martha",martha.p.leya.civ@us.navy.mil,NAVWAR OSBP,navwarsbo.fct@navy.mil,,,,,,N65236-23-RFPREQ-LSUBP00016-0091,https://ams.navair.navy.mil/procurement/3BED545E-1B2C-4906-88A8-DF2C18C0673A
LRAE Annex 25,254,LIPTM00415-Radio Comms-FY 23 Tactical Variant Switch (TVS)-MAC (C),"This action will be used to procure Tactical Variant Switch (TVS) equipment in support of installations aboard the following ships (DDG 135, 136, 137/ T-AO 209, 210, 211.) We have had several prior orders for this equipment placed using NASA SEWP.",LSUBP00016 - LSUBP00016 - NAVY AFLOAT TRANSPORT & NAVI DIV HD - NIWCLANT,$7.5M - $50M,,Fixed-Price,Delivery Order/Task Order,N65236 - NIWCLANT,,,FY23,Q4,,New,,,"NORTH CHARLESTON, SC",TBD - TBD,TBD - TBD,"Leya, Martha",martha.p.leya.civ@us.navy.mil,NAVWAR OSBP,navwarsbo.fct@navy.mil,,,,,,N65236-23-RFPREQ-LSUBP00016-0015,https://ams.navair.navy.mil/procurement/69D06579-2FF2-49E6-9283-9859B6846426
LRAE Annex 25,255,LIPTM00120-SDRS IPT OROLIA HARDWARE RENEWAL JTNC FY23- SEWP (C),PLANNING APPROVAL REQUEST FOR JTNC OROLIA HARDWARE RENEWAL- SEWP PR,LSUBP00016 - LSUBP00016 - NAVY AFLOAT TRANSPORT & NAVI DIV HD - NIWCLANT,< $2M,TBD,Fixed-Price,Delivery Order/Task Order,N65236 - NIWCLANT,FY23,Q3,FY23,Q4,,New,,,"Charleston, SC",423420 - Office Equipment Merchant Wholesalers,6625 - ELECTRICAL AND ELECTRONIC PROPERTIES MEASURING AND TESTING INSTRUMENTS,"Leya, Martha",martha.p.leya.civ@us.navy.mil,NAVWAR OSBP,navwarsbo.fct@navy.mil,,,,,,N65236-22-RFPREQ-LSUBP00016-0020,https://ams.navair.navy.mil/procurement/0638B26A-EFD5-4649-A115-D90B4EC430AA
LRAE Annex 25,256,"LIPTM00304, Position, Navigation, & Timing (PNT) Engineering IPT- NAVSEA, SMITH, LCR, 7IA-100-0005-3 - PHASE 3;  SEWP (C)","MATERIAL PURCHASE from  LCR such as:  7IA-100-0005-3 - CHASSIS NTEGR,CPCI-S,WR S. ECDU PHASE 3",LSUBP00016 - LSUBP00016 - NAVY AFLOAT TRANSPORT & NAVI DIV HD - NIWCLANT,$2M - $7.5M,,Fixed-Price,Delivery Order/Task Order,N65236 - NIWCLANT,FY23,Q2,FY23,Q3,,New,,,"Virginia Beach, VA",541519 - Other Computer Related Services,"5998 - ELECTRICAL AND ELECTRONIC ASSEMBLIES, BOARDS, CARDS, AND ASSOCIATED HARDWARE","Leya, Martha",martha.p.leya.civ@us.navy.mil,NAVWAR OSBP,navwarsbo.fct@navy.mil,,,,,,N65236-24-RFPREQ-LSUBP00016-0001,https://ams.navair.navy.mil/procurement/1430C13E-64F5-4D67-BC32-F1CDC67A3A47
LRAE Annex 25,257,"LIPTM00304, Position, Navigation & Timing (PNT) Engineering IPT, Highland Technology, Mounting Flange, 5-Channel Ethernet Time Interval Counter, SEWP (C)",MATERIAL PURCHASE from Highland Technology such as: P/N: 28A567-1; DESC: Mounting Flange and P/N: 28A680-1; DESC: 5-Channel Ethernet Time Interval Counter,LSUBP00016 - LSUBP00016 - NAVY AFLOAT TRANSPORT & NAVI DIV HD - NIWCLANT,< $2M,TBD,Fixed-Price,Delivery Order/Task Order,N65236 - NIWCLANT,FY23,Q3,FY23,Q3,,New,,,"Virginia Beach, VA",541519 - Other Computer Related Services,"5998 - ELECTRICAL AND ELECTRONIC ASSEMBLIES, BOARDS, CARDS, AND ASSOCIATED HARDWARE","Leya, Martha",martha.p.leya.civ@us.navy.mil,NAVWAR OSBP,navwarsbo.fct@navy.mil,,,,,,N65236-23-RFPREQ-LSUBP00016-0057,https://ams.navair.navy.mil/procurement/9C47A0F8-53CE-4CA3-86E3-793351FA6240
LRAE Annex 25,258,LIPTM00415-DDG-70/ 80 CU-2416A Antenna procurement- GSA Schedule (C),This procurement is for a new CU-2416A/SRC antenna that is available via a GSA schedule gs-35f-0311R EXP 02 FEB 2025.,LSUBP00016 - LSUBP00016 - NAVY AFLOAT TRANSPORT & NAVI DIV HD - NIWCLANT,< $2M,,Fixed-Price,Delivery Order/Task Order,N65236 - NIWCLANT,FY23,Q3,FY23,Q4,,New,,,"Virginia Beach, VA",TBD - TBD,TBD - TBD,"Leya, Martha",martha.p.leya.civ@us.navy.mil,NAVWAR OSBP,navwarsbo.fct@navy.mil,,,,,,N65236-23-RFPREQ-LSUBP00016-0059,https://ams.navair.navy.mil/procurement/7C6EAF7E-3B0C-463B-A377-8D53505A11C8
LRAE Annex 25,259,"LIPTM00448-PNT, WSN7 FMS Japan BANG0006_CPFF-COMP (WR NEW SAC)",AN/WSN-7 CONTROL DISPLAY UNIT (CDU) PRODUCTION SUPPORT FOR SUPPORT OF FMS JAPAN CASE# JA-P-NCO,LSUBP00016 - LSUBP00016 - NAVY AFLOAT TRANSPORT & NAVI DIV HD - NIWCLANT,< $2M,,Cost-Reimbursement,Delivery Order/Task Order,N65236 - NIWCLANT,FY23,Q3,FY23,Q3,,New,,,"Virginia Beach, VA",541330 - Engineering Services,R425 - SUPPORT- PROFESSIONAL: ENGINEERING/TECHNICAL,"Leya, Martha",martha.p.leya.civ@us.navy.mil,NAVWAR OSBP,navwarsbo.fct@navy.mil,,,,,,N65236-23-RFPREQ-LSUBP00016-0072,https://ams.navair.navy.mil/procurement/725E1993-CA3F-4180-BC9F-E5147DC88910
LRAE Annex 25,260,LIPTM00448-FMS KOREA KDX-III AN/WSN-7 GENERAL ENGINEERING AND TECHNICAL SUPPORT-BANG0005- (WR SYSTEMS NEW SAC),"support of FMS Korea Navy’s KDX-III class ships and Republic of Korea Naval Logistics Center maintenance Facility (ROK NLC MF).  Engineering management and administration of this task order are included in the scope of this work.  This level-of-effort is in support of NIWC Atlantic Program Office’s FMS Cases KS-P-GRF, KS-P-GRY, KS-P-LQI and follow ons.",LSUBP00016 - LSUBP00016 - NAVY AFLOAT TRANSPORT & NAVI DIV HD - NIWCLANT,< $2M,,Cost-Reimbursement,Delivery Order/Task Order,N65236 - NIWCLANT,FY23,Q2,FY23,Q3,,New,,,"Norfolk, VA",541330 - Engineering Services,R425 - SUPPORT- PROFESSIONAL: ENGINEERING/TECHNICAL,"Leya, Martha",martha.p.leya.civ@us.navy.mil,NAVWAR OSBP,navwarsbo.fct@navy.mil,,,,,,N65236-23-RFPREQ-LSUBP00016-0069,https://ams.navair.navy.mil/procurement/E53DF0A2-0B07-443C-BC40-4A00AAF11608
LRAE Annex 25,261,"LIPTM000415: OA-9277A Coupler and Power Supply FY23 Procurement, RF Products (SAC)",We are purchasing additional Couplers and Coupler Power Supplies (CPS) as a task order against an existing contract. This will be the third task order against the base contract.,LSUBP00016 - LSUBP00016 - NAVY AFLOAT TRANSPORT & NAVI DIV HD - NIWCLANT,$7.5M - $50M,,Fixed-Price,Delivery Order/Task Order,N65236 - NIWCLANT,FY23,Q3,FY23,Q3,,New,,,"NORTH CHARLESTON, SC",TBD - TBD,"5985 - ANTENNAS, WAVEGUIDES, AND RELATED EQUIPMENT","Leya, Martha",martha.p.leya.civ@us.navy.mil,NAVWAR OSBP,navwarsbo.fct@navy.mil,,,,,,N65236-23-RFPREQ-LSUBP00016-0014,https://ams.navair.navy.mil/procurement/37F68A74-9214-4358-901D-8D83D64EB2DF
LRAE Annex 25,262,"LIPTM00120, SDRS IPT, UbE Lab Equipment, SEWP (C)",This order is in support of SDRS IPTs Ubiquitous Edge and Sanctuary project. These products will be used to create the testing environment.,LSUBP00016 - LSUBP00016 - NAVY AFLOAT TRANSPORT & NAVI DIV HD - NIWCLANT,< $2M,TBD,Fixed-Price,Delivery Order/Task Order,N65236 - NIWCLANT,FY23,Q3,FY23,Q4,,New,,,"Charleston, SC",TBD - TBD,TBD - TBD,"Leya, Martha",martha.p.leya.civ@us.navy.mil,NAVWAR OSBP,navwarsbo.fct@navy.mil,,,,,,N65236-23-RFPREQ-LSUBP00016-0090,https://ams.navair.navy.mil/procurement/978C74E9-9F63-42FE-98D3-0540E46088F3
LRAE Annex 25,263,"LIPTM00304, (PNT) Engineering IPT, MILCOTS (Rugged Panel 19"") &  INNODISK (ICF 1ME w/KIOXIA 15nm/Industrial) SEWP (C)","MATERIAL PURCHASE from MILCOTS such as: P/N: RP19SX-3D-GNW ; DESC: Rugged Panel 19""; INNONDISK  P/N: DECFC-32GD53BW1DCW- B858; DESC: iCF 1ME w/ Kioxia 15nm(Industrial, W/T Grade, -40?
~ +85?)",LSUBP00016 - LSUBP00016 - NAVY AFLOAT TRANSPORT & NAVI DIV HD - NIWCLANT,< $2M,TBD,Fixed-Price,Delivery Order/Task Order,N65236 - NIWCLANT,FY23,Q3,FY23,Q3,,New,,,"Virginia Beach, VA",541519 - Other Computer Related Services,"5998 - ELECTRICAL AND ELECTRONIC ASSEMBLIES, BOARDS, CARDS, AND ASSOCIATED HARDWARE","Leya, Martha",martha.p.leya.civ@us.navy.mil,NAVWAR OSBP,navwarsbo.fct@navy.mil,,,,,,N65236-23-RFPREQ-LSUBP00016-0096,https://ams.navair.navy.mil/procurement/FD1A51E6-0F5E-4944-AAC7-674485795AF1
LRAE Annex 25,264,"LIPTM00120, SDRS IPT, SILVUS DELL SANCTUARY FY23- SEWP (C)",Sanctuary a (FNC) Future Naval Capability funned by (ONR) the Office of Naval Research and supported by the (SDRS) Software Defined Radio Solutions IPT requires Silvus radios and Dell Tablets to be delivered to display software capability to customers and transition partners.,LSUBP00016 - LSUBP00016 - NAVY AFLOAT TRANSPORT & NAVI DIV HD - NIWCLANT,< $2M,TBD,Fixed-Price,Delivery Order/Task Order,N65236 - NIWCLANT,FY23,Q3,FY23,Q3,,New,,,"Charleston, SC",TBD - TBD,TBD - TBD,"Leya, Martha",martha.p.leya.civ@us.navy.mil,NAVWAR OSBP,navwarsbo.fct@navy.mil,,,,,,N65236-23-RFPREQ-LSUBP00016-0094,https://ams.navair.navy.mil/procurement/C788FF18-69A4-42BA-A908-C6D52BC9AECE
LRAE Annex 25,265,"LIPTM00415-Radio Comms IPT, Tactical Variant Switch (TVS) FY 23 order-MAC (C)","Procurement of equipment in support of Tactical Variant Switch (TVS) equipment for installations aboard DDG 135-139, EPF-16, FFG 62-63, LHA 9, LPD 31, T-AO 209-213. The sponsor is funding a combined order for 15 platforms in FY 23.",LSUBP00016 - LSUBP00016 - NAVY AFLOAT TRANSPORT & NAVI DIV HD - NIWCLANT,$7.5M - $50M,TBD,Fixed-Price,Delivery Order/Task Order,N65236 - NIWCLANT,,,FY23,Q4,,New,,,"Virginia Beach, VA",TBD - TBD,TBD - TBD,"Leya, Martha",martha.p.leya.civ@us.navy.mil,NAVWAR OSBP,navwarsbo.fct@navy.mil,,,,,,N65236-23-RFPREQ-LSUBP00016-0109,https://ams.navair.navy.mil/procurement/6F5A9320-8A61-48F6-8339-9427762E9CAE
LRAE Annex 25,266,"LIPTM00120, SDRS IPT, VQUAD II FY23 RENEWAL, SEWP (C)",Executing brand name SEWP action for VQuad hardware and software renewals,LSUBP00016 - LSUBP00016 - NAVY AFLOAT TRANSPORT & NAVI DIV HD - NIWCLANT,< $2M,TBD,Fixed-Price,Delivery Order/Task Order,N65236 - NIWCLANT,FY23,Q3,FY23,Q4,,New,,,"Charleston, SC",423420 - Office Equipment Merchant Wholesalers,6625 - ELECTRICAL AND ELECTRONIC PROPERTIES MEASURING AND TESTING INSTRUMENTS,"Leya, Martha",martha.p.leya.civ@us.navy.mil,NAVWAR OSBP,navwarsbo.fct@navy.mil,,,,,,N65236-23-RFPREQ-LSUBP00016-0129,https://ams.navair.navy.mil/procurement/A9F4A243-2F01-4A1F-8CF6-E0137A942756
LRAE Annex 25,267,Navy Cyber IPT - NEW TO (C),Navy Cyber IPT - NEW TO,LSUBP00024 - LSUBP00024 - IA AND NAVY CYBER SECURITY DIV HEAD - NIWCLANT,$7.5M - $50M,TBD,TBD,Delivery Order/Task Order,N65236 - NIWCLANT,,,FY26,Q1,,,,,"NORTH CHARLESTON, SC",TBD - TBD,TBD - TBD,"Leya, Martha",martha.p.leya.civ@us.navy.mil,NAVWAR OSBP,navwarsbo.fct@navy.mil,,,,,,N65236-26-RFPREQ-LSUBP00024-0003,https://ams.navair.navy.mil/procurement/9FE0A097-DFD1-416D-9166-2449BE9B0C14
LRAE Annex 25,268,"LIPTM00304, (PNT) Engineering IPT, ELECTRIC BOAT (VA Master Controller and Electromagnetic Log Voltage Simulator (ELVS) ) SAP (C)",MATERIAL PURCHASE from Electric Boat  such as: P/N: 218104060; DESC:VIRGINIA Master Controller Server and P/N: 93940; DESC: Electromagnetic Log Voltage Simulator (ELVS),LSUBP00016 - LSUBP00016 - NAVY AFLOAT TRANSPORT & NAVI DIV HD - NIWCLANT,< $2M,TBD,Fixed-Price,Delivery Order/Task Order,N65236 - NIWCLANT,FY23,Q3,FY23,Q4,,New,,,"Virginia Beach, VA",541519 - Other Computer Related Services,"5998 - ELECTRICAL AND ELECTRONIC ASSEMBLIES, BOARDS, CARDS, AND ASSOCIATED HARDWARE","Leya, Martha",martha.p.leya.civ@us.navy.mil,NAVWAR OSBP,navwarsbo.fct@navy.mil,,,,,,N65236-23-RFPREQ-LSUBP00016-0164,https://ams.navair.navy.mil/procurement/7E5AF7B3-2A3A-46AC-8E6A-3AAE0095E6F1
LRAE Annex 25,269,Digital Forensics Triage Software for USMC POR 1301003856 PPS-22-218-0003 (C),Digital Forensics Triage Software for USMC POR,LSUBP00021 - LSUBP00021 - EXPEDITIONARY INTEL SOLUTIONS DIV HEAD - NIWCLANT,< $2M,,TBD,TBD,N65236 - NIWCLANT,,,,,,New,,,"Charleston, SC",,TBD - TBD,"Luna, Jacqueline",jacqueline.m.luna2.civ@us.navy.mil,NAVWAR OSBP,navwarsbo.fct@navy.mil,,,,,,N65236-23-RFPREQ-LSUBP00021-0001,https://ams.navair.navy.mil/procurement/FD1AFE7B-228F-4051-8465-5785445AC705
LRAE Annex 25,270,Digital Data Extraction Software for USMC POR PPS-22-218-0006 (C),"N/A - this will be created in AMS, due to, not required until Q3 FY23 
Software Qty 5 Licenses",LSUBP00021 - LSUBP00021 - EXPEDITIONARY INTEL SOLUTIONS DIV HEAD - NIWCLANT,< $2M,,TBD,TBD,N65236 - NIWCLANT,,,,,,New,,,"Charleston, SC",,TBD - TBD,"Luna, Jacqueline",jacqueline.m.luna2.civ@us.navy.mil,NAVWAR OSBP,navwarsbo.fct@navy.mil,,,,,,N65236-23-RFPREQ-LSUBP00021-0002,https://ams.navair.navy.mil/procurement/0EBE57B0-783D-4533-9AC9-275349882751
LRAE Annex 25,271,CELLEX Software for USMC POR  PPS-22-218-0007 (C),"CELLEX Software (MSAB XRY) Qty 5 PPS-22-218
N/A - this will be created in AMS, due to, not required until Q3 FY23",LSUBP00021 - LSUBP00021 - EXPEDITIONARY INTEL SOLUTIONS DIV HEAD - NIWCLANT,< $2M,,TBD,TBD,N65236 - NIWCLANT,,,,,,New,,,"Charleston, SC",,TBD - TBD,"Luna, Jacqueline",jacqueline.m.luna2.civ@us.navy.mil,NAVWAR OSBP,navwarsbo.fct@navy.mil,,,,,,N65236-23-RFPREQ-LSUBP00021-0003,https://ams.navair.navy.mil/procurement/23A376A9-E286-450B-955E-AF493B86CEFB
LRAE Annex 25,272,MEDEX Software for USMC POR  PPS-22-218-0008 (C),"MEDEX Software for USMC POR 
N/A - this will be created in AMS, due to, not required until Q3 FY23",LSUBP00021 - LSUBP00021 - EXPEDITIONARY INTEL SOLUTIONS DIV HEAD - NIWCLANT,< $2M,,TBD,TBD,N65236 - NIWCLANT,,,,,,New,,,"Charleston, SC",,TBD - TBD,"Luna, Jacqueline",jacqueline.m.luna2.civ@us.navy.mil,NAVWAR OSBP,navwarsbo.fct@navy.mil,,,,,,N65236-23-RFPREQ-LSUBP00021-0004,https://ams.navair.navy.mil/procurement/20AB59D0-7651-48ED-89BA-A247A9D27552
LRAE Annex 25,273,"LIPTM00337, Ex ISR, PM Fires Acquisition Support follow-on (C)","The purpose of this task order is to provide recurring Acquisition Support Services to Naval Information Warfare Center
Atlantic (NIWC Atlantic) for USMC Program Management Fires systems. These services include program
management, technical support, logistics analysis, doctrine analysis and implementation, system integration/functionality, and
Subject Matter Expert (SME) support.",LSUBP00021 - LSUBP00021 - EXPEDITIONARY INTEL SOLUTIONS DIV HEAD - NIWCLANT,$7.5M - $50M,,Cost-Reimbursement,TBD,N65236 - NIWCLANT,FY23,Q4,FY24,Q3,,Follow-on,N6523619F3059,,"Charleston, SC",541330 - Engineering Services,R425 - SUPPORT- PROFESSIONAL: ENGINEERING/TECHNICAL,"Luna, Jacqueline",jacqueline.m.luna2.civ@us.navy.mil,NAVWAR OSBP,navwarsbo.fct@navy.mil,,,,,,N65236-24-RFPREQ-LSUBP00021-0001,https://ams.navair.navy.mil/procurement/B00F5D79-64D0-4733-9341-A3119078C337
LRAE Annex 25,274,"LIPTM00455-TCIO, CIHEP, NON IT EQUIPMENT, GSA (C)","Tents, Ladders, other non-IT support tools",LSUBP00021 - LSUBP00021 - EXPEDITIONARY INTEL SOLUTIONS DIV HEAD - NIWCLANT,$2M - $7.5M,TBD,TBD,TBD,N65236 - NIWCLANT,,,,,,New,,,"NORTH CHARLESTON, SC",,TBD - TBD,"Luna, Jacqueline",jacqueline.m.luna2.civ@us.navy.mil,NAVWAR OSBP,navwarsbo.fct@navy.mil,,,,,,N65236-22-RFPREQ-LSUBP00021-0012,https://ams.navair.navy.mil/procurement/2DB72509-6A58-4B27-A599-DCE1F19B6765
LRAE Annex 25,275,USMC Logistics Analysis Technical Management Team - SeaPort (C),"Provide analytical, technical, and business support services, including technical data analysis, requirements and performance analysis, risk management, life cycle cost analysis, refinement and analysis of support and maintenance concepts to DCGS-MC, EW/SIGINT, TACNET, T/HUMINT, MCIA, and NMITC. This task consists of providing overall management and administrative services to document, communicate, and coordinate activities.",LSUBP00021 - LSUBP00021 - EXPEDITIONARY INTEL SOLUTIONS DIV HEAD - NIWCLANT,$7.5M - $50M,,TBD,Delivery Order/Task Order,N65236 - NIWCLANT,FY23,Q1,FY23,Q3,,Follow-on,N6523618F3080,,"NORTH CHARLESTON, SC",541330 - Engineering Services,R425 - SUPPORT- PROFESSIONAL: ENGINEERING/TECHNICAL,"Luna, Jacqueline",jacqueline.m.luna2.civ@us.navy.mil,NAVWAR OSBP,navwarsbo.fct@navy.mil,,,,,,N65236-22-RFPREQ-LSUBP00021-0022,https://ams.navair.navy.mil/procurement/27423E08-838B-4C81-BD1D-91D734214541
LRAE Annex 25,276,"VTT IPT Systems Engineering, Integration, & Limited Production (C)","This support includes engineering/design efforts supporting the integration and sustainment of Command, Control, Communications, Computers, Intelligence, Surveillance and Reconnaissance (C4ISR) systems on tactical vehicles across multiple DoD services.",LSUBP00007 - LSUBP00007 - LAND SYSTEMS INTEGRATION DIV HEAD - NIWCLANT,$50M - $100M,TBD,Cost-Reimbursement,Delivery Order/Task Order,N65236 - NIWCLANT,FY23,Q4,FY24,Q2,,Follow-on,N0017804D4080-N6523618F30,,"Charleston, SC",541330 - Engineering Services,R425 - SUPPORT- PROFESSIONAL: ENGINEERING/TECHNICAL,"Luna, Jacqueline",jacqueline.m.luna2.civ@us.navy.mil,NAVWAR OSBP,navwarsbo.fct@navy.mil,,,,,,N65236-24-RFPREQ-LSUBP00007-0002,https://ams.navair.navy.mil/procurement/658A1824-3A04-43B5-A21A-331423EC5077
LRAE Annex 25,277,"PROGRAM MANAGEMENT, ENGINEERING, AND LOGISTICS SUPPORT TO USMC INFORMATION DOMINANCE PROGRAM - SeaPort (C)","Program Management, Systems Engineering, and Lifecycle Sustainment Support",LSUBP00021 - LSUBP00021 - EXPEDITIONARY INTEL SOLUTIONS DIV HEAD - NIWCLANT,$7.5M - $50M,SDVOSB Set-Aside,Cost-Reimbursement,Delivery Order/Task Order,N65236 - NIWCLANT,FY23,Q1,FY23,Q3,,New,New,,"Charleston, SC",541330 - Engineering Services,R425 - SUPPORT- PROFESSIONAL: ENGINEERING/TECHNICAL,"Luna, Jacqueline",jacqueline.m.luna2.civ@us.navy.mil,NAVWAR OSBP,navwarsbo.fct@navy.mil,,,,,,N65236-23-RFPREQ-LSUBP00021-0024,https://ams.navair.navy.mil/procurement/46873198-B0E9-407F-B96D-FDFFF5A22C7C
LRAE Annex 25,278,TCIO -- USMC Identity Operations Services - SeaPort TO (C),New Seaport Task Order to support TCIO - USMC Identity Operations Services (ID OPS support).,LSUBP00021 - LSUBP00021 - EXPEDITIONARY INTEL SOLUTIONS DIV HEAD - NIWCLANT,$7.5M - $50M,TBD,Cost-Reimbursement,Delivery Order/Task Order,N65236 - NIWCLANT,FY23,Q3,FY24,Q1,,Follow-on,N6523619F3013,,"Charleston, SC",541330 - Engineering Services,R408 - Program Management/Support Services,"Luna, Jacqueline",jacqueline.m.luna2.civ@us.navy.mil,NAVWAR OSBP,navwarsbo.fct@navy.mil,,,,,,N65236-24-RFPREQ-LSUBP00021-0010,https://ams.navair.navy.mil/procurement/63789E15-307B-4D7D-BD58-FF118B57EBF1
LRAE Annex 25,279,LIPTM00455-FDS-MC IT Hardware (C),"This hardware is required for the Forensics Dominance System (FDS) system to provide the MAGTF the ability to scientifically link individuals and networks to places, events, and activities ISO force protection, intelligence, targeting and law enforcement operations.",LSUBP00021 - LSUBP00021 - EXPEDITIONARY INTEL SOLUTIONS DIV HEAD - NIWCLANT,< $2M,TBD,Fixed-Price,Delivery Order/Task Order,N65236 - NIWCLANT,FY23,Q1,FY23,Q2,,New,,,"NORTH CHARLESTON, SC",541519 - Other Computer Related Services,"5865 - ELECTRONIC COUNTERMEASURES, COUNTER-COUNTERMEASURES AND QUICK REACTION CAPABILITY EQUIPMENT","Luna, Jacqueline",jacqueline.m.luna2.civ@us.navy.mil,NAVWAR OSBP,navwarsbo.fct@navy.mil,,,,,,N65236-23-RFPREQ-LSUBP00021-0011,https://ams.navair.navy.mil/procurement/141310BC-7E44-42AF-8199-F5EA301CB6FB
LRAE Annex 25,280,Small Business - Logistics Support - VTT - SeaPort TO (C),"VTT IPT Systems Engineering, Integration, & Limited Production - This task order will provide the Logistics and IT support that is critical to delivering solutions quickly to the VTT IPT’s customers to include the USMC, USSF, USAF, MDA and the USA sponsors. This support in the area of vehicular C4ISR/EW systems.",LSUBP00007 - LSUBP00007 - LAND SYSTEMS INTEGRATION DIV HEAD - NIWCLANT,No Range Specified,TBD,Cost-Reimbursement,Delivery Order/Task Order,N65236 - NIWCLANT,,,FY23,Q4,,New,N0017809D5817,SKYLLA ENGINEERING LTD.,"Charleston, SC",,TBD - TBD,"Luna, Jacqueline",jacqueline.m.luna2.civ@us.navy.mil,NAVWAR OSBP,navwarsbo.fct@navy.mil,,,,,,N65236-23-RFPREQ-LSUBP00007-0001,https://ams.navair.navy.mil/procurement/38187DC4-58DD-4E3A-8DFD-0D93D3C6A134
LRAE Annex 25,281,PROGRAM MANAGEMENT ENGINEER SYSTEMS SUPPORT - SeaPort (C),"Provide PM ES program office support within the areas of program management; logistics; engineering; manpower, training, and personnel; equipment specialist; equipment fielding and new equipment training; financial management; information assurance; security; etc. in accordance with (IAW) the Marine Corps Systems Command Concept of Operations, the MARCORSYSCOM Acquisition Guidebook (MAG) and the Defense Acquisition Guidebook (DAG).",LSUBP00021 - LSUBP00021 - EXPEDITIONARY INTEL SOLUTIONS DIV HEAD - NIWCLANT,$7.5M - $50M,Small Business Set-Aside,Cost-Reimbursement,Delivery Order/Task Order,N65236 - NIWCLANT,FY23,Q1,FY23,Q4,,New,,,"Charleston, SC",541330 - Engineering Services,R425 - SUPPORT- PROFESSIONAL: ENGINEERING/TECHNICAL,"Luna, Jacqueline",jacqueline.m.luna2.civ@us.navy.mil,NAVWAR OSBP,navwarsbo.fct@navy.mil,,,,,,N65236-22-RFPREQ-LSUBP00021-0018,https://ams.navair.navy.mil/procurement/3D5D0B5B-38C0-4606-A79A-01E37ECA864C
LRAE Annex 25,282,"LIPTM00290, TSI IPT, Edge to Enterprise Design Engineering Support - SeaPort TO-Base + 4 OYs (C)","This support encompasses edge to enterprise engineering initiatives enabling command and control for the Marine Corps and includes, but is not limited to engineering analysis, engineering design, requirements management, modeling and simulation, and subject matter expertise in wargaming scenarios.",LSUBP00004 - LSUBP00004 - EXPEDITIONARY C3 SOLUTIONS DIV HEAD - NIWCLANT,$50M - $100M,TBD,Cost-Reimbursement,Delivery Order/Task Order,N65236 - NIWCLANT,FY23,Q4,FY24,Q3,,New,,,"Charleston, SC",TBD - TBD,R425 - SUPPORT- PROFESSIONAL: ENGINEERING/TECHNICAL,"Luna, Jacqueline",jacqueline.m.luna2.civ@us.navy.mil,NAVWAR OSBP,navwarsbo.fct@navy.mil,,,,,,N65236-23-RFPREQ-LSUBP00004-0001,https://ams.navair.navy.mil/procurement/DB2847AE-E4C2-47EE-B244-F3B6DF404A8E
LRAE Annex 25,283,Distributed Common Ground/Surface System – Marine Corps (DCGS-MC) Test and Evaluation Support Services - SeaPort (C),"Naval Information Warfare Center (NIWC) Atlantic requires full DCGS-MC system-of-systems lifecycle support services, which includes developmental, functional, and operational testing, quality assurance and quality control, Cybersecurity, as well as, configuration management of scalable, secure, interoperable, sustainable, and survivable Command, Control, Communications, Computers, Combat Systems, Intelligence, Surveillance, and Reconnaissance, Information Operations, and Enterprise Information Services capabilities.",LSUBP00021 - LSUBP00021 - EXPEDITIONARY INTEL SOLUTIONS DIV HEAD - NIWCLANT,$50M - $100M,SDVOSB Set-Aside,Cost-Reimbursement,Delivery Order/Task Order,N65236 - NIWCLANT,FY23,Q2,FY23,Q4,,New,N6523619F3050,,"Charleston, SC",541330 - Engineering Services,R425 - SUPPORT- PROFESSIONAL: ENGINEERING/TECHNICAL,"Luna, Jacqueline",jacqueline.m.luna2.civ@us.navy.mil,NAVWAR OSBP,navwarsbo.fct@navy.mil,,,,,,N65236-23-RFPREQ-LSUBP00021-0006,https://ams.navair.navy.mil/procurement/E5CC171B-E602-42A1-BA42-5BA34F4EEA84
LRAE Annex 25,284,"Distributed Common Ground/Surface System – Marine Corps (DCGS-MC), Geospatial Intelligence (GEOINT), All Source, Signals Intelligence (SIGINT), Family of Integrated Targeting and Exploitation (FITE), and Full Motion Video (FMV) Engineering Support Service (C)","system-of-systems (SoS) lifecycle support, developmental, functional, and operational testing, quality assurance (QA) and quality control (QC), Cybersecurity, as well as, configuration management (CM) of scalable, secure, interoperable, sustainable, and survivable Command, Control.  development, production, and fielding of scalable, secure, interoperable, sustainable, and survivable Command, Control, Communications, Computers, Combat Systems.  also includes support for the development of new C5ISR and information technology (IT) capabilities, the maintenance and upgrade of existing C5ISR and IT capabilities, and the integration of existing
hardware and software capabilities into a consolidated system baseline.",LSUBP00021 - LSUBP00021 - EXPEDITIONARY INTEL SOLUTIONS DIV HEAD - NIWCLANT,$50M - $100M,SDVOSB Set-Aside,Cost-Reimbursement,Delivery Order/Task Order,N65236 - NIWCLANT,FY23,Q2,FY23,Q4,,Follow-on,N6523619F3044,,"Charleston, SC",541330 - Engineering Services,R425 - SUPPORT- PROFESSIONAL: ENGINEERING/TECHNICAL,"Luna, Jacqueline",jacqueline.m.luna2.civ@us.navy.mil,NAVWAR OSBP,navwarsbo.fct@navy.mil,,,,,,N65236-23-RFPREQ-LSUBP00021-0007,https://ams.navair.navy.mil/procurement/51C34ADD-DA22-4811-B6A2-AFC6C91FA5C1
LRAE Annex 25,285,Production Logistics Support for LAV Life Cycle Support (C),"New SAC order against CAEI contract# N65236-18-D-8014. 
Procurement, Production and Kitting of (344) TCM Kits, (292) Getac Laptop Kits, and (90) MFoCS/ICS-R Refurb Kits",LSUBP00007 - LSUBP00007 - LAND SYSTEMS INTEGRATION DIV HEAD - NIWCLANT,$2M - $7.5M,,Cost-Reimbursement,Delivery Order/Task Order,N65236 - NIWCLANT,FY23,Q3,FY23,Q3,,New,N6523618D8014/N6523622F05,,"Charleston, SC",335999 - All Other Miscellaneous Electrical Equipment and Component Manufacturing,5999 - MISCELLANEOUS ELECTRICAL AND ELECTRONIC COMPONENTS,"Luna, Jacqueline",jacqueline.m.luna2.civ@us.navy.mil,NAVWAR OSBP,navwarsbo.fct@navy.mil,,,,,,N65236-23-RFPREQ-LSUBP00007-0004,https://ams.navair.navy.mil/procurement/7F07E878-B025-4880-94D2-77E48B82C3F8
LRAE Annex 25,286,"LIPTM00455-TCIO, OPTICS KIT, SEWP (C)",OPTICS KIT,LSUBP00021 - LSUBP00021 - EXPEDITIONARY INTEL SOLUTIONS DIV HEAD - NIWCLANT,$2M - $7.5M,Small Business Set-Aside,Fixed-Price,Delivery Order/Task Order,N65236 - NIWCLANT,FY23,Q2,FY23,Q3,,New,,,"NORTH CHARLESTON, SC",335921 - Fiber Optic Cable Manufacturing,"5995 - CABLE, CORD, AND WIRE ASSEMBLIES: COMMUNICATION EQUIPMENT","Luna, Jacqueline",jacqueline.m.luna2.civ@us.navy.mil,NAVWAR OSBP,navwarsbo.fct@navy.mil,,,,,,N65236-23-RFPREQ-LSUBP00021-0013,https://ams.navair.navy.mil/procurement/8C4D32F5-9554-4E0C-963D-C205B002BB56
LRAE Annex 25,287,"LIPT00455-TCIO, UGS KIT, SEWP (C)",TCIO UGS KIT,LSUBP00021 - LSUBP00021 - EXPEDITIONARY INTEL SOLUTIONS DIV HEAD - NIWCLANT,$2M - $7.5M,Small Business Set-Aside,Fixed-Price,Delivery Order/Task Order,N65236 - NIWCLANT,FY23,Q3,FY23,Q4,,New,,,"NORTH CHARLESTON, SC",541519 - Other Computer Related Services,"7E20 - IT AND TELECOM - END USER: HELP DESK;TIER 1-2, WORKSPACE, PRINT, PRODUCTIVITY TOOL (HW/PERPETUAL SW)","Luna, Jacqueline",jacqueline.m.luna2.civ@us.navy.mil,NAVWAR OSBP,navwarsbo.fct@navy.mil,,,,,,N65236-23-RFPREQ-LSUBP00021-0014,https://ams.navair.navy.mil/procurement/EBE1AB81-3781-4ABC-8E64-3F599FBEEF94
LRAE Annex 25,288,"LIPTM00455-TCIO, GRCS KIT, SEWP (C)",TCIO GRCS KIT,LSUBP00021 - LSUBP00021 - EXPEDITIONARY INTEL SOLUTIONS DIV HEAD - NIWCLANT,$2M - $7.5M,TBD,Fixed-Price,Delivery Order/Task Order,N65236 - NIWCLANT,FY23,Q3,FY23,Q4,,New,,,"NORTH CHARLESTON, SC",334290 - Other Communications Equipment Manufacturing,5810 - COMMUNICATIONS SECURITY EQUIPMENT AND COMPONENTS,"Luna, Jacqueline",jacqueline.m.luna2.civ@us.navy.mil,NAVWAR OSBP,navwarsbo.fct@navy.mil,,,,,,N65236-23-RFPREQ-LSUBP00021-0015,https://ams.navair.navy.mil/procurement/3CDEEA5D-64F8-4B76-AF0D-5A266FAEDC1B
LRAE Annex 25,289,LIPTM00455-TRSS WORKSTATION REFRESH (C),TRSS WORKSTATION REFRESH,LSUBP00021 - LSUBP00021 - EXPEDITIONARY INTEL SOLUTIONS DIV HEAD - NIWCLANT,< $2M,,TBD,Delivery Order/Task Order,N65236 - NIWCLANT,,,FY23,Q4,,New,,,"Charleston, SC",334111 - Electronic Computer Manufacturing,7E21 - IT AND TELECOM - MOBILE DEVICE PRODUCTS (HARDWARE AND PERPETUAL LICENSE SOFTWARE),"Luna, Jacqueline",jacqueline.m.luna2.civ@us.navy.mil,NAVWAR OSBP,navwarsbo.fct@navy.mil,,,,,,N65236-23-RFPREQ-LSUBP00021-0016,https://ams.navair.navy.mil/procurement/8888B204-81AB-4FD5-A5F1-D85421E4F283
LRAE Annex 25,290,LIPTM00455-MSIDS WORKSTATION REFRESH (C),MSIDS WORKSTATION REFRESH,LSUBP00021 - LSUBP00021 - EXPEDITIONARY INTEL SOLUTIONS DIV HEAD - NIWCLANT,< $2M,TBD,TBD,Delivery Order/Task Order,N65236 - NIWCLANT,,,FY23,Q4,,,,,"Charleston, SC",334111 - Electronic Computer Manufacturing,7E21 - IT AND TELECOM - MOBILE DEVICE PRODUCTS (HARDWARE AND PERPETUAL LICENSE SOFTWARE),"Luna, Jacqueline",jacqueline.m.luna2.civ@us.navy.mil,NAVWAR OSBP,navwarsbo.fct@navy.mil,,,,,,N65236-23-RFPREQ-LSUBP00021-0017,https://ams.navair.navy.mil/procurement/97030EB2-D093-4F72-8D72-3F614131F651
LRAE Annex 25,291,LIPTM00455-MARITIME PROTOTYPES (C),MARITIME PROTOTYPES,LSUBP00021 - LSUBP00021 - EXPEDITIONARY INTEL SOLUTIONS DIV HEAD - NIWCLANT,< $2M,TBD,Fixed-Price,Delivery Order/Task Order,N65236 - NIWCLANT,FY23,Q3,FY23,Q4,,New,,,"Charleston, SC",541519 - Other Computer Related Services,"5865 - ELECTRONIC COUNTERMEASURES, COUNTER-COUNTERMEASURES AND QUICK REACTION CAPABILITY EQUIPMENT","Luna, Jacqueline",jacqueline.m.luna2.civ@us.navy.mil,NAVWAR OSBP,navwarsbo.fct@navy.mil,,,,,,N65236-23-RFPREQ-LSUBP00021-0018,https://ams.navair.navy.mil/procurement/942921DF-04CC-4F35-8729-BC90138A00E9
LRAE Annex 25,292,LIPTM00455-Surveillance Communication Set End User Device (EUD) (C),Surveillance Communication Set End User Device (EUD),LSUBP00021 - LSUBP00021 - EXPEDITIONARY INTEL SOLUTIONS DIV HEAD - NIWCLANT,< $2M,TBD,TBD,Delivery Order/Task Order,N65236 - NIWCLANT,,,FY23,Q4,,,,,"Charleston, SC",TBD - TBD,TBD - TBD,"Luna, Jacqueline",jacqueline.m.luna2.civ@us.navy.mil,NAVWAR OSBP,navwarsbo.fct@navy.mil,,,,,,N65236-23-RFPREQ-LSUBP00021-0020,https://ams.navair.navy.mil/procurement/03A96890-C7A3-463F-810F-2AC7711818CC
LRAE Annex 25,293,Forensics Equipment for USMC Program of Record (POR) (C),"Forensics equipment (chem/explosive detection devices, fingerprint processing equipment)",LSUBP00021 - LSUBP00021 - EXPEDITIONARY INTEL SOLUTIONS DIV HEAD - NIWCLANT,$2M - $7.5M,,TBD,Delivery Order/Task Order,N65236 - NIWCLANT,,,,,,New,,,"Charleston, SC",,TBD - TBD,"Luna, Jacqueline",jacqueline.m.luna2.civ@us.navy.mil,NAVWAR OSBP,navwarsbo.fct@navy.mil,,,,,,N65236-22-RFPREQ-LSUBP00021-0005,https://ams.navair.navy.mil/procurement/6D816A4A-2F6D-4CD9-A330-A66BF6BD304F
LRAE Annex 25,294,LIPTM00455-MARITIME PROTOTYPES (C),MARITIME PROTOTYPES - UNDERWATER SENSORS,LSUBP00021 - LSUBP00021 - EXPEDITIONARY INTEL SOLUTIONS DIV HEAD - NIWCLANT,< $2M,TBD,TBD,Delivery Order/Task Order,N65236 - NIWCLANT,,,FY23,Q4,,,,,"Charleston, SC",TBD - TBD,TBD - TBD,"Luna, Jacqueline",jacqueline.m.luna2.civ@us.navy.mil,NAVWAR OSBP,navwarsbo.fct@navy.mil,,,,,,N65236-23-RFPREQ-LSUBP00021-0026,https://ams.navair.navy.mil/procurement/B8A8676F-8B2C-4683-84F6-FFE9BD7ED1E3
LRAE Annex 25,295,LIPTM00052 Counter Threat Platforms SupportFY23 JPO JLTV Logistics and Engineering Support,N6523618D8014 Logistics and Engineering Support to JPO JLTV prior TO N6523622F0540,LSUBP00007 - LSUBP00007 - LAND SYSTEMS INTEGRATION DIV HEAD - NIWCLANT,No Range Specified,,Cost-Reimbursement,Delivery Order/Task Order,N65236 - NIWCLANT,,,FY23,Q4,,New,,,"Charleston, SC",TBD - TBD,TBD - TBD,"Luna, Jacqueline",jacqueline.m.luna2.civ@us.navy.mil,NAVWAR OSBP,navwarsbo.fct@navy.mil,,,,,,N65236-23-RFPREQ-LSUBP00007-0053,https://ams.navair.navy.mil/procurement/E7EFB618-65E3-42F2-90E7-B90ED52D3502
LRAE Annex 25,296,"LBUSP00030, CORPORATE OPERATIONS, TOTAL FORCE AND LAB MANAGEMENT SUPPORT","Tasking covers support to the Naval Information Warfare Center (NIWC) Total Force Management Awards Program, Manpower Management, and Lab Management Support. Support includes developing and processing awards, processing Billet Identification Numbers (BIN) in the Total Force Manpower Management System (TFMMS), and executing Security Operating Procedures for NIWC Atlantic Restricted Areas.",LBUSP00030 - LBUSP00030 - NL-8.0 - NIWCLANT,< $2M,EDWOSB Set-Aside,Fixed-Price,Delivery Order/Task Order,N65236 - NIWCLANT,,,FY24,Q1,,New,,,"Charleston, SC",TBD - TBD,TBD - TBD,"Luna, Jacqueline",jacqueline.m.luna2.civ@us.navy.mil,NAVWAR OSBP,navwarsbo.fct@navy.mil,,,,,,N65236-23-RFPREQ-LBUSP00030-0024,https://ams.navair.navy.mil/procurement/715A3CDF-54D1-4605-ABF8-16FFE3014D52
LRAE Annex 25,297,LIPTM00346 - Fielded Ground Systems (FGS) and requirement is to purchase BFT MFoCS Cables - Base Year 12 months,"N6523618D-8014,  Mounted Family of Computer Systems (MFoCS) cable procurement is for the JNTV IPT and Navy BFT project (PMW 790 sponsor).  Cables will be utilized to support the NECC with MFoCS fielding and sustainment.",LSUBP00007 - LSUBP00007 - LAND SYSTEMS INTEGRATION DIV HEAD - NIWCLANT,< $2M,,Cost-Reimbursement,Delivery Order/Task Order,N65236 - NIWCLANT,,,FY23,Q3,,New,,,"Charleston, SC",TBD - TBD,TBD - TBD,"Luna, Jacqueline",jacqueline.m.luna2.civ@us.navy.mil,NAVWAR OSBP,navwarsbo.fct@navy.mil,,,,,,N65236-23-RFPREQ-LSUBP00007-0050,https://ams.navair.navy.mil/procurement/8CD9A38B-CE6E-4CD2-8C05-66FF6B3E6C3E
LRAE Annex 25,298,"LBUSP00030, Corporate Operations, Business Process Modeling","N6523620D1002, new task order. This tasking encompasses business process modeling to include facilitating process-related meetings with Subject Matter Experts (SMEs), process analysis, process simulations, development of supporting documentation, and facilitating process-related approvals.",LBUSP00030 - LBUSP00030 - NL-8.0 - NIWCLANT,< $2M,EDWOSB Set-Aside,Cost-Reimbursement,Delivery Order/Task Order,N65236 - NIWCLANT,FY23,Q3,FY23,Q4,,New,,,"Charleston, SC",TBD - TBD,TBD - TBD,"Luna, Jacqueline",jacqueline.m.luna2.civ@us.navy.mil,NAVWAR OSBP,navwarsbo.fct@navy.mil,,,,,,N65236-23-RFPREQ-LBUSP00030-0020,https://ams.navair.navy.mil/procurement/97E53E79-D33A-4B26-86A5-4B6ED9645373
LRAE Annex 25,299,"LIPTM00346, FIELDED GROUND SYSTEMS,USN) Tactical Vehicles FY23 - Vehicle Integration Kit (VIK) Engineering, Procurement, Kitting, and Integration Services","N6523618D8014, Procuring material for A-kits for multiple vehicle platforms, continuing integration for MTVR and LSSV and prototyping and integration of Shuttle Busses",LSUBP00007 - LSUBP00007 - LAND SYSTEMS INTEGRATION DIV HEAD - NIWCLANT,< $2M,,TBD,Delivery Order/Task Order,N65236 - NIWCLANT,,,FY23,Q4,,,,,"Charleston, SC",TBD - TBD,TBD - TBD,"Luna, Jacqueline",jacqueline.m.luna2.civ@us.navy.mil,NAVWAR OSBP,navwarsbo.fct@navy.mil,,,,,,N65236-23-RFPREQ-LSUBP00007-0046,https://ams.navair.navy.mil/procurement/69F141BE-E1FB-4D77-81EF-22E686DF5A55
LRAE Annex 25,300,"LIPTM00455, Marine Corps Warfighting Lab (MCWL) ULTRA SOFTWARE (New)",ULTRA Software Procurement,LSUBP00021 - LSUBP00021 - EXPEDITIONARY INTEL SOLUTIONS DIV HEAD - NIWCLANT,< $2M,Sole-Source,Fixed-Price,Delivery Order/Task Order,N65236 - NIWCLANT,FY23,Q3,FY23,Q4,,New,,,"NORTH CHARLESTON, SC",TBD - TBD,TBD - TBD,"Luna, Jacqueline",jacqueline.m.luna2.civ@us.navy.mil,NAVWAR OSBP,navwarsbo.fct@navy.mil,,,,,,N65236-23-RFPREQ-LSUBP00021-0178,https://ams.navair.navy.mil/procurement/79C63D70-550B-4763-B672-4E5EF6F5CD0B
LRAE Annex 25,301,"LIPTM00455-Terrestrial Collections and Identity Operations (TCIO), Marine Corps Variant (MCV) Fly Away Broadcast System (FABS) Support Procurement & Production-SAC","N65236-18-D-8014, Marine Corps Variant (MCV) Fly Away Broadcast System (FABS) Support Procurement & Production",LSUBP00021 - LSUBP00021 - EXPEDITIONARY INTEL SOLUTIONS DIV HEAD - NIWCLANT,$2M - $7.5M,,Cost-Reimbursement,Delivery Order/Task Order,N65236 - NIWCLANT,FY23,Q3,FY23,Q4,,Follow-on,N6523622F0145,,"Charleston, SC",TBD - TBD,TBD - TBD,"Luna, Jacqueline",jacqueline.m.luna2.civ@us.navy.mil,NAVWAR OSBP,navwarsbo.fct@navy.mil,,,,,,N65236-23-RFPREQ-LSUBP00021-0161,https://ams.navair.navy.mil/procurement/CCE27089-630B-4D86-9155-C3F9A96040FC
LRAE Annex 25,302,FY 23 SDN Communications on the Move (COTM)-SAC,New Funded SAC Task Order again Contract N65236-20-D-8003,LSUBP00004 - LSUBP00004 - EXPEDITIONARY C3 SOLUTIONS DIV HEAD - NIWCLANT,< $2M,,Cost-Reimbursement,Delivery Order/Task Order,N65236 - NIWCLANT,,,FY23,Q3,,New,,,"Charleston, SC",517410 - Satellite Telecommunications,J059 - MAINT/REPAIR/REBUILD OF EQUIPMENT- ELECTRICAL AND ELECTRONIC EQUIPMENT COMPONENTS,"Luna, Jacqueline",jacqueline.m.luna2.civ@us.navy.mil,NAVWAR OSBP,navwarsbo.fct@navy.mil,,,,,,N65236-23-RFPREQ-LSUBP00004-0061,https://ams.navair.navy.mil/procurement/9776FA32-C4A8-4D9A-8521-5166D7D863CE
LRAE Annex 25,303,"LIPTM00458, C4I Acquisition Engineering Integration Service Center, Solidworks software, DoD ESI BPA",SOLIDWORKS SOFTWARE UPGRADE,LSUBP00077 - LSUBP00077 - 4.7 Service Center - NIWCLANT,< $2M,,Fixed-Price,BPA Call,N65236 - NIWCLANT,,,FY23,Q4,,New,,,"Charleston, SC",423430 - Computer and Computer Peripheral Equipment and Software Merchant Wholesalers,7A21 - IT AND TELECOM - BUSINESS APPLICATION SOFTWARE (PERPETUAL LICENSE SOFTWARE),"Luna, Jacqueline",jacqueline.m.luna2.civ@us.navy.mil,NAVWAR OSBP,navwarsbo.fct@navy.mil,,,,,,N65236-23-RFPREQ-LSUBP00077-0002,https://ams.navair.navy.mil/procurement/923E4597-64FC-48F5-A427-6AE1CB47768F
LRAE Annex 25,304,"LIPTM00346, Fielded Ground Systems (FGV), Tactical Imagery Production System Next Generation (TIPS NG) First Article (FA) Design and Production Support","Contract N6523618D8014. Design, systems engineering, integration, testing, logistics, procurement, fabrication, kitting, and technical documentation development services required to produce one (1) TIPS NG FA and 50% Technical Data Package (TDP).",LSUBP00007 - LSUBP00007 - LAND SYSTEMS INTEGRATION DIV HEAD - NIWCLANT,< $2M,,Cost-Reimbursement,Delivery Order/Task Order,N65236 - NIWCLANT,FY23,Q3,FY23,Q3,,New,,,"Charleston, SC","541990 - All Other Professional, Scientific, and Technical Services",R425 - SUPPORT- PROFESSIONAL: ENGINEERING/TECHNICAL,"Luna, Jacqueline",jacqueline.m.luna2.civ@us.navy.mil,NAVWAR OSBP,navwarsbo.fct@navy.mil,,,,,,N65236-23-RFPREQ-LSUBP00007-0036,https://ams.navair.navy.mil/procurement/729A70EC-2579-4FBB-B822-55CEA11E0FAB
LRAE Annex 25,305,"LIPTM00252, BASED LOGISTICS-ORGANIC (PBLO), RACKS SAP",RACKS AND RINGS,LSUBP00093 - LSUBP00093 - 4.7 Competency Division - NIWCLANT,< $2M,Small Business Set-Aside,Fixed-Price,"""C"" Type Contract",N65236 - NIWCLANT,FY23,Q3,FY23,Q3,,New,,,"Washington Navy Yard, DC",334419 - Other Electronic Component Manufacturing,9999 - MISCELLANEOUS ITEMS,"Luna, Jacqueline",jacqueline.m.luna2.civ@us.navy.mil,NAVWAR OSBP,navwarsbo.fct@navy.mil,,,,,,N65236-23-RFPREQ-LSUBP00093-0025,https://ams.navair.navy.mil/procurement/AACA6C82-DDF8-497D-A4B9-BB73D0B4AC8F
LRAE Annex 25,306,Fielded Ground Vehicle (FGV) Integration and Fielding Support (C),"This PID covers the Command, Control, Communications, Computers, Intelligence, Surveillance, and Reconnaissance (C4ISR) Production/Fielding support requirements under the FGV IPT at Naval Information Warfare Center-Atlantic (NIWC-LANT).  The tasking encompasses production-engineering, integration/installation, logistical, and programmatic support required to support C4ISR system fielding and integration on land-based light/medium/heavy tactical vehicle and shelter platforms such as the Mine Resistant Ambush Protected (MRAP), Joint Light Tactical Vehicle (JLTV), Medium Tactical Vehicle Replacement (MTVR) and High Mobility Multi-Purpose Wheeled Vehicle (HMMWV) across multiple Department of Defense (DoD) services at both Continental United States (CONUS) and Outside Continental United States (OCONUS) locations.  Sponsors include, but are not limited to: Naval Facilities Engineering Command (NAVFAC), Navy Expeditionary Combat Command (NECC), Marine Corps Systems Command (MARCORSYSCOM), ARMY Product Director Light Tactical Vehicles (PdD LTV), ARMY Product Manager Assured Precision Navigation and Timing (PdM APNT) and the Air Force Life Cycle Management Center (AFLCMC).",LSUBP00007 - LSUBP00007 - LAND SYSTEMS INTEGRATION DIV HEAD - NIWCLANT,$100M - $250M,,Cost-Reimbursement,Delivery Order/Task Order,N65236 - NIWCLANT,,,FY24,Q2,,New,,,"Charleston, SC",TBD - TBD,R425 - SUPPORT- PROFESSIONAL: ENGINEERING/TECHNICAL,"Luna, Jacqueline",jacqueline.m.luna2.civ@us.navy.mil,NAVWAR OSBP,navwarsbo.fct@navy.mil,,,,,,N65236-23-RFPREQ-LSUBP00007-0011,https://ams.navair.navy.mil/procurement/25F3AE27-AF33-41E7-A346-B38029EA8C2B
LRAE Annex 25,307,LIPTM00164 Green Force Tracking - SeaPort MKT SURVEY (C),"Green Force Tracking Field Services Representative (FSR) and technical support to include training and sustainment services to support fielded devices, network operations and transfer of subject matter expertise.",LSUBP00021 - LSUBP00021 - EXPEDITIONARY INTEL SOLUTIONS DIV HEAD - NIWCLANT,$7.5M - $50M,TBD,Cost-Reimbursement,Delivery Order/Task Order,N65236 - NIWCLANT,FY23,Q4,FY24,Q2,,Follow-on,N6523619F3048,,"NORTH CHARLESTON, SC",541330 - Engineering Services,DA01 - IT and Telecom — Business Application/Application Development Support Services (Labor) Services,"Luna, Jacqueline",jacqueline.m.luna2.civ@us.navy.mil,NAVWAR OSBP,navwarsbo.fct@navy.mil,,,,,,N65236-23-RFPREQ-LSUBP00021-0030,https://ams.navair.navy.mil/procurement/4B97FED4-F696-4F42-9B2C-CC91F21917F5
LRAE Annex 25,308,"LIPTM00455-TCIO, MCWL MLR BATTLELAB, SEWP (C)",MCWL MLR BATTLELAB SERVERS,LSUBP00021 - LSUBP00021 - EXPEDITIONARY INTEL SOLUTIONS DIV HEAD - NIWCLANT,< $2M,TBD,Fixed-Price,Delivery Order/Task Order,N65236 - NIWCLANT,FY23,Q3,FY23,Q3,,New,,,"NORTH CHARLESTON, SC",TBD - TBD,TBD - TBD,"Luna, Jacqueline",jacqueline.m.luna2.civ@us.navy.mil,NAVWAR OSBP,navwarsbo.fct@navy.mil,,,,,,N65236-23-RFPREQ-LSUBP00021-0031,https://ams.navair.navy.mil/procurement/CD88BA41-55AF-4855-965F-79DD89C8DF37
LRAE Annex 25,309,LIPTM00455-FDS-MC PHOTOGRAPHY EQUIPMENT (C),FDS-MC PHOTOGRAPHY EQUIPMENT,LSUBP00021 - LSUBP00021 - EXPEDITIONARY INTEL SOLUTIONS DIV HEAD - NIWCLANT,< $2M,,TBD,Delivery Order/Task Order,N65236 - NIWCLANT,,,FY23,Q3,,New,,,"Charleston, SC",TBD - TBD,TBD - TBD,"Luna, Jacqueline",jacqueline.m.luna2.civ@us.navy.mil,NAVWAR OSBP,navwarsbo.fct@navy.mil,,,,,,N65236-23-RFPREQ-LSUBP00021-0035,https://ams.navair.navy.mil/procurement/2BE10F99-BA04-4BC5-AD7A-30D4BC427665
LRAE Annex 25,310,Printer/Plotter Prototype (C),2 Printer/Plotters Prototype,LSUBP00021 - LSUBP00021 - EXPEDITIONARY INTEL SOLUTIONS DIV HEAD - NIWCLANT,< $2M,Small Business Set-Aside,Fixed-Price,Delivery Order/Task Order,N65236 - NIWCLANT,FY23,Q2,FY23,Q3,,New,,,"Charleston, SC",TBD - TBD,TBD - TBD,"Luna, Jacqueline",jacqueline.m.luna2.civ@us.navy.mil,NAVWAR OSBP,navwarsbo.fct@navy.mil,,,,,,N65236-23-RFPREQ-LSUBP00021-0042,https://ams.navair.navy.mil/procurement/443E3096-950F-4011-98EB-D7AC5E855141
LRAE Annex 25,311,FY23 RDT&E Splunk Annual Renewal (C),FY23 RDT&E Splunk Annual Renewal. This is an ELA so it will be a FPR put in when it is a little closer to the expiration date of the current coverage.,LSUBP00087 - LSUBP00087 - Command Information Officer Division - NIWCLANT,< $2M,,Fixed-Price,BPA Call,N65236 - NIWCLANT,FY23,Q3,FY23,Q4,,New,,,"NORTH CHARLESTON, SC",334111 - Electronic Computer Manufacturing,"7E20 - IT AND TELECOM - END USER: HELP DESK;TIER 1-2, WORKSPACE, PRINT, PRODUCTIVITY TOOL (HW/PERPETUAL SW)","Luna, Jacqueline",jacqueline.m.luna2.civ@us.navy.mil,NAVWAR OSBP,navwarsbo.fct@navy.mil,,,,,,N65236-23-RFPREQ-LSUBP00087-0010,https://ams.navair.navy.mil/procurement/68F712B5-5A80-4915-B085-AD451CFAB8D5
LRAE Annex 25,312,"LIPTM00467, 83200 Facilities, Cafeteria Furniture, GSA (C)",Furniture to replace MWR owned furniture currently in the space. MWR will no longer own and run the cafe and it will become a NIWC breakroom.,LSUBP00083 - LSUBP00083 - 8.0 Competency Division - NIWCLANT,< $2M,,Fixed-Price,Delivery Order/Task Order,N65236 - NIWCLANT,FY23,Q2,FY23,Q3,,New,,,"Charleston, SC",TBD - TBD,7110 - OFFICE FURNITURE,"Luna, Jacqueline",jacqueline.m.luna2.civ@us.navy.mil,NAVWAR OSBP,navwarsbo.fct@navy.mil,,,,,,N65236-23-RFPREQ-LSUBP00083-0042,https://ams.navair.navy.mil/procurement/0F3C845F-1C5C-462F-AB47-BB324F214704
LRAE Annex 25,313,"LIPTM00336, Distributed Common Ground Surface System-MC, CGW Lites, SEWP (C)",Common GEOINT Workstation Laptops,LSUBP00021 - LSUBP00021 - EXPEDITIONARY INTEL SOLUTIONS DIV HEAD - NIWCLANT,< $2M,Full and Open Competition,Fixed-Price,Delivery Order/Task Order,N65236 - NIWCLANT,FY23,Q2,FY23,Q3,,Follow-on,N6523620F0801,,"Charleston, SC",541519 - Other Computer Related Services,7A21 - IT AND TELECOM - BUSINESS APPLICATION SOFTWARE (PERPETUAL LICENSE SOFTWARE),"Luna, Jacqueline",jacqueline.m.luna2.civ@us.navy.mil,NAVWAR OSBP,navwarsbo.fct@navy.mil,,,,,,N65236-23-RFPREQ-LSUBP00021-0072,https://ams.navair.navy.mil/procurement/BA7B88C6-1CDE-4443-A43F-8FFEA42A94E0
LRAE Annex 25,314,"LIPTM00386, CIO, S2IPT, DWBIS, Quest software, SEWP (C)",This procurement is submitted to renew licenses used by Data Warehouse Business Intelligence System (DWBIS). These products are included in the DWBIS Authorization To Operate (ATO).,LSUBP00087 - LSUBP00087 - Command Information Officer Division - NIWCLANT,< $2M,TBD,Fixed-Price,Delivery Order/Task Order,N65236 - NIWCLANT,FY23,Q3,FY23,Q3,,Follow-on,N6523622F0689,,"NORTH CHARLESTON, SC",TBD - TBD,7A21 - IT AND TELECOM - BUSINESS APPLICATION SOFTWARE (PERPETUAL LICENSE SOFTWARE),"Luna, Jacqueline",jacqueline.m.luna2.civ@us.navy.mil,NAVWAR OSBP,navwarsbo.fct@navy.mil,,,,,,N65236-23-RFPREQ-LSUBP00087-0018,https://ams.navair.navy.mil/procurement/910CCD60-1B6E-45E6-9D83-2DD372933ACE
LRAE Annex 25,315,"LIPTM00467, 83300 Security, IPS Containers, GSA (C)","This action is to award a DO to procure IPS Containers. 
Per DoD Lock Program: Orders for IPS containers should be made against GSA Multiple Award Schedule contracts directly from the manufacturer by referencing Federal Specification AA-C-2786A, QPL qualification number QPL-AA-C-2786-4, and the manufacturer's part number (designation or ""Brand Name"" from the QPL). All GSA-approved security container procurement MUST BE accomplished through GSA Global Supply.",LSUBP00083 - LSUBP00083 - 8.0 Competency Division - NIWCLANT,< $2M,TBD,Fixed-Price,Delivery Order/Task Order,N65236 - NIWCLANT,FY23,Q3,FY23,Q3,,New,,,"NORTH CHARLESTON, SC",TBD - TBD,TBD - TBD,"Luna, Jacqueline",jacqueline.m.luna2.civ@us.navy.mil,NAVWAR OSBP,navwarsbo.fct@navy.mil,,,,,,N65236-23-RFPREQ-LSUBP00083-0047,https://ams.navair.navy.mil/procurement/E9F53A91-1035-4273-9AED-18A273FD8E97
LRAE Annex 25,316,"LIPTM00150, Expeditionary Signals Intelligence (SIGINT), SCO/SM HTLx T2 Receivers , NASA SEWP (C)","Receivers
Prior DO/TO #'s N6523620F0657; N6523621F0311; N6523621F0745",LSUBP00021 - LSUBP00021 - EXPEDITIONARY INTEL SOLUTIONS DIV HEAD - NIWCLANT,< $2M,,Fixed-Price,Delivery Order/Task Order,N65236 - NIWCLANT,FY23,Q2,FY23,Q3,,New,,,"Charleston, SC",TBD - TBD,TBD - TBD,"Luna, Jacqueline",jacqueline.m.luna2.civ@us.navy.mil,NAVWAR OSBP,navwarsbo.fct@navy.mil,,,,,,N65236-23-RFPREQ-LSUBP00021-0088,https://ams.navair.navy.mil/procurement/194C1F28-E46D-4568-B744-A10F39B31BDF
LRAE Annex 25,317,"LIPTM00336, Distributed Common Ground Surface System, Palo Alto(2), SEWP (C)",Palo Alto(2)SW,LSUBP00021 - LSUBP00021 - EXPEDITIONARY INTEL SOLUTIONS DIV HEAD - NIWCLANT,< $2M,,Fixed-Price,Delivery Order/Task Order,N65236 - NIWCLANT,FY23,Q2,FY23,Q3,,Follow-on,,,"Charleston, SC",541519 - Other Computer Related Services,7A21 - IT AND TELECOM - BUSINESS APPLICATION SOFTWARE (PERPETUAL LICENSE SOFTWARE),"Luna, Jacqueline",jacqueline.m.luna2.civ@us.navy.mil,NAVWAR OSBP,navwarsbo.fct@navy.mil,,,,,,N65236-23-RFPREQ-LSUBP00021-0095,https://ams.navair.navy.mil/procurement/71E38017-E443-4E15-8787-30920CAD2B08
LRAE Annex 25,318,"LIPTM00455-TERRESTRIAL COLLECTIONS IDENTITY OPS, GPS TRACKER KIT, SEWP (C)","GPS trackers that are able to track via, cellular, satcom, or RF. A SW application will be loaded onto a SW baseline in order to configure, and track the devices on a map.",LSUBP00021 - LSUBP00021 - EXPEDITIONARY INTEL SOLUTIONS DIV HEAD - NIWCLANT,$2M - $7.5M,,Fixed-Price,Delivery Order/Task Order,N65236 - NIWCLANT,FY23,Q3,FY23,Q3,,New,,,"NORTH CHARLESTON, SC",334220 - Radio and Television Broadcasting and Wireless Communications Equipment Manufacturing,"5820 - RADIO AND TELEVISION COMMUNICATION EQUIPMENT, EXCEPT AIRBORNE","Luna, Jacqueline",jacqueline.m.luna2.civ@us.navy.mil,NAVWAR OSBP,navwarsbo.fct@navy.mil,,,,,,N65236-23-RFPREQ-LSUBP00021-0097,https://ams.navair.navy.mil/procurement/627DF6ED-E16F-4F04-A6B2-BDC55810E26F
LRAE Annex 25,319,"LIPTM00150, Expeditionary Signals Intelligence (SIGINT), CESAS II FoS Back-Packable Kits, NASA SEWP (C)","Omni-Directional Antennas, Battery, Cables",LSUBP00021 - LSUBP00021 - EXPEDITIONARY INTEL SOLUTIONS DIV HEAD - NIWCLANT,$2M - $7.5M,,Fixed-Price,Delivery Order/Task Order,N65236 - NIWCLANT,FY23,Q3,FY23,Q3,,New,,,"Charleston, SC",541519 - Other Computer Related Services,"5985 - ANTENNAS, WAVEGUIDES, AND RELATED EQUIPMENT","Luna, Jacqueline",jacqueline.m.luna2.civ@us.navy.mil,NAVWAR OSBP,navwarsbo.fct@navy.mil,,,,,,N65236-23-RFPREQ-LSUBP00021-0102,https://ams.navair.navy.mil/procurement/F626121E-B82F-4DF5-A751-F084940431A2
LRAE Annex 25,320,"LIPTM00455-TERRESTRIAL COLLECTIONS IDENTITY OPS, USSOCOM ATAK PHONES, SEWP (C)",USSOCOM S&T ATAK Enabled Phones,LSUBP00021 - LSUBP00021 - EXPEDITIONARY INTEL SOLUTIONS DIV HEAD - NIWCLANT,< $2M,TBD,TBD,Delivery Order/Task Order,N65236 - NIWCLANT,,,FY23,Q3,,New,,,"NORTH CHARLESTON, SC",TBD - TBD,TBD - TBD,"Luna, Jacqueline",jacqueline.m.luna2.civ@us.navy.mil,NAVWAR OSBP,navwarsbo.fct@navy.mil,,,,,,N65236-23-RFPREQ-LSUBP00021-0106,https://ams.navair.navy.mil/procurement/93A3203B-CDA6-4EAF-8B46-34B5AA9E1CB8
LRAE Annex 25,321,"LSUBP00083, Facilities Cable Plant (C)",New order Facilities Cable Plant,LSUBP00083 - LSUBP00083 - 8.0 Competency Division - NIWCLANT,$2M - $7.5M,Small Business Set-Aside,Fixed-Price,Delivery Order/Task Order,N65236 - NIWCLANT,FY23,Q3,FY24,Q1,,Follow-on,47QTCA20D0069,"GSTEK, INC.","San Diego, CA",517810 - All Other Telecommunications,D - IT AND TELECOM - INFORMATION TECHNOLOGY AND TELECOMMUNICATIONS,"Luna, Jacqueline",jacqueline.m.luna2.civ@us.navy.mil,NAVWAR OSBP,navwarsbo.fct@navy.mil,,,,,,N65236-23-RFPREQ-LSUBP00083-0049,https://ams.navair.navy.mil/procurement/A5E88066-3770-4E6F-B926-AF42062EC35F
LRAE Annex 25,322,"LIPTM00455-TERRESTRIAL COLLECTIONS IDENTITY OPS, IDOPS PROTOTYPE EQUIPMENT, SEWP (C)","TCIO IDOPS Forensics Prototype Equipment - Alternate Light Sources, Chemical Detection Devices, Computers, DOMEX software",LSUBP00021 - LSUBP00021 - EXPEDITIONARY INTEL SOLUTIONS DIV HEAD - NIWCLANT,< $2M,,TBD,Delivery Order/Task Order,N65236 - NIWCLANT,,,FY23,Q4,,New,,,"NORTH CHARLESTON, SC",TBD - TBD,TBD - TBD,"Luna, Jacqueline",jacqueline.m.luna2.civ@us.navy.mil,NAVWAR OSBP,navwarsbo.fct@navy.mil,,,,,,N65236-23-RFPREQ-LSUBP00021-0108,https://ams.navair.navy.mil/procurement/93612FDC-AE8A-4C7D-8A90-5FE2404A38AF
LRAE Annex 25,323,"LIPTM00455-TERRESTRIAL COLLECTIONS IDENTITY OPS, MARITIME RADARS, SEWP (C)",TCIO COMMERCIAL OTS RADAR DEVICES,LSUBP00021 - LSUBP00021 - EXPEDITIONARY INTEL SOLUTIONS DIV HEAD - NIWCLANT,$7.5M - $50M,TBD,TBD,Delivery Order/Task Order,N65236 - NIWCLANT,,,FY23,Q4,,New,,,"NORTH CHARLESTON, SC",TBD - TBD,TBD - TBD,"Luna, Jacqueline",jacqueline.m.luna2.civ@us.navy.mil,NAVWAR OSBP,navwarsbo.fct@navy.mil,,,,,,N65236-23-RFPREQ-LSUBP00021-0109,https://ams.navair.navy.mil/procurement/A63D2516-E28F-42FF-B5ED-011F90996D37
LRAE Annex 25,324,"LIPTM00455-TERRESTRIAL COLLECTIONS IDENTITY OPS, MARITIME USV, SEWP (C)",TCIO Maritime Unmanned Surface Vessel,LSUBP00021 - LSUBP00021 - EXPEDITIONARY INTEL SOLUTIONS DIV HEAD - NIWCLANT,$7.5M - $50M,,TBD,Delivery Order/Task Order,N65236 - NIWCLANT,,,FY23,Q4,,New,,,"NORTH CHARLESTON, SC",TBD - TBD,TBD - TBD,"Luna, Jacqueline",jacqueline.m.luna2.civ@us.navy.mil,NAVWAR OSBP,navwarsbo.fct@navy.mil,,,,,,N65236-23-RFPREQ-LSUBP00021-0110,https://ams.navair.navy.mil/procurement/0B2AFC62-86F1-4170-AD57-7D8CBC0F62CA
LRAE Annex 25,325,"LIPTM00455-TERRESTRIAL COLLECTIONS IDENTITY OPS, MARITIME SENSING DEVICES, SEWP (C)",TCIO MARITIME STATIONARY PASSIVE SENSING DEVICES,LSUBP00021 - LSUBP00021 - EXPEDITIONARY INTEL SOLUTIONS DIV HEAD - NIWCLANT,$2M - $7.5M,,TBD,Delivery Order/Task Order,N65236 - NIWCLANT,,,FY23,Q4,,New,,,"NORTH CHARLESTON, SC",TBD - TBD,TBD - TBD,"Luna, Jacqueline",jacqueline.m.luna2.civ@us.navy.mil,NAVWAR OSBP,navwarsbo.fct@navy.mil,,,,,,N65236-23-RFPREQ-LSUBP00021-0111,https://ams.navair.navy.mil/procurement/034500BB-C012-4025-AA94-B8212E357E6F
LRAE Annex 25,326,"LIPTM00346, Ceiling Increase, PWS changes Fielded Ground Systems (FGS) IPT, Mod, Pop Extension,","N6523618D8014 N6523623F0028 This is a ceiling increase, incremental funding and PoP extension Mod to add delivery of 2 more MCV FAs (total 3 MCVs) and deliver 75% Technical Data Package (TDP) instead of 25% TDP. PWS changes to name of effort from AFATDS to MCV due to customer changing name of end item.",LSUBP00007 - LSUBP00007 - LAND SYSTEMS INTEGRATION DIV HEAD - NIWCLANT,No Range Specified,,Cost-Reimbursement,Single-Award Indefinite-Delivery,N65236 - NIWCLANT,FY23,Q3,FY23,Q3,,,,,"Charleston, SC",335999 - All Other Miscellaneous Electrical Equipment and Component Manufacturing,5999 - MISCELLANEOUS ELECTRICAL AND ELECTRONIC COMPONENTS,"Luna, Jacqueline",jacqueline.m.luna2.civ@us.navy.mil,NAVWAR OSBP,navwarsbo.fct@navy.mil,,,,,,N65236-23-RFPREQ-LSUBP00007-0031,https://ams.navair.navy.mil/procurement/D880A72C-C0EA-465A-9973-AA770E988FD6
LRAE Annex 25,327,EPI DIV PMFM Support,"This PID is for a new task order on the MBAS II, contract # N6523622D8006; this will be a CPFF order with a base + 2 option years.
  The scope of this Task Order is to support the Naval Information Warfare Center Atlantic (NIWC Atlantic) Expeditionary Platforms Integration (EPI) Division in providing effective resources for Business Analytics, Predictive Analysis and Intelligence; Business Financial Management (BFM); and Programmatic and Acquisition Support for operational and business functions for the EPI Division’s Integrated Product Teams (IPTS) and projects.",LSUBP00007 - LSUBP00007 - LAND SYSTEMS INTEGRATION DIV HEAD - NIWCLANT,No Range Specified,,Cost-Reimbursement,Delivery Order/Task Order,N65236 - NIWCLANT,FY23,Q2,FY23,Q3,,New,,,"Charleston, SC",541330 - Engineering Services,R408 - Program Management/Support Services,"Luna, Jacqueline",jacqueline.m.luna2.civ@us.navy.mil,NAVWAR OSBP,navwarsbo.fct@navy.mil,,,,,,N65236-23-RFPREQ-LSUBP00007-0028,https://ams.navair.navy.mil/procurement/7EE8862D-CFFB-4231-8975-03F6F8402FC8
LRAE Annex 25,328,"LIPTM00336, Distributed Common Ground Surface System-MC, Camtasia SW, SEWP",Camtasia Software,LSUBP00021 - LSUBP00021 - EXPEDITIONARY INTEL SOLUTIONS DIV HEAD - NIWCLANT,< $2M,TBD,Fixed-Price,Delivery Order/Task Order,N65236 - NIWCLANT,FY23,Q2,FY23,Q3,,New,,,"Charleston, SC",TBD - TBD,TBD - TBD,"Luna, Jacqueline",jacqueline.m.luna2.civ@us.navy.mil,NAVWAR OSBP,navwarsbo.fct@navy.mil,,,,,,N65236-23-RFPREQ-LSUBP00021-0073,https://ams.navair.navy.mil/procurement/10C9287F-AE56-43E6-9917-B14AD344FAF9
LRAE Annex 25,329,"SOCS IPT, NEW ORDER, N6523620D8003, FY23 SDN-Mv2-Hv2 Upgrade Proc, LIPTM00128","PR: 1301068917
Contract: N6523620D8003. (FY23 Mv2-Hv2 Upgrade Procurement)
Purpose:  New Order 
CLIN 2002: $855,000.00
CLIN 2002: $130,000.00",LSUBP00004 - LSUBP00004 - EXPEDITIONARY C3 SOLUTIONS DIV HEAD - NIWCLANT,< $2M,,Cost-Reimbursement,Delivery Order/Task Order,N65236 - NIWCLANT,,,FY23,Q3,,Follow-on,N6523621F0184,,"Tampa, FL",517410 - Satellite Telecommunications,"H258 - EQUIPMENT AND MATERIALS TESTING- COMMUNICATION, DETECTION, AND COHERENT RADIATION EQUIPMENT","Luna, Jacqueline",jacqueline.m.luna2.civ@us.navy.mil,NAVWAR OSBP,navwarsbo.fct@navy.mil,,,,,,N65236-23-RFPREQ-LSUBP00004-0012,https://ams.navair.navy.mil/procurement/72B13F58-FD3E-4BC6-98F8-31071BD7D024
LRAE Annex 25,330,FY 23 Special Operations Forces (SOF) Deployable Node-LITE (SDN-L) Family of Systems (FoS),New Service Order N65236-20-D-8003,LSUBP00004 - LSUBP00004 - EXPEDITIONARY C3 SOLUTIONS DIV HEAD - NIWCLANT,$2M - $7.5M,,Cost-Reimbursement,Delivery Order/Task Order,N65236 - NIWCLANT,FY23,Q3,FY23,Q3,,New,,,"Charleston, SC",541330 - Engineering Services,J059 - MAINT/REPAIR/REBUILD OF EQUIPMENT- ELECTRICAL AND ELECTRONIC EQUIPMENT COMPONENTS,"Luna, Jacqueline",jacqueline.m.luna2.civ@us.navy.mil,NAVWAR OSBP,navwarsbo.fct@navy.mil,,,,,,N65236-23-RFPREQ-LSUBP00004-0035,https://ams.navair.navy.mil/procurement/930F4726-A472-4AA8-8811-1440718FA442
LRAE Annex 25,331,"LIPTM00455-TERRESTRIAL COLLECTIONS IDENTITY OPS, TCS, MARITIME COMMS (C)",TCIO - MARITIME COMMS/NETWORKS - RADIOS,LSUBP00021 - LSUBP00021 - EXPEDITIONARY INTEL SOLUTIONS DIV HEAD - NIWCLANT,$2M - $7.5M,,TBD,Delivery Order/Task Order,N65236 - NIWCLANT,,,FY23,Q4,,New,,,"NORTH CHARLESTON, SC",TBD - TBD,TBD - TBD,"Luna, Jacqueline",jacqueline.m.luna2.civ@us.navy.mil,NAVWAR OSBP,navwarsbo.fct@navy.mil,,,,,,N65236-23-RFPREQ-LSUBP00021-0112,https://ams.navair.navy.mil/procurement/329D4408-A2D5-4B6C-956D-12C2ECB667D2
LRAE Annex 25,332,"LIPTM00455-TERRESTRIAL COLLECTIONS IDENTITY OPS, CIHEP PROTOTYPE EQUIP, SEWP (C)","TCIO CIHEP PROTOTYPE EQUIPMENT - Servers, End User Devices, Radios, comms architecture, SW licenses, laptops",LSUBP00021 - LSUBP00021 - EXPEDITIONARY INTEL SOLUTIONS DIV HEAD - NIWCLANT,< $2M,,TBD,Delivery Order/Task Order,N65236 - NIWCLANT,,,FY23,Q4,,New,,,"NORTH CHARLESTON, SC",TBD - TBD,TBD - TBD,"Luna, Jacqueline",jacqueline.m.luna2.civ@us.navy.mil,NAVWAR OSBP,navwarsbo.fct@navy.mil,,,,,,N65236-23-RFPREQ-LSUBP00021-0113,https://ams.navair.navy.mil/procurement/40FD1009-3381-4490-A239-3C337DB0A136
LRAE Annex 25,333,"LIPTM00455-TERRESTRIAL COLLECTIONS IDENTITY OPS, CIHEP EOCM, SEWP (C)","TCIO-CIHEP Expeditionary Office Comms Module (EOCM), Servers, Radios, and Surveillance Electronic devices",LSUBP00021 - LSUBP00021 - EXPEDITIONARY INTEL SOLUTIONS DIV HEAD - NIWCLANT,< $2M,,TBD,Delivery Order/Task Order,N65236 - NIWCLANT,,,FY23,Q4,,New,,,"NORTH CHARLESTON, SC",TBD - TBD,TBD - TBD,"Luna, Jacqueline",jacqueline.m.luna2.civ@us.navy.mil,NAVWAR OSBP,navwarsbo.fct@navy.mil,,,,,,N65236-23-RFPREQ-LSUBP00021-0114,https://ams.navair.navy.mil/procurement/13020C8C-1C72-4E61-A240-681378D3892F
LRAE Annex 25,334,"LIPTM00467, 83200 Facilities, B3112 Lab 03 Techbench Furniture, GSA (C)",This action is submitted to procure tech bench furniture for renovation of lab 03 in building 3112.,LSUBP00083 - LSUBP00083 - 8.0 Competency Division - NIWCLANT,< $2M,TBD,Fixed-Price,Delivery Order/Task Order,N65236 - NIWCLANT,FY23,Q3,FY23,Q3,,New,,,"Charleston, SC",TBD - TBD,7110 - OFFICE FURNITURE,"Luna, Jacqueline",jacqueline.m.luna2.civ@us.navy.mil,NAVWAR OSBP,navwarsbo.fct@navy.mil,,,,,,N65236-23-RFPREQ-LSUBP00083-0052,https://ams.navair.navy.mil/procurement/A3B2047E-1F29-4D23-9F01-3455C2216ED0
LRAE Annex 25,335,"LIPTM00455-TCIO, CIHEP, System Refresh IT Equipment, SEWP (C)",Surveillance IT Equipment- frequency/ spectrum analyzers,LSUBP00021 - LSUBP00021 - EXPEDITIONARY INTEL SOLUTIONS DIV HEAD - NIWCLANT,$2M - $7.5M,TBD,Fixed-Price,Delivery Order/Task Order,N65236 - NIWCLANT,FY23,Q3,FY23,Q4,,New,,,"NORTH CHARLESTON, SC",541519 - Other Computer Related Services,TBD - TBD,"Luna, Jacqueline",jacqueline.m.luna2.civ@us.navy.mil,NAVWAR OSBP,navwarsbo.fct@navy.mil,,,,,,N65236-23-RFPREQ-LSUBP00021-0137,https://ams.navair.navy.mil/procurement/764A3AB4-9808-4FC9-B87F-102F72C68419
LRAE Annex 25,336,"LIPTM00150, Expeditionary Signals Intelligence (SIGINT), SCI Comms Mobility Pack (MP), NASA SEWP (C)","Switch/Power Supply, Service Plan, Software, Cables, Router, Power Supply, Antenna Case, Fuse, Laptop Computer, Equipment Case, Rucksack, Power Strip & Network Encryptor",LSUBP00021 - LSUBP00021 - EXPEDITIONARY INTEL SOLUTIONS DIV HEAD - NIWCLANT,$7.5M - $50M,Small Business Set-Aside,Fixed-Price,Delivery Order/Task Order,N65236 - NIWCLANT,FY23,Q3,FY23,Q4,,New,,,"Charleston, SC",541519 - Other Computer Related Services,TBD - TBD,"Luna, Jacqueline",jacqueline.m.luna2.civ@us.navy.mil,NAVWAR OSBP,navwarsbo.fct@navy.mil,,,,,,N65236-23-RFPREQ-LSUBP00021-0138,https://ams.navair.navy.mil/procurement/3007D093-537C-4F58-86DD-FBA93E215C14
LRAE Annex 25,337,"LIPTM00252, BASED LOGISTICS-ORGANIC (PBLO), MATERIALS, SEWP (C)","THERE WILL BE BATTERY ASSEMBLIES, MODULES, MONITORS, INTERFACE UNITS, POWER SUPPLIES, CONTROLLED INTERFACES.  NIWC ATLANTIC CODE 47320 HAS A REQUIREMENT FOR BRAND NAME EQUIPMENT IN SUPPORT OF THE PBLO AT NIWC.  PBLO IS TASKED BY THE NAVY SUPPLY WEAPONS SYSTEMS SUPPORT (NAVSUP WSS) TO MANAGE THE BASELINE INVENTORY.",LSUBP00093 - LSUBP00093 - 4.7 Competency Division - NIWCLANT,< $2M,Small Business Set-Aside,Fixed-Price,Delivery Order/Task Order,N65236 - NIWCLANT,FY23,Q2,FY23,Q3,,New,,,"Washington, DC",334419 - Other Electronic Component Manufacturing,5999 - MISCELLANEOUS ELECTRICAL AND ELECTRONIC COMPONENTS,"Luna, Jacqueline",jacqueline.m.luna2.civ@us.navy.mil,NAVWAR OSBP,navwarsbo.fct@navy.mil,,,,,,N65236-23-RFPREQ-LSUBP00093-0023,https://ams.navair.navy.mil/procurement/525A613F-82D7-4C26-A353-AF79D5D0C0BE
LRAE Annex 25,338,"LIPTM00252, BASED LOGISTICS-ORGANIC (PBLO), MATERIALS, SEWP (C)","THERE WILL BE LAPTOPS, KEYBOARDS, COMPUTER SYSTEMS MEMORY, HDD, SERVERS AND HARDDRIVES.  NIWC ATLANTIC CODE 47320 HAS A REQUIREMENT FOR BRAND NAME EQUIPMENT IN SUPPORT OF THE PERFORMANCE BASED LOGISTICS-ORGANIC (PBLO) PROGRAM AT NIWC.  PBLO IS TASKED BY THE NAVY SUPPLY WEAPONS SYSTEMS SUPPORT (NAVSUP WSS) TO MANAGE THE BASELINE INVENTORY.",LSUBP00093 - LSUBP00093 - 4.7 Competency Division - NIWCLANT,$2M - $7.5M,Small Business Set-Aside,Fixed-Price,Delivery Order/Task Order,N65236 - NIWCLANT,FY23,Q2,FY23,Q3,,New,,,"Washington Navy Yard, DC",334419 - Other Electronic Component Manufacturing,5999 - MISCELLANEOUS ELECTRICAL AND ELECTRONIC COMPONENTS,"Luna, Jacqueline",jacqueline.m.luna2.civ@us.navy.mil,NAVWAR OSBP,navwarsbo.fct@navy.mil,,,,,,N65236-23-RFPREQ-LSUBP00093-0024,https://ams.navair.navy.mil/procurement/97F1FBA9-4CE8-4419-BC78-4CC4CD7CA186
LRAE Annex 25,339,"LIPTM00150, Expeditionary Signals Intelligence (SIGINT), TSCS INCREMENT IV RDT&E, NASA SEWP (C)","Workstation, Software Defined Radios (SDRs), 10GbE Cables, 5G mmWave antennas, Software, Unmanned Aerial Vehicle (UAV), Ground Control Station (GCS), Transport Cases, Tether Wire, and Training",LSUBP00021 - LSUBP00021 - EXPEDITIONARY INTEL SOLUTIONS DIV HEAD - NIWCLANT,< $2M,Small Business Set-Aside,Fixed-Price,Delivery Order/Task Order,N65236 - NIWCLANT,FY23,Q3,FY23,Q4,,New,,,"Charleston, SC",TBD - TBD,TBD - TBD,"Luna, Jacqueline",jacqueline.m.luna2.civ@us.navy.mil,NAVWAR OSBP,navwarsbo.fct@navy.mil,,,,,,N65236-23-RFPREQ-LSUBP00021-0143,https://ams.navair.navy.mil/procurement/BBE86C53-7592-4A2C-85E0-3088CAC7E8AF
LRAE Annex 25,340,LIPTM00252/Performance Based Logistics - Organic (PBLO)/Ships Signal Exploitation Equipment Increment (SSEE INC E)/Panasonic Toughbooks/ SEWP (C),PROCURE 40 PANASONIC TOUGHBOOKS FOR NAVSUP,LSUBP00093 - LSUBP00093 - 4.7 Competency Division - NIWCLANT,< $2M,,Fixed-Price,Delivery Order/Task Order,N65236 - NIWCLANT,FY23,Q3,FY23,Q3,,New,,,"Charleston, SC",541519 - Other Computer Related Services,TBD - TBD,"Luna, Jacqueline",jacqueline.m.luna2.civ@us.navy.mil,NAVWAR OSBP,navwarsbo.fct@navy.mil,,,,,,N65236-23-RFPREQ-LSUBP00093-0026,https://ams.navair.navy.mil/procurement/EFC9C22A-CC7A-46B0-911C-C34EDBD9E58F
LRAE Annex 25,341,"LIPTM00467, 83300 Security, Badge printers, GSA (C)",This action is to award a DO to procure badge printers and ID cards for the security office.,LSUBP00083 - LSUBP00083 - 8.0 Competency Division - NIWCLANT,< $2M,TBD,Fixed-Price,Delivery Order/Task Order,N65236 - NIWCLANT,FY23,Q3,FY23,Q3,,Follow-on,,,"NORTH CHARLESTON, SC",TBD - TBD,TBD - TBD,"Luna, Jacqueline",jacqueline.m.luna2.civ@us.navy.mil,NAVWAR OSBP,navwarsbo.fct@navy.mil,,,,,,N65236-23-RFPREQ-LSUBP00083-0055,https://ams.navair.navy.mil/procurement/7A61A2D4-85C3-48FD-BC94-B1A565B25C29
LRAE Annex 25,342,"LIPTM00386, CIO, S2IPT, ESSO, SecureAuth software, SEWP (C)",This procurement is submitted to renew licenses used by NIWC Atlantic Enterprise Single Sign On (ESSO) system under S2IPT. These products are included in the ESSO Authorization To Operate (ATO).,LSUBP00087 - LSUBP00087 - Command Information Officer Division - NIWCLANT,< $2M,TBD,Fixed-Price,Delivery Order/Task Order,N65236 - NIWCLANT,FY23,Q3,FY23,Q4,,Follow-on,,,"NORTH CHARLESTON, SC",TBD - TBD,7A21 - IT AND TELECOM - BUSINESS APPLICATION SOFTWARE (PERPETUAL LICENSE SOFTWARE),"Luna, Jacqueline",jacqueline.m.luna2.civ@us.navy.mil,NAVWAR OSBP,navwarsbo.fct@navy.mil,,,,,,N65236-23-RFPREQ-LSUBP00087-0024,https://ams.navair.navy.mil/procurement/E12336AC-8DB8-4E39-93B5-B156F0CBB2B1
LRAE Annex 25,343,LIPTM00460 FY23 RDT&E  CISCO Catalyst 9300 ESI (C),"FY23 RDT&E CISCO PN C9300-48T-A Catalyst 9300 48-port data only, Network Advantage 8 EACH",LSUBP00087 - LSUBP00087 - Command Information Officer Division - NIWCLANT,< $2M,,Fixed-Price,Delivery Order/Task Order,N65236 - NIWCLANT,FY23,Q3,FY23,Q4,,New,,,"NORTH CHARLESTON, SC",334111 - Electronic Computer Manufacturing,"7E20 - IT AND TELECOM - END USER: HELP DESK;TIER 1-2, WORKSPACE, PRINT, PRODUCTIVITY TOOL (HW/PERPETUAL SW)","Luna, Jacqueline",jacqueline.m.luna2.civ@us.navy.mil,NAVWAR OSBP,navwarsbo.fct@navy.mil,,,,,,N65236-23-RFPREQ-LSUBP00087-0025,https://ams.navair.navy.mil/procurement/C78F3E9A-C339-4CCA-AD01-3EB62D456C27
LRAE Annex 25,344,"LIPTM00455,Terrestrial Collection Identity OPS (TCIO),SIGMAN Spectrum Guard Patrol Software, NASA SEWP (C)",Software,LSUBP00021 - LSUBP00021 - EXPEDITIONARY INTEL SOLUTIONS DIV HEAD - NIWCLANT,< $2M,TBD,Fixed-Price,Delivery Order/Task Order,N65236 - NIWCLANT,FY23,Q3,FY23,Q4,,New,,,"Charleston, SC",TBD - TBD,TBD - TBD,"Luna, Jacqueline",jacqueline.m.luna2.civ@us.navy.mil,NAVWAR OSBP,navwarsbo.fct@navy.mil,,,,,,N65236-23-RFPREQ-LSUBP00021-0154,https://ams.navair.navy.mil/procurement/8B6F2D38-80D7-4D4E-9C94-CB685A9A6E3C
LRAE Annex 25,345,LIPTM00460 Telephony Palo Alto Annual Renewal ESI BPA (SEWP) (C),FY23 Telephony Palo Alto Annual Renewal ESI BPA (SEWP),LSUBP00087 - LSUBP00087 - Command Information Officer Division - NIWCLANT,< $2M,,Fixed-Price,Delivery Order/Task Order,N65236 - NIWCLANT,FY23,Q3,FY23,Q4,,New,,,"NORTH CHARLESTON, SC",334111 - Electronic Computer Manufacturing,TBD - TBD,"Luna, Jacqueline",jacqueline.m.luna2.civ@us.navy.mil,NAVWAR OSBP,navwarsbo.fct@navy.mil,,,,,,N65236-23-RFPREQ-LSUBP00087-0027,https://ams.navair.navy.mil/procurement/F988ADBE-8145-4730-B97D-14BC852B2A11
LRAE Annex 25,346,LIPTM00252-BASED LOGISTICS-ORGANIC (PBLO)-SWRI Antennas/SEWP (C),"Purchase of Brand Name Antenna Assembly's from SWRI, Southwest Research Institute, Inc.",LSUBP00093 - LSUBP00093 - 4.7 Competency Division - NIWCLANT,< $2M,,Fixed-Price,Delivery Order/Task Order,N65236 - NIWCLANT,FY23,Q3,FY23,Q4,,New,,,"Charleston, SC",334419 - Other Electronic Component Manufacturing,"5985 - ANTENNAS, WAVEGUIDES, AND RELATED EQUIPMENT","Luna, Jacqueline",jacqueline.m.luna2.civ@us.navy.mil,NAVWAR OSBP,navwarsbo.fct@navy.mil,,,,,,N65236-23-RFPREQ-LSUBP00093-0028,https://ams.navair.navy.mil/procurement/FCE63BF7-66C2-4652-8429-876ED91AE97B
LRAE Annex 25,347,LIPTM00128-SOCS-Satellite Antenna Spare Components-SEWP (C),Equipment is required as spares for life cycle sustainment of inventory control points and for maintaining fielded satellite antenna systems.,LSUBP00004 - LSUBP00004 - EXPEDITIONARY C3 SOLUTIONS DIV HEAD - NIWCLANT,< $2M,,Fixed-Price,Delivery Order/Task Order,N65236 - NIWCLANT,FY23,Q3,FY23,Q4,,New,,,"Tampa, FL",517410 - Satellite Telecommunications,"5985 - ANTENNAS, WAVEGUIDES, AND RELATED EQUIPMENT","Luna, Jacqueline",jacqueline.m.luna2.civ@us.navy.mil,NAVWAR OSBP,navwarsbo.fct@navy.mil,,,,,,N65236-23-RFPREQ-LSUBP00004-0065,https://ams.navair.navy.mil/procurement/77ED4FFD-AA3A-4BB1-85BE-CD62565D5B79
LRAE Annex 25,348,"LIPTM00150, Expeditionary Signals Intelligence (SIGINT), TCAC FY23 RDTE, NASA SEWP (C)","Server, Power Supply, Laptop",LSUBP00021 - LSUBP00021 - EXPEDITIONARY INTEL SOLUTIONS DIV HEAD - NIWCLANT,$2M - $7.5M,Small Business Set-Aside,Fixed-Price,Delivery Order/Task Order,N65236 - NIWCLANT,FY23,Q3,FY23,Q3,,New,,,"Charleston, SC",541519 - Other Computer Related Services,TBD - TBD,"Luna, Jacqueline",jacqueline.m.luna2.civ@us.navy.mil,NAVWAR OSBP,navwarsbo.fct@navy.mil,,,,,,N65236-23-RFPREQ-LSUBP00021-0164,https://ams.navair.navy.mil/procurement/DAD283CB-41CA-4BD8-9E9D-68B655B80BE5
LRAE Annex 25,349,"LIPTM00150, Expeditionary Signals Intelligence (SIGINT), CESAS ANSYS Renewal, GSA (C)",Software Renewal,LSUBP00021 - LSUBP00021 - EXPEDITIONARY INTEL SOLUTIONS DIV HEAD - NIWCLANT,< $2M,TBD,Fixed-Price,Delivery Order/Task Order,N65236 - NIWCLANT,FY23,Q3,FY23,Q4,,New,,,"Charleston, SC",TBD - TBD,TBD - TBD,"Luna, Jacqueline",jacqueline.m.luna2.civ@us.navy.mil,NAVWAR OSBP,navwarsbo.fct@navy.mil,,,,,,N65236-23-RFPREQ-LSUBP00021-0184,https://ams.navair.navy.mil/procurement/E0314019-C106-4ECE-BFAC-30C1B5A52627
LRAE Annex 25,350,LIPTM00460 FY23 RDT&E  Docker Business GSA (C),FY23 RDT&E  Docker Business DOCKER-BUSINESS: Docker Business Annual GSA 100 EACH,LSUBP00087 - LSUBP00087 - Command Information Officer Division - NIWCLANT,< $2M,,Fixed-Price,Delivery Order/Task Order,N65236 - NIWCLANT,FY23,Q3,FY23,Q4,,New,,,"NORTH CHARLESTON, SC",334111 - Electronic Computer Manufacturing,"7E20 - IT AND TELECOM - END USER: HELP DESK;TIER 1-2, WORKSPACE, PRINT, PRODUCTIVITY TOOL (HW/PERPETUAL SW)","Luna, Jacqueline",jacqueline.m.luna2.civ@us.navy.mil,NAVWAR OSBP,navwarsbo.fct@navy.mil,,,,,,N65236-23-RFPREQ-LSUBP00087-0028,https://ams.navair.navy.mil/procurement/EB95374C-A0C9-4A90-983F-D089640329D8
LRAE Annex 25,351,"LIPTM00455,Terrestrial Collection Identity OPS (TCIO),SIGMAN  INC I, NASA SEWP (C)","Adapters, HDDs, Power Supplies, Cables, Batteries, Bags, Tripod Extensions, Storage Containers",LSUBP00021 - LSUBP00021 - EXPEDITIONARY INTEL SOLUTIONS DIV HEAD - NIWCLANT,< $2M,TBD,Fixed-Price,Delivery Order/Task Order,N65236 - NIWCLANT,FY23,Q3,FY23,Q4,,New,,,"Charleston, SC",541519 - Other Computer Related Services,7A21 - IT AND TELECOM - BUSINESS APPLICATION SOFTWARE (PERPETUAL LICENSE SOFTWARE),"Luna, Jacqueline",jacqueline.m.luna2.civ@us.navy.mil,NAVWAR OSBP,navwarsbo.fct@navy.mil,,,,,,N65236-23-RFPREQ-LSUBP00021-0187,https://ams.navair.navy.mil/procurement/13B0A286-DF80-42C1-9B75-1CF96B3BD6BA
LRAE Annex 25,352,"LIPTM00455, Marine Corps Warfighting Lab (MCWL), MICROSOFT, ELA (C)",MICROSOFT Procurement,LSUBP00021 - LSUBP00021 - EXPEDITIONARY INTEL SOLUTIONS DIV HEAD - NIWCLANT,< $2M,,Fixed-Price,Delivery Order/Task Order,N65236 - NIWCLANT,,,FY23,Q4,,New,,,"Charleston, SC",TBD - TBD,TBD - TBD,"Luna, Jacqueline",jacqueline.m.luna2.civ@us.navy.mil,NAVWAR OSBP,navwarsbo.fct@navy.mil,,,,,,N65236-23-RFPREQ-LSUBP00021-0201,https://ams.navair.navy.mil/procurement/23CFF788-A0F0-4D80-BE27-CC09DAFE7DE7
LRAE Annex 25,353,"LIPTM00455, Marine Corps Warfighting Lab (MCWL), VMWARE SOFTWARE, ELA (C)",VMWARE Software Procurement,LSUBP00021 - LSUBP00021 - EXPEDITIONARY INTEL SOLUTIONS DIV HEAD - NIWCLANT,< $2M,,Fixed-Price,Delivery Order/Task Order,N65236 - NIWCLANT,FY23,Q3,FY23,Q4,,New,,,"Charleston, SC",TBD - TBD,TBD - TBD,"Luna, Jacqueline",jacqueline.m.luna2.civ@us.navy.mil,NAVWAR OSBP,navwarsbo.fct@navy.mil,,,,,,N65236-23-RFPREQ-LSUBP00021-0180,https://ams.navair.navy.mil/procurement/5FFBE9DF-CE5D-4AFC-AC6A-AA521CC15961
LRAE Annex 25,354,"LIPTM00461, 5.9 Service Center, Computer equipment, SEWP (C)","The 5.9 Service Center requires the computer equipment to continue their mission conducting and delivering training.

Note: This PID is part of the Workflow Pilot - Documents will be located in the Documents tab of AMS - not in the Collaboration site. This PID was used for testing, please use the latest workflow approval to download the documents.",LSUBP00080 - LSUBP00080 - 5.9 Service Center - NIWCLANT,< $2M,TBD,Fixed-Price,Delivery Order/Task Order,N65236 - NIWCLANT,FY23,Q3,FY23,Q4,,New,,,"NORTH CHARLESTON, SC",TBD - TBD,TBD - TBD,"Luna, Jacqueline",jacqueline.m.luna2.civ@us.navy.mil,NAVWAR OSBP,navwarsbo.fct@navy.mil,,,,,,N65236-23-RFPREQ-LSUBP00080-0005,https://ams.navair.navy.mil/procurement/FDE92B0B-20C9-46AF-BFCF-FD5502FE2DE7
LRAE Annex 25,355,"LIPTM00336, DCGS-MC, Ansys, GSA (C)",Ansys Software License Renewal,LSUBP00021 - LSUBP00021 - EXPEDITIONARY INTEL SOLUTIONS DIV HEAD - NIWCLANT,< $2M,,Fixed-Price,Delivery Order/Task Order,N65236 - NIWCLANT,FY23,Q3,FY23,Q4,,New,,,"Charleston, SC",TBD - TBD,TBD - TBD,"Luna, Jacqueline",jacqueline.m.luna2.civ@us.navy.mil,NAVWAR OSBP,navwarsbo.fct@navy.mil,,,,,,N65236-23-RFPREQ-LSUBP00021-0172,https://ams.navair.navy.mil/procurement/1C2C45B4-A01B-42AD-8837-E8F2D0EE6644
LRAE Annex 25,356,"LIPTM00150, Expeditionary Signals Intelligence (SIGINT), TSCS/TCAC SCEPTRE Annual Support and Maintenance, NASA SEWP (C)",SCEPTRE PRO EL Annual software support and maintenance and SCEPTRE OL EL Annual software support and maintenance,LSUBP00021 - LSUBP00021 - EXPEDITIONARY INTEL SOLUTIONS DIV HEAD - NIWCLANT,< $2M,TBD,Fixed-Price,Delivery Order/Task Order,N65236 - NIWCLANT,FY23,Q3,FY23,Q4,,New,,,"Charleston, SC",TBD - TBD,TBD - TBD,"Luna, Jacqueline",jacqueline.m.luna2.civ@us.navy.mil,NAVWAR OSBP,navwarsbo.fct@navy.mil,,,,,,N65236-23-RFPREQ-LSUBP00021-0195,https://ams.navair.navy.mil/procurement/569B7175-DDAB-4C2C-9290-15F190F4A2F8
LRAE Annex 25,357,LIPTM00128-SOCSDN_LAB MATERIAL_SEWP (C),Purchasing material to upgrade and replace existing lab material.,LSUBP00004 - LSUBP00004 - EXPEDITIONARY C3 SOLUTIONS DIV HEAD - NIWCLANT,< $2M,,Fixed-Price,Delivery Order/Task Order,N65236 - NIWCLANT,FY23,Q3,FY23,Q4,,New,,,"Tampa, FL",423430 - Computer and Computer Peripheral Equipment and Software Merchant Wholesalers,7C20 - IT AND TELECOM - DATA CENTER PRODUCTS (HARDWARE AND PERPETUAL LICENSE SOFTWARE),"Luna, Jacqueline",jacqueline.m.luna2.civ@us.navy.mil,NAVWAR OSBP,navwarsbo.fct@navy.mil,,,,,,N65236-23-RFPREQ-LSUBP00004-0076,https://ams.navair.navy.mil/procurement/A67D984D-B10C-4D2D-9D44-C4CC2015A382
LRAE Annex 25,358,LIPTM00128_SDN Wireless Testing Material_SEWP (C),Purchase of Aruba Network Management Appliance and Wireless Access Point with Starlink cables needed to connect Aruba components to existing Starlink Antennas.,LSUBP00004 - LSUBP00004 - EXPEDITIONARY C3 SOLUTIONS DIV HEAD - NIWCLANT,< $2M,,Fixed-Price,Delivery Order/Task Order,N65236 - NIWCLANT,FY23,Q3,FY23,Q4,,New,,,"San Diego, CA",517410 - Satellite Telecommunications,"7G22 - IT AND TELECOM - NETWORK: SATELLITE AND RF COMMUNICATIONS PRODUCTS (HW, PERPETUAL LICENSE SOFTWARE)","Luna, Jacqueline",jacqueline.m.luna2.civ@us.navy.mil,NAVWAR OSBP,navwarsbo.fct@navy.mil,,,,,,N65236-23-RFPREQ-LSUBP00004-0079,https://ams.navair.navy.mil/procurement/48A13C60-E321-4450-8480-162FDCBBD70E
LRAE Annex 25,359,"LIPTM00336, DCGS-MC, Test Assets, SEWP (C)",Test Assets for GEOINT,LSUBP00021 - LSUBP00021 - EXPEDITIONARY INTEL SOLUTIONS DIV HEAD - NIWCLANT,< $2M,TBD,Fixed-Price,Delivery Order/Task Order,N65236 - NIWCLANT,FY23,Q3,FY23,Q4,,New,,,"Charleston, SC",TBD - TBD,TBD - TBD,"Luna, Jacqueline",jacqueline.m.luna2.civ@us.navy.mil,NAVWAR OSBP,navwarsbo.fct@navy.mil,,,,,,N65236-23-RFPREQ-LSUBP00021-0199,https://ams.navair.navy.mil/procurement/5C3348DF-DA82-4967-AE5B-263AA625797F
LRAE Annex 25,360,"LIPTM00336, DCGS-MC, ADOBE, SEWP (C)","Adobe Software Renewal, base + 2 option years",LSUBP00021 - LSUBP00021 - EXPEDITIONARY INTEL SOLUTIONS DIV HEAD - NIWCLANT,< $2M,,Fixed-Price,Delivery Order/Task Order,N65236 - NIWCLANT,FY23,Q3,FY23,Q4,,New,,,"Charleston, SC",TBD - TBD,7A21 - IT AND TELECOM - BUSINESS APPLICATION SOFTWARE (PERPETUAL LICENSE SOFTWARE),"Luna, Jacqueline",jacqueline.m.luna2.civ@us.navy.mil,NAVWAR OSBP,navwarsbo.fct@navy.mil,,,,,,N65236-23-RFPREQ-LSUBP00021-0191,https://ams.navair.navy.mil/procurement/7ED40127-F0C3-4AFB-9266-DAD7E7147B43
LRAE Annex 25,361,LIPTM00455 TCS Optics Kit (C),TCS Optics Kit,LSUBP00021 - LSUBP00021 - EXPEDITIONARY INTEL SOLUTIONS DIV HEAD - NIWCLANT,$7.5M - $50M,,TBD,TBD,N65236 - NIWCLANT,,,FY23,Q4,,,,,"Charleston, SC",TBD - TBD,TBD - TBD,"Luna, Jacqueline",jacqueline.m.luna2.civ@us.navy.mil,NAVWAR OSBP,navwarsbo.fct@navy.mil,,,,,,N65236-23-RFPREQ-LSUBP00021-0192,https://ams.navair.navy.mil/procurement/F2496D66-C129-4445-858C-9F8B1BC3D7A0
LRAE Annex 25,362,"LIPTM00455, TCS UGS Kit (C)",VMWare Software Procurement,LSUBP00021 - LSUBP00021 - EXPEDITIONARY INTEL SOLUTIONS DIV HEAD - NIWCLANT,$7.5M - $50M,,TBD,TBD,N65236 - NIWCLANT,,,FY23,Q4,,,,,"Charleston, SC",TBD - TBD,TBD - TBD,"Luna, Jacqueline",jacqueline.m.luna2.civ@us.navy.mil,NAVWAR OSBP,navwarsbo.fct@navy.mil,,,,,,N65236-23-RFPREQ-LSUBP00021-0193,https://ams.navair.navy.mil/procurement/33795C90-3037-4DA8-BFF6-562DD2359B41
LRAE Annex 25,363,"LIPTM00455, TCS GRCS Kit (C)",TCS GRCS Kit,LSUBP00021 - LSUBP00021 - EXPEDITIONARY INTEL SOLUTIONS DIV HEAD - NIWCLANT,$7.5M - $50M,TBD,TBD,TBD,N65236 - NIWCLANT,,,FY23,Q4,,,,,"Charleston, SC",TBD - TBD,TBD - TBD,"Luna, Jacqueline",jacqueline.m.luna2.civ@us.navy.mil,NAVWAR OSBP,navwarsbo.fct@navy.mil,,,,,,N65236-23-RFPREQ-LSUBP00021-0194,https://ams.navair.navy.mil/procurement/15D2C2F6-11E4-4437-9151-2B85C70E07BA
LRAE Annex 25,364,"LIPTM00439, CRYPTO AND KM IPT, CRYPTO HNF BACKPLANES, CMS MAC","CRYPTO HNF BACKPLANES, FOE to UEC under CMS MAC (18-D-3007)",LSUBP00024 - LSUBP00024 - IA AND NAVY CYBER SECURITY DIV HEAD - NIWCLANT,< $2M,,Fixed-Price,Delivery Order/Task Order,N65236 - NIWCLANT,FY23,Q3,FY23,Q4,,Follow-on,N6523622V7513,"UEC ELECTRONICS, LLC","NORTH CHARLESTON, SC",335999 - All Other Miscellaneous Electrical Equipment and Component Manufacturing,7J20 - IT AND TELECOM - SECURITY AND COMPLIANCE PRODUCTS (HARDWARE AND PERPETUAL LICENSE SOFTWARE),"MANER, JUSTIN",justin.t.maner.civ@us.navy.mil,NAVWAR OSBP,navwarsbo.fct@navy.mil,,,,,,N65236-23-RFPREQ-LSUBP00024-0016,https://ams.navair.navy.mil/procurement/92531BA8-1380-459F-B01C-CB026FA22960
LRAE Annex 25,365,LIPTM00156 - DCGS-N-JTT Material Kits - CAEI Base + 1 Option,"N6523618D8014, Procure JTT Material Kits",LSUBP00022 - LSUBP00022 - BATTLE SPACE AWARENESS DIV HEAD - NIWCLANT,No Range Specified,,Cost-Reimbursement,Delivery Order/Task Order,N65236 - NIWCLANT,FY23,Q3,FY23,Q4,,New,,,"Charleston, SC",334118 - Computer Terminal and Other Computer Peripheral Equipment Manufacturing,R425 - SUPPORT- PROFESSIONAL: ENGINEERING/TECHNICAL,"MANER, JUSTIN",justin.t.maner.civ@us.navy.mil,NAVWAR OSBP,navwarsbo.fct@navy.mil,,,,,,N65236-23-RFPREQ-LSUBP00022-0001,https://ams.navair.navy.mil/procurement/3744A64F-4EB7-4B2D-9D2B-3B99278EA183
LRAE Annex 25,366,"LIPTM00444, TACNET Dep IPT, CANES POWER STRIPS, SEWP (C)",Power strips for various ships. Market research completed. Material p,LSUBP00063 - LSUBP00063 - NAVY AFLOAT NETWORK DIV HEAD - NIWCLANT,< $2M,TBD,Fixed-Price,Delivery Order/Task Order,N65236 - NIWCLANT,FY23,Q3,FY23,Q4,,New,,,"Norfolk, VA",TBD - TBD,6150 - MISCELLANEOUS ELECTRIC POWER AND DISTRIBUTION EQUIPMENT,"MANER, JUSTIN",justin.t.maner.civ@us.navy.mil,NAVWAR OSBP,navwarsbo.fct@navy.mil,,,,,,N65236-23-RFPREQ-LSUBP00063-0049,https://ams.navair.navy.mil/procurement/231660FC-F8C2-461C-9B44-E9C4C4545A9D
LRAE Annex 25,367,LIPTM00229 - IUSS IPT - 300-23-930 - EDI-B Equipment (WISEMAN)-SEWP (C),EDI-B Equipment for Brandon Wiseman,LSUBP00022 - LSUBP00022 - BATTLE SPACE AWARENESS DIV HEAD - NIWCLANT,< $2M,TBD,Fixed-Price,Delivery Order/Task Order,N65236 - NIWCLANT,FY23,Q3,FY23,Q4,,New,,,"Virginia Beach, VA",332510 - Hardware Manufacturing,7G20 - IT AND TELECOM - NETWORK: ANALOG VOICE PRODUCTS (HARDWARE AND PERPETUAL LICENSE SOFTWARE),"MANER, JUSTIN",justin.t.maner.civ@us.navy.mil,NAVWAR OSBP,navwarsbo.fct@navy.mil,,,,,,N65236-23-RFPREQ-LSUBP00022-0103,https://ams.navair.navy.mil/procurement/090C4AB6-ED8A-4D26-AD15-FFFA46383B35
LRAE Annex 25,368,LIPTM00149 - ASE - SSEE MODS Mission Module Spares - ASE-23-041 - SEWP (C),Procure SSEE MODS Mission Module Spares,LSUBP00022 - LSUBP00022 - BATTLE SPACE AWARENESS DIV HEAD - NIWCLANT,< $2M,TBD,Fixed-Price,Delivery Order/Task Order,N65236 - NIWCLANT,FY23,Q3,FY23,Q4,,New,,,"NORTH CHARLESTON, SC",423690 - Other Electronic Parts and Equipment Merchant Wholesalers,7K20 - IT AND TELECOM - STORAGE PRODUCTS (HARDWARE AND PERPETUAL LICENSE SOFTWARE),"MANER, JUSTIN",justin.t.maner.civ@us.navy.mil,NAVWAR OSBP,navwarsbo.fct@navy.mil,,,,,,N65236-23-RFPREQ-LSUBP00022-0108,https://ams.navair.navy.mil/procurement/80A74E6A-BB66-4CC1-AE98-88866CB3938A
LRAE Annex 25,369,NAVWAR 6.0/5.0/FRD Professional Support Services (PSS) (C),"The objective of this TO is to procure a broad range of professional support services for requiring organizations across NAVWAR, to include the following:

a)	Program Management Support;
b)	Acquisition Management Support;
c)	Administrative Support;
d)	Contract Management Support;
e)	Installation Management Support;
f)	Information Systems Analysis Support;
g)	Cybersecurity Engineering Support;
h)	Systems Engineering Support; and
i)	Foreign Military Sales Program Support.",6.0 - 6.0 - NAVWAR,$100M - $250M,SDVOSB Set-Aside,Cost-Reimbursement,TBD,N00039 - NAVWAR,FY23,Q3,FY23,Q4,,Follow-on,N0003919F3000,,"San Diego, CA",541330 - Engineering Services,R408 - Program Management/Support Services,"Mccoy, Jeffrey",jeffrey.mccoy@navy.mil,NAVWAR OSBP,navwarsbo.fct@navy.mil,,,,,,N00039-23-RFPREQ-6.0-0001,https://ams.navair.navy.mil/procurement/590F97B4-D4B7-44F0-A187-491FBEC9F3EE
LRAE Annex 25,370,NAVWAR 1.6  COST ESTIMATING AND ANALYSIS SUPPORT (C),"The objective of this Task Order is to procure Cost Estimating and Analysis Support Services, which includes Program Life Cycle cost Estimating (PLCCE), Earned Value Management (EVM), and Cost Analysis Requirements Description (CARD) support for NAVWAR Headquarters and affiliated PEOs. Analyses span all phases of the life cycle (i.e., Material Solution Analysis (MSA), Technology Demonstration, Engineering and Manufacturing Development, Production and Deployment, and Operations and Support) and require familiarity with cost estimating, techniques, data, and methods needed to perform the work. This support includes tasks such as planning, selecting estimating methodologies, collecting and analyzing data, normalizing the data, forming the estimate, and building cost models using relationships that have been statistically derived. 
The Contractor shall be familiar with cost estimating, techniques, data, and methods needed to perform the work, and will employ qualitative and analytical skills to establish, understand, and maintain the technical baseline in the cost model. This support will include tasks such as planning, selecting estimating methodologies, collecting and analyzing data, normalizing the data, forming the estimate, and building cost models using relationships that have been statistically derived. These relationships may be based on size, weight, performance, or other technological characteristics of a system and are documented so that they can be evaluated and explained as to how they influence the cost estimate.
This support will include, but is not limited to, defending and documenting all cost analyses such as the development of time-phased PLCCEs, Section C of the Program’s Acquisition Program Baselines (APBs); independent cost evaluations and assessments such as Business Case Analyses (BCAs), Economic Analyses, and Analysis of Alternatives (AoAs); cost risk/uncertainty analyses, trend analyses, variance analyses, and sensitivity analyses; Program Objective Memorandum/Program Review (POM/PR) budget submissions, support to a program milestone decision or decision reviews and gate reviews, development of acquisition strategies and other acquisition-related documentation normally required for major decision-making events; development of cost databases, cost estimating relationships (CERs) or cost factors; Cost as an Independent Variable (CAIV) analyses; Integrated Program Management (IPM) analyses or other unique cost reporting for major Acquisition Category (ACAT) Programs. All cost estimating, analysis, and IPM support will be performed following current NAVWAR 1.6 Cost Review Board (CRB) and IPM Processes.",1.0 - 1.0 - NAVWAR,No Range Specified,,Cost-Reimbursement,TBD,N00039 - NAVWAR,FY23,Q2,FY23,Q4,,Follow-on,N0003918F3004,,"San Diego, CA",541330 - Engineering Services,R710 - SUPPORT- MANAGEMENT: FINANCIAL,"Mccoy, Jeffrey",jeffrey.mccoy@navy.mil,NAVWAR OSBP,navwarsbo.fct@navy.mil,,,,,,N00039-23-RFPREQ-1.0-0001,https://ams.navair.navy.mil/procurement/8D587CA2-2EB1-4F32-BFB5-E083A4C2E3B9
LRAE Annex 25,371,RMF Assessment Support Services (C),"This task provides a full spectrum of analysis and support to NAVWAR 5.0 Chief Engineer in the accomplishments of duties and activities as the Navy Security Control Assessor (SCA) and the NAVWAR Functional Security Control Assessor (FSCA) for the Risk Management Framework (RMF) in accordance with DODI 8510.01, 19 July 2022 and DODI 8500.01, 07 October 2019.",5.0 - 5.0 - NAVWAR,$7.5M - $50M,Small Business Set-Aside,Cost-Reimbursement,Delivery Order/Task Order,N00039 - NAVWAR,FY23,Q3,FY24,Q2,,Follow-on,N0003921F3006,,"San Diego, CA",541330 - Engineering Services,DJ01 - IT AND TELECOM - SECURITY AND COMPLIANCE SUPPORT SERVICES (LABOR),"Mccoy, Jeffrey",jeffrey.mccoy@navy.mil,NAVWAR OSBP,navwarsbo.fct@navy.mil,,,,,,N00039-22-RFPREQ-5.0-0006,https://ams.navair.navy.mil/procurement/7C2D31A3-33A8-427A-94AE-18EAC5FF4CEC
LRAE Annex 25,372,Kros-Wise Follow on (C),Support Services,8.0 - 8.0 - NAVWAR,$2M - $7.5M,TBD,TBD,TBD,N00039 - NAVWAR,,,FY24,Q4,,,,,"San Diego, CA",561210 - Facilities Support Services,R408 - Program Management/Support Services,"Mccoy, Jeffrey",jeffrey.mccoy@navy.mil,NAVWAR OSBP,navwarsbo.fct@navy.mil,,,,,,N00039-23-RFPREQ-8.0-0029,https://ams.navair.navy.mil/procurement/3DA7E0D3-1390-4776-BC84-E33145146E6B
LRAE Annex 25,373,INDUS Follow on (C),Support Services,8.0 - 8.0 - NAVWAR,$2M - $7.5M,TBD,TBD,TBD,N00039 - NAVWAR,,,FY28,Q2,,,,,"San Diego, CA",561210 - Facilities Support Services,R408 - Program Management/Support Services,"Mccoy, Jeffrey",jeffrey.mccoy@navy.mil,NAVWAR OSBP,navwarsbo.fct@navy.mil,,,,,,N00039-23-RFPREQ-8.0-0030,https://ams.navair.navy.mil/procurement/1F3410F1-CE6F-43F8-833A-B2BD1AB8AB6D
LRAE Annex 25,374,All SATCOM Multi Award Contract - Admin (C),"All SATCOM MAC for SATCOM programs (NMT, GBS, ESRP, Big Sky, CBSP, NSLC-A and STtNG). Scope to include unique, military-related SATCOM procurements, engineering services for studies, re-spins, obsolescence research, for example.",PMW/A-170 - PMW/A-170 - NAVWAR,$250M - $1B,,TBD,Single-Award Indefinite-Delivery,N00039 - NAVWAR,,,FY24,Q2,60,New,,,"San Diego, CA",TBD - TBD,TBD - TBD,"Murr, Christopher",christopher.murr@navy.mil,NAVWAR OSBP,navwarsbo.fct@navy.mil,Secret,Secret,,,,N00039-23-RFPREQ-PMW/A-170-0173,https://ams.navair.navy.mil/procurement/507ACAB0-3F74-46A9-B243-7A409EF3B416
LRAE Annex 25,375,NSLC-A Communications System - Admin (C),Naval Senior Leadership Communications - Aircraft Follow On System.,PMW/A-170 - PMW/A-170 - NAVWAR,$7.5M - $50M,,Fixed-Price,"""C"" Type Contract",N00039 - NAVWAR,FY23,Q4,FY24,Q4,60,New,HC1013-20-C-0005,"VIASAT, INC.","San Diego, CA",TBD - TBD,TBD - TBD,"Murr, Christopher",christopher.murr@navy.mil,NAVWAR OSBP,navwarsbo.fct@navy.mil,Secret,Secret,,,,N00039-23-RFPREQ-PMW/A-170-0191,https://ams.navair.navy.mil/procurement/0FA0202B-DF92-4898-95D0-39907F770E60
LRAE Annex 25,376,STtNG Inc 3 Production Contract - Admin (C),STtNG Inc 3 Production Contract,PMW/A-170 - PMW/A-170 - NAVWAR,$100M - $250M,,Fixed-Price,"""C"" Type Contract",N00039 - NAVWAR,,,FY25,Q4,60,Follow-on,N6833522C0473,BASCOM HUNTER TECHNOLOGIES INC,"San Diego, CA",334220 - Radio and Television Broadcasting and Wireless Communications Equipment Manufacturing,"5985 - ANTENNAS, WAVEGUIDES, AND RELATED EQUIPMENT","Murr, Christopher",christopher.murr@navy.mil,NAVWAR OSBP,navwarsbo.fct@navy.mil,Secret,Secret,,,,N00039-23-RFPREQ-PMW/A-170-0255,https://ams.navair.navy.mil/procurement/E8094EED-9EE2-4B02-8322-0FFCB1641905
LRAE Annex 25,377,ATIP - TIF-TD Price Tables,Add cost tables for the TIF-TD to contract,PMW/A-170 - PMW/A-170 - NAVWAR,No Range Specified,,Fixed-Price,Delivery Order/Task Order,N00039 - NAVWAR,FY23,Q2,FY23,Q4,48,Follow-on,,,"San Diego, CA",334220 - Radio and Television Broadcasting and Wireless Communications Equipment Manufacturing,7 - IT AND TELECOM - INFORMATION TECHNOLOGY AND TELECOMMUNICATIONS,"Murr, Christopher",christopher.murr@navy.mil,NAVWAR OSBP,navwarsbo.fct@navy.mil,Secret,Secret,,,,N00039-23-RFPREQ-PMW/A-170-0259,https://ams.navair.navy.mil/procurement/BB2F0932-FC5B-4A88-BC8E-2BECD55FCD65
LRAE Annex 25,378,NMT FOFD FY23 Spares Buy,FY23 Spares Buy based on PY10 Pricing Tables,PMW/A-170 - PMW/A-170 - NAVWAR,No Range Specified,,Fixed-Price,"""C"" Type Contract",N00039 - NAVWAR,FY23,Q3,FY23,Q4,36,,,,"San Diego, CA",TBD - TBD,TBD - TBD,"Murr, Christopher",christopher.murr@navy.mil,NAVWAR OSBP,navwarsbo.fct@navy.mil,Secret,Secret,,,,N00039-23-RFPREQ-PMW/A-170-0275,https://ams.navair.navy.mil/procurement/18838BA5-37E0-4BF8-BAB9-4124F704C431
LRAE Annex 25,379,STtNG SBIR Phase II.5 PNT Study - Admin,Modification for PNT study under SBIR contract N6833522C0473.,PMW/A-170 - PMW/A-170 - NAVWAR,No Range Specified,Small Business Set-Aside,Fixed-Price,"""C"" Type Contract",N00039 - NAVWAR,FY23,Q3,FY23,Q4,24,,,,"San Diego, CA",334220 - Radio and Television Broadcasting and Wireless Communications Equipment Manufacturing,TBD - TBD,"Murr, Christopher",christopher.murr@navy.mil,NAVWAR OSBP,navwarsbo.fct@navy.mil,Secret,Secret,,,,N00039-23-RFPREQ-PMW/A-170-0256,https://ams.navair.navy.mil/procurement/E4CBE9CF-1B9F-4A44-96EA-295BC154A379
LRAE Annex 25,380,STtNG SBIR Phase II.5 PRAs - Admin,STtNG SBIR Phase II.5 contract modification to award potential $10M funding from OUSD via the Accelerate the Procurement and Fielding of Innovative Technologies (APFIT) program to procure production ready assets (PRAs) under SBIR contract N6833522C0473,PMW/A-170 - PMW/A-170 - NAVWAR,No Range Specified,Small Business Set-Aside,Fixed-Price,"""C"" Type Contract",N00039 - NAVWAR,FY23,Q3,FY24,Q1,24,,,,"San Diego, CA",517410 - Satellite Telecommunications,"5985 - ANTENNAS, WAVEGUIDES, AND RELATED EQUIPMENT","Murr, Christopher",christopher.murr@navy.mil,NAVWAR OSBP,navwarsbo.fct@navy.mil,Secret,Secret,,,,N00039-23-RFPREQ-PMW/A-170-0241,https://ams.navair.navy.mil/procurement/1CCD535D-01A8-4918-9343-653C8C6A090F
LRAE Annex 25,381,Phase Sensitive Innovations SBIR Phase III,Congressional Plus Up,PMW/A-170 - PMW/A-170 - NAVWAR,$2M - $7.5M,Small Business Set-Aside,Cost-Reimbursement,"""C"" Type Contract",N00039 - NAVWAR,FY23,Q3,FY23,Q4,60,Follow-on,N6833522C0216,"PHASE SENSITIVE INNOVATIONS, INC.","San Diego, CA",517410 - Satellite Telecommunications,"5985 - ANTENNAS, WAVEGUIDES, AND RELATED EQUIPMENT","Murr, Christopher",christopher.murr@navy.mil,NAVWAR OSBP,navwarsbo.fct@navy.mil,Secret,Secret,,,,N00039-23-RFPREQ-PMW/A-170-0229,https://ams.navair.navy.mil/procurement/A37E740A-51DC-4A8F-AE70-06667276F880
LRAE Annex 25,382,STtNG SBIR Phase II.5 Environmental Testing - Admin,Modification for environmental testing under SBIR contract N6833522C0473,PMW/A-170 - PMW/A-170 - NAVWAR,No Range Specified,Small Business Set-Aside,Fixed-Price,"""C"" Type Contract",N00039 - NAVWAR,FY23,Q3,FY23,Q4,24,,,,"San Diego, CA",517410 - Satellite Telecommunications,"5985 - ANTENNAS, WAVEGUIDES, AND RELATED EQUIPMENT","Murr, Christopher",christopher.murr@navy.mil,NAVWAR OSBP,navwarsbo.fct@navy.mil,Secret,Secret,,,,N00039-23-RFPREQ-PMW/A-170-0223,https://ams.navair.navy.mil/procurement/9B496B51-DE21-467D-80D2-9498A7C4DF08
LRAE Annex 25,383,Big Sky Production and Sustainment Contract,"Big Sky Production and Sustainment Contract, including Long Lead Hardware procurements.",PMW/A-170 - PMW/A-170 - NAVWAR,$100M - $250M,,Fixed-Price,Single-Award Indefinite-Delivery,N00039 - NAVWAR,FY24,Q2,FY25,Q3,60,New,,,"San Diego, CA",334220 - Radio and Television Broadcasting and Wireless Communications Equipment Manufacturing,7G20 - IT AND TELECOM - NETWORK: ANALOG VOICE PRODUCTS (HARDWARE AND PERPETUAL LICENSE SOFTWARE),"Murr, Christopher",christopher.murr@navy.mil,NAVWAR OSBP,navwarsbo.fct@navy.mil,Secret,Secret,,,,N00039-23-RFPREQ-PMW/A-170-0155,https://ams.navair.navy.mil/procurement/E43DE12D-E82C-44AE-B9CD-8A6390EBEEDC
LRAE Annex 25,384,NMT FOFD Extension (No cost action – Admin Only),"No cost action – Admin Only; Ceiling Increase of $96.8M
No cost action Extend the current contract period of performance from 12/28/2023 to 12/28/2025.",PMW/A-170 - PMW/A-170 - NAVWAR,No Range Specified,,Cost-Reimbursement,"""C"" Type Contract",N00039 - NAVWAR,FY23,Q3,FY24,Q1,36,,,,"San Diego, CA",334220 - Radio and Television Broadcasting and Wireless Communications Equipment Manufacturing,TBD - TBD,"Murr, Christopher",christopher.murr@navy.mil,NAVWAR OSBP,navwarsbo.fct@navy.mil,Secret,Secret,,,,N00039-23-RFPREQ-PMW/A-170-0174,https://ams.navair.navy.mil/procurement/9525C4A8-70E8-49D2-A7EA-2CC116AE0C46
LRAE Annex 25,385,NMT-X - Follow-on,Navy Multiband Terminal - Extension (NMT-X),PMW/A-170 - PMW/A-170 - NAVWAR,> $1B+,,TBD,"""C"" Type Contract",N00039 - NAVWAR,FY23,Q2,FY25,Q1,60,Follow-on,N00039-16-C-0050,RAYTHEON COMPANY,"San Diego, CA",334220 - Radio and Television Broadcasting and Wireless Communications Equipment Manufacturing,"5985 - ANTENNAS, WAVEGUIDES, AND RELATED EQUIPMENT","Murr, Christopher",christopher.murr@navy.mil,NAVWAR OSBP,navwarsbo.fct@navy.mil,Secret,Secret,,,,N00039-22-RFPREQ-PMW/A-170-0021,https://ams.navair.navy.mil/procurement/28D0AEE4-5491-49A2-8392-CF087C59D5B6
LRAE Annex 25,386,NMT FOFD - NGEN OIU Procurements,Funding for 10 new OIUs to replenish INCOS and support the fleet.  Part number D2944626-2,PMW/A-170 - PMW/A-170 - NAVWAR,No Range Specified,,Fixed-Price,"""C"" Type Contract",N00039 - NAVWAR,FY23,Q2,FY23,Q3,48,New,,,"San Diego, CA",334220 - Radio and Television Broadcasting and Wireless Communications Equipment Manufacturing,"5985 - ANTENNAS, WAVEGUIDES, AND RELATED EQUIPMENT","Murr, Christopher",christopher.murr@navy.mil,NAVWAR OSBP,navwarsbo.fct@navy.mil,Secret,Secret,,,,N00039-23-RFPREQ-PMW/A-170-0105,https://ams.navair.navy.mil/procurement/22730E10-B63D-4BAE-9F63-496E18FC757C
LRAE Annex 25,387,NMT FOFD - Last Time Buys,Purchase NMT material where the vendor notified the government that there is a last time buy requirement,PMW/A-170 - PMW/A-170 - NAVWAR,No Range Specified,,TBD,"""C"" Type Contract",N00039 - NAVWAR,,,FY23,Q4,36,New,,,"San Diego, CA",334220 - Radio and Television Broadcasting and Wireless Communications Equipment Manufacturing,"5985 - ANTENNAS, WAVEGUIDES, AND RELATED EQUIPMENT","Murr, Christopher",christopher.murr@navy.mil,NAVWAR OSBP,navwarsbo.fct@navy.mil,Secret,Secret,,,,N00039-23-RFPREQ-PMW/A-170-0106,https://ams.navair.navy.mil/procurement/F2DFE2BF-9EF5-4FD7-AA71-6DDEEDE07B34
LRAE Annex 25,388,WAMS DO#5 - Long Lead Buy,Procure long lead items in support of the procurement of 60 EDMs - lightning modems,PMW/A-170 - PMW/A-170 - NAVWAR,< $2M,,Fixed-Price,Delivery Order/Task Order,N00039 - NAVWAR,FY23,Q3,FY23,Q4,48,New,,,"San Diego, CA",334220 - Radio and Television Broadcasting and Wireless Communications Equipment Manufacturing,"5985 - ANTENNAS, WAVEGUIDES, AND RELATED EQUIPMENT","Murr, Christopher",christopher.murr@navy.mil,NAVWAR OSBP,navwarsbo.fct@navy.mil,Secret,Secret,,,,N00039-23-RFPREQ-PMW/A-170-0012,https://ams.navair.navy.mil/procurement/B0DF5ECD-4946-469D-A6F4-2383CFE5E5AA
LRAE Annex 25,389,WAMS - EDM Repairs,Repair EDMs to support installation and fielding once EDMs are delivered,PMW/A-170 - PMW/A-170 - NAVWAR,< $2M,,TBD,Delivery Order/Task Order,N00039 - NAVWAR,,,,,48,New,,,"San Diego, CA",334220 - Radio and Television Broadcasting and Wireless Communications Equipment Manufacturing,"5985 - ANTENNAS, WAVEGUIDES, AND RELATED EQUIPMENT","Murr, Christopher",christopher.murr@navy.mil,NAVWAR OSBP,navwarsbo.fct@navy.mil,Secret,Secret,,,,N00039-24-RFPREQ-PMW/A-170-0001,https://ams.navair.navy.mil/procurement/6D2EC519-5E95-4EC5-A832-0DE052812564
LRAE Annex 25,390,WAMS - KLIF/Mission Planning,WAMS KLIF/Mission planning to support capabilities for initial procurements,PMW/A-170 - PMW/A-170 - NAVWAR,< $2M,,Cost-Reimbursement,Delivery Order/Task Order,N00039 - NAVWAR,,,,,48,New,,,"San Diego, CA",334220 - Radio and Television Broadcasting and Wireless Communications Equipment Manufacturing,"5985 - ANTENNAS, WAVEGUIDES, AND RELATED EQUIPMENT","Murr, Christopher",christopher.murr@navy.mil,NAVWAR OSBP,navwarsbo.fct@navy.mil,Secret,Secret,,,,N00039-23-RFPREQ-PMW/A-170-0013,https://ams.navair.navy.mil/procurement/56B37069-2A68-4ED8-853C-C1BD1CE23B5E
LRAE Annex 25,391,WAMS - Spec 1.9 added to contract,Update Spec to Align with PATS Rev D and other requirements changes,PMW/A-170 - PMW/A-170 - NAVWAR,No Range Specified,,Cost-Reimbursement,Single-Award Indefinite-Delivery,N00039 - NAVWAR,FY23,Q3,FY24,Q1,48,New,,,"San Diego, CA",334220 - Radio and Television Broadcasting and Wireless Communications Equipment Manufacturing,AC12 - NATIONAL DEFENSE R&D SERVICES; DEPARTMENT OF DEFENSE - MILITARY; APPLIED RESEARCH,"Murr, Christopher",christopher.murr@navy.mil,NAVWAR OSBP,navwarsbo.fct@navy.mil,Secret,Secret,,,,N00039-24-RFPREQ-PMW/A-170-0002,https://ams.navair.navy.mil/procurement/01EBC9A7-FCC4-40A7-95F6-FA1E0884C6D2
LRAE Annex 25,392,CBSP Engineering Services Sustainment,"CBSP Engineering Services and Sustainment for currently fielded CBSP ULV and FLV terminal systems, to include future tech refresh and modifications",PMW/A-170 - PMW/A-170 - NAVWAR,$7.5M - $50M,,Cost-Reimbursement,"""C"" Type Contract",N00039 - NAVWAR,FY23,Q3,FY24,Q3,60,Follow-on,N0003914C00041,,"San Diego, CA",TBD - TBD,TBD - TBD,"Murr, Christopher",christopher.murr@navy.mil,NAVWAR OSBP,navwarsbo.fct@navy.mil,Secret,Secret,,,,N00039-22-RFPREQ-PMW/A-170-0002,https://ams.navair.navy.mil/procurement/900EECE4-E758-47C4-A616-2E9AC222E175
LRAE Annex 25,393,STtNG Phase III Production - Admin,CBSP STtNG Next Generation. SBIR Phase III Production effort.,PMW/A-170 - PMW/A-170 - NAVWAR,$100M - $250M,,Cost-Reimbursement,Single-Award Indefinite-Delivery,N00039 - NAVWAR,FY23,Q4,FY24,Q4,60,New,,,"San Diego, CA","541715 - Research and Development in the Physical, Engineering, and Life Sciences (except Nanotechnology and Biotechnology)",AC12 - NATIONAL DEFENSE R&D SERVICES; DEPARTMENT OF DEFENSE - MILITARY; APPLIED RESEARCH,"Murr, Christopher",christopher.murr@navy.mil,NAVWAR OSBP,navwarsbo.fct@navy.mil,Secret,Secret,,,,N00039-22-RFPREQ-PMW/A-170-0003,https://ams.navair.navy.mil/procurement/D762C228-B1F4-405D-AE05-3B8D375E377E
LRAE Annex 25,394,CBSP AC2 Modem Follow On - Admin,"AC2 modem is a commercial modem manufactured by Comtech EF Data.  The name of the modem is the Comtech SLM-5650B Modem.   This contracting action is a follow on to the original commercial AC2 Modem contract and will allow continued hardware, firmware, and repair procurements for fielded modems and new requirements.",PMW/A-170 - PMW/A-170 - NAVWAR,$50M - $100M,,Fixed-Price,Single-Award Indefinite-Delivery,N00039 - NAVWAR,FY23,Q3,FY23,Q4,60,Follow-on,N0003918D0007,COMTECH EFDATA CORP.,"San Diego, CA",334220 - Radio and Television Broadcasting and Wireless Communications Equipment Manufacturing,5999 - MISCELLANEOUS ELECTRICAL AND ELECTRONIC COMPONENTS,"Murr, Christopher",christopher.murr@navy.mil,NAVWAR OSBP,navwarsbo.fct@navy.mil,Secret,Secret,,,,N00039-22-RFPREQ-PMW/A-170-0004,https://ams.navair.navy.mil/procurement/E2FE0AFD-BFC8-4947-AD1C-E6306B37DA50
LRAE Annex 25,395,ATIP - Ceiling Increase (No cost action – Admin Only),"ATIP Ceiling Increase (Est. Ceiling Increase ~$17.3M)
Contract mod for ceiling increase, increased qty of TIF units, end of life buys/parts obsolescence, and additional Engineering Services

The proposed modification to the ATIP contract will result an increase quantity and ceiling on Contract Line Item (CLIN) 1001 (ATIP Terminal Interface) and an increase on the existing Engineering Support Services (ESS) CLIN ceiling.",PMW/A-170 - PMW/A-170 - NAVWAR,No Range Specified,,Cost-Reimbursement,Single-Award Indefinite-Delivery,N00039 - NAVWAR,FY23,Q4,FY24,Q1,60,New,,,"San Diego, CA",334220 - Radio and Television Broadcasting and Wireless Communications Equipment Manufacturing,"5825 - RADIO NAVIGATION EQUIPMENT, EXCEPT AIRBORNE","Murr, Christopher",christopher.murr@navy.mil,NAVWAR OSBP,navwarsbo.fct@navy.mil,Secret,Secret,,,,N00039-22-RFPREQ-PMW/A-170-0010,https://ams.navair.navy.mil/procurement/E61AFEB0-2619-4303-9D70-247FA1E9352D
LRAE Annex 25,396,NILE End to End Test Station (Market Research) (C),Market research into vendors who sell a L22 end to end test station for the NILE lab and use at testing exercises.,PMW-150 - PMW-150 - NAVWAR,< $2M,TBD,TBD,TBD,N00039 - NAVWAR,,,FY24,Q1,,New,,,"San Diego, CA",TBD - TBD,TBD - TBD,"Murr, Sarah",sarah.m.murr.civ@us.navy.mil,NAVWAR OSBP,navwarsbo.fct@navy.mil,,,,,,N00039-23-RFPREQ-PMW-150-0014,https://ams.navair.navy.mil/procurement/7F7395F2-E60B-491C-80C4-AF69038AF902
LRAE Annex 25,397,FOE NAVWAR Mobility Contract (C),This effort will consolidate 5 disparate spiral 3 task orders into one unified mobility contract using spiral 3 or the new WMS-BPA if available.,8.0 - 8.0 - NAVWAR,< $2M,,Fixed-Price,BPA Call,N00039 - NAVWAR,FY23,Q3,FY23,Q4,,Follow-on,,,"San Diego, CA",517212 - CELLULAR AND OTHER WIRELESS TELECOMMUNICATIONS,DE11 - IT AND TELECOM - MOBILE DEVICE AS A SERVICE,"Murr, Sarah",sarah.m.murr.civ@us.navy.mil,NAVWAR OSBP,navwarsbo.fct@navy.mil,,,,,,N00039-23-RFPREQ-8.0-0018,https://ams.navair.navy.mil/procurement/9BD9A1C8-0B38-4F40-A13F-D94102DC1A9E
LRAE Annex 25,398,Consolidated NAVWAR Mobility Contract (C),"This is an effort that will combine 5 NAVWAR Spiral 3 Task Orders into one. NAVWAR HQ, NIWC LANT, NIWIC PAC, PMW 740, PEO MLB/DES.",8.0 - 8.0 - NAVWAR,$7.5M - $50M,,TBD,Delivery Order/Task Order,N00039 - NAVWAR,,,FY24,Q4,,,,,"San Diego, CA",517212 - CELLULAR AND OTHER WIRELESS TELECOMMUNICATIONS,DE11 - IT AND TELECOM - MOBILE DEVICE AS A SERVICE,"Murr, Sarah",sarah.m.murr.civ@us.navy.mil,NAVWAR OSBP,navwarsbo.fct@navy.mil,,,,,,N00039-22-RFPREQ-8.0-0002,https://ams.navair.navy.mil/procurement/51EE7AAB-6BBC-4823-99EB-FD33B5908F30
LRAE Annex 25,399,Furniture BPA Follow-on (C),Furniture BPA Follow-on,8.0 - 8.0 - NAVWAR,$7.5M - $50M,Small Business Set-Aside,Cost-Reimbursement,BPA,N00039 - NAVWAR,FY23,Q4,FY24,Q3,,Follow-on,N0003919A0004,GOFORTH & MARTI,"San Diego, CA",337214 - Office Furniture (except Wood) Manufacturing,N071 - INSTALLATION OF EQUIPMENT- FURNITURE,"Murr, Sarah",sarah.m.murr.civ@us.navy.mil,NAVWAR OSBP,navwarsbo.fct@navy.mil,,,,,,N00039-23-RFPREQ-8.0-0023,https://ams.navair.navy.mil/procurement/1229EF65-0E17-4C40-AD15-2BE6A0EFD91E
LRAE Annex 25,400,LBS G_Production_MOD TO 09,G3 Simulator & T&M Funding MOD for TO 09,PMW-120 - PMW-120 - NAVWAR,No Range Specified,,Other,Single-Award Indefinite-Delivery,N00039 - NAVWAR,FY23,Q3,FY23,Q4,,,,,"San Diego, CA","334511 - Search, Detection, Navigation, Guidance, Aeronautical, and Nautical System and Instrument Manufacturing","J019 - MAINT/REPAIR/REBUILD OF EQUIPMENT- SHIPS, SMALL CRAFT, PONTOONS, AND FLOATING DOCKS","Murr, Sarah",sarah.m.murr.civ@us.navy.mil,NAVWAR OSBP,navwarsbo.fct@navy.mil,Secret,Secret,,,,N00039-23-RFPREQ-PMW-120-0069,https://ams.navair.navy.mil/procurement/AF20D0A3-ADD1-423A-A6F6-20627749FEEB
LRAE Annex 25,401,LBS G Production TO XX New Order,PoP extension and follow-on to TO 09,PMW-120 - PMW-120 - NAVWAR,< $2M,,Fixed-Price,Delivery Order/Task Order,N00039 - NAVWAR,FY23,Q4,FY24,Q1,,New,,,"San Diego, CA","334511 - Search, Detection, Navigation, Guidance, Aeronautical, and Nautical System and Instrument Manufacturing",1940 - SMALL CRAFT,"Murr, Sarah",sarah.m.murr.civ@us.navy.mil,NAVWAR OSBP,navwarsbo.fct@navy.mil,Secret,Secret,,,,N00039-23-RFPREQ-PMW-120-0063,https://ams.navair.navy.mil/procurement/F0E15858-4C71-47F6-8079-08E2F982FB5B
LRAE Annex 25,402,Handyman Follow-On,Handyman Follow-On,8.0 - 8.0 - NAVWAR,< $2M,8(a) Sole Source,Fixed-Price,"""C"" Type Contract",N00039 - NAVWAR,FY23,Q4,FY24,Q4,,Follow-on,N0003919C0028,"DE LA FUENTE CONSTRUCTION, INC.","San Diego, CA",561210 - Facilities Support Services,Z2EZ - REPAIR OR ALTERATION OF OTHER INDUSTRIAL BUILDINGS,"Murr, Sarah",sarah.m.murr.civ@us.navy.mil,NAVWAR OSBP,navwarsbo.fct@navy.mil,,,,,,N00039-23-RFPREQ-8.0-0027,https://ams.navair.navy.mil/procurement/BBEBD83B-5F90-4409-B117-74E03936715B
LRAE Annex 25,403,"DATEM, TO 02",Ship's Signal Exploitation Equipment (SSEE) Increment F Distributed Analysis Tools for Enterprise Monitoring (DATEM) Task Order (TO) 2.,PMW-120 - PMW-120 - NAVWAR,$2M - $7.5M,Small Business Set-Aside,Cost-Reimbursement,Delivery Order/Task Order,N00039 - NAVWAR,FY23,Q3,FY23,Q4,,New,,,"San Diego, CA",541511 - Custom Computer Programming Services,DA10 - IT AND TELECOM - BUSINESS APPLICATION/APPLICATION DEVELOPMENT SOFTWARE AS A SERVICE,"Murr, Sarah",sarah.m.murr.civ@us.navy.mil,NAVWAR OSBP,navwarsbo.fct@navy.mil,Top Secret,Top Secret,,,,N00039-23-RFPREQ-PMW-120-0056,https://ams.navair.navy.mil/procurement/656E89B5-AD6F-44D0-ACB4-EFCD603C22A6
LRAE Annex 25,404,LBS-G PROD_TO 10_TBD,RDT&E procurement,PMW-120 - PMW-120 - NAVWAR,< $2M,,Fixed-Price,Delivery Order/Task Order,N00039 - NAVWAR,FY23,Q3,FY23,Q3,,New,,,"San Diego, CA","334511 - Search, Detection, Navigation, Guidance, Aeronautical, and Nautical System and Instrument Manufacturing",1940 - SMALL CRAFT,"Murr, Sarah",sarah.m.murr.civ@us.navy.mil,NAVWAR OSBP,navwarsbo.fct@navy.mil,Secret,Secret,,,,N00039-23-RFPREQ-PMW-120-0052,https://ams.navair.navy.mil/procurement/1A6A2138-86CD-418E-BED3-C80EFD67215E
LRAE Annex 25,405,ISS 5 Task Order 2 Descoping,Remove Item 56 and Item 61 (both CPFF) from TO 2 PWS and proposal.,PMW-150 - PMW-150 - NAVWAR,No Range Specified,SDVOSB Set-Aside,Cost-Reimbursement,Delivery Order/Task Order,N00039 - NAVWAR,FY23,Q3,FY23,Q3,,New,,,"San Diego, CA",541512 - Computer Systems Design Services,DA01 - IT and Telecom — Business Application/Application Development Support Services (Labor) Services,"Murr, Sarah",sarah.m.murr.civ@us.navy.mil,NAVWAR OSBP,navwarsbo.fct@navy.mil,,,,,,N00039-23-RFPREQ-PMW-150-0062,https://ams.navair.navy.mil/procurement/B7A28D86-8C38-4A8D-AEB4-73009C90B07D
LRAE Annex 25,406,Link 22 Training Services Task Order 2,"Task Order 2 includes online instructor-led course, classroom course, T3, and other project management deliverables.",PMW-150 - PMW-150 - NAVWAR,< $2M,SDVOSB Set-Aside,Fixed-Price,Delivery Order/Task Order,N00039 - NAVWAR,FY23,Q3,FY23,Q3,,New,,,"San Diego, CA",611699 - All Other Miscellaneous Schools and Instruction,U008 - EDUCATION/TRAINING- TRAINING/CURRICULUM DEVELOPMENT,"Murr, Sarah",sarah.m.murr.civ@us.navy.mil,NAVWAR OSBP,navwarsbo.fct@navy.mil,,,,,,N00039-23-RFPREQ-PMW-150-0063,https://ams.navair.navy.mil/procurement/16DFB33D-45B8-4C25-96A7-949B4587F7FA
LRAE Annex 25,407,LLC 7M DO 15: LLC 7M fixes,Task Order for fixes to the LLC -7M.,PMW-150 - PMW-150 - NAVWAR,$2M - $7.5M,,Cost-Reimbursement,Delivery Order/Task Order,N00039 - NAVWAR,FY23,Q3,FY23,Q4,,New,,,"San Diego, CA",334220 - Radio and Television Broadcasting and Wireless Communications Equipment Manufacturing,5810 - COMMUNICATIONS SECURITY EQUIPMENT AND COMPONENTS,"Murr, Sarah",sarah.m.murr.civ@us.navy.mil,NAVWAR OSBP,navwarsbo.fct@navy.mil,,,,,,N00039-23-RFPREQ-PMW-150-0029,https://ams.navair.navy.mil/procurement/25876440-D019-4FFD-9057-59E30DF4D15C
LRAE Annex 25,408,NILE ISS 5 (N0003922D1004) Task Order 3,"Execution of engineering, project and configuration management services in support of NILE. Includes attendance at TOWGs, IPTs/IPRs, production of management documents, transition activities from ISS 4 incumbent, and Link 22 technical tasks.",PMW-150 - PMW-150 - NAVWAR,No Range Specified,,TBD,Delivery Order/Task Order,N00039 - NAVWAR,,,,,,New,,,"San Diego, CA",541512 - Computer Systems Design Services,DA01 - IT and Telecom — Business Application/Application Development Support Services (Labor) Services,"Murr, Sarah",sarah.m.murr.civ@us.navy.mil,NAVWAR OSBP,navwarsbo.fct@navy.mil,,,,,,N00039-23-RFPREQ-PMW-150-0007,https://ams.navair.navy.mil/procurement/236DAD81-31C2-4BDE-BC66-94720C58854D
LRAE Annex 25,409,NTCDL – Follow-On Production and ESS Contract (C),NTCDL Follow-On contract for Full Rate Production (systems and spares) and Engineering Support Services,PMW/A-170 - PMW/A-170 - NAVWAR,$250M - $1B,,TBD,TBD,N00039 - NAVWAR,,,FY27,Q1,60,,,,"San Diego, CA",334220 - Radio and Television Broadcasting and Wireless Communications Equipment Manufacturing,TBD - TBD,"Nickel, Kenneth",kenneth.nickel@navy.mil,NAVWAR OSBP,navwarsbo.fct@navy.mil,Secret,Secret,,,,N00039-25-RFPREQ-PMW/A-170-0001,https://ams.navair.navy.mil/procurement/86362530-FAC7-4B64-AF1D-F2228735A2B7
LRAE Annex 25,410,BRSE Production (C),Production Units for Installation,PMW/A-170 - PMW/A-170 - NAVWAR,$50M - $100M,,TBD,TBD,N00039 - NAVWAR,,,FY27,Q1,60,New,,,"San Diego, CA",TBD - TBD,TBD - TBD,"Nickel, Kenneth",kenneth.nickel@navy.mil,NAVWAR OSBP,navwarsbo.fct@navy.mil,Secret,Secret,,,,N00039-25-RFPREQ-PMW/A-170-0002,https://ams.navair.navy.mil/procurement/C7EF5D33-AB5D-4208-961A-641AA18B7070
LRAE Annex 25,411,PRC-167 J&A,Justification and Approval to add the AN/PRC-167 radio,PMW/A-170 - PMW/A-170 - NAVWAR,No Range Specified,,Fixed-Price,Single-Award Indefinite-Delivery,N00039 - NAVWAR,,,FY23,Q2,60,New,,,"San Diego, CA",TBD - TBD,TBD - TBD,"Nickel, Kenneth",kenneth.nickel@navy.mil,NAVWAR OSBP,navwarsbo.fct@navy.mil,Secret,Secret,,,,N00039-23-RFPREQ-PMW/A-170-0194,https://ams.navair.navy.mil/procurement/C279EEB5-6228-46C4-9F7D-3403DA0FFD5B
LRAE Annex 25,412,NTCDL – 3-Yr Contract Extension,Extend current contract from six (6) to eight (8) years to continue Engineering Support Services and procure spares and up to 5 systems,PMW/A-170 - PMW/A-170 - NAVWAR,No Range Specified,,Fixed-Price,"""C"" Type Contract",N00039 - NAVWAR,FY23,Q3,FY24,Q2,36,,,,"San Diego, CA",334220 - Radio and Television Broadcasting and Wireless Communications Equipment Manufacturing,5810 - COMMUNICATIONS SECURITY EQUIPMENT AND COMPONENTS,"Nickel, Kenneth",kenneth.nickel@navy.mil,NAVWAR OSBP,navwarsbo.fct@navy.mil,Secret,Secret,,,,N00039-23-RFPREQ-PMW/A-170-0148,https://ams.navair.navy.mil/procurement/45810034-77BD-41B0-ACB7-1DC288965018
LRAE Annex 25,413,Lot 12 Production Buy (C),"Configuration
QTY
MIDS JTRS (5) BU1/BU2
99
MIDS JTRS (RT-2031A) BU3
229
MIDS JTRS (A6) BU1
5
MIDS JTRS (6) BU0
14
MIDS JTRS (7) BU0
22
MIDS JTRS PS LRU
61",PMA/PMW-101 - PMA/PMW-101 - NAVWAR,$100M - $250M,,Fixed-Price,Delivery Order/Task Order,N00039 - NAVWAR,FY23,Q2,FY23,Q3,12,New,,,"San Diego, CA","443112 - RADIO, TELEVISION, AND OTHER ELECTRONICS STORES",10 - WEAPONS,"Nickel, Lindsay",lindsay.t.nickel.civ@us.navy.mil,NAVWAR OSBP,navwarsbo.fct@navy.mil,Secret,,,,Production task,N00039-23-RFPREQ-PMA/PMW-101-0014,https://ams.navair.navy.mil/procurement/A7212A51-5DFC-449F-ABD8-B9E6074B5459
LRAE Annex 25,414,PEO C4I Business Financial Mgmt (C),"The objective of this task order is to provide business and financial, cost management, and acquisition support services to PEO C4I PMWs.",PEO-C4I - PEO-C4I - NAVWAR,No Range Specified,,Cost-Reimbursement,Single-Award Indefinite-Delivery,N00039 - NAVWAR,FY23,Q2,FY23,Q4,,New,,,"San Diego, CA",541330 - Engineering Services,R703 - SUPPORT- MANAGEMENT: ACCOUNTING,"Odonnell, Brian",brian.w.odonnell.civ@us.navy.mil,NAVWAR OSBP,navwarsbo.fct@navy.mil,,,,,,N00039-22-RFPREQ-PEO-C4I-0014,https://ams.navair.navy.mil/procurement/80432C91-98FB-45D8-ADD5-A48D44828F71
LRAE Annex 25,415,PMW 150 ILS and Training Support (C),"Provide PMW 150 with ILS acquisition, sustainment, and training development and transition support.",PMW-150 - PMW-150 - NAVWAR,$7.5M - $50M,Small Business Set-Aside,Cost-Reimbursement,Single-Award Indefinite-Delivery,N00039 - NAVWAR,FY24,Q1,FY25,Q1,,Follow-on,N0003919F3501,,"San Diego, CA","541614 - Process, Physical Distribution, and Logistics Consulting Services",R706 - SUPPORT- MANAGEMENT: LOGISTICS SUPPORT,"Odonnell, Brian",brian.w.odonnell.civ@us.navy.mil,NAVWAR OSBP,navwarsbo.fct@navy.mil,,,,,,N00039-23-RFPREQ-PMW-150-0040,https://ams.navair.navy.mil/procurement/34F1423B-E47F-4741-BF53-97CF17E40699
LRAE Annex 25,416,Program Management Support Services (C),"To acquire support services Program Management, Acquisition Management, Contract Management, Cybersecurity Engineering, Technical, System Engineering, and administrative support services for the acquisition, life-cycle management, production, engineering, delivery and integration of multiple shore and expeditionary C4I systems.",PMW-790 - PMW-790 - NAVWAR,$50M - $100M,,Fixed-Price,TBD,N00039 - NAVWAR,FY24,Q1,FY24,Q4,,Follow-on,N0003917F3006,,"San Diego, CA",TBD - TBD,R425 - SUPPORT- PROFESSIONAL: ENGINEERING/TECHNICAL,"Odonnell, Brian",brian.w.odonnell.civ@us.navy.mil,NAVWAR OSBP,navwarsbo.fct@navy.mil,,,,,,N00039-23-RFPREQ-PMW-790-0021,https://ams.navair.navy.mil/procurement/1A969225-F98E-4A57-9742-379160C4FA52
LRAE Annex 25,417,PMW 120 Professional Support Services (C),Professional Support Services (PSS) for PMW 120,PMW-120 - PMW-120 - NAVWAR,$100M - $250M,TBD,TBD,TBD,N00039 - NAVWAR,,,FY26,Q3,48,,,,"San Diego, CA",541330 - Engineering Services,"DD01 - IT AND TELECOM - SERVICE DELIVERY SUPPORT SERVICES: ITSM, OPERATIONS CENTER, PROJECT/PM (LABOR)","Odonnell, Brian",brian.w.odonnell.civ@us.navy.mil,NAVWAR OSBP,navwarsbo.fct@navy.mil,Top Secret,Top Secret,,,,N00039-24-RFPREQ-PMW-120-0001,https://ams.navair.navy.mil/procurement/D9C859B7-BE66-47FD-8CD7-A5339BFCE0FE
LRAE Annex 25,418,PEO C4I Executive Office Support Services (C),The objective of this task order is to provide the wide range of support across functions/competencies for the PEO C4I front office.,PEO-C4I - PEO-C4I - NAVWAR,$50M - $100M,TBD,Cost-Reimbursement,Delivery Order/Task Order,N00039 - NAVWAR,,,FY25,Q2,,Follow-on,,,"San Diego, CA",541330 - Engineering Services,R408 - Program Management/Support Services,"Odonnell, Brian",brian.w.odonnell.civ@us.navy.mil,NAVWAR OSBP,navwarsbo.fct@navy.mil,,,,,,N00039-24-RFPREQ-PEO-C4I-0001,https://ams.navair.navy.mil/procurement/FF67291E-35E2-41B0-A5E4-0BD505F6AEBC
LRAE Annex 25,419,"Design Development Support for PEO C4I, NAVWAR, and Sub Organizations (C)","Support Services to develop Installation Requirements Drawings (IRDs), Wiring Diagrams, Technical Data Packages (TDPs), Ship Checks and Ship Installation Drawings (SID) for PEO C4I, NAVWAR (to include NWIC PAC/LANT), FRD and other command funded (OCF) programs.",PEO-C4I - PEO-C4I - NAVWAR,$7.5M - $50M,TBD,Cost-Reimbursement,Delivery Order/Task Order,N00039 - NAVWAR,,,FY25,Q3,,New,,,"San Diego, CA",541330 - Engineering Services,R408 - Program Management/Support Services,"Odonnell, Brian",brian.w.odonnell.civ@us.navy.mil,NAVWAR OSBP,navwarsbo.fct@navy.mil,,,,,,N00039-23-RFPREQ-PEO-C4I-0014,https://ams.navair.navy.mil/procurement/94DEC51C-C28B-4FF5-AD8B-7D26F71B2FF7
LRAE Annex 25,420,"Engineering Systems, Security, and MBSE Services (C)","Engineering Systems, Security, and MBSE Services - New Follow-on Contract Base Year",PMW-770 - PMW-770 - NAVWAR,$50M - $100M,SDVOSB Set-Aside,Cost-Reimbursement,TBD,N00039 - NAVWAR,,,FY25,Q4,,Follow-on,N0003920F3014,,"San Diego, CA",541330 - Engineering Services,R425 - SUPPORT- PROFESSIONAL: ENGINEERING/TECHNICAL,"Odonnell, Brian",brian.w.odonnell.civ@us.navy.mil,NAVWAR OSBP,navwarsbo.fct@navy.mil,,,,,,N00039-24-RFPREQ-PMW-770-0009,https://ams.navair.navy.mil/procurement/F571BD47-62A0-4256-90B5-EF97A18F425E
LRAE Annex 25,421,MyNavy HR ADE (C),"ADE development, modernization, and sustainment",Pf004MNHR - Pf004MNHR - NAVWAR,$100M - $250M,,Cost-Reimbursement,Delivery Order/Task Order,N00039 - NAVWAR,FY23,Q3,FY24,Q1,60,New,,,"Orlando, FL",541511 - Custom Computer Programming Services,DA01 - IT and Telecom — Business Application/Application Development Support Services (Labor) Services,"Parker, Lisa",lisa.parker1@navy.mil,NAVWAR OSBP,navwarsbo.fct@navy.mil,Secret,Secret,,,GSA Alliant 2,N00039-23-RFPREQ-Pf004MNHR-0005,https://ams.navair.navy.mil/procurement/BC03E8DD-781B-43DE-81E2-1C661A3FA3C0
LRAE Annex 25,422,Personnel Pay Integration and Sustainment (NP2 and NSIPS) (C),The continued operation and sustainment of NSIPS and NSIPS integration with NP2.,Pf004MNHR - Pf004MNHR - NAVWAR,$100M - $250M,TBD,TBD,TBD,N00039 - NAVWAR,,,FY25,Q2,TBD,New,,,"New Orleans, LA",TBD - TBD,TBD - TBD,"Parker, Lisa",lisa.parker1@navy.mil,NAVWAR OSBP,navwarsbo.fct@navy.mil,Secret,Secret,,,,N00039-23-RFPREQ-Pf004MNHR-0027,https://ams.navair.navy.mil/procurement/CC4F13BE-3B55-413B-966F-8D6E67F1CBA2
LRAE Annex 25,423,C4I Arsenal - New Procurement (C),Implement C4I Arsenal to provide C4IaaS for Navy and Joint warfighters,PMW-790 - PMW-790 - NAVWAR,$50M - $100M,,TBD,Single-Award Indefinite-Delivery,N00039 - NAVWAR,FY23,Q4,FY24,Q3,,New,,,"San Diego, CA",541512 - Computer Systems Design Services,7F - IT AND TELECOM - IT MANAGEMENT,"Radaford, Heidi",HEIDI.RADAFORD@NAVY.MIL,NAVWAR OSBP,navwarsbo.fct@navy.mil,,,,,,N00039-22-RFPREQ-PMW-790-0002,https://ams.navair.navy.mil/procurement/6ECB045A-779A-4D85-9959-6871B660332C
LRAE Annex 25,424,Consumption-Based Procurement (C),"To acquire storage and computing ""as a service,"" that is, installed locally at NCTS Bahrain but owned and maintained by the Contractor and billed to the Government on a utilization basis. The base year will also include procurement and installation of the remaining devices and material necessary to complete the upgrade from FLTNOC Build 1.0 to Build 1.2. Option years will only include the ""as a service"" work.",PMW-790 - PMW-790 - NAVWAR,$2M - $7.5M,TBD,TBD,"""C"" Type Contract",N00039 - NAVWAR,FY23,Q1,FY23,Q4,,New,,,Bahrain,541511 - Custom Computer Programming Services,7F20 - IT AND TELECOM - IT MANAGEMENT TOOLS/PRODUCTS (HARDWARE AND PERPETUAL LICENSE SOFTWARE),"Radaford, Heidi",HEIDI.RADAFORD@NAVY.MIL,NAVWAR OSBP,navwarsbo.fct@navy.mil,,,,,,N00039-22-RFPREQ-PMW-790-0034,https://ams.navair.navy.mil/procurement/BC4AEF89-F149-486F-A90D-3000DD1AB512
LRAE Annex 25,425,"CSRR C&M Software  Maintenance, Sustainment and Development -  Follow-On contract (C)","The contractor will be responsible for developing software to allow control of other NAVWAR equipment both current changes to those equipment's as well as new equipment's.  In addition, the contractor shall develop changes to help ensure cyber security",PMW-770 - PMW-770 - NAVWAR,$2M - $7.5M,,Cost-Reimbursement,Single-Award Indefinite-Delivery,N00039 - NAVWAR,FY23,Q1,FY24,Q2,,Follow-on,N0003918C0033,LOCKHEED MARTIN CORPORATION,"San Diego, CA",541511 - Custom Computer Programming Services,7F20 - IT AND TELECOM - IT MANAGEMENT TOOLS/PRODUCTS (HARDWARE AND PERPETUAL LICENSE SOFTWARE),"Radaford, Heidi",HEIDI.RADAFORD@NAVY.MIL,NAVWAR OSBP,navwarsbo.fct@navy.mil,,,,,,N00039-23-RFPREQ-PMW-770-0004,https://ams.navair.navy.mil/procurement/F7EED209-1EF0-40BF-BAF7-8CBD59024AAF
LRAE Annex 25,426,OE-315 AIS Amplifier Procurement (C),Base year plus 4 Option years to procure AIS Amplifier. Approximate quantity of 40 per year.,PMW-770 - PMW-770 - NAVWAR,$2M - $7.5M,TBD,Fixed-Price,TBD,N00039 - NAVWAR,FY23,Q4,FY24,Q2,,New,,,"San Diego, CA",TBD - TBD,5963 - ELECTRONIC MODULES,"Radaford, Heidi",HEIDI.RADAFORD@NAVY.MIL,NAVWAR OSBP,navwarsbo.fct@navy.mil,,,,,,N00039-23-RFPREQ-PMW-770-0024,https://ams.navair.navy.mil/procurement/9E115A17-5BB1-44DE-8566-8E898FA21F3D
LRAE Annex 25,427,LBUCS Receive Version 2 Production (C),LBUCS Receive Version 2 Production; multi-year; base year plus 4 option years.,PMW-770 - PMW-770 - NAVWAR,$50M - $100M,TBD,Fixed-Price,Single-Award Indefinite-Delivery,N00039 - NAVWAR,,,FY25,Q3,,New,,,"San Diego, CA",TBD - TBD,5810 - COMMUNICATIONS SECURITY EQUIPMENT AND COMPONENTS,"Radaford, Heidi",HEIDI.RADAFORD@NAVY.MIL,NAVWAR OSBP,navwarsbo.fct@navy.mil,,,,,,N00039-24-RFPREQ-PMW-770-0008,https://ams.navair.navy.mil/procurement/835CD105-D8FC-4089-ABC0-19B12F656C01
LRAE Annex 25,428,FY25 OE-538 Production Re-compete (C),Re-compete of OE-538 production contract,PMW-770 - PMW-770 - NAVWAR,$50M - $100M,,TBD,TBD,N00039 - NAVWAR,,,FY25,Q3,,Follow-on,N0003920C0013,"LOCKHEED MARTIN SIPPICAN, INC.","San Diego, CA",TBD - TBD,TBD - TBD,"Radaford, Heidi",HEIDI.RADAFORD@NAVY.MIL,NAVWAR OSBP,navwarsbo.fct@navy.mil,,,,,,N00039-23-RFPREQ-PMW-770-0034,https://ams.navair.navy.mil/procurement/022D10EB-0437-4002-B20F-90BE614E3125
LRAE Annex 25,429,VIASAT TRANSEC FMS ENGINEERING SERVICES (ENG VM300M CARD FOR RT-1829/1830) TASK ORDER,Cryptographic Modernization of the VIASAT VM300M CARDS for FMS AUSTRALIAN DEFENCE FORCE (ADF) Radio Transmitters  (RT-1829/1830),PMW-790 - PMW-790 - NAVWAR,< $2M,,TBD,Delivery Order/Task Order,N00039 - NAVWAR,FY23,Q4,FY23,Q4,,,,,"San Diego, CA",541511 - Custom Computer Programming Services,TBD - TBD,"Radaford, Heidi",HEIDI.RADAFORD@NAVY.MIL,NAVWAR OSBP,navwarsbo.fct@navy.mil,,,,,,N00039-23-RFPREQ-PMW-790-0011,https://ams.navair.navy.mil/procurement/70412E9F-D1F0-4633-A9FA-39E1F223D34B
LRAE Annex 25,430,VIASAT TRANSEC VM300M DELIVERY ORDER (DOMESTIC) AWARD,VIASAT TRANSEC VM300M DELIVERY ORDER (DOMESTIC),PMW-790 - PMW-790 - NAVWAR,$2M - $7.5M,,TBD,Delivery Order/Task Order,N00039 - NAVWAR,FY23,Q4,FY23,Q4,,New,,,"San Diego, CA",541511 - Custom Computer Programming Services,7A - IT AND TELECOM - APLLICATIONS,"Radaford, Heidi",HEIDI.RADAFORD@NAVY.MIL,NAVWAR OSBP,navwarsbo.fct@navy.mil,,,,,,N00039-22-RFPREQ-PMW-790-0003,https://ams.navair.navy.mil/procurement/697E9F37-EE8A-4835-BAF8-49E27BE77337
LRAE Annex 25,431,VIASAT TRANSEC VM300M DELIVERY ORDER (INTERNATIONAL - AUS) AWARD,VIASAT TRANSEC VM300M CARDS DELIVERY ORDER (INTERNATIONAL - AUS) AWARD,PMW-790 - PMW-790 - NAVWAR,$7.5M - $50M,,TBD,Delivery Order/Task Order,N00039 - NAVWAR,FY23,Q4,FY23,Q4,,New,,,"San Diego, CA",541511 - Custom Computer Programming Services,7A - IT AND TELECOM - APLLICATIONS,"Radaford, Heidi",HEIDI.RADAFORD@NAVY.MIL,NAVWAR OSBP,navwarsbo.fct@navy.mil,,,,,,N00039-22-RFPREQ-PMW-790-0017,https://ams.navair.navy.mil/procurement/1F555CA5-B2FF-42F3-B468-85515DC5B55D
LRAE Annex 25,432,"VIASAT TRANSEC IDIQ Ceiling Increase, VM300M Card Pricing and FMS Modification","Modification - Increase ceiling and update financial/contractual  language to include FMS. Also, update CLIN pricing of VM300M Cards.",PMW-790 - PMW-790 - NAVWAR,No Range Specified,,TBD,Single-Award Indefinite-Delivery,N00039 - NAVWAR,FY23,Q3,FY23,Q4,,Follow-on,N00039-16-D-0010,"VIASAT, INC.","San Diego, CA",541511 - Custom Computer Programming Services,DA10 - IT AND TELECOM - BUSINESS APPLICATION/APPLICATION DEVELOPMENT SOFTWARE AS A SERVICE,"Radaford, Heidi",HEIDI.RADAFORD@NAVY.MIL,NAVWAR OSBP,navwarsbo.fct@navy.mil,,,,,,N00039-22-RFPREQ-PMW-790-0006,https://ams.navair.navy.mil/procurement/C9A19FBF-BB9B-4E95-B8F5-CFD6B3D981CA
LRAE Annex 25,433,"LIPTM00319, ONR, DEEPSIG, SBIR Phase III (CIR 23-XXX)",NEW SBIR Phase III - Radio Frequency-Activity Modeling and Pattern Recognition,LSUBP00049 - LSUBP00049 - S&T Division - NIWCLANT,< $2M,,Fixed-Price,"""C"" Type Contract",N65236 - NIWCLANT,,,FY23,Q4,,Follow-on,N6833519C0183,DEEPSIG INC.,"NORTH CHARLESTON, SC",TBD - TBD,TBD - TBD,"Rehwoldt, Jessie",jessie.m.rehwoldt.civ@us.navy.mil,NAVWAR OSBP,navwarsbo.fct@navy.mil,,,,,,N65236-23-RFPREQ-LSUBP00049-0165,https://ams.navair.navy.mil/procurement/614E98A5-F5F5-4955-9062-F63074A6B8D4
LRAE Annex 25,434,CONTRACT/PLANNING TOOL (23-004),Follow-on contract from N65236-17-C-8000; CIR 22-153,LBUSP00027 - LBUSP00027 - S&T - NIWCLANT,$50M - $100M,Sole-Source,Cost-Reimbursement,"""C"" Type Contract",N65236 - NIWCLANT,FY23,Q2,FY23,Q3,,Follow-on,N6523617C8000,"METRON, INCORPORATED","NORTH CHARLESTON, SC","541715 - Research and Development in the Physical, Engineering, and Life Sciences (except Nanotechnology and Biotechnology)",TBD - TBD,"Rehwoldt, Jessie",jessie.m.rehwoldt.civ@us.navy.mil,NAVWAR OSBP,navwarsbo.fct@navy.mil,,,,,,N65236-23-RFPREQ-LBUSP00027-0003,https://ams.navair.navy.mil/procurement/5957B973-7888-4351-9D30-FE8E80696F16
LRAE Annex 25,435,ONR/ATR IPT Advanced Technologies Project Support,"N65236-22-D-8006 TO: NEW
Fund Planning PR",LBUSP00027 - LBUSP00027 - S&T - NIWCLANT,< $2M,,Cost-Reimbursement,Delivery Order/Task Order,N65236 - NIWCLANT,FY23,Q2,FY23,Q3,,Follow-on,N6523618D8003,"ATLAS EXECUTIVE CONSULTING, LLC","Charleston, SC",541611 - Administrative Management and General Management Consulting Services,R408 - Program Management/Support Services,"Rehwoldt, Jessie",jessie.m.rehwoldt.civ@us.navy.mil,NAVWAR OSBP,navwarsbo.fct@navy.mil,,,,,,N65236-23-RFPREQ-LBUSP00027-0002,https://ams.navair.navy.mil/procurement/93D79862-9136-4A62-9289-F048BC6A141B
LRAE Annex 25,436,"LIPTM00319, CRIT OMNISIG SW, SEWP (C)","The Cognitive Radiofrequency Inference Technology (CRIT) project is tasked with using AI/Ml methods for RF spectrum analysis and other related capabilities. CRIT will set up AI methods to provide military commanders the ability to understand their own forces electromagnetic signatures and to protect friendly capabilities, plans, methods and intentions from adversary exploitation. The OMNISIG software being procured will assist with accomplishing this task. OMNISIG SOFTWARE STUDIO and OMNISIG SOFTWARE SENSOR which are both manufactured by DEEPSIG. OMNISIG SW is the only commercially available software with the ability to train state-of-the-art deep learning inference models for custom wireless sensing applications.  This software also allows us to incorporate custom data and signals we are testing to train Artificial Intelligence Sensors.",LSUBP00049 - LSUBP00049 - S&T Division - NIWCLANT,< $2M,TBD,Fixed-Price,Delivery Order/Task Order,N65236 - NIWCLANT,FY23,Q3,FY23,Q3,,New,,,"Charleston, SC",443120 - COMPUTER AND SOFTWARE STORES,7A21 - IT AND TELECOM - BUSINESS APPLICATION SOFTWARE (PERPETUAL LICENSE SOFTWARE),"Rehwoldt, Jessie",jessie.m.rehwoldt.civ@us.navy.mil,NAVWAR OSBP,navwarsbo.fct@navy.mil,,,,,,N65236-23-RFPREQ-LSUBP00049-0163,https://ams.navair.navy.mil/procurement/DAC4D069-857F-444E-BA26-A584BE7F58EE
LRAE Annex 25,437,"LIPTM00303, DARPA IPT, SEAPORT NEW TASK ORDER, JANUS PROGRAM SUPPORT (C)","Title: JANUS Program Support 
Type of Vehicle: LOE Task Order
Task order Vehicle: SeaPort
Potential ceiling: Under $100M
PoP: 4-5 years
Funding types: RDT&E
Funding sources: DARPA and Mission/Transition Partners
Scope: Level of effort system engineering and technical assistant support to ACO and the JANUS program.
DARPAs requested award date: 19 December 2023 
LANT proposed award date: Mar/April 2024
Notes: The current task order within DARPA ends at this date, requested they investigate internal options to extend the current order to June of 2024 while we work on the ""follow-on"".",LSUBP00049 - LSUBP00049 - S&T Division - NIWCLANT,< $2M,TBD,Cost-Reimbursement,Delivery Order/Task Order,N65236 - NIWCLANT,,,FY24,Q3,,,,,"NORTH CHARLESTON, SC",TBD - TBD,TBD - TBD,"Rehwoldt, Jessie",jessie.m.rehwoldt.civ@us.navy.mil,NAVWAR OSBP,navwarsbo.fct@navy.mil,,,,,,N65236-24-RFPREQ-LSUBP00049-0002,https://ams.navair.navy.mil/procurement/EF33B944-1E1B-4F3C-833C-B9B986E3C1A7
LRAE Annex 25,438,PID4262023-2 (C),This PID has been created to initiate the acquisition process creating a follow on contract for N6523-20-D-8002. A PPAB should be initiated following this PID creation.,LSUBP00080 - LSUBP00080 - 5.9 Service Center - NIWCLANT,$100M - $250M,,TBD,TBD,N65236 - NIWCLANT,,,FY25,Q4,,,,,"Charleston, SC",TBD - TBD,TBD - TBD,"Rehwoldt, Jessie",jessie.m.rehwoldt.civ@us.navy.mil,NAVWAR OSBP,navwarsbo.fct@navy.mil,,,,,,N65236-23-RFPREQ-LSUBP00080-0009,https://ams.navair.navy.mil/procurement/AA4E7371-2D00-4887-A541-4C94B6324E90
LRAE Annex 25,439,"LIPTM00476, NISE, RP-23-008, ELASTIC SOFTWARE SUBSCRIPTION, SEWP (C)",Elastic Enterprise Resource Unit - 64GB - of addressable memory (RAM) running on a host (virtual or physical) that is beneficial to ECE / ECK / Standalone or Endgame.,LSUBP00049 - LSUBP00049 - S&T Division - NIWCLANT,< $2M,TBD,Fixed-Price,Delivery Order/Task Order,N65236 - NIWCLANT,FY23,Q3,FY23,Q4,,New,,,"Charleston, SC",TBD - TBD,TBD - TBD,"Rehwoldt, Jessie",jessie.m.rehwoldt.civ@us.navy.mil,NAVWAR OSBP,navwarsbo.fct@navy.mil,,,,,,N65236-23-RFPREQ-LSUBP00049-0203,https://ams.navair.navy.mil/procurement/9D8635E7-2487-49DD-84BB-73284BCFAD7E
LRAE Annex 25,440,18795 - CORN MOD LIPTM00256L,"18795 - CORN MOD LIPTM00256L
N0003919D0015 / N6523623F0029",LSUBP00057 - LSUBP00057 - FLEET INSTALLATION & READINESS DIV HD - NIWCLANT,No Range Specified,,Cost-Reimbursement,Single-Award Indefinite-Delivery,N65236 - NIWCLANT,,,FY24,Q1,,,,,"Charleston, SC",541330 - Engineering Services,N059 - INSTALLATION OF EQUIPMENT- ELECTRICAL AND ELECTRONIC EQUIPMENT COMPONENTS,"REHWOLDT, TYLER D.",tyler.d.rehwoldt.civ@us.navy.mil,NAVWAR OSBP,navwarsbo.fct@navy.mil,,,,,,N65236-23-RFPREQ-LSUBP00057-0216,https://ams.navair.navy.mil/procurement/1B47C80E-B82B-4980-A5B2-CCF1836E22A8
LRAE Annex 25,441,18799 - FOE RFPREQ LIPTM00426,"18799 - FOE RFPREQ LIPTM00426
N0003919D0025 / N6523623F0066",LSUBP00057 - LSUBP00057 - FLEET INSTALLATION & READINESS DIV HD - NIWCLANT,No Range Specified,,Fixed-Price,Single-Award Indefinite-Delivery,N65236 - NIWCLANT,FY23,Q3,FY23,Q4,,,,,"Charleston, SC",541330 - Engineering Services,DG01 - IT AND TELECOM - NETWORK SUPPORT SERVICES (LABOR),"REHWOLDT, TYLER D.",tyler.d.rehwoldt.civ@us.navy.mil,NAVWAR OSBP,navwarsbo.fct@navy.mil,,,,,,N65236-23-RFPREQ-LSUBP00057-0174,https://ams.navair.navy.mil/procurement/6543AFE1-8D3E-4A6B-B9D7-6894D0594D9E
LRAE Annex 25,442,LIPTM00257_SURFACE MODS IPT_USS HARRY S. TRUMAN (CVN-75) 6TV Upgrade Support_SAC_8009,"N6523621D8009, new task order for 6TV repair support for the existing 6TV system in USS Harry S Truman, CVN-75.",LSUBP00057 - LSUBP00057 - FLEET INSTALLATION & READINESS DIV HD - NIWCLANT,< $2M,,Cost-Reimbursement,Delivery Order/Task Order,N65236 - NIWCLANT,FY23,Q3,FY23,Q3,,New,,,"Norfolk, VA",TBD - TBD,"J019 - MAINT/REPAIR/REBUILD OF EQUIPMENT- SHIPS, SMALL CRAFT, PONTOONS, AND FLOATING DOCKS","REHWOLDT, TYLER D.",tyler.d.rehwoldt.civ@us.navy.mil,NAVWAR OSBP,navwarsbo.fct@navy.mil,,,,,,N65236-23-RFPREQ-LSUBP00057-0142,https://ams.navair.navy.mil/procurement/FC6DEA9D-4F94-4C48-88C8-4CCF3BB32D1C
LRAE Annex 25,443,18659 - FOE MOD PAX RIVER MD,"18659 - FOE MOD PAX RIVER MD
N0003919D0025 / 22F0313",LSUBP00057 - LSUBP00057 - FLEET INSTALLATION & READINESS DIV HD - NIWCLANT,No Range Specified,,Fixed-Price,Single-Award Indefinite-Delivery,N65236 - NIWCLANT,FY23,Q2,FY23,Q3,,New,,,"Charleston, SC",541330 - Engineering Services,N059 - INSTALLATION OF EQUIPMENT- ELECTRICAL AND ELECTRONIC EQUIPMENT COMPONENTS,"REHWOLDT, TYLER D.",tyler.d.rehwoldt.civ@us.navy.mil,NAVWAR OSBP,navwarsbo.fct@navy.mil,,,,,,N65236-23-RFPREQ-LSUBP00057-0127,https://ams.navair.navy.mil/procurement/FA409618-E7E7-4EE0-9EAE-F77F7265AD9C
LRAE Annex 25,444,"LIPTM00257_FIO IPT_USS Essex, LHD-2– Video Information Display System (VIDS) 3.0 Upgrade_Chugach_SAC_8009","Contract #: N65236-21-D-8009 - To cover engineering, installation, and integration support services to the Naval Surface Forces Pacific (SURFPAC) Type Commander Office for Naval Information Warfare Center Atlantic (NIWC Atlantic). This support encompasses installation, integration and testing of the Video Information Display System (VIDS) 3.0 as part of a Technical Refresh of display equipment aboard the USS Essex, LHD-2.",LSUBP00057 - LSUBP00057 - FLEET INSTALLATION & READINESS DIV HD - NIWCLANT,< $2M,,Cost-Reimbursement,Delivery Order/Task Order,N65236 - NIWCLANT,FY23,Q3,FY23,Q3,,New,,,"Norfolk, VA",336611 - Ship Building and Repairing,R425 - SUPPORT- PROFESSIONAL: ENGINEERING/TECHNICAL,"REHWOLDT, TYLER D.",tyler.d.rehwoldt.civ@us.navy.mil,NAVWAR OSBP,navwarsbo.fct@navy.mil,,,,,,N65236-23-RFPREQ-LSUBP00057-0103,https://ams.navair.navy.mil/procurement/28786E8C-DF8A-4D86-879E-8933EC72686D
LRAE Annex 25,445,18590 - FOE MOD PPR LIPTM00257,"18590 - FOE MOD PPR LIPTM00257
N0003919D0024 / N6523623F0091",LSUBP00057 - LSUBP00057 - FLEET INSTALLATION & READINESS DIV HD - NIWCLANT,No Range Specified,,Cost-Reimbursement,Single-Award Indefinite-Delivery,N65236 - NIWCLANT,FY23,Q2,FY23,Q3,,New,,,"Charleston, SC",541330 - Engineering Services,DG01 - IT AND TELECOM - NETWORK SUPPORT SERVICES (LABOR),"REHWOLDT, TYLER D.",tyler.d.rehwoldt.civ@us.navy.mil,NAVWAR OSBP,navwarsbo.fct@navy.mil,,,,,,N65236-23-RFPREQ-LSUBP00057-0104,https://ams.navair.navy.mil/procurement/7E373154-3B4E-49CA-82FE-0CEA0A8C1A30
LRAE Annex 25,446,"LIPTM00251- Fleet Support Office IPT - USS Abraham Lincoln, CVN-72 and USS Ronald Reagan, CVN-76 VIDS Repair Support _NEW SAC_8009","Contract # N65236-23-D-8009 - SAC - USS Abraham Lincoln, CVN-72 and USS Ronald Reagan, CVN-76 VIDS Repair Support",LSUBP00057 - LSUBP00057 - FLEET INSTALLATION & READINESS DIV HD - NIWCLANT,< $2M,8(a) Sole Source,Cost-Reimbursement,Delivery Order/Task Order,N65236 - NIWCLANT,FY23,Q3,FY23,Q3,,New,,,"San Diego, CA",TBD - TBD,TBD - TBD,"REHWOLDT, TYLER D.",tyler.d.rehwoldt.civ@us.navy.mil,NAVWAR OSBP,navwarsbo.fct@navy.mil,,,,,,N65236-23-RFPREQ-LSUBP00057-0094,https://ams.navair.navy.mil/procurement/AF9C6C4A-8799-48FC-AA48-565E0F12C025
LRAE Annex 25,447,4983 - NEW TASK ORDER / LATE ADDS & USS WASP INSTALLS LIPTM00426 (C),"4983 - NEW TASK ORDER / LATE ADDS & USS WASP INSTALLS LIPTM00426
N0003919D00200025",LSUBP00057 - LSUBP00057 - FLEET INSTALLATION & READINESS DIV HD - NIWCLANT,< $2M,,Cost-Reimbursement,Delivery Order/Task Order,N65236 - NIWCLANT,FY23,Q2,FY23,Q3,,New,,,"Charleston, SC",541330 - Engineering Services,DG01 - IT AND TELECOM - NETWORK SUPPORT SERVICES (LABOR),"REHWOLDT, TYLER D.",tyler.d.rehwoldt.civ@us.navy.mil,NAVWAR OSBP,navwarsbo.fct@navy.mil,,,,,,N65236-23-RFPREQ-LSUBP00057-0089,https://ams.navair.navy.mil/procurement/17A9AE3D-3AEB-46A5-8F18-2DB054ACAB67
LRAE Annex 25,448,4968 - NEW TASK ORDER USS GEORGE H W BUSH INSTALLS (C),"4968 - NEW TASK ORDER USS GEORGE H W BUSH INSTALLS
N0003919D00200025",LSUBP00057 - LSUBP00057 - FLEET INSTALLATION & READINESS DIV HD - NIWCLANT,$2M - $7.5M,,Cost-Reimbursement,Delivery Order/Task Order,N65236 - NIWCLANT,FY23,Q2,FY23,Q3,,New,,,"Charleston, SC",541330 - Engineering Services,DG01 - IT AND TELECOM - NETWORK SUPPORT SERVICES (LABOR),"REHWOLDT, TYLER D.",tyler.d.rehwoldt.civ@us.navy.mil,NAVWAR OSBP,navwarsbo.fct@navy.mil,,,,,,N65236-23-RFPREQ-LSUBP00057-0105,https://ams.navair.navy.mil/procurement/45A9BE69-00BA-4321-A15C-22393BC1D6B2
LRAE Annex 25,449,4984 - NEW TASK ORDER USS GEORGE H W BUSH (CVN 77) OCF INSTALLS (C),"4984 - NEW TASK ORDER USS GEORGE H W BUSH (CVN 77) OCF INSTALLS
N0003919D00200025",LSUBP00057 - LSUBP00057 - FLEET INSTALLATION & READINESS DIV HD - NIWCLANT,$2M - $7.5M,,Cost-Reimbursement,Delivery Order/Task Order,N65236 - NIWCLANT,FY23,Q2,FY23,Q3,,New,,,"Charleston, SC",541330 - Engineering Services,DG01 - IT AND TELECOM - NETWORK SUPPORT SERVICES (LABOR),"REHWOLDT, TYLER D.",tyler.d.rehwoldt.civ@us.navy.mil,NAVWAR OSBP,navwarsbo.fct@navy.mil,,,,,,N65236-23-RFPREQ-LSUBP00057-0106,https://ams.navair.navy.mil/procurement/068D1C0B-28F9-4EDF-8BBA-73A4BB51CD10
LRAE Annex 25,450,4995 - ACF MULTI-HULL INSTALLS LIPTM00257 (C),"4995 - ACF MULTI-HULL INSTALLS LIPTM00257
PPR FOR NEW TASK ORDER
N0003919D00200025",LSUBP00057 - LSUBP00057 - FLEET INSTALLATION & READINESS DIV HD - NIWCLANT,< $2M,,Cost-Reimbursement,Delivery Order/Task Order,N65236 - NIWCLANT,FY23,Q2,FY23,Q3,,New,,,"Charleston, SC",541330 - Engineering Services,DG01 - IT AND TELECOM - NETWORK SUPPORT SERVICES (LABOR),"REHWOLDT, TYLER D.",tyler.d.rehwoldt.civ@us.navy.mil,NAVWAR OSBP,navwarsbo.fct@navy.mil,,,,,,N65236-23-RFPREQ-LSUBP00057-0113,https://ams.navair.navy.mil/procurement/00FCB5CA-136C-4109-934B-1CB10C59AA1D
LRAE Annex 25,451,4986 - USS MOUNT WHITNEY (LCC 20) INSTALLS (C),"4986 - USS MOUNT WHITNEY (LCC 20) INSTALLS
PPR FOR NEW TASK ORDER
N0003919D00200025",LSUBP00057 - LSUBP00057 - FLEET INSTALLATION & READINESS DIV HD - NIWCLANT,< $2M,,Cost-Reimbursement,Delivery Order/Task Order,N65236 - NIWCLANT,FY23,Q2,FY23,Q3,,New,,,"Charleston, SC",541330 - Engineering Services,DG01 - IT AND TELECOM - NETWORK SUPPORT SERVICES (LABOR),"REHWOLDT, TYLER D.",tyler.d.rehwoldt.civ@us.navy.mil,NAVWAR OSBP,navwarsbo.fct@navy.mil,,,,,,N65236-23-RFPREQ-LSUBP00057-0114,https://ams.navair.navy.mil/procurement/159CD345-DF86-4A3A-9932-8F71D39397D7
LRAE Annex 25,452,5001 - NMT SICILY NEW TASK ORDER LIPTM00256L (C),"5001 - NMT SICILY NEW TASK ORDER LIPTM00256L
N0003919D00200025",LSUBP00057 - LSUBP00057 - FLEET INSTALLATION & READINESS DIV HD - NIWCLANT,< $2M,,Fixed-Price,Delivery Order/Task Order,N65236 - NIWCLANT,FY23,Q2,FY23,Q3,,New,,,"Charleston, SC",541330 - Engineering Services,N059 - INSTALLATION OF EQUIPMENT- ELECTRICAL AND ELECTRONIC EQUIPMENT COMPONENTS,"REHWOLDT, TYLER D.",tyler.d.rehwoldt.civ@us.navy.mil,NAVWAR OSBP,navwarsbo.fct@navy.mil,,,,,,N65236-23-RFPREQ-LSUBP00057-0119,https://ams.navair.navy.mil/procurement/9C286D74-61E3-43CA-A8C2-DA1F27057721
LRAE Annex 25,453,"18658 - FOE PPR INSTALL OF AEGIS ASHORE C4I & C31 SYS REDZIKOWO, POLAND & DEVESELU, ROMANIA (C)","18658 - FOE PPR - INSTALL OF AEGIS ASHORE C4I & C31 SYS REDZIKOWO, POLAND & DEVESELU, ROMANIA
FOE PPR  N00039-19-D-0015   /   22F0117",LSUBP00057 - LSUBP00057 - FLEET INSTALLATION & READINESS DIV HD - NIWCLANT,< $2M,,Cost-Reimbursement,Delivery Order/Task Order,N65236 - NIWCLANT,FY23,Q3,FY23,Q3,,New,,,"Charleston, SC",541330 - Engineering Services,N059 - INSTALLATION OF EQUIPMENT- ELECTRICAL AND ELECTRONIC EQUIPMENT COMPONENTS,"REHWOLDT, TYLER D.",tyler.d.rehwoldt.civ@us.navy.mil,NAVWAR OSBP,navwarsbo.fct@navy.mil,,,,,,N65236-23-RFPREQ-LSUBP00057-0125,https://ams.navair.navy.mil/procurement/2712D575-DCBA-4497-BC5A-8EF302AE6720
LRAE Annex 25,454,5007 - USS ROOSEVELT (DDG-80) INSTALLATIONS LIPTM00257 - GIC - 1 year POP (C),"5007 - USS ROOSEVELT (DDG-80) INSTALLATIONS LIPTM00257
REQUEST FOR NEW TASK ORDER
POP 07/16/2023 THRU 06/01/2024
COR CHERYL MAJEWSKI",LSUBP00057 - LSUBP00057 - FLEET INSTALLATION & READINESS DIV HD - NIWCLANT,< $2M,,Fixed-Price,Delivery Order/Task Order,N65236 - NIWCLANT,FY23,Q3,FY23,Q4,,New,,,"Charleston, SC",541330 - Engineering Services,DG01 - IT AND TELECOM - NETWORK SUPPORT SERVICES (LABOR),"REHWOLDT, TYLER D.",tyler.d.rehwoldt.civ@us.navy.mil,NAVWAR OSBP,navwarsbo.fct@navy.mil,,,,,,N65236-23-RFPREQ-LSUBP00057-0169,https://ams.navair.navy.mil/procurement/17BD5914-3422-4230-BC53-0A337AEB29BA
LRAE Annex 25,455,5008 - NEW TASK ORDER USS FORT LAUDERDALE LIPTM00426 (C),"5008 - NEW TASK ORDER USS FORT LAUDERDALE LIPTM00426
N0003919D00200025",LSUBP00057 - LSUBP00057 - FLEET INSTALLATION & READINESS DIV HD - NIWCLANT,< $2M,,Cost-Reimbursement,Delivery Order/Task Order,N65236 - NIWCLANT,FY23,Q3,FY23,Q4,,New,,,"Charleston, SC",541330 - Engineering Services,DG01 - IT AND TELECOM - NETWORK SUPPORT SERVICES (LABOR),"REHWOLDT, TYLER D.",tyler.d.rehwoldt.civ@us.navy.mil,NAVWAR OSBP,navwarsbo.fct@navy.mil,,,,,,N65236-23-RFPREQ-LSUBP00057-0189,https://ams.navair.navy.mil/procurement/ACAE734A-7C88-46A7-8121-CC3CF1F96E64
LRAE Annex 25,456,5013 - NEW TASK ORDER USS AAMDS POLAND (HN 2) LIPTM00257 (C),"5013 - NEW TASK ORDER USS AAMDS POLAND (HN 2) LIPTM00257
N0003919D00200025",LSUBP00057 - LSUBP00057 - FLEET INSTALLATION & READINESS DIV HD - NIWCLANT,< $2M,,Cost-Reimbursement,Delivery Order/Task Order,N65236 - NIWCLANT,FY23,Q3,FY23,Q4,,New,,,"Charleston, SC",541330 - Engineering Services,DG01 - IT AND TELECOM - NETWORK SUPPORT SERVICES (LABOR),"REHWOLDT, TYLER D.",tyler.d.rehwoldt.civ@us.navy.mil,NAVWAR OSBP,navwarsbo.fct@navy.mil,,,,,,N65236-23-RFPREQ-LSUBP00057-0224,https://ams.navair.navy.mil/procurement/B5F25408-1550-46A0-BE83-F1DFCBE0E82D
LRAE Annex 25,457,Next Generation Surveillance Array (C),Development of next generation surveillance array with open architecture telemetry.,PMS-485 - PMS-485 - NAVWAR,$50M - $100M,,TBD,TBD,N00039 - NAVWAR,,,FY27,Q3,60,New,,,"San Diego, CA","334511 - Search, Detection, Navigation, Guidance, Aeronautical, and Nautical System and Instrument Manufacturing",5845 - UNDERWATER SOUND EQUIPMENT,"Roa, Lindsay",lindsay.l.roa.civ@us.navy.mil,NAVWAR OSBP,navwarsbo.fct@navy.mil,Secret,Secret,,,,N00039-23-RFPREQ-PMS-485-0048,https://ams.navair.navy.mil/procurement/DF690772-D2F7-4A03-8981-92F05FB53E86
LRAE Annex 25,458,Deep Water Active (C),Procurement and refurbishment of DWA,PMS-485 - PMS-485 - NAVWAR,$100M - $250M,TBD,Cost-Reimbursement,Single-Award Indefinite-Delivery,N00039 - NAVWAR,,,FY25,Q1,60,New,,,"San Diego, CA","334511 - Search, Detection, Navigation, Guidance, Aeronautical, and Nautical System and Instrument Manufacturing",5845 - UNDERWATER SOUND EQUIPMENT,"Roa, Lindsay",lindsay.l.roa.civ@us.navy.mil,NAVWAR OSBP,navwarsbo.fct@navy.mil,Secret,Secret,,,,N00039-23-RFPREQ-PMS-485-0050,https://ams.navair.navy.mil/procurement/B0EDF101-6437-4843-AF33-A0338BFFC16F
LRAE Annex 25,459,Surveillance Towed Array Sensor System (SURTASS) Operations and Maintenance Technician Crew and Field Support Team (C),Operations and maintenance of SURTASS and field support team members to provide SURTASS engineering and logistics support.,PMS-485 - PMS-485 - NAVWAR,$100M - $250M,,TBD,TBD,N00039 - NAVWAR,,,FY27,Q2,60,Follow-on,N0003922F3003,,"Virginia Beach, VA",541330 - Engineering Services,R425 - SUPPORT- PROFESSIONAL: ENGINEERING/TECHNICAL,"Roa, Lindsay",lindsay.l.roa.civ@us.navy.mil,NAVWAR OSBP,navwarsbo.fct@navy.mil,Secret,Top Secret,,,This contract requires access up to Top Secret or Top Secret/SCI level.  This is also a Seaport Order.,N00039-25-RFPREQ-PMS-485-0001,https://ams.navair.navy.mil/procurement/E8AA63F8-923B-4A01-AE4F-FA3F87D62E1C
LRAE Annex 25,460,Integrated Undersea Surveillance Systems (IUSS) Product Support Facility (PSF) (C),"Services for the operation of the IUSS PSF as well as software, network, and facility",PMS-485 - PMS-485 - NAVWAR,$7.5M - $50M,,TBD,TBD,N00039 - NAVWAR,,,FY27,Q3,60,Follow-on,N0003922F3013,,"Virginia Beach, VA","541614 - Process, Physical Distribution, and Logistics Consulting Services",R706 - SUPPORT- MANAGEMENT: LOGISTICS SUPPORT,"Roa, Lindsay",lindsay.l.roa.civ@us.navy.mil,NAVWAR OSBP,navwarsbo.fct@navy.mil,Secret,Secret,,,this is a Seaport Order,N00039-25-RFPREQ-PMS-485-0002,https://ams.navair.navy.mil/procurement/43B88029-F9D8-4C13-A95A-67B18922C53E
LRAE Annex 25,461,Integrated Common Processor (ICP) 28,"Design, development, production, installation, and maintenance of integrated software and hardware for the Integrated Common Processor (ICP) system",PMS-485 - PMS-485 - NAVWAR,$250M - $1B,,Cost-Reimbursement,"""C"" Type Contract",N00039 - NAVWAR,,,FY28,Q2,60,Follow-on,N0003923C9000,LOCKHEED MARTIN CORPORATION,"San Diego, CA","334511 - Search, Detection, Navigation, Guidance, Aeronautical, and Nautical System and Instrument Manufacturing",5845 - UNDERWATER SOUND EQUIPMENT,"Roa, Lindsay",lindsay.l.roa.civ@us.navy.mil,NAVWAR OSBP,navwarsbo.fct@navy.mil,Secret,Secret,,,,N00039-26-RFPREQ-PMS-485-0001,https://ams.navair.navy.mil/procurement/462415F8-4BDA-4DD8-95B0-3A9B8E091D50
LRAE Annex 25,462,T-25 Class Active Array Amplifiers,Production of Amplifiers for the T-25 Class Active Mission Suite.,PMS-485 - PMS-485 - NAVWAR,$7.5M - $50M,,TBD,TBD,N00039 - NAVWAR,,,FY26,Q3,60,New,,,"San Diego, CA",TBD - TBD,TBD - TBD,"Roa, Lindsay",lindsay.l.roa.civ@us.navy.mil,NAVWAR OSBP,navwarsbo.fct@navy.mil,Secret,Secret,,,,N00039-23-RFPREQ-PMS-485-0072,https://ams.navair.navy.mil/procurement/6135908E-0F81-4FA6-86D5-7C0AD934A107
LRAE Annex 25,463,HFM3 Production Systems & Engineering Services,"This contract provides procurement options for five HFM3 sonar systems (one per option year), and engineering services for the maintenance and repair of legacy and new production HFM3 systems.",PMS-485 - PMS-485 - NAVWAR,$7.5M - $50M,Small Business Set-Aside,Fixed-Price,"""C"" Type Contract",N00039 - NAVWAR,FY23,Q3,FY24,Q3,60,Follow-on,N0003919C0062,"SCIENTIFIC SOLUTIONS, INC.","San Diego, CA",TBD - TBD,TBD - TBD,"Roa, Lindsay",lindsay.l.roa.civ@us.navy.mil,NAVWAR OSBP,navwarsbo.fct@navy.mil,Secret,Secret,,,,N00039-23-RFPREQ-PMS-485-0029,https://ams.navair.navy.mil/procurement/C31CE692-0CEB-4B16-91D5-C62413725B2F
LRAE Annex 25,464,NAVWAR_NIWC_Family of Systems Performance Based Logistics and Acquisition Logistics Support (C),"Work under this order covers program management, logistics, technical and troubleshooting and depot-level repair services to include all NAVWAR Command, Control, Communications, Computers, Intelligence, Surveillance and Reconnaissance (C4ISR) systems, all Navy Afloat Networks and other  DOD Information/Cyber Technology systems,  Army Navy General Utility Radio Carrier-109 (AN/URC-109), Precise Time and Time Interval (PTTI) Frequency Standards, Army Navy General Utility Countermeasures Special/Combination-16 (AN/ULQ-16), Army Navy General Utility Radio Navigational Aids-31 (Automatic Identification System) (AN/URN-31 (AIS)),Navy Information Application Product Suite (NIAPS), Navy Standard Integrated Personnel System (NSIPS), Visual Information Display System (VIDS), Military Sealift Command (MSC), United States Coast Guard (USCG), depot level repair and testing, and the Performance Based Logistics –Organic (PBL-O) Management.  The government will forward requisitions received from Navy Supply Systems Command (NAVSUP) for replacement and or repair of faulty equipment.  This work will encompass the  preparation of all documentation associated with this support in accordance with the requirements of the Memorandum of Agreement between NAVWAR and NAVSUP. Performance of this work will included conducting business operations in accordance with the System Specific Addendum (SSA) aligned to the Memorandum of Agreement and meet all system key performance parameters and metrics identified within the program/system SSA’s.   Performance of this work will be in accordance with the Navsup Publication P723 and the Navsup Internal Control Aids. Work also supports acquisition logistics functions such as provisioning, obsolescence management (DMSMS0 configuration management, maintenance requirements card development, technical documentation development and supportability analysis",LSUBP00093 - LSUBP00093 - 4.7 Competency Division - NIWCLANT,$50M - $100M,TBD,Cost-Reimbursement,Delivery Order/Task Order,N65236 - NIWCLANT,FY23,Q3,FY24,Q2,,Follow-on,N6523619F3040,,"Virginia Beach, VA",541330 - Engineering Services,R425 - SUPPORT- PROFESSIONAL: ENGINEERING/TECHNICAL,"Roberts, Tyler",tyler.j.roberts53.civ@us.navy.mil,NAVWAR OSBP,navwarsbo.fct@navy.mil,,,,,,N65236-24-RFPREQ-LSUBP00093-0001,https://ams.navair.navy.mil/procurement/55104F7B-1B06-4467-A7C2-CC6881FFAC17
LRAE Annex 25,465,"LIPTM00386, Command Software Services (S2IPT), Archibus (base + options) software, SEWP (C)","This procurement is submitted to renew licenses used by NIWC Atlantic Facilities' Integrated Work Management System. These products are included in the IWMS Authorization To Operate (ATO).

NIWC LANT uses Archibus software to automate facilities related business processes across NIWC Atlantic as approved through the NIWC Atlantic change control board (CCB).",LSUBP00087 - LSUBP00087 - Command Information Officer Division - NIWCLANT,< $2M,TBD,Fixed-Price,Delivery Order/Task Order,N65236 - NIWCLANT,FY23,Q3,FY23,Q4,,Follow-on,,,"NORTH CHARLESTON, SC",TBD - TBD,7A21 - IT AND TELECOM - BUSINESS APPLICATION SOFTWARE (PERPETUAL LICENSE SOFTWARE),"Roberts, Tyler",tyler.j.roberts53.civ@us.navy.mil,NAVWAR OSBP,navwarsbo.fct@navy.mil,,,,,,N65236-23-RFPREQ-LSUBP00087-0019,https://ams.navair.navy.mil/procurement/917EF110-D255-485A-9CB3-3B7B75E96B55
LRAE Annex 25,466,Telephony Operations Support,"This support encompasses engineering analysis, maintenance support, customer service,
and information assurance support for the command’s desk telephones, voice mail and associated services for the Telephone System.",LSUBP00087 - LSUBP00087 - Command Information Officer Division - NIWCLANT,$2M - $7.5M,8(a) Sole Source,Cost-Reimbursement,Single-Award Indefinite-Delivery,N65236 - NIWCLANT,FY23,Q4,FY24,Q1,,New,,,"NORTH CHARLESTON, SC",TBD - TBD,"DE01 - IT AND TELECOM - END USER SUPPORT SERVICES: CONFERENCING, AV, HELPDESK, DESKSIDE SUPPORT, WORKSPACE, PRINTERS, COLLABORATION AND PRODUCTIVITY TOOLS (LABOR)","Roberts, Tyler",tyler.j.roberts53.civ@us.navy.mil,NAVWAR OSBP,navwarsbo.fct@navy.mil,,,,,,N65236-23-RFPREQ-LSUBP00087-0021,https://ams.navair.navy.mil/procurement/5A18D95B-98C9-4008-A60E-EF0F486F0F6D
LRAE Annex 25,467,"LIPTM00460, RDT&E, New Task Order on NITAAC to VION","New Sole Source TO to VION utilizing the Command approved NITAAC CIO CS GWAC contract vehicle for on-premise Capacity as a Service (CaaS) support utilizing an 86 day PALT (per Erica Smoak, 2.0 Tier III).  Contract Number is HHSN316201500009W (Note: Contract Number field does not allow for the full Contract Number. Problem escalated and the field was left blank. The Award tab does allow for the full Contract Number). Support is for the Research Development Test & Evaluation (RDT&E) Network Services IPT (Note: Per Tyler Roberts, 2.0 Tier IV, abbreviated IPT name in Title).",LSUBP00087 - LSUBP00087 - Command Information Officer Division - NIWCLANT,$2M - $7.5M,Small Business Set-Aside,Fixed-Price,Delivery Order/Task Order,N65236 - NIWCLANT,FY23,Q3,FY23,Q4,,New,,,"Charleston, SC","518210 - Computing Infrastructure Providers, Data Processing, Web Hosting, and Related Services",DK01 - IT AND TELECOM - STORAGE SUPPORT SERVICES (LABOR),"Roberts, Tyler",tyler.j.roberts53.civ@us.navy.mil,NAVWAR OSBP,navwarsbo.fct@navy.mil,,,,,,N65236-23-RFPREQ-LSUBP00087-0022,https://ams.navair.navy.mil/procurement/783FF197-4203-4B00-AFA8-D61E40EBE78D
LRAE Annex 25,468,"LIPTM00461_Electromagnetic Environmental Effects (E3), Test, Evaluation, and Range Services  12 Months","N6523623D1004 Task Order for Electromagnetic Environmental Effects (E3), Test, Evaluation, and Range Services Support of C4ISR Systems",LSUBP00080 - LSUBP00080 - 5.9 Service Center - NIWCLANT,$2M - $7.5M,,Fixed-Price,Delivery Order/Task Order,N65236 - NIWCLANT,,,FY23,Q2,,New,,,"Charleston, SC",TBD - TBD,TBD - TBD,"Roberts, Tyler",tyler.j.roberts53.civ@us.navy.mil,NAVWAR OSBP,navwarsbo.fct@navy.mil,,,,,,N65236-23-RFPREQ-LSUBP00080-0001,https://ams.navair.navy.mil/procurement/5426BAEF-BAF8-4540-BFD2-FA64CE1EC0C6
LRAE Annex 25,469,SOCS IPT; FY25 LIPTM00128 SOCS SATCOM Follow On (CIR 2X-XXX) (C),SOCS IPT; FY25 LIPTM00128 SOCS SATCOM Follow On; Initiating process for PPC Meeting. Follow on to current SATCOM IDIQ,LSUBP00004 - LSUBP00004 - EXPEDITIONARY C3 SOLUTIONS DIV HEAD - NIWCLANT,$100M - $250M,,TBD,Single-Award Indefinite-Delivery,N65236 - NIWCLANT,,,FY25,Q2,,Follow-on,N6523620D8003,"CACI, INC. - FEDERAL","Tampa, FL",517410 - Satellite Telecommunications,TBD - TBD,"Roberts, Tyler",tyler.j.roberts53.civ@us.navy.mil,NAVWAR OSBP,navwarsbo.fct@navy.mil,,,,,,N65236-23-RFPREQ-LSUBP00004-0052,https://ams.navair.navy.mil/procurement/F9FF77A9-A5DB-4A77-B193-C54D37C1E1A4
LRAE Annex 25,470,LIPTM00004_FAA_MMATCT_SEWP (C),To procure supporting equipment and integration materials for FAA MMATCT (Medium Mobile Air Traffic Control Tower) on NASA SEWP (SEWP_NNG15SD).,LSUBP00001 - LSUBP00001 - AIR TRAFFIC CONTROL DIV HEAD - NIWCLANT,< $2M,TBD,Fixed-Price,Delivery Order/Task Order,N65236 - NIWCLANT,FY23,Q3,FY23,Q4,,New,,,"Charleston, SC",541519 - Other Computer Related Services,5999 - MISCELLANEOUS ELECTRICAL AND ELECTRONIC COMPONENTS,"Rosenstrom, Kristen",kristen.rosenstrom@navy.mil,NAVWAR OSBP,navwarsbo.fct@navy.mil,,,,,,N65236-22-RFPREQ-LSUBP00001-0015,https://ams.navair.navy.mil/procurement/013335E2-ACEA-43BD-B9A1-6D970CAB71AB
LRAE Annex 25,471,LIPTM00001_SLIP RINGS_CLIN 0002_EEC,"PURCHASE FOR SLIP RINGS FOR PROPER OPERATION OF SWR. 4 SETS (TOTAL QTY ) AT $ FOR A TOTAL OF $. THIS MATERIAL PURCHASE HAS A 4 MONTH LEAD TIME.

COR CONTACTED VENDOR, VENDOR ADVISED THAT THESE ITEMS CAN ONLY BE SOLD VIA THE OEM (EEC).",LSUBP00001 - LSUBP00001 - AIR TRAFFIC CONTROL DIV HEAD - NIWCLANT,< $2M,Sole-Source,Fixed-Price,Delivery Order/Task Order,N65236 - NIWCLANT,FY23,Q4,FY23,Q4,,New,,,"Charleston, SC","334511 - Search, Detection, Navigation, Guidance, Aeronautical, and Nautical System and Instrument Manufacturing","5840 - RADAR EQUIPMENT, EXCEPT AIRBORNE","Rosenstrom, Kristen",kristen.rosenstrom@navy.mil,NAVWAR OSBP,navwarsbo.fct@navy.mil,,,,,,N65236-23-RFPREQ-LSUBP00001-0083,https://ams.navair.navy.mil/procurement/01A0E0EB-CF7D-4F04-AE35-0707883119BC
LRAE Annex 25,472,LIPTM00004_MIDS JTRS Equip_SEWP (C),Viasat Support cases for MIDS JTRS. Brand name only,LSUBP00001 - LSUBP00001 - AIR TRAFFIC CONTROL DIV HEAD - NIWCLANT,$2M - $7.5M,Small Business Set-Aside,Fixed-Price,Delivery Order/Task Order,N65236 - NIWCLANT,FY23,Q2,FY23,Q3,,New,,,"Charleston, SC",488111 - Air Traffic Control,5999 - MISCELLANEOUS ELECTRICAL AND ELECTRONIC COMPONENTS,"Rosenstrom, Kristen",kristen.rosenstrom@navy.mil,NAVWAR OSBP,navwarsbo.fct@navy.mil,,,,,,N65236-23-RFPREQ-LSUBP00001-0026,https://ams.navair.navy.mil/procurement/88941E66-89D3-4926-99EA-E571D90DFF22
LRAE Annex 25,473,LIPTM00003_FOCIS(V)3 TDM Equip Upgrade_SEWP (C),"Purpose is to purchase equipment, warranty, and configuration of TDM to IP transition upgrade for the multiplexer equipment. Partial shipments is an option. May require a PWS/IGE (not the std template) for services. 
ITPR & Non-DoD ACQ Form required
Delivery =  (Lead Time = 2-14 weeks)",LSUBP00001 - LSUBP00001 - AIR TRAFFIC CONTROL DIV HEAD - NIWCLANT,< $2M,,Fixed-Price,Delivery Order/Task Order,N65236 - NIWCLANT,FY23,Q3,FY23,Q4,,New,,,"Charleston, SC",334111 - Electronic Computer Manufacturing,5999 - MISCELLANEOUS ELECTRICAL AND ELECTRONIC COMPONENTS,"Rosenstrom, Kristen",kristen.rosenstrom@navy.mil,NAVWAR OSBP,navwarsbo.fct@navy.mil,,,,,,N65236-23-RFPREQ-LSUBP00001-0045,https://ams.navair.navy.mil/procurement/6CDD610C-57AA-469A-8A5E-A7609799FBA4
LRAE Annex 25,474,LIPTM00001_SWR System Support_SAC_Follow-On (CIR 22-027),"The primary purpose for this action is to continue to obtain life cycle support, upgraded equipment and technical services for existing EEC SWR-250 system (AN/FPS-131A) from the Original Equipment Manufacturer (OEM). EEC developed the hardware and software associated with these systems. If a decision is made to replace the current EEC systems with new replacement systems, that procurement will be competed and would include all auxiliary components and services. The OEM would still sustain / maintain the system until a full replacement is in service. There is currently only one responsible source and no other supplies or services will satisfy agency requirements. Enterprise Electronics Corporation (EEC) developed and holds proprietary rights to the software associated with these systems.",LSUBP00001 - LSUBP00001 - AIR TRAFFIC CONTROL DIV HEAD - NIWCLANT,$7.5M - $50M,,Fixed-Price,Single-Award Indefinite-Delivery,N65236 - NIWCLANT,FY23,Q2,FY24,Q1,,Follow-on,N6523618D1004,ENTERPRISE ELECTRONICS CORPORATION,"Charleston, SC","334511 - Search, Detection, Navigation, Guidance, Aeronautical, and Nautical System and Instrument Manufacturing","5840 - RADAR EQUIPMENT, EXCEPT AIRBORNE","Rosenstrom, Kristen",kristen.rosenstrom@navy.mil,NAVWAR OSBP,navwarsbo.fct@navy.mil,,,,,,N65236-24-RFPREQ-LSUBP00001-0001,https://ams.navair.navy.mil/procurement/820F2A14-0BE9-4EB4-8348-2717B3FAB99F
LRAE Annex 25,475,LIPTM00004_ACC Long Lead Items_SEWP open (C),"Procure materials to support an ACC project.
List: Long Lead and Unique Items, Hardware, JREs 18D3002RADEL, 22F0614, Cornet gear (headsets and adapters), workstations (specialized furniture), GPS
Approximately 1 year lead time. high dollar, many line items.
make sure we can get items scoped and available through SEWP.
Requesting SEWP Full and Open due to a very difficult time getting complete bids and competition. Needs info for 2579. Requesting SEWP Full and Open due to historical issues in getting bids, many items.
Reference previous complex orders: MERLIN/TTRS/MSAB/COOP",LSUBP00001 - LSUBP00001 - AIR TRAFFIC CONTROL DIV HEAD - NIWCLANT,< $2M,TBD,Fixed-Price,Delivery Order/Task Order,N65236 - NIWCLANT,FY23,Q3,FY23,Q4,,New,,,"Charleston, SC",488111 - Air Traffic Control,5999 - MISCELLANEOUS ELECTRICAL AND ELECTRONIC COMPONENTS,"Rosenstrom, Kristen",kristen.rosenstrom@navy.mil,NAVWAR OSBP,navwarsbo.fct@navy.mil,,,,,,N65236-23-RFPREQ-LSUBP00001-0047,https://ams.navair.navy.mil/procurement/88289522-208A-47FD-873E-ECD52CD63FB0
LRAE Annex 25,476,LIPTM00004_MERLIN_Internals_SEWP (C),"Procure materials related to the MERLIN project.
List: Radar processing hardware, test equipment",LSUBP00001 - LSUBP00001 - AIR TRAFFIC CONTROL DIV HEAD - NIWCLANT,$2M - $7.5M,TBD,TBD,Delivery Order/Task Order,N65236 - NIWCLANT,FY23,Q3,FY23,Q4,,,,,"Charleston, SC",488111 - Air Traffic Control,5999 - MISCELLANEOUS ELECTRICAL AND ELECTRONIC COMPONENTS,"Rosenstrom, Kristen",kristen.rosenstrom@navy.mil,NAVWAR OSBP,navwarsbo.fct@navy.mil,,,,,,N65236-23-RFPREQ-LSUBP00001-0072,https://ams.navair.navy.mil/procurement/0FA3CB7A-6D26-474F-AE0C-368E16BB7F9C
LRAE Annex 25,477,LIPTM00003_Cisco C8200L_Routers_GSA (C),"Procuring Cisco C8200L-1N-4T routers from transition from TDM to IP as mandated by DISA.
These routers are the latest DISA approved unit for this purpose.",LSUBP00001 - LSUBP00001 - AIR TRAFFIC CONTROL DIV HEAD - NIWCLANT,No Range Specified,,TBD,Delivery Order/Task Order,N65236 - NIWCLANT,FY23,Q3,FY23,Q4,,New,,,"Charleston, SC",TBD - TBD,TBD - TBD,"Rosenstrom, Kristen",kristen.rosenstrom@navy.mil,NAVWAR OSBP,navwarsbo.fct@navy.mil,,,,,,N65236-23-RFPREQ-LSUBP00001-0080,https://ams.navair.navy.mil/procurement/A6B65F6B-9F86-4364-8F37-652A57DADD40
LRAE Annex 25,478,LIPTM00003_Sunhillo_RICI-6000_GSA (C),"Procuring Sunhillo RICI-6000 Radar Data Format Translators to support the transition from TDM to IP as mandated by DISA.
These units convert the data to provide isolation between the radar and DISA services, these units are the only ones certified for use in the National Airspace by the FAA",LSUBP00001 - LSUBP00001 - AIR TRAFFIC CONTROL DIV HEAD - NIWCLANT,< $2M,,TBD,TBD,N65236 - NIWCLANT,FY23,Q3,FY23,Q4,,New,,,"Charleston, SC",TBD - TBD,TBD - TBD,"Rosenstrom, Kristen",kristen.rosenstrom@navy.mil,NAVWAR OSBP,navwarsbo.fct@navy.mil,,,,,,N65236-23-RFPREQ-LSUBP00001-0081,https://ams.navair.navy.mil/procurement/E3378F24-CB59-4C45-AA2B-C7916C873D6C
LRAE Annex 25,479,LIPTM00003_Sunhillo_RICI-6000 Translators_GSA (C),"Procuring Sunhillo RICI-6000 Radar Data Format Translators to support the transition from TDM to IP as mandated by DISA.
These units convert the data to provide isolation between the radar and DISA services, these units are the only ones certified for use in the National Airspace by the FAA",LSUBP00001 - LSUBP00001 - AIR TRAFFIC CONTROL DIV HEAD - NIWCLANT,No Range Specified,,TBD,Delivery Order/Task Order,N65236 - NIWCLANT,FY23,Q3,FY23,Q4,,New,,,"Charleston, SC",TBD - TBD,"5985 - ANTENNAS, WAVEGUIDES, AND RELATED EQUIPMENT","Rosenstrom, Kristen",kristen.rosenstrom@navy.mil,NAVWAR OSBP,navwarsbo.fct@navy.mil,,,,,,N65236-23-RFPREQ-LSUBP00001-0082,https://ams.navair.navy.mil/procurement/432F6AA4-EE67-4651-941E-094C0E06F6D1
LRAE Annex 25,480,"LIPTM00464, Data Center and Cloud Hosting Services, FY23 COMMVAULT LICENSE RENEWAL, SEWP (C)",TO RENEW COMMVAULT LICENSES,LSUBP00066 - LSUBP00066 - DATA CENTER & CLOUD HOSTING SERVICES DIV HEAD - NIWCLANT,< $2M,TBD,Fixed-Price,Delivery Order/Task Order,N65236 - NIWCLANT,FY23,Q3,FY23,Q3,,New,,,"Charleston, SC",541519 - Other Computer Related Services,7A21 - IT AND TELECOM - BUSINESS APPLICATION SOFTWARE (PERPETUAL LICENSE SOFTWARE),"SEAMAN, TIANNA",tianna.l.seaman.civ@us.navy.mil,NAVWAR OSBP,navwarsbo.fct@navy.mil,,,,,,N65236-23-RFPREQ-LSUBP00066-0015,https://ams.navair.navy.mil/procurement/14D3AF20-B9AC-467B-9719-D0683913CA24
LRAE Annex 25,481,"LIPTM00086/MyNavy Human Resources Solutions- Smartbear ReadyAPI! Software renewal, SEWP (C)",Purchase of maintenance of Smartbear ReadyAPI! Software for the NSIPS program. POP 6/27/23-6/26/24.,LSUBP00011 - LSUBP00011 - MANPWR PERS TRNG & EDU SYS DIV HEAD - NIWCLANT,< $2M,TBD,Fixed-Price,Delivery Order/Task Order,N65236 - NIWCLANT,FY23,Q3,FY23,Q3,,Follow-on,N6523622F0249,,"New Orleans, LA",541519 - Other Computer Related Services,7A21 - IT AND TELECOM - BUSINESS APPLICATION SOFTWARE (PERPETUAL LICENSE SOFTWARE),"SEAMAN, TIANNA",tianna.l.seaman.civ@us.navy.mil,NAVWAR OSBP,navwarsbo.fct@navy.mil,,,,,,N65236-23-RFPREQ-LSUBP00011-0025,https://ams.navair.navy.mil/procurement/89A61145-1E04-4846-BD41-31A711AF378F
LRAE Annex 25,482,"LIPTM00457, Integrated Service Center, JAVA SSO Maintenance Renewal, SEWP (C)",JAVA SSO Maintenance Support Renewal. This is a follow-on. The previous contract is N6523618P0098.,LSUBP00011 - LSUBP00011 - MANPWR PERS TRNG & EDU SYS DIV HEAD - NIWCLANT,< $2M,TBD,Fixed-Price,Delivery Order/Task Order,N65236 - NIWCLANT,FY23,Q3,FY23,Q4,,New,,,"Charleston, SC",TBD - TBD,TBD - TBD,"SEAMAN, TIANNA",tianna.l.seaman.civ@us.navy.mil,NAVWAR OSBP,navwarsbo.fct@navy.mil,,,,,,N65236-23-RFPREQ-LSUBP00011-0035,https://ams.navair.navy.mil/procurement/E1A8F8CB-478C-4023-A598-9E690BC7DD55
LRAE Annex 25,483,LIPTM00107 - Naval Tactical Command Support System - NeoLoad Support Renewal - NASA SEWP (C),107-23-013 FY23 NTCSS Development NeoLoad Support Renewal.  This software support renewal is needed for the CDA to maintain support for NeoLoad as the IPT continues to develop software for the N-MRO application.,LSUBP00056 - LSUBP00056 - ENTERPRISE BUSINESS SYSTEMS DIV HEAD - NIWCLANT,< $2M,TBD,Fixed-Price,Delivery Order/Task Order,N65236 - NIWCLANT,FY23,Q3,FY23,Q4,,New,,,"Norfolk, VA",541519 - Other Computer Related Services,7K20 - IT AND TELECOM - STORAGE PRODUCTS (HARDWARE AND PERPETUAL LICENSE SOFTWARE),"SEAMAN, TIANNA",tianna.l.seaman.civ@us.navy.mil,NAVWAR OSBP,navwarsbo.fct@navy.mil,,,,,,N65236-23-RFPREQ-LSUBP00056-0054,https://ams.navair.navy.mil/procurement/5B541CB4-04DC-4D5C-889D-AAE8B7B1C3F5
LRAE Annex 25,484,"LIPTM00086/MyNavy Human Resources Solutions- Subversion (SVN) Open Source Software (OSS)/Tortoise SVN Software support, SEWP (C)",Purchase of maintenance on Subversion (SVN) Open Source Software (OSS)/Tortoise SVN Software support. POP 7/1/23-6/30/24.,LSUBP00011 - LSUBP00011 - MANPWR PERS TRNG & EDU SYS DIV HEAD - NIWCLANT,< $2M,TBD,Fixed-Price,Delivery Order/Task Order,N65236 - NIWCLANT,FY23,Q3,FY23,Q3,,New,,,"New Orleans, LA",541519 - Other Computer Related Services,7A21 - IT AND TELECOM - BUSINESS APPLICATION SOFTWARE (PERPETUAL LICENSE SOFTWARE),"SEAMAN, TIANNA",tianna.l.seaman.civ@us.navy.mil,NAVWAR OSBP,navwarsbo.fct@navy.mil,,,,,,N65236-23-RFPREQ-LSUBP00011-0037,https://ams.navair.navy.mil/procurement/5D511BF0-4A6F-46D0-A843-03F8C64F2FF3
LRAE Annex 25,485,LIPTM00480 - Naval Tactical Command Support System - Spares Cisco Switches - CISCO ESI BPA - SEWP (C),151-23-048 FY23 NTCSS Spares Cisco Switches.  These switches are needed for NTCSS Spares requirement.,LSUBP00056 - LSUBP00056 - ENTERPRISE BUSINESS SYSTEMS DIV HEAD - NIWCLANT,< $2M,TBD,Fixed-Price,Delivery Order/Task Order,N65236 - NIWCLANT,FY23,Q3,FY23,Q4,,New,,,"Norfolk, VA",541519 - Other Computer Related Services,7K20 - IT AND TELECOM - STORAGE PRODUCTS (HARDWARE AND PERPETUAL LICENSE SOFTWARE),"SEAMAN, TIANNA",tianna.l.seaman.civ@us.navy.mil,NAVWAR OSBP,navwarsbo.fct@navy.mil,,,,,,N65236-23-RFPREQ-LSUBP00056-0063,https://ams.navair.navy.mil/procurement/DB097E1A-D9CA-446D-8E9A-8F322D64AB62
LRAE Annex 25,486,LIPTM00480 - Naval Tactical Command Support System - NTCSS Spares Hardware Requirements - NASA SEWP (C),151-23-048 FY23 NTCSS Spares Hardware Requirements.  This hardware is needed for NTCSS Spares Hardware Requirement.,LSUBP00056 - LSUBP00056 - ENTERPRISE BUSINESS SYSTEMS DIV HEAD - NIWCLANT,< $2M,TBD,Fixed-Price,Delivery Order/Task Order,N65236 - NIWCLANT,FY23,Q3,FY23,Q3,,New,,,"Norfolk, VA",541519 - Other Computer Related Services,7K20 - IT AND TELECOM - STORAGE PRODUCTS (HARDWARE AND PERPETUAL LICENSE SOFTWARE),"SEAMAN, TIANNA",tianna.l.seaman.civ@us.navy.mil,NAVWAR OSBP,navwarsbo.fct@navy.mil,,,,,,N65236-23-RFPREQ-LSUBP00056-0064,https://ams.navair.navy.mil/procurement/B9A8C269-4641-4A03-95AE-12F5759F4A5D
LRAE Annex 25,487,"LIPTM00480 - NAVAL-MAINTENANCE, REPAIR AND OVERHAUL (N-MRO)  - VE3 Site Upgrade Cisco Switches - CISCO ESI BPA - SEWP (C)",151-23-051 FY23 N-MRO Cisco Switches.  These switches are needed for N-MRO coming site installs.,LSUBP00056 - LSUBP00056 - ENTERPRISE BUSINESS SYSTEMS DIV HEAD - NIWCLANT,< $2M,TBD,Fixed-Price,Delivery Order/Task Order,N65236 - NIWCLANT,FY23,Q3,FY23,Q4,,New,,,"Norfolk, VA",541519 - Other Computer Related Services,7K20 - IT AND TELECOM - STORAGE PRODUCTS (HARDWARE AND PERPETUAL LICENSE SOFTWARE),"SEAMAN, TIANNA",tianna.l.seaman.civ@us.navy.mil,NAVWAR OSBP,navwarsbo.fct@navy.mil,,,,,,N65236-23-RFPREQ-LSUBP00056-0067,https://ams.navair.navy.mil/procurement/60DD00B9-3E6A-450F-9B21-066C1920D2D6
LRAE Annex 25,488,LIPTM00480 - Naval Tactical Command Support System - NTCSS FAME Laptop Suite - NASA SEWP (C),151-23-049 FY23 NTCSS PMA265 FAME OOMA Laptop Suite.  This hardware is needed for NTCSS to support the install of the OOMA suite.,LSUBP00056 - LSUBP00056 - ENTERPRISE BUSINESS SYSTEMS DIV HEAD - NIWCLANT,< $2M,TBD,Fixed-Price,Delivery Order/Task Order,N65236 - NIWCLANT,FY23,Q3,FY23,Q4,,New,,,"Norfolk, VA",541519 - Other Computer Related Services,7K20 - IT AND TELECOM - STORAGE PRODUCTS (HARDWARE AND PERPETUAL LICENSE SOFTWARE),"SEAMAN, TIANNA",tianna.l.seaman.civ@us.navy.mil,NAVWAR OSBP,navwarsbo.fct@navy.mil,,,,,,N65236-23-RFPREQ-LSUBP00056-0069,https://ams.navair.navy.mil/procurement/782E754D-F522-4926-A4D6-88881A5BCEC9
LRAE Annex 25,489,"LIPTM00086/MyNavy Human Resources Solutions- Adobe Connect Software renewal, SEWP (C)",Purchase of maintenance of Adobe Connect Software for the NSIPS program. POP 8/9/23-8/8/24.,LSUBP00011 - LSUBP00011 - MANPWR PERS TRNG & EDU SYS DIV HEAD - NIWCLANT,< $2M,TBD,Fixed-Price,Delivery Order/Task Order,N65236 - NIWCLANT,FY23,Q3,FY23,Q4,,Follow-on,N6523622F0448,,"New Orleans, LA",541519 - Other Computer Related Services,7A21 - IT AND TELECOM - BUSINESS APPLICATION SOFTWARE (PERPETUAL LICENSE SOFTWARE),"SEAMAN, TIANNA",tianna.l.seaman.civ@us.navy.mil,NAVWAR OSBP,navwarsbo.fct@navy.mil,,,,,,N65236-23-RFPREQ-LSUBP00011-0043,https://ams.navair.navy.mil/procurement/C1AF1B78-01EB-4031-8931-57541A42801E
LRAE Annex 25,490,"LIPTM00464, DC2HS, FY23 ANSIBLE AUTOMATION RENEWAL, SEWP (C)",TO RENEW ANSIBLE AUTOMATION LICENSE.,LSUBP00066 - LSUBP00066 - DATA CENTER & CLOUD HOSTING SERVICES DIV HEAD - NIWCLANT,< $2M,,Fixed-Price,Delivery Order/Task Order,N65236 - NIWCLANT,FY23,Q4,FY23,Q4,,New,,,"New Orleans, LA",541519 - Other Computer Related Services,7A21 - IT AND TELECOM - BUSINESS APPLICATION SOFTWARE (PERPETUAL LICENSE SOFTWARE),"SEAMAN, TIANNA",tianna.l.seaman.civ@us.navy.mil,NAVWAR OSBP,navwarsbo.fct@navy.mil,,,,,,N65236-23-RFPREQ-LSUBP00066-0017,https://ams.navair.navy.mil/procurement/15219EC7-73EB-49A2-8E6E-0616956B74E2
LRAE Annex 25,491,"LIPTM00464, DC2HS, FY23 KION (CLOUDTAMER) RENEWAL, SEWP (C)",SOFTWARE LICENSES,LSUBP00066 - LSUBP00066 - DATA CENTER & CLOUD HOSTING SERVICES DIV HEAD - NIWCLANT,< $2M,,Fixed-Price,Delivery Order/Task Order,N65236 - NIWCLANT,FY23,Q3,FY23,Q4,,New,,,"NORTH CHARLESTON, SC",541519 - Other Computer Related Services,7A20 - IT AND TELECOM - APPLICATION DEVELOPMENT SOFTWARE (PERPETUAL LICENSE SOFTWARE),"SEAMAN, TIANNA",tianna.l.seaman.civ@us.navy.mil,NAVWAR OSBP,navwarsbo.fct@navy.mil,,,,,,N65236-23-RFPREQ-LSUBP00066-0018,https://ams.navair.navy.mil/procurement/CED254CE-2B1F-4F12-886C-E7ACE78A5B6F
LRAE Annex 25,492,LIPTM00107 - Naval Tactical Command Support System - Atlassian Support Renewal - Atlassian ESI SEWP (C),107-23-022 FY23 NTCSS Development Atlassian Support Renewal.  This support is being purchased to maintain and receive patches to the Atlassian software.,LSUBP00056 - LSUBP00056 - ENTERPRISE BUSINESS SYSTEMS DIV HEAD - NIWCLANT,< $2M,TBD,Fixed-Price,Delivery Order/Task Order,N65236 - NIWCLANT,FY23,Q3,FY23,Q4,,New,,,"Norfolk, VA",541519 - Other Computer Related Services,7K20 - IT AND TELECOM - STORAGE PRODUCTS (HARDWARE AND PERPETUAL LICENSE SOFTWARE),"SEAMAN, TIANNA",tianna.l.seaman.civ@us.navy.mil,NAVWAR OSBP,navwarsbo.fct@navy.mil,,,,,,N65236-23-RFPREQ-LSUBP00056-0076,https://ams.navair.navy.mil/procurement/6A0184DC-3B27-4843-A777-546808DD9399
LRAE Annex 25,493,LIPTM00107 - Naval Tactical Command Support System - Hardware Support Renewal - NASA SEWP (C),107-23-024 FY23 NTCSS Development Hardware Support Renewal.  This support is being purchased to maintain support for hardware devices.,LSUBP00056 - LSUBP00056 - ENTERPRISE BUSINESS SYSTEMS DIV HEAD - NIWCLANT,< $2M,TBD,Fixed-Price,Delivery Order/Task Order,N65236 - NIWCLANT,FY23,Q3,FY23,Q4,,New,,,"Norfolk, VA",541519 - Other Computer Related Services,7K20 - IT AND TELECOM - STORAGE PRODUCTS (HARDWARE AND PERPETUAL LICENSE SOFTWARE),"SEAMAN, TIANNA",tianna.l.seaman.civ@us.navy.mil,NAVWAR OSBP,navwarsbo.fct@navy.mil,,,,,,N65236-23-RFPREQ-LSUBP00056-0079,https://ams.navair.navy.mil/procurement/A036216B-384E-4ED8-8B43-052E26FEC6FF
LRAE Annex 25,494,LIPTM00106 - MAINTENANCE FIGURE OF MERIT - MFOM SAP Secure Product Support - SAP PUBLIC SERVICES ESI BPA (C),106-23-008 FY23 MFOM SAP Secure Product Support.  Procuring this software support so we can maintain support for the SAP Secure Product software.,LSUBP00056 - LSUBP00056 - ENTERPRISE BUSINESS SYSTEMS DIV HEAD - NIWCLANT,< $2M,TBD,Fixed-Price,Delivery Order/Task Order,N65236 - NIWCLANT,FY23,Q3,FY23,Q4,,New,,,"Norfolk, VA",541519 - Other Computer Related Services,7K20 - IT AND TELECOM - STORAGE PRODUCTS (HARDWARE AND PERPETUAL LICENSE SOFTWARE),"SEAMAN, TIANNA",tianna.l.seaman.civ@us.navy.mil,NAVWAR OSBP,navwarsbo.fct@navy.mil,,,,,,N65236-23-RFPREQ-LSUBP00056-0081,https://ams.navair.navy.mil/procurement/5DB505FC-0A3C-4B35-B81F-98F1B0976822
LRAE Annex 25,495,LIPTM00106 - MAINTENANCE FIGURE OF MERIT - MFOM Quest Toad Support Renewal - NASA SEWP (C),106-23-010 FY23 MFOM Quest Toad Support Renewal.  Procuring this software support so we can maintain support for the Quest Toad Software used by the MFOM IPT.,LSUBP00056 - LSUBP00056 - ENTERPRISE BUSINESS SYSTEMS DIV HEAD - NIWCLANT,< $2M,TBD,Fixed-Price,Delivery Order/Task Order,N65236 - NIWCLANT,FY23,Q3,FY23,Q4,,New,,,"Norfolk, VA",541519 - Other Computer Related Services,7K20 - IT AND TELECOM - STORAGE PRODUCTS (HARDWARE AND PERPETUAL LICENSE SOFTWARE),"SEAMAN, TIANNA",tianna.l.seaman.civ@us.navy.mil,NAVWAR OSBP,navwarsbo.fct@navy.mil,,,,,,N65236-23-RFPREQ-LSUBP00056-0083,https://ams.navair.navy.mil/procurement/6C422BEC-B9D9-42C1-9A17-89C75FEC7B45
LRAE Annex 25,496,"LIPTM00107 - Naval Tactical Command Support System - NTCSS Development Laptops, Servers, and Monitors - NASA SEWP (C)","107-23-026 FY23 NTCSS Development Laptops, Servers, and Monitors.  This hardware is being purchased to update the hardware devices currently being used by the IPT.",LSUBP00056 - LSUBP00056 - ENTERPRISE BUSINESS SYSTEMS DIV HEAD - NIWCLANT,< $2M,TBD,Fixed-Price,Delivery Order/Task Order,N65236 - NIWCLANT,FY23,Q3,FY23,Q4,,New,,,"Norfolk, VA",541519 - Other Computer Related Services,7K20 - IT AND TELECOM - STORAGE PRODUCTS (HARDWARE AND PERPETUAL LICENSE SOFTWARE),"SEAMAN, TIANNA",tianna.l.seaman.civ@us.navy.mil,NAVWAR OSBP,navwarsbo.fct@navy.mil,,,,,,N65236-23-RFPREQ-LSUBP00056-0084,https://ams.navair.navy.mil/procurement/B62F169D-56AC-40EF-9AC5-769FF4EE2342
LRAE Annex 25,497,"LIPTM00086/MyNavy Human Resources Solutions- Dell EMC Data Domain, SEWP (C)",Purchase of additional Dell EMC Data Domain Software for the NSIPS program. POP 9/19/23-6/18/24.,LSUBP00011 - LSUBP00011 - MANPWR PERS TRNG & EDU SYS DIV HEAD - NIWCLANT,< $2M,TBD,Fixed-Price,Delivery Order/Task Order,N65236 - NIWCLANT,FY23,Q3,FY23,Q4,,Follow-on,N6523622F0435,,"New Orleans, LA",541519 - Other Computer Related Services,7A21 - IT AND TELECOM - BUSINESS APPLICATION SOFTWARE (PERPETUAL LICENSE SOFTWARE),"SEAMAN, TIANNA",tianna.l.seaman.civ@us.navy.mil,NAVWAR OSBP,navwarsbo.fct@navy.mil,,,,,,N65236-23-RFPREQ-LSUBP00011-0053,https://ams.navair.navy.mil/procurement/E10B060C-CC1D-4B24-B2D5-113BE8B3005E
LRAE Annex 25,498,"LIPTM00457, Integrated Service Center, Kinetic Request Software Renewal, SEWP (C)","Maintenance of current Kinetic Platform Core Edition (CE), Extend End of Life support for Kinetic Request (Navy 311), and ON PREM Support Kinetic Platform Application",LSUBP00011 - LSUBP00011 - MANPWR PERS TRNG & EDU SYS DIV HEAD - NIWCLANT,< $2M,,Fixed-Price,Delivery Order/Task Order,N65236 - NIWCLANT,FY23,Q4,FY24,Q1,,Follow-on,,,"Charleston, SC",TBD - TBD,7A21 - IT AND TELECOM - BUSINESS APPLICATION SOFTWARE (PERPETUAL LICENSE SOFTWARE),"SEAMAN, TIANNA",tianna.l.seaman.civ@us.navy.mil,NAVWAR OSBP,navwarsbo.fct@navy.mil,,,,,,N65236-23-RFPREQ-LSUBP00011-0054,https://ams.navair.navy.mil/procurement/D3AAC85A-BCA3-4933-8EEC-3C9005EC0348
LRAE Annex 25,499,AFLOAT SUBMARINE C4I IPT TECHNICAL SUPPORT SERVICES - SeaPort TO (C),"The purpose of this task order is to provide production, life-cycle logistics and in-service support to deliver and sustain superior Command, Control, Communications, Computers, Combat Systems, Intelligence, Surveillance, and Reconnaissance (C5ISR) services to the Afloat Submarine Command, Control, Communications, Computers, and Intelligence (C4I) Production Integrated Products Team (IPT) for Naval Information Warfare Center Atlantic (NIWC Atlantic). Undersea Integration Program Office Program Management Warfare (PMW) 770, PMW 130, PMW 160, PMW 170, PMW 790, Program Management Submarines (PMS) 397, Naval Sea Systems Command (NAVSEA) PMS 450, Commander Submarine Forces Atlantic (COMSUBLANT), Commander Submarine Forces Pacific (COMSUBPAC), Naval Supply Systems  Command (NAVSUP), and the Fleet Readiness Directorate (FRD) are the sponsors for the Afloat Sub C4I IPT. Work under this task order shall provide technical support services to the Afloat IPT. This task order is for a Base Year and four Option Years, if exercised.",LSUBP00035 - LSUBP00035 - SUBMARINE INTEGRATION DIV HEAD - NIWCLANT,$7.5M - $50M,TBD,Cost-Reimbursement,Delivery Order/Task Order,N65236 - NIWCLANT,FY23,Q3,FY24,Q1,,Follow-on,N0017804D4121 N6523619F30,,"Charleston, SC",541330 - Engineering Services,R425 - SUPPORT- PROFESSIONAL: ENGINEERING/TECHNICAL,"Shull, Jeremy",jeremy.d.shull.civ@us.navy.mil,NAVWAR OSBP,navwarsbo.fct@navy.mil,,,,,,N65236-22-RFPREQ-LSUBP00035-0001,https://ams.navair.navy.mil/procurement/5CCE6F19-1436-460F-AC53-FE19BB6CAA3E
LRAE Annex 25,500,ShoreNet Capability-Based In-Service Engineering Activity (CB-ISEA) Support-SeaPort (C),"ShoreNet CBS-ISEA task order to provide program management, technical sustainment, engineering, equipment and material, logistics, and modernization support",LSUBP00015 - LSUBP00015 - SHORE C4I INTEGRATION DIV HEAD - NIWCLANT,$50M - $100M,TBD,Cost-Reimbursement,Delivery Order/Task Order,N65236 - NIWCLANT,,,,,,New,,,"Norfolk, VA",,TBD - TBD,"Shull, Jeremy",jeremy.d.shull.civ@us.navy.mil,NAVWAR OSBP,navwarsbo.fct@navy.mil,,,,,,N65236-23-RFPREQ-LSUBP00015-0002,https://ams.navair.navy.mil/procurement/32BF4400-3DFF-4468-B379-76748440D875
LRAE Annex 25,501,"LIPTM00468, SSTD SEAPORT NEXT GEN TASK ORDER (C)",To provide SSTD C5I Software Development and  Engineering Support.,LSUBP00035 - LSUBP00035 - SUBMARINE INTEGRATION DIV HEAD - NIWCLANT,$50M - $100M,,Cost-Reimbursement,Delivery Order/Task Order,N65236 - NIWCLANT,FY23,Q3,FY23,Q4,,New,,,"Norfolk, VA",541330 - Engineering Services,R425 - SUPPORT- PROFESSIONAL: ENGINEERING/TECHNICAL,"Shull, Jeremy",jeremy.d.shull.civ@us.navy.mil,NAVWAR OSBP,navwarsbo.fct@navy.mil,,,,,,N65236-23-RFPREQ-LSUBP00035-0005,https://ams.navair.navy.mil/procurement/5FFD1A1D-5F00-413C-8828-8ABD4B9D1E22
LRAE Annex 25,502,"COMMAND, CONTROL, COMMUNICATIONS, AND COMPUTERS (C4I) TRAINING, SYSTEMS ENGINEERING & INTEGRATED PRODUCT SUPPORT - SeaPort (C)","The scope of this contract covers the entire spectrum of full system lifecycle support including research, development, test, evaluation, production and fielding of sustainable, secure, survivable, and interoperable of Command, Control, Communications, Computers, Combat Systems, Intelligence, Surveillance, Reconnaissance (C5ISR) systems.  This PWS is to provide a Level of Effort (LOE) necessary for work under this task order comprised of CSRR MRTS, Training, Engineering, Program Management, Technical Documentation, Product Support Management, required for the development and maintenance of C4I simulation training software and systems for DoD and Federal sponsors.",LSUBP00035 - LSUBP00035 - SUBMARINE INTEGRATION DIV HEAD - NIWCLANT,$50M - $100M,TBD,Cost-Reimbursement,Delivery Order/Task Order,N65236 - NIWCLANT,FY23,Q3,FY24,Q1,,Follow-on,N6523619F3012 /N6523618F3,,"Charleston, SC",541330 - Engineering Services,R425 - SUPPORT- PROFESSIONAL: ENGINEERING/TECHNICAL,"Shull, Jeremy",jeremy.d.shull.civ@us.navy.mil,NAVWAR OSBP,navwarsbo.fct@navy.mil,,,,,,N65236-23-RFPREQ-LSUBP00035-0001,https://ams.navair.navy.mil/procurement/6639B2E8-95E7-4518-AFDA-DB5EBB5D84E1
LRAE Annex 25,503,"LIPTM00116-UCVS IPT-UC Engineering, Technical, Integration and Infrastructure Support-SEAPORT NXGEN (Base +4OYS) (C)","Technical, Logistical, Infrastructure, and Engineering Services in support of Base Communication systems, OUSD, and PEO HQ

-Base + 4 options - 9/15/2023-9/14/2028",LSUBP00015 - LSUBP00015 - SHORE C4I INTEGRATION DIV HEAD - NIWCLANT,$7.5M - $50M,TBD,Cost-Reimbursement,Delivery Order/Task Order,N65236 - NIWCLANT,FY23,Q2,FY23,Q4,,Follow-on,N6523619F3043,,"Norfolk, VA",541330 - Engineering Services,J059 - MAINT/REPAIR/REBUILD OF EQUIPMENT- ELECTRICAL AND ELECTRONIC EQUIPMENT COMPONENTS,"Shull, Jeremy",jeremy.d.shull.civ@us.navy.mil,NAVWAR OSBP,navwarsbo.fct@navy.mil,,,,,,N65236-23-RFPREQ-LSUBP00015-0008,https://ams.navair.navy.mil/procurement/AB6BB3A6-C850-4F03-9044-7995AC1C77E3
LRAE Annex 25,504,"LIPTM00488 - USNO IPT - U.S. Naval Observatory (USNO) Precise Time and Astrometry (PTA) Networks Engineering, Production, In-Service Engineering Activity (ISEA) Support - SeaPort TO (Base +4 OYS) (C)","The purpose of this task order is to provide Naval Information Warfare Center Atlantic (NIWC Atlantic) immediate resources for ISEA support for the USNO (United States Naval Observatory) Precise Time and Astrometry (PTA) Network, a pre-Acquisition Category (ACAT) III Program of Record (POR), on behalf of Program Executive Office Command, Control, Communications, Computers and Intelligence (PEO C4I), PMW 790 Shore and Expeditionary Integration Program Office.",LSUBP00015 - LSUBP00015 - SHORE C4I INTEGRATION DIV HEAD - NIWCLANT,$7.5M - $50M,,Cost-Reimbursement,Delivery Order/Task Order,N65236 - NIWCLANT,FY23,Q3,FY23,Q4,,Follow-on,N6523618F3126,,"Charleston, SC",541330 - Engineering Services,R706 - SUPPORT- MANAGEMENT: LOGISTICS SUPPORT,"Shull, Jeremy",jeremy.d.shull.civ@us.navy.mil,NAVWAR OSBP,navwarsbo.fct@navy.mil,,,,,,N65236-22-RFPREQ-LSUBP00015-0002,https://ams.navair.navy.mil/procurement/C54295AF-834E-4D02-A901-CB6C9E2E40E7
LRAE Annex 25,505,SUBMARINE INTEGRATION DIVISION SCHEDULING AND PROGRAM MANAGEMENT SUPPORT SERVICES Base + 4 Options SEAPORT NEXGEN (C),Services for Scheduling and Program Management support for the Submarine Integration Division,LSUBP00035 - LSUBP00035 - SUBMARINE INTEGRATION DIV HEAD - NIWCLANT,$2M - $7.5M,,Cost-Reimbursement,Delivery Order/Task Order,N65236 - NIWCLANT,FY23,Q2,FY23,Q3,,Follow-on,N0017816D9040/N6523618F30,,"NORTH CHARLESTON, SC",541330 - Engineering Services,R425 - SUPPORT- PROFESSIONAL: ENGINEERING/TECHNICAL,"Shull, Jeremy",jeremy.d.shull.civ@us.navy.mil,NAVWAR OSBP,navwarsbo.fct@navy.mil,,,,,,N65236-22-RFPREQ-LSUBP00035-0007,https://ams.navair.navy.mil/procurement/D2D1A3AC-1845-47BA-A296-9925D8C1C1A6
LRAE Annex 25,506,"LIPTM00447, SECURE VOICE SOLUTIONS- Defense Red Switch Network (DRSN) Long Local over Internet Protocol (LLoIP)_POP EXT and CEILING INCREASE",Defense Red Switch Network (DRSN) Long Local over Internet Protocol (LLoIP)_POP EXT and CEILING INCREASE,LSUBP00015 - LSUBP00015 - SHORE C4I INTEGRATION DIV HEAD - NIWCLANT,No Range Specified,,Cost-Reimbursement,Single-Award Indefinite-Delivery,N65236 - NIWCLANT,,,FY23,Q4,,New,,,"NORTH CHARLESTON, SC",TBD - TBD,TBD - TBD,"Shull, Jeremy",jeremy.d.shull.civ@us.navy.mil,NAVWAR OSBP,navwarsbo.fct@navy.mil,,,,,,N65236-23-RFPREQ-LSUBP00015-0104,https://ams.navair.navy.mil/procurement/30AD0ED0-D880-458B-AA28-11F86186C4B7
LRAE Annex 25,507,LIPTM00119 - INTERIOR COMMS - USS HARRY S. TRUMAN (CVN-75) SITE/27TV AAR - SAC action - 21D8009,"USS HARRY S. TRUMAN (CVN-75) SITE/27TV AAR, Chugach N6523621D8009",LSUBP00034 - LSUBP00034 - SURFACE SHIP INTEGRATION DIV HEAD - NIWCLANT,< $2M,,Cost-Reimbursement,Delivery Order/Task Order,N65236 - NIWCLANT,FY23,Q3,FY24,Q1,,New,,,"Norfolk, VA",TBD - TBD,TBD - TBD,"Shull, Jeremy",jeremy.d.shull.civ@us.navy.mil,NAVWAR OSBP,navwarsbo.fct@navy.mil,,,,,,N65236-23-RFPREQ-LSUBP00034-0092,https://ams.navair.navy.mil/procurement/9FF43F6F-F1FD-4A21-B115-8C00F32A4BC6
LRAE Annex 25,508,"LIPTM00447, Secure Voice Solutions IPT, MULTIPLE HULLS, NEW SAC TASK ORDER (19D8002)",Automated Digital Network System (ADNS). Direct Cite funds are authorized for Secure Communications Interoperability Protocol - Interworking Function (SCIP-IWF) in support of MULTIPLE SCN HULLS for PMW 160. Contract N6523619D8002,LSUBP00015 - LSUBP00015 - SHORE C4I INTEGRATION DIV HEAD - NIWCLANT,< $2M,,Cost-Reimbursement,Delivery Order/Task Order,N65236 - NIWCLANT,FY23,Q3,FY23,Q4,,New,,,"NORTH CHARLESTON, SC",TBD - TBD,TBD - TBD,"Shull, Jeremy",jeremy.d.shull.civ@us.navy.mil,NAVWAR OSBP,navwarsbo.fct@navy.mil,,,,,,N65236-23-RFPREQ-LSUBP00015-0094,https://ams.navair.navy.mil/procurement/496CA24E-D988-4A36-9C5C-929D53BAD1A7
LRAE Annex 25,509,"LIPTM00119-INTERIOR COMMS:  IC Video East Coast CVN Support, USS Gerald R. Ford (CVN-78) IC Video Support, and VCR Support -SAC-8009","IC Video East Coast CVN Support, USS Gerald R. Ford (CVN-78) IC Video Support, and VCR Support - CTS- 8009 - TO",LSUBP00034 - LSUBP00034 - SURFACE SHIP INTEGRATION DIV HEAD - NIWCLANT,< $2M,,Cost-Reimbursement,Delivery Order/Task Order,N65236 - NIWCLANT,FY23,Q3,FY23,Q3,,New,,,"Norfolk, VA",TBD - TBD,TBD - TBD,"Shull, Jeremy",jeremy.d.shull.civ@us.navy.mil,NAVWAR OSBP,navwarsbo.fct@navy.mil,,,,,,N65236-23-RFPREQ-LSUBP00034-0059,https://ams.navair.navy.mil/procurement/584086A2-A29F-4686-965D-B65DAF5DF973
LRAE Annex 25,510,LIPTM00248 - Common Submarine Radio Room (CSRR) Advanced TDMA (Time Division Multiple Access) Interface Processor (ATIP) Kitting and Integration (NEW DO ON CORPORATE PRODUCTION SAC),"Program Manager, Warfare (PMW) 170, the Communications and Global Positioning System (GPS) Navigation Program Office, has tasked Naval Information Warfare Center (NIWC) Atlantic to provide services to identify, procure and assemble eight (8) SSBN ATIP EBEM/Common Submarine Radio Room (CSRR) Build (CB-21) material kits for integration into CSRR under C4ISR Acquisition Engineering and Integration (CAEI).",LSUBP00035 - LSUBP00035 - SUBMARINE INTEGRATION DIV HEAD - NIWCLANT,< $2M,,Cost-Reimbursement,Delivery Order/Task Order,N65236 - NIWCLANT,FY23,Q3,FY23,Q3,,New,,,"NORTH CHARLESTON, SC",517910 - OTHER TELECOMMUNICATIONS,5810 - COMMUNICATIONS SECURITY EQUIPMENT AND COMPONENTS,"Shull, Jeremy",jeremy.d.shull.civ@us.navy.mil,NAVWAR OSBP,navwarsbo.fct@navy.mil,,,,,,N65236-23-RFPREQ-LSUBP00035-0064,https://ams.navair.navy.mil/procurement/BE316D74-C3B8-4F80-A143-7A4431FF42A3
LRAE Annex 25,511,AFLOAT Sub C4I IPT Process and Documentation Support Base + 4 Options SEAPORT NEXGEN (C),The purpose of this task order is to provide engineering process and documentation support to the Afloat Sub C4I IPT.,LSUBP00035 - LSUBP00035 - SUBMARINE INTEGRATION DIV HEAD - NIWCLANT,$2M - $7.5M,,Cost-Reimbursement,Delivery Order/Task Order,N65236 - NIWCLANT,FY23,Q4,FY24,Q1,,Follow-on,N6523619F3016,,"NORTH CHARLESTON, SC",541330 - Engineering Services,R425 - SUPPORT- PROFESSIONAL: ENGINEERING/TECHNICAL,"Shull, Jeremy",jeremy.d.shull.civ@us.navy.mil,NAVWAR OSBP,navwarsbo.fct@navy.mil,,,,,,N65236-22-RFPREQ-LSUBP00035-0008,https://ams.navair.navy.mil/procurement/2AF22F10-D5B7-4C9E-BCFB-14E6AD9EA1B5
LRAE Annex 25,512,LIPTM00119-CVN-75 CAMERA PROCUREMENT-SEWP (C),CVN-75 CAMERA PROCUREMENT-VIDEO,LSUBP00034 - LSUBP00034 - SURFACE SHIP INTEGRATION DIV HEAD - NIWCLANT,< $2M,TBD,Fixed-Price,Delivery Order/Task Order,N65236 - NIWCLANT,FY23,Q1,FY23,Q3,,New,,,"Norfolk, VA",541519 - Other Computer Related Services,5836 - VIDEO RECORDING AND REPRODUCING EQUIPMENT,"Shull, Jeremy",jeremy.d.shull.civ@us.navy.mil,NAVWAR OSBP,navwarsbo.fct@navy.mil,,,,,,N65236-22-RFPREQ-LSUBP00034-0011,https://ams.navair.navy.mil/procurement/96CBE43B-A2EB-43B7-8FE2-71E2CCF79BC8
LRAE Annex 25,513,LIPTM00119-LPD-31 UVS CISCO EQUIPMENT-SEWP (C),LPD-31 UVS CISCO EQUIPMENT,LSUBP00034 - LSUBP00034 - SURFACE SHIP INTEGRATION DIV HEAD - NIWCLANT,< $2M,TBD,Fixed-Price,Delivery Order/Task Order,N65236 - NIWCLANT,FY23,Q2,FY23,Q3,,New,,,"Norfolk, VA",334118 - Computer Terminal and Other Computer Peripheral Equipment Manufacturing,7G20 - IT AND TELECOM - NETWORK: ANALOG VOICE PRODUCTS (HARDWARE AND PERPETUAL LICENSE SOFTWARE),"Shull, Jeremy",jeremy.d.shull.civ@us.navy.mil,NAVWAR OSBP,navwarsbo.fct@navy.mil,,,,,,N65236-23-RFPREQ-LSUBP00034-0005,https://ams.navair.navy.mil/procurement/4635D99C-8AF3-4A71-802F-A38129757C50
LRAE Annex 25,514,LIPTM00119-CVN-74 STB PROCUREMENT-SEWP (C),CVN-74 STB (SET TOP BOX) PROCUREMENT,LSUBP00034 - LSUBP00034 - SURFACE SHIP INTEGRATION DIV HEAD - NIWCLANT,< $2M,TBD,Fixed-Price,Delivery Order/Task Order,N65236 - NIWCLANT,FY23,Q2,FY23,Q3,,New,,,"Norfolk, VA",334310 - Audio and Video Equipment Manufacturing,7G20 - IT AND TELECOM - NETWORK: ANALOG VOICE PRODUCTS (HARDWARE AND PERPETUAL LICENSE SOFTWARE),"Shull, Jeremy",jeremy.d.shull.civ@us.navy.mil,NAVWAR OSBP,navwarsbo.fct@navy.mil,,,,,,N65236-23-RFPREQ-LSUBP00034-0007,https://ams.navair.navy.mil/procurement/A66B1B1E-92E1-4E71-BCDF-517314D19039
LRAE Annex 25,515,LIPTM00119-INTERIOR COMMUNICATIONS IPT-DDG-133-135 32TV SBS EQUIPMENT-SEWP (C),DDG-133-135 SBS EQUIPMENT,LSUBP00034 - LSUBP00034 - SURFACE SHIP INTEGRATION DIV HEAD - NIWCLANT,< $2M,TBD,Fixed-Price,Delivery Order/Task Order,N65236 - NIWCLANT,FY23,Q2,FY23,Q3,,New,,,"Norfolk, VA",334418 - Printed Circuit Assembly (Electronic Assembly) Manufacturing,7G20 - IT AND TELECOM - NETWORK: ANALOG VOICE PRODUCTS (HARDWARE AND PERPETUAL LICENSE SOFTWARE),"Shull, Jeremy",jeremy.d.shull.civ@us.navy.mil,NAVWAR OSBP,navwarsbo.fct@navy.mil,,,,,,N65236-23-RFPREQ-LSUBP00034-0010,https://ams.navair.navy.mil/procurement/27B7ED72-CB3B-4BF1-BE4E-2F589B2DD6B5
LRAE Annex 25,516,"LIPTM00447, Secure Voice Solutions - ADNS, Spirent Testcenter Gold and C1 Support Renewal- NASA SEWP (C)","This software tool, Spirent, is not offered nor available through DoD/DON acquisition vehicle(s) including ESLs, ELAs, DoD ESI, and Joint Enterprise License Agreements (JELAs). 
 This follow-on support renewal for Spirent provides repairs for HW failures, SW/FW upgrades, priority technical support, and access to CSC.  S/N of all HW products reqd. Subject to terms & conditions in the service agreement.  The Contract Path is NASA SEWP (External MAC).",LSUBP00015 - LSUBP00015 - SHORE C4I INTEGRATION DIV HEAD - NIWCLANT,< $2M,Small Business Set-Aside,Fixed-Price,Delivery Order/Task Order,N65236 - NIWCLANT,FY23,Q3,FY23,Q3,,Follow-on,N6523621V6004,"NEW TECH SOLUTIONS, INC.","Norfolk, VA",334111 - Electronic Computer Manufacturing,"7G22 - IT AND TELECOM - NETWORK: SATELLITE AND RF COMMUNICATIONS PRODUCTS (HW, PERPETUAL LICENSE SOFTWARE)","Shull, Jeremy",jeremy.d.shull.civ@us.navy.mil,NAVWAR OSBP,navwarsbo.fct@navy.mil,,,,,,N65236-23-RFPREQ-LSUBP00015-0028,https://ams.navair.navy.mil/procurement/C277A37B-2D82-4C04-91EE-82AA2949B394
LRAE Annex 25,517,"LIPTM00238, CWITT&SWFTS MOD IPT - MISC HARDWARE, SEWP (C)",MISC. HARDWARE,LSUBP00035 - LSUBP00035 - SUBMARINE INTEGRATION DIV HEAD - NIWCLANT,< $2M,,Fixed-Price,Delivery Order/Task Order,N65236 - NIWCLANT,FY23,Q3,FY23,Q3,,New,,,"Norfolk, VA",335999 - All Other Miscellaneous Electrical Equipment and Component Manufacturing,7520 - OFFICE DEVICES AND ACCESSORIES,"Shull, Jeremy",jeremy.d.shull.civ@us.navy.mil,NAVWAR OSBP,navwarsbo.fct@navy.mil,,,,,,N65236-23-RFPREQ-LSUBP00035-0044,https://ams.navair.navy.mil/procurement/4DAC2468-FE24-4A23-BEDD-F0C09BB7BAF2
LRAE Annex 25,518,LIPTM00395 - MULTI MEDIA IPT - 22-068 SEATECH AUDIO VISUAL Material - SEWP (C),SEWP PROCURE AUDIO VISUAL Material - SEWP VTC INSTALL,LSUBP00002 - LSUBP00002 - COMMAND OPERATIONS CENTERS DIV HEAD - NIWCLANT,< $2M,,Fixed-Price,Delivery Order/Task Order,N65236 - NIWCLANT,FY23,Q2,FY23,Q3,,Follow-on,N6523622F0088,,"Charleston, SC",541519 - Other Computer Related Services,7G20 - IT AND TELECOM - NETWORK: ANALOG VOICE PRODUCTS (HARDWARE AND PERPETUAL LICENSE SOFTWARE),"Shull, Jeremy",jeremy.d.shull.civ@us.navy.mil,NAVWAR OSBP,navwarsbo.fct@navy.mil,,,,,,N65236-23-RFPREQ-LSUBP00002-0045,https://ams.navair.navy.mil/procurement/C30F9FF2-8E8D-460C-A344-6CD336250197
LRAE Annex 25,519,LIPTM00395 - MULTI MEDIA  IPT - 22-069 SEATECH AUDIO VISUAL Material - SEWP (C),SEWP PROCURE AUDIO VISUAL Material - SEWP VTC INSTALL,LSUBP00002 - LSUBP00002 - COMMAND OPERATIONS CENTERS DIV HEAD - NIWCLANT,No Range Specified,,Fixed-Price,Delivery Order/Task Order,N65236 - NIWCLANT,FY23,Q3,FY23,Q3,,Follow-on,N6523622F0088,,"Charleston, SC",541519 - Other Computer Related Services,7G20 - IT AND TELECOM - NETWORK: ANALOG VOICE PRODUCTS (HARDWARE AND PERPETUAL LICENSE SOFTWARE),"Shull, Jeremy",jeremy.d.shull.civ@us.navy.mil,NAVWAR OSBP,navwarsbo.fct@navy.mil,,,,,,N65236-23-RFPREQ-LSUBP00002-0046,https://ams.navair.navy.mil/procurement/BECB72CD-846C-4A67-9907-EECA9B5C8FE2
LRAE Annex 25,520,LIPTM00119-IC IPT-SSN-798 SITE 200-SEWP (C),SSN-798 SITE 200 PROCUREMENT,LSUBP00034 - LSUBP00034 - SURFACE SHIP INTEGRATION DIV HEAD - NIWCLANT,< $2M,TBD,Fixed-Price,Delivery Order/Task Order,N65236 - NIWCLANT,FY23,Q4,FY23,Q3,,New,,,"Norfolk, VA",541519 - Other Computer Related Services,"7G22 - IT AND TELECOM - NETWORK: SATELLITE AND RF COMMUNICATIONS PRODUCTS (HW, PERPETUAL LICENSE SOFTWARE)","Shull, Jeremy",jeremy.d.shull.civ@us.navy.mil,NAVWAR OSBP,navwarsbo.fct@navy.mil,,,,,,N65236-23-RFPREQ-LSUBP00034-0019,https://ams.navair.navy.mil/procurement/CBC1F71E-7733-4BFE-99B1-9F6DF972DB4E
LRAE Annex 25,521,LIPTM00116-UCVS IPT-Telephony UC Engineering and Technical Support-SeaPort (C),"Telephony Engineering, Technical, Logistical, and Cybersecurity Services in support of PEO HQ
SEAPORT NXGEN-Base + 4 options - 11/19/2023-11/18/2028",LSUBP00015 - LSUBP00015 - SHORE C4I INTEGRATION DIV HEAD - NIWCLANT,$7.5M - $50M,TBD,Cost-Reimbursement,Single-Award Indefinite-Delivery,N65236 - NIWCLANT,FY23,Q3,FY24,Q1,,Follow-on,N6523619F3011,,"Norfolk, VA",TBD - TBD,N059 - INSTALLATION OF EQUIPMENT- ELECTRICAL AND ELECTRONIC EQUIPMENT COMPONENTS,"Shull, Jeremy",jeremy.d.shull.civ@us.navy.mil,NAVWAR OSBP,navwarsbo.fct@navy.mil,,,,,,N65236-23-RFPREQ-LSUBP00015-0041,https://ams.navair.navy.mil/procurement/6888B49E-DC7B-4C62-9572-7031792610C9
LRAE Annex 25,522,"LIPTM00119, INTERIOR COMMUNICATIONS IPT, LPD-19 TV DTS, SEWP (C)",TV DTS UPGRADE FOR LPD-19,LSUBP00034 - LSUBP00034 - SURFACE SHIP INTEGRATION DIV HEAD - NIWCLANT,< $2M,TBD,Fixed-Price,Delivery Order/Task Order,N65236 - NIWCLANT,FY23,Q2,FY23,Q3,,New,,,"Norfolk, VA",TBD - TBD,TBD - TBD,"Shull, Jeremy",jeremy.d.shull.civ@us.navy.mil,NAVWAR OSBP,navwarsbo.fct@navy.mil,,,,,,N65236-23-RFPREQ-LSUBP00034-0023,https://ams.navair.navy.mil/procurement/2AF35072-BBB9-485F-A85F-514456FB86DA
LRAE Annex 25,523,"LIPTM00119, INTERIOR COMMUNICATIONS IPT, CVN-80 SHIPBOARD AIR TRAFFIC CONTROL COMMUNICATIONS SYSTEM-SEWP (C)",NEW CONSTRUCTION CVN-80 SATCC SYSTEM AND INTERFACE RACK,LSUBP00034 - LSUBP00034 - SURFACE SHIP INTEGRATION DIV HEAD - NIWCLANT,< $2M,TBD,Fixed-Price,Delivery Order/Task Order,N65236 - NIWCLANT,FY23,Q3,FY23,Q3,,New,,,"Norfolk, VA",TBD - TBD,TBD - TBD,"Shull, Jeremy",jeremy.d.shull.civ@us.navy.mil,NAVWAR OSBP,navwarsbo.fct@navy.mil,,,,,,N65236-23-RFPREQ-LSUBP00034-0029,https://ams.navair.navy.mil/procurement/38CF89B4-4836-46F7-86A6-383077EE05D2
LRAE Annex 25,524,"LIPTM00447, SECURE VOICE SOLUTIONS IPT - DRSN NEW TO (NEW 3 YR SAC)",New DRSN Task Order for N6523619D8002,LSUBP00015 - LSUBP00015 - SHORE C4I INTEGRATION DIV HEAD - NIWCLANT,< $2M,,Cost-Reimbursement,Delivery Order/Task Order,N65236 - NIWCLANT,FY23,Q3,FY23,Q3,,New,,,"NORTH CHARLESTON, SC",541330 - Engineering Services,DA01 - IT and Telecom — Business Application/Application Development Support Services (Labor) Services,"Shull, Jeremy",jeremy.d.shull.civ@us.navy.mil,NAVWAR OSBP,navwarsbo.fct@navy.mil,,,,,,N65236-23-RFPREQ-LSUBP00015-0066,https://ams.navair.navy.mil/procurement/A13D88F7-104D-4426-9CC4-2576CF244C82
LRAE Annex 25,525,"LIPTM00257, Surface Modernization Unit Level IPT, CVN 75 6TV upgrade - SEWP",CVN 75 6TV UPGRADE,LSUBP00057 - LSUBP00057 - FLEET INSTALLATION & READINESS DIV HD - NIWCLANT,< $2M,TBD,Fixed-Price,Delivery Order/Task Order,N65236 - NIWCLANT,FY23,Q4,FY23,Q4,,New,,,"Virginia Beach, VA",TBD - TBD,TBD - TBD,"Shull, Jeremy",jeremy.d.shull.civ@us.navy.mil,NAVWAR OSBP,navwarsbo.fct@navy.mil,,,,,,N65236-23-RFPREQ-LSUBP00057-0086,https://ams.navair.navy.mil/procurement/7BD6A400-DF82-4419-BCDA-05DA76803F76
LRAE Annex 25,526,"LIPTM00447, Secure Voice Solutions IPT, DDG - 125, NEW TO SAC - 19-D-8002",Automated Digital Network System (ADNS). Direct Cite funds are authorized for Secure Communications Interoperability Protocol - Interworking Function (SCIP-IWF) in support of DDG-125 for PMW 160. Contract N6523619D8002,LSUBP00015 - LSUBP00015 - SHORE C4I INTEGRATION DIV HEAD - NIWCLANT,< $2M,,Cost-Reimbursement,Delivery Order/Task Order,N65236 - NIWCLANT,FY23,Q3,FY23,Q4,,New,,,"NORTH CHARLESTON, SC",541330 - Engineering Services,R425 - SUPPORT- PROFESSIONAL: ENGINEERING/TECHNICAL,"Shull, Jeremy",jeremy.d.shull.civ@us.navy.mil,NAVWAR OSBP,navwarsbo.fct@navy.mil,,,,,,N65236-23-RFPREQ-LSUBP00015-0055,https://ams.navair.navy.mil/procurement/34727098-0D81-430A-8FE9-828EE86731CD
LRAE Annex 25,527,LIPTM00119-INTERIOR COMMS-VIDEO PRE PRL & CVN 74 LOGISTICS TV-DTS ENGINEERING-SAC-21D8009,"IC Video PRE-PRL and CVN74 Logistic, TV-DTS Engineering and LPD 19 TV-DTS Engineering Support Chugach N6523621D8009",LSUBP00034 - LSUBP00034 - SURFACE SHIP INTEGRATION DIV HEAD - NIWCLANT,< $2M,,Cost-Reimbursement,Delivery Order/Task Order,N65236 - NIWCLANT,FY23,Q2,FY23,Q3,,New,,,"Norfolk, VA",TBD - TBD,"J019 - MAINT/REPAIR/REBUILD OF EQUIPMENT- SHIPS, SMALL CRAFT, PONTOONS, AND FLOATING DOCKS","Shull, Jeremy",jeremy.d.shull.civ@us.navy.mil,NAVWAR OSBP,navwarsbo.fct@navy.mil,,,,,,N65236-23-RFPREQ-LSUBP00034-0015,https://ams.navair.navy.mil/procurement/5A52AB3F-9304-4E65-86B2-867CBADC0784
LRAE Annex 25,528,LIPTM00250 - SHORE SUB C4I IPT - Variable Tuning Efforts (NEW TO),"HEH Variable Tuning Procurement, Engineering Development, Installation and Decomissioning",LSUBP00035 - LSUBP00035 - SUBMARINE INTEGRATION DIV HEAD - NIWCLANT,$2M - $7.5M,,Cost-Reimbursement,Delivery Order/Task Order,N65236 - NIWCLANT,FY23,Q3,FY23,Q3,,New,,,"NORTH CHARLESTON, SC",541330 - Engineering Services,R425 - SUPPORT- PROFESSIONAL: ENGINEERING/TECHNICAL,"Shull, Jeremy",jeremy.d.shull.civ@us.navy.mil,NAVWAR OSBP,navwarsbo.fct@navy.mil,,,,,,N65236-23-RFPREQ-LSUBP00035-0019,https://ams.navair.navy.mil/procurement/660605E5-F8A4-4F85-A6D8-5139C1C3E4EF
LRAE Annex 25,529,LIPTM00250 - SHORE SUB C4I IPT - Crowbar Replacement Efforts NEW ORDER,HEH Crowbar Pre-Installation Engineering and Planning and LLL Crowbar Installation,LSUBP00035 - LSUBP00035 - SUBMARINE INTEGRATION DIV HEAD - NIWCLANT,< $2M,,Cost-Reimbursement,Delivery Order/Task Order,N65236 - NIWCLANT,,,FY23,Q3,,New,,,"NORTH CHARLESTON, SC",541330 - Engineering Services,R425 - SUPPORT- PROFESSIONAL: ENGINEERING/TECHNICAL,"Shull, Jeremy",jeremy.d.shull.civ@us.navy.mil,NAVWAR OSBP,navwarsbo.fct@navy.mil,,,,,,N65236-23-RFPREQ-LSUBP00035-0020,https://ams.navair.navy.mil/procurement/84C7AD96-7FEA-4ACC-8306-AE26D6A573CC
LRAE Annex 25,530,LIPTM00250 - SHORE SUB C4I IPT - FIXED SUBMARINE BROADCAST SYSTEM (FSBS) TUBE TO SOLID REQUIRMENTS DOCUMENT AND GROUND SWITCH DESIGN CONCEPT (NEW),"This performance-based, completion-type task is funded by Program Management Warfare (PMW)-770 for planning, systems engineering, technical, and management support services to the Naval Warfare Systems Command (NAVWARSYSCOM) Program Office for Naval Information Warfare Center Atlantic (NIWC) in support of the HVIP for the Fixed Submarine Broadcast System (FSBS). This tasking encompasses provision of recommendations for a process and supporting checklist(s) to advance the HVIP (also referenced as Tube Type Transmission to Solid State Upgrade) from the notional concept described in 2020 to the Preliminary Design Review (PDR) stage.",LSUBP00035 - LSUBP00035 - SUBMARINE INTEGRATION DIV HEAD - NIWCLANT,< $2M,,Cost-Reimbursement,Delivery Order/Task Order,N65236 - NIWCLANT,,,FY23,Q4,,New,,,"NORTH CHARLESTON, SC",541330 - Engineering Services,A - RESEARCH AND DEVELOPMENT,"Shull, Jeremy",jeremy.d.shull.civ@us.navy.mil,NAVWAR OSBP,navwarsbo.fct@navy.mil,,,,,,N65236-23-RFPREQ-LSUBP00035-0022,https://ams.navair.navy.mil/procurement/795BEEA8-6604-475B-94E1-AD61BEC69944
LRAE Annex 25,531,"LIPTM00248 - CSRR BUILD (CB-22, CB-23),I1V4, RFDACS OK-700, GBS OK-700 and DMR PROCUREMENT, INTEGRATION AND KITTING (NEW DO ON CORPORATE PRODUCTION SAC)","Procure, integrate, assemble, test and deliver FY23 production kits for the Undersea Integration Program Office (PMW 770) and the Tactical Networks Program Office (PMW 170) for Common Submarine Radio Room (CSRR) Build (CB-22), Common Submarine Radio Room (CSRR) Build (CB-23), Increment One, Version Four (I1V4), Radio Frequency Distribution and Control System (RFDACS) OK-700, Global Broadcast System (GBS) OK-700 and and Digital Modular Radio (DMR) Procurement, Integration and Kitting.",LSUBP00035 - LSUBP00035 - SUBMARINE INTEGRATION DIV HEAD - NIWCLANT,$2M - $7.5M,,Cost-Reimbursement,Delivery Order/Task Order,N65236 - NIWCLANT,FY23,Q3,FY23,Q4,,New,,,"NORTH CHARLESTON, SC",517910 - OTHER TELECOMMUNICATIONS,5810 - COMMUNICATIONS SECURITY EQUIPMENT AND COMPONENTS,"Shull, Jeremy",jeremy.d.shull.civ@us.navy.mil,NAVWAR OSBP,navwarsbo.fct@navy.mil,,,,,,N65236-23-RFPREQ-LSUBP00035-0008,https://ams.navair.navy.mil/procurement/249922F7-8C1D-49EB-8A15-81668AF0A3D2
LRAE Annex 25,532,LIPTM00248 - AFLOAT SUB C4I IPT - FY23 DIGITAL MODULAR RADIO (DMR)  NEW SAC DO - CORPORATE PRODUCTION,"Procure, integrate, assemble, test and deliver FY23 production kits for PMW 170 for DMR.",LSUBP00035 - LSUBP00035 - SUBMARINE INTEGRATION DIV HEAD - NIWCLANT,No Range Specified,,Cost-Reimbursement,Delivery Order/Task Order,N65236 - NIWCLANT,FY23,Q4,FY23,Q4,,New,,,"NORTH CHARLESTON, SC",517910 - OTHER TELECOMMUNICATIONS,5810 - COMMUNICATIONS SECURITY EQUIPMENT AND COMPONENTS,"Shull, Jeremy",jeremy.d.shull.civ@us.navy.mil,NAVWAR OSBP,navwarsbo.fct@navy.mil,,,,,,N65236-23-RFPREQ-LSUBP00035-0010,https://ams.navair.navy.mil/procurement/F8229DF0-8535-417A-8AA3-7B454196DCE5
LRAE Annex 25,533,LIPTM00248 - Afloat Submarine C4I IPT - FY23 Global Broadcast System (GBS) Procurement and Kitting - NEW SAC DO - CORPORATE PRODUCTION ( 12 mo POP),"Contract N6523618D8014. Procure, integrate, assemble, test and deliver FY23 production kits for PMW 170 for GBS.",LSUBP00035 - LSUBP00035 - SUBMARINE INTEGRATION DIV HEAD - NIWCLANT,$2M - $7.5M,,Cost-Reimbursement,Delivery Order/Task Order,N65236 - NIWCLANT,FY23,Q3,FY23,Q4,,New,,,"NORTH CHARLESTON, SC",517910 - OTHER TELECOMMUNICATIONS,5810 - COMMUNICATIONS SECURITY EQUIPMENT AND COMPONENTS,"Shull, Jeremy",jeremy.d.shull.civ@us.navy.mil,NAVWAR OSBP,navwarsbo.fct@navy.mil,,,,,,N65236-23-RFPREQ-LSUBP00035-0011,https://ams.navair.navy.mil/procurement/066653A2-95DA-48FD-B263-374777F3F0C8
LRAE Annex 25,534,LIPTM00248 - AFLOAT SUB C4I IPT - FY23 ADNS INC III L(V)3 SP4 System - NEW SAC DO - CORPORATE PRODUCTION,"Procure, integrate, assemble, test and deliver FY23 production kits for PMW 170 for ADNS Service Pack IV.",LSUBP00035 - LSUBP00035 - SUBMARINE INTEGRATION DIV HEAD - NIWCLANT,No Range Specified,,TBD,Delivery Order/Task Order,N65236 - NIWCLANT,,,FY23,Q4,,New,,,"NORTH CHARLESTON, SC",,5810 - COMMUNICATIONS SECURITY EQUIPMENT AND COMPONENTS,"Shull, Jeremy",jeremy.d.shull.civ@us.navy.mil,NAVWAR OSBP,navwarsbo.fct@navy.mil,,,,,,N65236-23-RFPREQ-LSUBP00035-0012,https://ams.navair.navy.mil/procurement/56A138BD-3422-4C77-8CB6-15CFA4B9923C
LRAE Annex 25,535,LIPTM00248 - AFLOAT SUB C4I IPT - FY23 Columbia (CLB) Arbor Equipment and PLAR updates - NEW SAC DO - CORPORATE PRODUCTION,"Procure, integrate, assemble, test and deliver FY23 COLUMBIA Class production kits for PMS 397",LSUBP00035 - LSUBP00035 - SUBMARINE INTEGRATION DIV HEAD - NIWCLANT,< $2M,,Cost-Reimbursement,Delivery Order/Task Order,N65236 - NIWCLANT,FY23,Q2,FY23,Q4,,New,,,"NORTH CHARLESTON, SC",517910 - OTHER TELECOMMUNICATIONS,5810 - COMMUNICATIONS SECURITY EQUIPMENT AND COMPONENTS,"Shull, Jeremy",jeremy.d.shull.civ@us.navy.mil,NAVWAR OSBP,navwarsbo.fct@navy.mil,,,,,,N65236-23-RFPREQ-LSUBP00035-0013,https://ams.navair.navy.mil/procurement/29C7A5EA-5B5E-4DF3-A5BC-B6CB217AE068
LRAE Annex 25,536,"LIPTM00248 - AFLOAT SUB C4I IPT -804-805 and 826 ECS and CANES/COATS Integration, 802 and 803 CANES Dockside Integration - NEW DO (Base + Option) - CORPORATE PRODUCTION","804-805 and 826 ECS and CANES/COATS Integration, 802 and 803 CANES Dockside Integration",LSUBP00035 - LSUBP00035 - SUBMARINE INTEGRATION DIV HEAD - NIWCLANT,$2M - $7.5M,,Cost-Reimbursement,Delivery Order/Task Order,N65236 - NIWCLANT,FY23,Q3,FY23,Q4,,New,,,"NORTH CHARLESTON, SC",517910 - OTHER TELECOMMUNICATIONS,5810 - COMMUNICATIONS SECURITY EQUIPMENT AND COMPONENTS,"Shull, Jeremy",jeremy.d.shull.civ@us.navy.mil,NAVWAR OSBP,navwarsbo.fct@navy.mil,,,,,,N65236-23-RFPREQ-LSUBP00035-0014,https://ams.navair.navy.mil/procurement/7F9460B5-E33A-46F2-ABB9-72CB064FBA43
LRAE Annex 25,537,"LIPTM00248 - AFLOAT SUB C4I IPT -798-809, and 826 CANES INT, 808-809 INCOs  - NEW SAC DO - CORPORATE PRODUCTION","798-809, and 826 CANES INT and Support, 808-809 INCOs Procurements",LSUBP00035 - LSUBP00035 - SUBMARINE INTEGRATION DIV HEAD - NIWCLANT,No Range Specified,,Cost-Reimbursement,Delivery Order/Task Order,N65236 - NIWCLANT,,,FY23,Q4,,New,,,"NORTH CHARLESTON, SC",,5810 - COMMUNICATIONS SECURITY EQUIPMENT AND COMPONENTS,"Shull, Jeremy",jeremy.d.shull.civ@us.navy.mil,NAVWAR OSBP,navwarsbo.fct@navy.mil,,,,,,N65236-23-RFPREQ-LSUBP00035-0015,https://ams.navair.navy.mil/procurement/DD81073B-9755-4462-825E-A31DEA60A264
LRAE Annex 25,538,LIPTM00248 - AFLOAT SUB C4I IPT  -VA SCN Bulk Procurement and Spares - NEW SAC DO - CORPORATE PRODUCTION,"VIRGINIA (VA) Shipbuilding and Conversion, Navy (SCN) Bulk Procurement and Spares",LSUBP00035 - LSUBP00035 - SUBMARINE INTEGRATION DIV HEAD - NIWCLANT,No Range Specified,,Cost-Reimbursement,Delivery Order/Task Order,N65236 - NIWCLANT,FY23,Q2,FY23,Q4,,New,,,"NORTH CHARLESTON, SC",,5810 - COMMUNICATIONS SECURITY EQUIPMENT AND COMPONENTS,"Shull, Jeremy",jeremy.d.shull.civ@us.navy.mil,NAVWAR OSBP,navwarsbo.fct@navy.mil,,,,,,N65236-23-RFPREQ-LSUBP00035-0016,https://ams.navair.navy.mil/procurement/FCF1F620-2D10-456E-AC03-79F171EEF3F4
LRAE Annex 25,539,LIPTM00248 - AFLOAT SUB C4I IPT - iRCS Rack Build FY23 - NEW SAC DO - CORPORATE PRODUCTION,"Procurement, Integration, Assembly and Test of identified FY23 kits for iRCS Rack Build for FY23",LSUBP00035 - LSUBP00035 - SUBMARINE INTEGRATION DIV HEAD - NIWCLANT,No Range Specified,,Cost-Reimbursement,Delivery Order/Task Order,N65236 - NIWCLANT,FY23,Q2,FY23,Q3,,New,,,"NORTH CHARLESTON, SC",TBD - TBD,5810 - COMMUNICATIONS SECURITY EQUIPMENT AND COMPONENTS,"Shull, Jeremy",jeremy.d.shull.civ@us.navy.mil,NAVWAR OSBP,navwarsbo.fct@navy.mil,,,,,,N65236-23-RFPREQ-LSUBP00035-0017,https://ams.navair.navy.mil/procurement/42A38534-E4CD-4952-9D0A-888709B74B39
LRAE Annex 25,540,Afloat Sub C4I IPT Business Financial Management Support - MBAS II NEW TO - BASE + 2 OPTIONS,Provide BFM Support Services to the Afloat Submarine C4I IPT under the MBAS II Contract,LSUBP00035 - LSUBP00035 - SUBMARINE INTEGRATION DIV HEAD - NIWCLANT,No Range Specified,,Cost-Reimbursement,Delivery Order/Task Order,N65236 - NIWCLANT,FY23,Q4,FY24,Q1,,Follow-on,N6523618D8003 N6523620F07,,"NORTH CHARLESTON, SC",541611 - Administrative Management and General Management Consulting Services,R408 - Program Management/Support Services,"Shull, Jeremy",jeremy.d.shull.civ@us.navy.mil,NAVWAR OSBP,navwarsbo.fct@navy.mil,,,,,,N65236-23-RFPREQ-LSUBP00035-0018,https://ams.navair.navy.mil/procurement/98E4A127-8839-4B6A-BCB4-70BF74EB0015
LRAE Annex 25,541,"LIPTM00257, Surface Modernization Unit Level, SEWP (C)",Video upgrade for LHD 2,LSUBP00057 - LSUBP00057 - FLEET INSTALLATION & READINESS DIV HD - NIWCLANT,< $2M,TBD,Fixed-Price,Delivery Order/Task Order,N65236 - NIWCLANT,FY23,Q3,FY23,Q4,,New,,,"Norfolk, VA",TBD - TBD,"5820 - RADIO AND TELEVISION COMMUNICATION EQUIPMENT, EXCEPT AIRBORNE","Shull, Jeremy",jeremy.d.shull.civ@us.navy.mil,NAVWAR OSBP,navwarsbo.fct@navy.mil,,,,,,N65236-23-RFPREQ-LSUBP00057-0085,https://ams.navair.navy.mil/procurement/D8969C3E-32D9-4402-B0BA-297ABBD4B2B0
LRAE Annex 25,542,"LIPTM00119, INTERIOR COMMUNICATIONS IPT, VIDEO FY23 SPARES, SEWP (C)",OPN FY23 SPARES FOR VIDEO SYSTEMS,LSUBP00034 - LSUBP00034 - SURFACE SHIP INTEGRATION DIV HEAD - NIWCLANT,< $2M,TBD,Fixed-Price,Delivery Order/Task Order,N65236 - NIWCLANT,FY23,Q2,FY23,Q3,,New,,,"San Diego, CA",TBD - TBD,TBD - TBD,"Shull, Jeremy",jeremy.d.shull.civ@us.navy.mil,NAVWAR OSBP,navwarsbo.fct@navy.mil,,,,,,N65236-23-RFPREQ-LSUBP00034-0030,https://ams.navair.navy.mil/procurement/43A2A00C-4E14-443B-80A4-3C9281942D63
LRAE Annex 25,543,"LIPTM00119, INTERIOR COMMUNICATIONS IPT, LPD-31 P25 SYSTEM, SEWP (C)",P25 HYDRA (HIERARCHAL YET DYNAMICALLY REPROGRAMMABLE ARCHITECTURE) SYSTEM FOR LPD-31,LSUBP00034 - LSUBP00034 - SURFACE SHIP INTEGRATION DIV HEAD - NIWCLANT,$2M - $7.5M,TBD,Fixed-Price,Delivery Order/Task Order,N65236 - NIWCLANT,FY23,Q3,FY23,Q3,,New,,,"Norfolk, VA",TBD - TBD,TBD - TBD,"Shull, Jeremy",jeremy.d.shull.civ@us.navy.mil,NAVWAR OSBP,navwarsbo.fct@navy.mil,,,,,,N65236-23-RFPREQ-LSUBP00034-0031,https://ams.navair.navy.mil/procurement/18CAB6C9-C118-45EF-BA6F-54B79C563084
LRAE Annex 25,544,"LIPTM00115, Tactical Shore Systems (TSS) IPT, Ashore Navy Network Operation Center Support - Seaport (new TO) Base + 4 OYs (C)","This new contract will cover the Tactical Shore Systems (TSS) design, transition, and sustainment activities for Naval Information Warfare Center (NIWC) Atlantic. This support encompasses engineering, integration, documentation, configuration management, training, analysis, and recommendations for technical, logistical, and life cycle support for Ashore Navy Network Operation Centers.  Follow on to N65236-19-F-3074 (SRC is the incumbent)",LSUBP00015 - LSUBP00015 - SHORE C4I INTEGRATION DIV HEAD - NIWCLANT,$50M - $100M,TBD,Cost-Reimbursement,Single-Award Indefinite-Delivery,N65236 - NIWCLANT,FY24,Q2,FY24,Q4,,Follow-on,,,"Charleston, SC",541330 - Engineering Services,TBD - TBD,"Shull, Jeremy",jeremy.d.shull.civ@us.navy.mil,NAVWAR OSBP,navwarsbo.fct@navy.mil,,,,,,N65236-23-RFPREQ-LSUBP00015-0064,https://ams.navair.navy.mil/procurement/7D0291C3-7D68-472F-B4F8-FC09CA85BBCC
LRAE Annex 25,545,"LIPTM00119, IC IPT, CVN-79 SATCC INCO SPARES, SEWP (C)",PROCUREMENT OF INCO SPARES KIT FOR CVN-79,LSUBP00034 - LSUBP00034 - SURFACE SHIP INTEGRATION DIV HEAD - NIWCLANT,< $2M,TBD,Fixed-Price,Delivery Order/Task Order,N65236 - NIWCLANT,FY23,Q3,FY23,Q3,,New,,,"Norfolk, VA",TBD - TBD,TBD - TBD,"Shull, Jeremy",jeremy.d.shull.civ@us.navy.mil,NAVWAR OSBP,navwarsbo.fct@navy.mil,,,,,,N65236-23-RFPREQ-LSUBP00034-0040,https://ams.navair.navy.mil/procurement/1A30A423-54E4-4C98-B2FD-C6E549677E65
LRAE Annex 25,546,"LIPTM00119, INTERIOR COMMUNICATIONS IPT, DDG VIDEO SWITCH SPARES, SEWP-ESI (C)",PROCURING VIDEO CISCO SWITCH SPARES FOR DDG ON THE SEWP ESI CONTRACT,LSUBP00034 - LSUBP00034 - SURFACE SHIP INTEGRATION DIV HEAD - NIWCLANT,< $2M,TBD,Fixed-Price,Delivery Order/Task Order,N65236 - NIWCLANT,FY23,Q2,FY23,Q3,,New,,,"Norfolk, VA",TBD - TBD,TBD - TBD,"Shull, Jeremy",jeremy.d.shull.civ@us.navy.mil,NAVWAR OSBP,navwarsbo.fct@navy.mil,,,,,,N65236-23-RFPREQ-LSUBP00034-0037,https://ams.navair.navy.mil/procurement/2AC2EB54-9CF0-496D-BD4B-96F0DD41930D
LRAE Annex 25,547,"LIPTM00119, IC IPT, SIWCS AEGIS ASHORE POLAND/DDG MMSC BATTERY PROCUREMENT, SEWP (C)",REPLACEMENT BATTERIES FOR SIWCS AEGIS ASHORE; DDG MMSC BATTERIES,LSUBP00034 - LSUBP00034 - SURFACE SHIP INTEGRATION DIV HEAD - NIWCLANT,< $2M,TBD,Fixed-Price,Delivery Order/Task Order,N65236 - NIWCLANT,FY23,Q3,FY23,Q3,,New,,,"Norfolk, VA",TBD - TBD,TBD - TBD,"Shull, Jeremy",jeremy.d.shull.civ@us.navy.mil,NAVWAR OSBP,navwarsbo.fct@navy.mil,,,,,,N65236-23-RFPREQ-LSUBP00034-0044,https://ams.navair.navy.mil/procurement/CDD5F46A-1568-44D6-B902-1C70E8220DBE
LRAE Annex 25,548,LIPTM00119-INTERIOR COMM IPT - LPD-31 UVS – Video - CMS MAC Task Order - 1 year POP (C),New Internal MAC Services Task Order for Navy Cyber Kitting - LPD-31 UVS – Video,LSUBP00034 - LSUBP00034 - SURFACE SHIP INTEGRATION DIV HEAD - NIWCLANT,< $2M,,Fixed-Price,Delivery Order/Task Order,N65236 - NIWCLANT,FY23,Q3,FY23,Q4,,New,,,"Norfolk, VA",TBD - TBD,R425 - SUPPORT- PROFESSIONAL: ENGINEERING/TECHNICAL,"Shull, Jeremy",jeremy.d.shull.civ@us.navy.mil,NAVWAR OSBP,navwarsbo.fct@navy.mil,,,,,,N65236-23-RFPREQ-LSUBP00034-0048,https://ams.navair.navy.mil/procurement/A68D175B-8D7E-488A-8E2C-9CEBE982DBAD
LRAE Annex 25,549,"LIPTM00119, IC IPT, VIDEO OPC-3/4 CISCO PROCUREMENT, SEWP ESI (C)",OPC-3/4 CISCO PROCUREMENT FOR VIDEO.,LSUBP00034 - LSUBP00034 - SURFACE SHIP INTEGRATION DIV HEAD - NIWCLANT,< $2M,TBD,Fixed-Price,Delivery Order/Task Order,N65236 - NIWCLANT,FY23,Q3,FY23,Q4,,New,,,"Norfolk, VA",TBD - TBD,TBD - TBD,"Shull, Jeremy",jeremy.d.shull.civ@us.navy.mil,NAVWAR OSBP,navwarsbo.fct@navy.mil,,,,,,N65236-23-RFPREQ-LSUBP00034-0049,https://ams.navair.navy.mil/procurement/57605054-31CA-460B-92DA-214A552C4B5B
LRAE Annex 25,550,"LIPTM00119, IC IPT, LPD ISEA VIDEO SUPPORT PROCUREMENT, SEWP (C)",LPD CLASS VIDEO ISEA PROCUREMENT,LSUBP00034 - LSUBP00034 - SURFACE SHIP INTEGRATION DIV HEAD - NIWCLANT,< $2M,TBD,Fixed-Price,Delivery Order/Task Order,N65236 - NIWCLANT,FY23,Q3,FY23,Q4,,New,,,"Norfolk, VA",TBD - TBD,TBD - TBD,"Shull, Jeremy",jeremy.d.shull.civ@us.navy.mil,NAVWAR OSBP,navwarsbo.fct@navy.mil,,,,,,N65236-23-RFPREQ-LSUBP00034-0050,https://ams.navair.navy.mil/procurement/F63E2400-74F9-40B9-8309-2A29EF5CBF88
LRAE Annex 25,551,"LIPTM00328,SWFTS INTEGRATED INSTALLATION MANAGEMENT ORGANIZATION(SIIMO), FIBER OPTICS KITS, SEWP (C)","- FIBER OPTIC KITS
 - OPTICAL POWER TEST SET",LSUBP00035 - LSUBP00035 - SUBMARINE INTEGRATION DIV HEAD - NIWCLANT,< $2M,TBD,Fixed-Price,Delivery Order/Task Order,N65236 - NIWCLANT,FY23,Q3,FY23,Q4,,New,,,"Norfolk, VA",335921 - Fiber Optic Cable Manufacturing,"6650 - OPTICAL INSTRUMENTS, TEST EQUIPMENT, COMPONENTS AND ACCESSORIES","Shull, Jeremy",jeremy.d.shull.civ@us.navy.mil,NAVWAR OSBP,navwarsbo.fct@navy.mil,,,,,,N65236-23-RFPREQ-LSUBP00035-0070,https://ams.navair.navy.mil/procurement/417914AF-E71C-4F9D-9E5C-BCB23F041A4B
LRAE Annex 25,552,"LIPTM00328, C4I WEAPONS TEST TEAM (CWITT), HARDWARE SUPPORT, SEWP (C)",EXTREME NETWORKS & PULSE SECURE HARDWARE & SUPPORT,LSUBP00035 - LSUBP00035 - SUBMARINE INTEGRATION DIV HEAD - NIWCLANT,< $2M,TBD,Fixed-Price,Delivery Order/Task Order,N65236 - NIWCLANT,FY23,Q3,FY23,Q4,,New,,,"Norfolk, VA",421430 - COMPUTER AND COMPUTER PERIPHERAL EQUIPMENT AND SOFTWARE WHOLESALERS,7A21 - IT AND TELECOM - BUSINESS APPLICATION SOFTWARE (PERPETUAL LICENSE SOFTWARE),"Shull, Jeremy",jeremy.d.shull.civ@us.navy.mil,NAVWAR OSBP,navwarsbo.fct@navy.mil,,,,,,N65236-23-RFPREQ-LSUBP00035-0068,https://ams.navair.navy.mil/procurement/849C160A-8310-4912-AAA2-076F8039E86A
LRAE Annex 25,553,"LIPTM00115, Tactical Shore Systems IPT- DELL R740XD, SEWP (C)",Request is for (4) Dell PowerEdge R740s for infrastructure upgrades associated with AIP-S customers. Intent was to upgrade CRS servers.,LSUBP00015 - LSUBP00015 - SHORE C4I INTEGRATION DIV HEAD - NIWCLANT,< $2M,,Fixed-Price,Delivery Order/Task Order,N65236 - NIWCLANT,FY23,Q3,FY23,Q4,,New,,,"Charleston, SC",TBD - TBD,TBD - TBD,"Shull, Jeremy",jeremy.d.shull.civ@us.navy.mil,NAVWAR OSBP,navwarsbo.fct@navy.mil,,,,,,N65236-23-RFPREQ-LSUBP00015-0074,https://ams.navair.navy.mil/procurement/4D0DF9B2-EDFF-4F75-AEAE-0781323FA4BD
LRAE Annex 25,554,"LIPTM00119, IC IPT, CVN-75 DIAS2 PROCUREMENT, SEWP (C)",CVN-75 DIAS2 MATERIAL FOR ANNOUNCING SYSTEMS,LSUBP00034 - LSUBP00034 - SURFACE SHIP INTEGRATION DIV HEAD - NIWCLANT,$2M - $7.5M,TBD,Fixed-Price,Delivery Order/Task Order,N65236 - NIWCLANT,FY23,Q3,FY23,Q3,,New,,,"Norfolk, VA",TBD - TBD,TBD - TBD,"Shull, Jeremy",jeremy.d.shull.civ@us.navy.mil,NAVWAR OSBP,navwarsbo.fct@navy.mil,,,,,,N65236-23-RFPREQ-LSUBP00034-0055,https://ams.navair.navy.mil/procurement/FF74C402-1617-4B9B-9FEE-7F645A474CDA
LRAE Annex 25,555,"LIPTM00119, IC IPT, CVN-71 SCDs 3997/13412 MATERIAL, SEWP (C)",ANNOUNCING SCD MATERIAL FOR CVN-71,LSUBP00034 - LSUBP00034 - SURFACE SHIP INTEGRATION DIV HEAD - NIWCLANT,< $2M,TBD,Fixed-Price,Delivery Order/Task Order,N65236 - NIWCLANT,FY23,Q3,FY23,Q4,,New,,,"Norfolk, VA",TBD - TBD,TBD - TBD,"Shull, Jeremy",jeremy.d.shull.civ@us.navy.mil,NAVWAR OSBP,navwarsbo.fct@navy.mil,,,,,,N65236-23-RFPREQ-LSUBP00034-0058,https://ams.navair.navy.mil/procurement/8070EC07-5540-4145-ADD9-4DC750B8BA1D
LRAE Annex 25,556,"LIPTM00119, IC IPT, LPD-19/20 ANN SCDs 2125/26491 MATERIAL, SEWP (C)",ANNOUNCING MATERIAL FOR SCDs 2125/26491 ON LPD-19/20,LSUBP00034 - LSUBP00034 - SURFACE SHIP INTEGRATION DIV HEAD - NIWCLANT,< $2M,TBD,Fixed-Price,Delivery Order/Task Order,N65236 - NIWCLANT,FY23,Q3,FY23,Q4,,New,,,"Norfolk, VA",TBD - TBD,TBD - TBD,"Shull, Jeremy",jeremy.d.shull.civ@us.navy.mil,NAVWAR OSBP,navwarsbo.fct@navy.mil,,,,,,N65236-23-RFPREQ-LSUBP00034-0060,https://ams.navair.navy.mil/procurement/68058E7D-44AF-4B64-B08C-2F3EDABFF103
LRAE Annex 25,557,"LIPTM00248, , Afloat Submarine C4I IPT_ CSRR ARIES MATERIALS (C)",PROCURE FY23 CSRR ARIES MATERIALS,LSUBP00035 - LSUBP00035 - SUBMARINE INTEGRATION DIV HEAD - NIWCLANT,< $2M,TBD,Fixed-Price,Delivery Order/Task Order,N65236 - NIWCLANT,,,FY23,Q4,,New,,,"Charleston, SC",TBD - TBD,TBD - TBD,"Shull, Jeremy",jeremy.d.shull.civ@us.navy.mil,NAVWAR OSBP,navwarsbo.fct@navy.mil,,,,,,N65236-23-RFPREQ-LSUBP00035-0073,https://ams.navair.navy.mil/procurement/836BCBD6-C94C-452C-BF1F-CAA4089CFF6C
LRAE Annex 25,558,"LIPTM00119, IC IPT, CVN-69 IVN 12CK & DCSS PROCUREMENT, SEWP (C)",CVN-69 CVS (12CK) AND DCSS SYSTEM REPLACEMENTS FOR IVN.,LSUBP00034 - LSUBP00034 - SURFACE SHIP INTEGRATION DIV HEAD - NIWCLANT,< $2M,TBD,Fixed-Price,Delivery Order/Task Order,N65236 - NIWCLANT,FY23,Q3,FY23,Q4,,New,,,"Norfolk, VA",TBD - TBD,TBD - TBD,"Shull, Jeremy",jeremy.d.shull.civ@us.navy.mil,NAVWAR OSBP,navwarsbo.fct@navy.mil,,,,,,N65236-23-RFPREQ-LSUBP00034-0064,https://ams.navair.navy.mil/procurement/C71EDF87-5B4D-462E-94DE-778B4ECDD9A9
LRAE Annex 25,559,LIPTM00116-UCVS IPT-OTDR MODULEPROCUREMENT-SEWP (C),OTDR MODULE FOR NISE,LSUBP00015 - LSUBP00015 - SHORE C4I INTEGRATION DIV HEAD - NIWCLANT,< $2M,TBD,Fixed-Price,Delivery Order/Task Order,N65236 - NIWCLANT,FY23,Q3,FY23,Q4,,New,,,"Norfolk, VA",TBD - TBD,TBD - TBD,"Shull, Jeremy",jeremy.d.shull.civ@us.navy.mil,NAVWAR OSBP,navwarsbo.fct@navy.mil,,,,,,N65236-23-RFPREQ-LSUBP00015-0080,https://ams.navair.navy.mil/procurement/B0E7C584-0D17-4B91-A408-A6B9606140E3
LRAE Annex 25,560,"LIPTM00119, IC IPT, DDG-138/139 P25 SYSTEMS, SEWP (C)",SIWCS P25 SYSTEMS PROCUREMENT FOR DDG-138/139.,LSUBP00034 - LSUBP00034 - SURFACE SHIP INTEGRATION DIV HEAD - NIWCLANT,< $2M,TBD,Fixed-Price,Delivery Order/Task Order,N65236 - NIWCLANT,FY23,Q3,FY23,Q4,,New,,,"Norfolk, VA",TBD - TBD,TBD - TBD,"Shull, Jeremy",jeremy.d.shull.civ@us.navy.mil,NAVWAR OSBP,navwarsbo.fct@navy.mil,,,,,,N65236-23-RFPREQ-LSUBP00034-0065,https://ams.navair.navy.mil/procurement/CCE406F4-C88B-4831-BAA7-AE40C2128CA5
LRAE Annex 25,561,"LIPTM00119, IC IPT, FFG-62/63 CAMERA PROCUREMENT, SEWP (C)",VIDEO CAMERA PROCUREMENT FOR FFG-62/63.,LSUBP00034 - LSUBP00034 - SURFACE SHIP INTEGRATION DIV HEAD - NIWCLANT,< $2M,TBD,Fixed-Price,Delivery Order/Task Order,N65236 - NIWCLANT,FY23,Q3,FY23,Q4,,New,,,"Norfolk, VA",TBD - TBD,TBD - TBD,"Shull, Jeremy",jeremy.d.shull.civ@us.navy.mil,NAVWAR OSBP,navwarsbo.fct@navy.mil,,,,,,N65236-23-RFPREQ-LSUBP00034-0066,https://ams.navair.navy.mil/procurement/D3937C59-B6FA-4207-B361-40235646D7EA
LRAE Annex 25,562,LIPTM00116-UCVS IPT-CISCO PROCUREMENT-SEWP (C),CISCO PROCUREMENT FOR PEO DIGITAL,LSUBP00015 - LSUBP00015 - SHORE C4I INTEGRATION DIV HEAD - NIWCLANT,< $2M,TBD,Fixed-Price,Delivery Order/Task Order,N65236 - NIWCLANT,FY23,Q3,FY23,Q4,,New,,,"Norfolk, VA",TBD - TBD,TBD - TBD,"Shull, Jeremy",jeremy.d.shull.civ@us.navy.mil,NAVWAR OSBP,navwarsbo.fct@navy.mil,,,,,,N65236-23-RFPREQ-LSUBP00015-0084,https://ams.navair.navy.mil/procurement/702BBB5B-D594-4D2F-B137-3E1DE4D183B1
LRAE Annex 25,563,"LIPTM00119, IC IPT, VIDEO EPF-13 PROCUREMENT, SEWP (C)",EPF 13 VIDEO SUPPORT PROCUREMENT,LSUBP00034 - LSUBP00034 - SURFACE SHIP INTEGRATION DIV HEAD - NIWCLANT,< $2M,TBD,Fixed-Price,Delivery Order/Task Order,N65236 - NIWCLANT,FY23,Q3,FY23,Q4,,New,,,"Norfolk, VA",TBD - TBD,TBD - TBD,"Shull, Jeremy",jeremy.d.shull.civ@us.navy.mil,NAVWAR OSBP,navwarsbo.fct@navy.mil,,,,,,N65236-23-RFPREQ-LSUBP00034-0068,https://ams.navair.navy.mil/procurement/B62552DD-4629-4F97-8109-A24145E45CF2
LRAE Annex 25,564,"LIPTM00119, IC IPT, LPD-29 IVN 12CK PROCUREMENT, SEWP (C)",PROCUREMENT OF SHIPBOARD CIRCUIT 12CK SYSTEM FOR IVN ON LPD-29.,LSUBP00034 - LSUBP00034 - SURFACE SHIP INTEGRATION DIV HEAD - NIWCLANT,< $2M,TBD,Fixed-Price,Delivery Order/Task Order,N65236 - NIWCLANT,FY23,Q3,FY23,Q4,,New,,,"Norfolk, VA",TBD - TBD,TBD - TBD,"Shull, Jeremy",jeremy.d.shull.civ@us.navy.mil,NAVWAR OSBP,navwarsbo.fct@navy.mil,,,,,,N65236-23-RFPREQ-LSUBP00034-0072,https://ams.navair.navy.mil/procurement/2F8B98E7-EAC4-48BE-9ADD-00E1BB25559B
LRAE Annex 25,565,"LIPTM00486, SSTD IPT, LAPTOP BUY, SEWP (C)",DELL LAPTOPS & DOCKING STATIONS,LSUBP00035 - LSUBP00035 - SUBMARINE INTEGRATION DIV HEAD - NIWCLANT,No Range Specified,TBD,Fixed-Price,Delivery Order/Task Order,N65236 - NIWCLANT,FY23,Q3,FY23,Q4,,New,,,"Norfolk, VA",334111 - Electronic Computer Manufacturing,7B22 - IT AND TELECOM - COMPUTE: SERVERS (HARDWARE AND PERPETUAL LICENSE SOFTWARE),"Shull, Jeremy",jeremy.d.shull.civ@us.navy.mil,NAVWAR OSBP,navwarsbo.fct@navy.mil,,,,,,N65236-23-RFPREQ-LSUBP00035-0079,https://ams.navair.navy.mil/procurement/89B246B2-E655-4C90-A148-9C55406484A1
LRAE Annex 25,566,LIPTM00116-UCVS-IOR & ECR HW Procurement-SEWP (C),CISCO Hardware in support of UCVS IOR & ECR projects,LSUBP00015 - LSUBP00015 - SHORE C4I INTEGRATION DIV HEAD - NIWCLANT,< $2M,TBD,Fixed-Price,Delivery Order/Task Order,N65236 - NIWCLANT,FY23,Q3,FY23,Q4,,New,,,"Norfolk, VA",TBD - TBD,TBD - TBD,"Shull, Jeremy",jeremy.d.shull.civ@us.navy.mil,NAVWAR OSBP,navwarsbo.fct@navy.mil,,,,,,N65236-23-RFPREQ-LSUBP00015-0089,https://ams.navair.navy.mil/procurement/15DB46F9-72B0-49B8-8F1E-9766D7DB0681
LRAE Annex 25,567,"LIPTM00119, IC IPT, ANN CVN-71 SCD 28111&CVN-69/73/76 SCD 13412 PROCUREMENT, SEWP (C)",SCD MATERIAL PROCUREMENT FOR ANNOUNCING SYSTEMS ON CVN-71/69/73/76,LSUBP00034 - LSUBP00034 - SURFACE SHIP INTEGRATION DIV HEAD - NIWCLANT,< $2M,TBD,Fixed-Price,Delivery Order/Task Order,N65236 - NIWCLANT,FY23,Q3,FY23,Q4,,New,,,"Norfolk, VA",TBD - TBD,TBD - TBD,"Shull, Jeremy",jeremy.d.shull.civ@us.navy.mil,NAVWAR OSBP,navwarsbo.fct@navy.mil,,,,,,N65236-23-RFPREQ-LSUBP00034-0077,https://ams.navair.navy.mil/procurement/748F448F-4F4C-4866-A867-C9AA7D05EACE
LRAE Annex 25,568,LIPTM00116-UCVS-RTMS HW Procurement-SEWP (C),Cisco procurement for RTMS system,LSUBP00015 - LSUBP00015 - SHORE C4I INTEGRATION DIV HEAD - NIWCLANT,< $2M,TBD,Fixed-Price,Delivery Order/Task Order,N65236 - NIWCLANT,FY23,Q3,FY23,Q4,,New,,,"Norfolk, VA",TBD - TBD,TBD - TBD,"Shull, Jeremy",jeremy.d.shull.civ@us.navy.mil,NAVWAR OSBP,navwarsbo.fct@navy.mil,,,,,,N65236-23-RFPREQ-LSUBP00015-0090,https://ams.navair.navy.mil/procurement/49224BF7-0F2C-4698-9AB4-F72C7AF6BA1E
LRAE Annex 25,569,"LIPTM00115,  TSS IPT - Naples DWDM SFP Procurement, SEWP (C)",C4ISR data communication at various Naval Operation Centers (NOC).,LSUBP00015 - LSUBP00015 - SHORE C4I INTEGRATION DIV HEAD - NIWCLANT,< $2M,TBD,Fixed-Price,Delivery Order/Task Order,N65236 - NIWCLANT,FY23,Q3,FY23,Q4,,New,,,"San Diego, CA",TBD - TBD,TBD - TBD,"Shull, Jeremy",jeremy.d.shull.civ@us.navy.mil,NAVWAR OSBP,navwarsbo.fct@navy.mil,,,,,,N65236-23-RFPREQ-LSUBP00015-0091,https://ams.navair.navy.mil/procurement/E9D7E40E-9A29-4491-B831-03E1D7C027E8
LRAE Annex 25,570,"LIPTM00119, IC IPT, LHA-9 DIAS2 ANN PROCUREMENT, SEWP (C)",DIAS2 MATERIAL FOR ANNOUNCING SYSTEMS ON LHA-9.,LSUBP00034 - LSUBP00034 - SURFACE SHIP INTEGRATION DIV HEAD - NIWCLANT,< $2M,TBD,Fixed-Price,Delivery Order/Task Order,N65236 - NIWCLANT,FY23,Q3,FY23,Q4,,New,,,"Norfolk, VA",TBD - TBD,TBD - TBD,"Shull, Jeremy",jeremy.d.shull.civ@us.navy.mil,NAVWAR OSBP,navwarsbo.fct@navy.mil,,,,,,N65236-23-RFPREQ-LSUBP00034-0076,https://ams.navair.navy.mil/procurement/6F5EB3FB-593E-4A08-809E-D44ABBF5DC4E
LRAE Annex 25,571,"LIPTM00248, Afloat Submarine C4I IPT_ CSRR MRTS MATERIALS-SEWP (C)",PROCURE FY23 CSRR MRTS MATERIALS,LSUBP00035 - LSUBP00035 - SUBMARINE INTEGRATION DIV HEAD - NIWCLANT,< $2M,TBD,Fixed-Price,Delivery Order/Task Order,N65236 - NIWCLANT,FY23,Q3,FY23,Q4,,New,,,"Charleston, SC",TBD - TBD,TBD - TBD,"Shull, Jeremy",jeremy.d.shull.civ@us.navy.mil,NAVWAR OSBP,navwarsbo.fct@navy.mil,,,,,,N65236-23-RFPREQ-LSUBP00035-0077,https://ams.navair.navy.mil/procurement/62F9B891-7A8B-448F-AC1E-6C78EB73159B
LRAE Annex 25,572,"LIPTM00328, SUBMARINE WARFARE FEDERATED TACTICAL SYSTEMS IPT, SUPERMICRO, SEWP (C)",IT HARDWARE BUY,LSUBP00035 - LSUBP00035 - SUBMARINE INTEGRATION DIV HEAD - NIWCLANT,No Range Specified,TBD,Fixed-Price,Delivery Order/Task Order,N65236 - NIWCLANT,FY23,Q3,FY23,Q4,,New,,,"Norfolk, VA",444140 - Hardware Retailers,7B20 - IT AND TELECOM - HIGH PERFORMANCE COMPUTE (HARDWARE AND PERPETUAL LICENSE SOFTWARE),"Shull, Jeremy",jeremy.d.shull.civ@us.navy.mil,NAVWAR OSBP,navwarsbo.fct@navy.mil,,,,,,N65236-23-RFPREQ-LSUBP00035-0092,https://ams.navair.navy.mil/procurement/9DD4B526-8E6F-43E7-AE83-CC8836029102
LRAE Annex 25,573,LIPTM00116-UCVS IPT-RIBBON PROCUREMENT-SEWP (C),"This is the Session Border Controller (SBC) equipment that is part of the boundary suite, protecting the Call Management System and other applications residing within the accreditation boundary.",LSUBP00015 - LSUBP00015 - SHORE C4I INTEGRATION DIV HEAD - NIWCLANT,< $2M,,Fixed-Price,Delivery Order/Task Order,N65236 - NIWCLANT,FY23,Q3,FY23,Q4,,New,,,"Norfolk, VA",TBD - TBD,TBD - TBD,"Shull, Jeremy",jeremy.d.shull.civ@us.navy.mil,NAVWAR OSBP,navwarsbo.fct@navy.mil,,,,,,N65236-23-RFPREQ-LSUBP00015-0097,https://ams.navair.navy.mil/procurement/FD05A80F-BA65-4952-88FA-6DF5D783B36B
LRAE Annex 25,574,"LIPTM00119, IC IPT, LCC-19 ANN SCDs 10959 & 10960 PROCUREMENT, SEWP (C)",SCDs 10959 & 10960 PROCUREMENT FOR ANNOUNCING SYSTEMS ON LCC-19.,LSUBP00034 - LSUBP00034 - SURFACE SHIP INTEGRATION DIV HEAD - NIWCLANT,< $2M,TBD,Fixed-Price,Delivery Order/Task Order,N65236 - NIWCLANT,FY23,Q3,FY23,Q4,,New,,,"Norfolk, VA",TBD - TBD,TBD - TBD,"Shull, Jeremy",jeremy.d.shull.civ@us.navy.mil,NAVWAR OSBP,navwarsbo.fct@navy.mil,,,,,,N65236-23-RFPREQ-LSUBP00034-0087,https://ams.navair.navy.mil/procurement/EA113BEC-2FC4-41E0-A294-6494489997E8
LRAE Annex 25,575,"LIPTM00119, IC IPT, FFG-64 CISCO PROCUREMENT, ESI SEWP (C)",CISCO MATERIALS FOR VIDEO SYSTEMS ON FFG-64.,LSUBP00034 - LSUBP00034 - SURFACE SHIP INTEGRATION DIV HEAD - NIWCLANT,< $2M,TBD,Fixed-Price,Delivery Order/Task Order,N65236 - NIWCLANT,FY23,Q3,FY23,Q4,,New,,,"Norfolk, VA",TBD - TBD,TBD - TBD,"Shull, Jeremy",jeremy.d.shull.civ@us.navy.mil,NAVWAR OSBP,navwarsbo.fct@navy.mil,,,,,,N65236-23-RFPREQ-LSUBP00034-0088,https://ams.navair.navy.mil/procurement/9D64204A-D945-44E8-89C4-C3D0058E7149
LRAE Annex 25,576,"LIPTM00119, IC IPT, CVN-78 8WF1 RADIO PROCUREMENT, SEWP (C)",HYDRA RADIO PROCUREMENT FOR CVN-78,LSUBP00034 - LSUBP00034 - SURFACE SHIP INTEGRATION DIV HEAD - NIWCLANT,< $2M,TBD,Fixed-Price,Delivery Order/Task Order,N65236 - NIWCLANT,FY23,Q3,FY23,Q4,,New,,,"Norfolk, VA",TBD - TBD,TBD - TBD,"Shull, Jeremy",jeremy.d.shull.civ@us.navy.mil,NAVWAR OSBP,navwarsbo.fct@navy.mil,,,,,,N65236-23-RFPREQ-LSUBP00034-0079,https://ams.navair.navy.mil/procurement/3926D853-FE64-45C7-A500-71B54FF3BDED
LRAE Annex 25,577,"LIPTM00328 - SWFTS INTEGRATED INSTALLATION MANAGEMENT ORGANIZATION(SIIMO), KITCO HARDWARE, SEWP (C)",FIBER OPTIC HARDWARE,LSUBP00035 - LSUBP00035 - SUBMARINE INTEGRATION DIV HEAD - NIWCLANT,< $2M,,Fixed-Price,TBD,N65236 - NIWCLANT,FY23,Q3,FY23,Q4,,New,,,"Norfolk, VA",335921 - Fiber Optic Cable Manufacturing,"6650 - OPTICAL INSTRUMENTS, TEST EQUIPMENT, COMPONENTS AND ACCESSORIES","Shull, Jeremy",jeremy.d.shull.civ@us.navy.mil,NAVWAR OSBP,navwarsbo.fct@navy.mil,,,,,,N65236-23-RFPREQ-LSUBP00035-0088,https://ams.navair.navy.mil/procurement/8A57218C-08CC-488F-909C-55294C06BBDB
LRAE Annex 25,578,"LIPTM00328, SUBMARINE WARFARE FEDERATED TACTICAL SYSTEMS IPT, RSA BUY, SEWP (C)",SOFTWARE SUPPORT,LSUBP00035 - LSUBP00035 - SUBMARINE INTEGRATION DIV HEAD - NIWCLANT,No Range Specified,,Fixed-Price,Delivery Order/Task Order,N65236 - NIWCLANT,FY23,Q3,FY23,Q3,,New,,,"Norfolk, VA",423430 - Computer and Computer Peripheral Equipment and Software Merchant Wholesalers,7A21 - IT AND TELECOM - BUSINESS APPLICATION SOFTWARE (PERPETUAL LICENSE SOFTWARE),"Shull, Jeremy",jeremy.d.shull.civ@us.navy.mil,NAVWAR OSBP,navwarsbo.fct@navy.mil,,,,,,N65236-23-RFPREQ-LSUBP00035-0094,https://ams.navair.navy.mil/procurement/E8A15F9F-D756-4767-8A06-615C2094CF9E
LRAE Annex 25,579,LIPTM00116-UCVS IPT-Microchip Procurement-SEWP (C),"Microchip Procurement for UCVS, NTP Server Procurement",LSUBP00015 - LSUBP00015 - SHORE C4I INTEGRATION DIV HEAD - NIWCLANT,< $2M,TBD,Fixed-Price,Delivery Order/Task Order,N65236 - NIWCLANT,,,FY23,Q4,,New,,,"Norfolk, VA",TBD - TBD,TBD - TBD,"Shull, Jeremy",jeremy.d.shull.civ@us.navy.mil,NAVWAR OSBP,navwarsbo.fct@navy.mil,,,,,,N65236-23-RFPREQ-LSUBP00015-0101,https://ams.navair.navy.mil/procurement/D0F3B1D9-AF45-4935-BA8E-A60A470A2340
LRAE Annex 25,580,"LIPTM00119, IC IPT, ANN DDG DIAS MATERIAL PROCUREMENT, SEWP (C)",DIAS MATERIAL FOR ANNOUNCING SYSTEMS ON DDGs.,LSUBP00034 - LSUBP00034 - SURFACE SHIP INTEGRATION DIV HEAD - NIWCLANT,< $2M,TBD,Fixed-Price,Delivery Order/Task Order,N65236 - NIWCLANT,FY23,Q3,FY23,Q4,,New,,,"Norfolk, VA",TBD - TBD,TBD - TBD,"Shull, Jeremy",jeremy.d.shull.civ@us.navy.mil,NAVWAR OSBP,navwarsbo.fct@navy.mil,,,,,,N65236-23-RFPREQ-LSUBP00034-0096,https://ams.navair.navy.mil/procurement/F5944DD7-F73C-4EC2-999C-9258D62D4348
LRAE Annex 25,581,"LIPTM00447, SECURE VOICE SOLUTIONS - ADNS, SECURE SYNC TIMING AND FREQUENCY EQUIP (C)",THE PROJECT NEEDS THIS SPECIFIC SECURE SYNC TIMING AND FREQUENCY EQUIPMENT FOR THE LAB AND PLATFORM AREA WHERE IT WILL BE USED IN SUPPORT OF THE ADNS ENVIRONMENT FOR THE FLEET.,LSUBP00015 - LSUBP00015 - SHORE C4I INTEGRATION DIV HEAD - NIWCLANT,< $2M,,Fixed-Price,TBD,N65236 - NIWCLANT,,,FY23,Q4,,New,,,"Charleston, SC",TBD - TBD,TBD - TBD,"Shull, Jeremy",jeremy.d.shull.civ@us.navy.mil,NAVWAR OSBP,navwarsbo.fct@navy.mil,,,,,,N65236-23-RFPREQ-LSUBP00015-0103,https://ams.navair.navy.mil/procurement/B89C7B4A-4F9E-4472-A89D-A7AD53ACDC5E
LRAE Annex 25,582,"LIPTM00119, IC IPT, DDG CIRCUIT 32TV PROCUREMENT, SEWP (C)",MATERIAL PROCUREMENT FOR THE 32TV VIDEO SYSTEM FOR DDG.,LSUBP00034 - LSUBP00034 - SURFACE SHIP INTEGRATION DIV HEAD - NIWCLANT,< $2M,TBD,TBD,Delivery Order/Task Order,N65236 - NIWCLANT,,,FY23,Q4,,,,,"Norfolk, VA",TBD - TBD,TBD - TBD,"Shull, Jeremy",jeremy.d.shull.civ@us.navy.mil,NAVWAR OSBP,navwarsbo.fct@navy.mil,,,,,,N65236-23-RFPREQ-LSUBP00034-0100,https://ams.navair.navy.mil/procurement/D3175A93-5FBC-473E-BC57-05CE0307A234
LRAE Annex 25,583,LIPTM00454 -MCBOSS - JFROG ARTIFACTORY PRO X RENEWAL - SEWP (C),SOFTWARE REQUIRED FOR SYSTEM CONTINUITY,LSUBP00064 - LSUBP00064 - EXPED ENTERPRISE SYS & SVS DIV HD - NIWCLANT,< $2M,TBD,Fixed-Price,Delivery Order/Task Order,N65236 - NIWCLANT,FY23,Q3,FY23,Q3,12,Follow-on,N6523622F0290,,"NORTH CHARLESTON, SC",421430 - COMPUTER AND COMPUTER PERIPHERAL EQUIPMENT AND SOFTWARE WHOLESALERS,7A21 - IT AND TELECOM - BUSINESS APPLICATION SOFTWARE (PERPETUAL LICENSE SOFTWARE),"Smith, Kristen M.",kristen.m.smith87.civ@us.navy.mil,NAVWAR OSBP,navwarsbo.fct@navy.mil,None,None,,,Material Procurements,N65236-23-RFPREQ-LSUBP00064-0010,https://ams.navair.navy.mil/procurement/5EF2DA47-A7B5-4F0B-9782-A8237FDDD495
LRAE Annex 25,584,"LIPTM00086, MYNAVY HUMAN RESOURCES SOLUTIONS, TFMMS IBM PAM License, SEWP (C)",Purchase IBM PAM License Subscription via SEWP -- PAM was previously included as a catalog line item on the Big Navy Red Hat BPA. IBM pulled this out of the catalog after the first of the calendar year as part of an internal software restructuring effort.,LSUBP00011 - LSUBP00011 - MANPWR PERS TRNG & EDU SYS DIV HEAD - NIWCLANT,< $2M,,Fixed-Price,Delivery Order/Task Order,N65236 - NIWCLANT,FY23,Q3,FY23,Q3,,New,N6523623F0118,,"New Orleans, LA",541519 - Other Computer Related Services,7A21 - IT AND TELECOM - BUSINESS APPLICATION SOFTWARE (PERPETUAL LICENSE SOFTWARE),"Smith, Kristen M.",kristen.m.smith87.civ@us.navy.mil,NAVWAR OSBP,navwarsbo.fct@navy.mil,,,,,,N65236-23-RFPREQ-LSUBP00011-0024,https://ams.navair.navy.mil/procurement/F56611B1-2D5B-4A77-97B7-66641BDF0D24
LRAE Annex 25,585,LIPTM00480 - Naval Tactical Command Support System - NTCSS MFOM University Laptops - NASA SEWP (C),"151-23-034 FY23 NTCSS MFOM Laptop Server (MFOM University).  Procuring laptops, adapter, Blu-Ray, and WinMagic SecureDoc software for coming install supporting the PEO-MLB install schedule.",LSUBP00056 - LSUBP00056 - ENTERPRISE BUSINESS SYSTEMS DIV HEAD - NIWCLANT,< $2M,TBD,Fixed-Price,Delivery Order/Task Order,N65236 - NIWCLANT,FY23,Q2,FY23,Q3,,New,,,"Norfolk, VA",541519 - Other Computer Related Services,7K20 - IT AND TELECOM - STORAGE PRODUCTS (HARDWARE AND PERPETUAL LICENSE SOFTWARE),"Smith, Kristen M.",kristen.m.smith87.civ@us.navy.mil,NAVWAR OSBP,navwarsbo.fct@navy.mil,,,,,,N65236-23-RFPREQ-LSUBP00056-0044,https://ams.navair.navy.mil/procurement/EC78C348-7046-4C3B-8823-E28593840507
LRAE Annex 25,586,"LIPTM00086/MyNavy Human Resources Solutions -Dell EMC Data Domain Software renewal, SEWP (C)",Purchase of maintenance of Dell EMC Data Domain Software. POP 6/19/23-6/18/24.,LSUBP00011 - LSUBP00011 - MANPWR PERS TRNG & EDU SYS DIV HEAD - NIWCLANT,< $2M,TBD,Fixed-Price,Delivery Order/Task Order,N65236 - NIWCLANT,FY23,Q3,FY23,Q3,,Follow-on,N6523622F0435,,"New Orleans, LA",541519 - Other Computer Related Services,7A21 - IT AND TELECOM - BUSINESS APPLICATION SOFTWARE (PERPETUAL LICENSE SOFTWARE),"Smith, Kristen M.",kristen.m.smith87.civ@us.navy.mil,NAVWAR OSBP,navwarsbo.fct@navy.mil,,,,,,N65236-23-RFPREQ-LSUBP00011-0030,https://ams.navair.navy.mil/procurement/CFAE0F6D-AFD4-4870-8589-C6B90BA1F90D
LRAE Annex 25,587,"LIPTM00480 - NAVAL-MAINTENANCE, REPAIR AND OVERHAUL - N-MRO VE3 Site Upgrade- NASA SEWP (C)","151-23-038 FY23 N-MRO VE3 Site Upgrade.  Procuring servers, laptops, drives, KVM switches, and UPS for coming install supporting the PEO-MLB site upgrades.",LSUBP00056 - LSUBP00056 - ENTERPRISE BUSINESS SYSTEMS DIV HEAD - NIWCLANT,< $2M,TBD,Fixed-Price,Delivery Order/Task Order,N65236 - NIWCLANT,FY23,Q3,FY23,Q4,,New,,,"Norfolk, VA",541519 - Other Computer Related Services,7K20 - IT AND TELECOM - STORAGE PRODUCTS (HARDWARE AND PERPETUAL LICENSE SOFTWARE),"Smith, Kristen M.",kristen.m.smith87.civ@us.navy.mil,NAVWAR OSBP,navwarsbo.fct@navy.mil,,,,,,N65236-23-RFPREQ-LSUBP00056-0050,https://ams.navair.navy.mil/procurement/C262207E-CF90-48E9-8FEC-6B5482461BDD
LRAE Annex 25,588,LIPTM00107 - Naval Tactical Command Support System - Zephyr Support Renewal - NASA SEWP (C),107-23-014 FY23 NTCSS Development Zephyr Support Renewal.  This software support renewal is needed for the CDA to maintain support for Zephyr as the IPT continues to develop software for the N-MRO application.,LSUBP00056 - LSUBP00056 - ENTERPRISE BUSINESS SYSTEMS DIV HEAD - NIWCLANT,< $2M,TBD,Fixed-Price,Delivery Order/Task Order,N65236 - NIWCLANT,FY23,Q2,FY23,Q4,,New,,,"Norfolk, VA",541519 - Other Computer Related Services,7K20 - IT AND TELECOM - STORAGE PRODUCTS (HARDWARE AND PERPETUAL LICENSE SOFTWARE),"Smith, Kristen M.",kristen.m.smith87.civ@us.navy.mil,NAVWAR OSBP,navwarsbo.fct@navy.mil,,,,,,N65236-23-RFPREQ-LSUBP00056-0055,https://ams.navair.navy.mil/procurement/F51F7E28-8FD1-40A2-BE8C-E444108217F8
LRAE Annex 25,589,LIPTM00106 - MAINTENANCE FIGURE OF MERIT - MFOM Machine Cert Support Rn - NASA SEWP (C),106-23-006 FY23 MFOM Machine Cert Support Renewal.  Procuring this software support renewal so we can maintain support for the Machine Cert software.,LSUBP00056 - LSUBP00056 - ENTERPRISE BUSINESS SYSTEMS DIV HEAD - NIWCLANT,< $2M,TBD,Fixed-Price,Delivery Order/Task Order,N65236 - NIWCLANT,FY23,Q3,FY23,Q4,,New,,,"Norfolk, VA",541519 - Other Computer Related Services,7K20 - IT AND TELECOM - STORAGE PRODUCTS (HARDWARE AND PERPETUAL LICENSE SOFTWARE),"Smith, Kristen M.",kristen.m.smith87.civ@us.navy.mil,NAVWAR OSBP,navwarsbo.fct@navy.mil,,,,,,N65236-23-RFPREQ-LSUBP00056-0066,https://ams.navair.navy.mil/procurement/556826F3-FB78-42F3-9743-8DB42FF0678E
LRAE Annex 25,590,"LIPTM00086/MyNavy Human Resources Solutions- BMC Control- M Software renewal, SEWP (C)",Purchase of maintenance of BMC Control- M Software for the NSIPS program. POP 9/24/23-9/23/24.,LSUBP00011 - LSUBP00011 - MANPWR PERS TRNG & EDU SYS DIV HEAD - NIWCLANT,< $2M,TBD,Fixed-Price,Delivery Order/Task Order,N65236 - NIWCLANT,FY23,Q4,FY23,Q4,,Follow-on,N6523622F0506,,"New Orleans, LA",541519 - Other Computer Related Services,7A21 - IT AND TELECOM - BUSINESS APPLICATION SOFTWARE (PERPETUAL LICENSE SOFTWARE),"Smith, Kristen M.",kristen.m.smith87.civ@us.navy.mil,NAVWAR OSBP,navwarsbo.fct@navy.mil,,,,,,N65236-23-RFPREQ-LSUBP00011-0045,https://ams.navair.navy.mil/procurement/1AABEFBD-15C8-4F4E-AA22-02AE4727379C
LRAE Annex 25,591,LIPTM00107 - Naval Tactical Command Support System - Stunnel Support - NASA SEWP (C),107-23-005 FY23 NTCSS Development Stunnel Support.  This support is being purchased to maintain and receive patches to the Stunnel software.,LSUBP00056 - LSUBP00056 - ENTERPRISE BUSINESS SYSTEMS DIV HEAD - NIWCLANT,< $2M,TBD,Fixed-Price,Delivery Order/Task Order,N65236 - NIWCLANT,FY23,Q3,FY23,Q4,,New,,,"Norfolk, VA",541519 - Other Computer Related Services,7K20 - IT AND TELECOM - STORAGE PRODUCTS (HARDWARE AND PERPETUAL LICENSE SOFTWARE),"Smith, Kristen M.",kristen.m.smith87.civ@us.navy.mil,NAVWAR OSBP,navwarsbo.fct@navy.mil,,,,,,N65236-23-RFPREQ-LSUBP00056-0074,https://ams.navair.navy.mil/procurement/06E9C27B-FBD1-421B-8FA9-E4076870DCCF
LRAE Annex 25,592,LIPTM00107 - Naval Tactical Command Support System - ALM and UFT Support Renewal - Micro Focus Government Solutions ESI BPA (C),107-23-023 FY23 NTCSS Development ALM and UFT Support Renewal.  This support is being purchased to maintain and receive patches to the ALM and UFT software.,LSUBP00056 - LSUBP00056 - ENTERPRISE BUSINESS SYSTEMS DIV HEAD - NIWCLANT,< $2M,TBD,Fixed-Price,Delivery Order/Task Order,N65236 - NIWCLANT,FY23,Q3,FY23,Q4,,New,,,"Norfolk, VA",541519 - Other Computer Related Services,7K20 - IT AND TELECOM - STORAGE PRODUCTS (HARDWARE AND PERPETUAL LICENSE SOFTWARE),"Smith, Kristen M.",kristen.m.smith87.civ@us.navy.mil,NAVWAR OSBP,navwarsbo.fct@navy.mil,,,,,,N65236-23-RFPREQ-LSUBP00056-0077,https://ams.navair.navy.mil/procurement/7AED54FE-3F64-4B14-8B9A-E80022FEC85A
LRAE Annex 25,593,LIPTM00107 - Naval Tactical Command Support System - Embarcadero Software Support - NASA SEWP (C),107-23-021 FY23 NTCSS Development Embarcadero Software Support.  This support is being purchased to maintain and receive patches to the Embarcadero software.,LSUBP00056 - LSUBP00056 - ENTERPRISE BUSINESS SYSTEMS DIV HEAD - NIWCLANT,< $2M,TBD,Fixed-Price,Delivery Order/Task Order,N65236 - NIWCLANT,FY23,Q3,FY23,Q4,,New,,,"Norfolk, VA",541519 - Other Computer Related Services,7K20 - IT AND TELECOM - STORAGE PRODUCTS (HARDWARE AND PERPETUAL LICENSE SOFTWARE),"Smith, Kristen M.",kristen.m.smith87.civ@us.navy.mil,NAVWAR OSBP,navwarsbo.fct@navy.mil,,,,,,N65236-23-RFPREQ-LSUBP00056-0078,https://ams.navair.navy.mil/procurement/0879CA39-1B3C-496E-9D7D-05E619DAE431
LRAE Annex 25,594,LIPTM00480 - Naval Tactical Command Support System - NTCSS Reflections X Support Renewal - MICRO FOCUS GOVERNMENT SOLUTIONS ESI BPA (C),151-23-057 FY23 NTCSS Reflection X Support Renewal.  This software is needed for NTCSS to receive updates and patches to the software.,LSUBP00056 - LSUBP00056 - ENTERPRISE BUSINESS SYSTEMS DIV HEAD - NIWCLANT,< $2M,TBD,Fixed-Price,Delivery Order/Task Order,N65236 - NIWCLANT,FY23,Q3,FY23,Q4,,New,,,"Norfolk, VA",541519 - Other Computer Related Services,7K20 - IT AND TELECOM - STORAGE PRODUCTS (HARDWARE AND PERPETUAL LICENSE SOFTWARE),"Smith, Kristen M.",kristen.m.smith87.civ@us.navy.mil,NAVWAR OSBP,navwarsbo.fct@navy.mil,,,,,,N65236-23-RFPREQ-LSUBP00056-0080,https://ams.navair.navy.mil/procurement/D48182C2-B1C1-4D8F-9DDE-02F1C8FA092C
LRAE Annex 25,595,"LIPTM00086/MyNavy Human Resources Solutions- Phire Architect SW renewal, SEWP (C)",Purchase of maintenance of Phire Architect Software for the NSIPS program. POP 9/23/23-9/22/24.,LSUBP00011 - LSUBP00011 - MANPWR PERS TRNG & EDU SYS DIV HEAD - NIWCLANT,< $2M,TBD,Fixed-Price,Delivery Order/Task Order,N65236 - NIWCLANT,FY23,Q4,FY23,Q4,,Follow-on,N6523622F0330,,"New Orleans, LA",541519 - Other Computer Related Services,7A21 - IT AND TELECOM - BUSINESS APPLICATION SOFTWARE (PERPETUAL LICENSE SOFTWARE),"Smith, Kristen M.",kristen.m.smith87.civ@us.navy.mil,NAVWAR OSBP,navwarsbo.fct@navy.mil,,,,,,N65236-23-RFPREQ-LSUBP00011-0047,https://ams.navair.navy.mil/procurement/0377CA8D-E641-449D-8778-C0D4BC43091C
LRAE Annex 25,596,LIPTM00106 - MAINTENANCE FIGURE OF MERIT - MFOM Software Support Renewal - NASA SEWP (C),106-23-009 FY23 MFOM Software Support Renewal.  Procuring this software support so we can maintain support for the multiple softwares used by the MFOM IPT.,LSUBP00056 - LSUBP00056 - ENTERPRISE BUSINESS SYSTEMS DIV HEAD - NIWCLANT,< $2M,TBD,Fixed-Price,Delivery Order/Task Order,N65236 - NIWCLANT,FY23,Q3,FY23,Q4,,New,,,"Norfolk, VA",541519 - Other Computer Related Services,7K20 - IT AND TELECOM - STORAGE PRODUCTS (HARDWARE AND PERPETUAL LICENSE SOFTWARE),"Smith, Kristen M.",kristen.m.smith87.civ@us.navy.mil,NAVWAR OSBP,navwarsbo.fct@navy.mil,,,,,,N65236-23-RFPREQ-LSUBP00056-0082,https://ams.navair.navy.mil/procurement/60667D29-04DB-4882-AD71-11202DE5A921
LRAE Annex 25,597,"LIPTM00464, Data Center and Cloud Hosting Services, FY23 PULSE S/W, SEWP (C)",TO RENEW LICENSES,LSUBP00066 - LSUBP00066 - DATA CENTER & CLOUD HOSTING SERVICES DIV HEAD - NIWCLANT,< $2M,,Fixed-Price,Delivery Order/Task Order,N65236 - NIWCLANT,FY23,Q3,FY23,Q4,,Follow-on,WE RECOMMEND THE SEWP CON,,"Charleston, SC",541519 - Other Computer Related Services,7A21 - IT AND TELECOM - BUSINESS APPLICATION SOFTWARE (PERPETUAL LICENSE SOFTWARE),"Smith, Kristen M.",kristen.m.smith87.civ@us.navy.mil,NAVWAR OSBP,navwarsbo.fct@navy.mil,,,,,,N65236-23-RFPREQ-LSUBP00066-0021,https://ams.navair.navy.mil/procurement/7C5575F8-7188-48EC-A561-4F6A7C1D943D
LRAE Annex 25,598,PEO Digital Professional Support Services Recompete (C),"The objective of this requirement is to procure the following Professional Support Services for PEO Digital:
•	Program Management
•	Acquisition Management
•	Financial Management
•	Contract Management
•	Strategic Management",PEO-Digital - PEO-Digital - NAVWAR,No Range Specified,TBD,TBD,Delivery Order/Task Order,N00039 - NAVWAR,FY23,Q2,FY23,Q3,,New,,,"Washington Navy Yard, DC",541330 - Engineering Services,R499 - SUPPORT- PROFESSIONAL: OTHER,"Smithers, Sabine",sabine.smithers@navy.mil,NAVWAR OSBP,navwarsbo.fct@navy.mil,,,,,,N00039-23-RFPREQ-PEO-Digital-0004,https://ams.navair.navy.mil/procurement/79E45951-D202-43A0-8D75-FD1A9D548475
LRAE Annex 25,599,MVF IPT Integration and Fielding Support _ PR 1300995495 CRM-22-00600-SeaPort (C),The MVF IPT supports tactical vehicle C4ISR integrations for multiple DoD services delivering/supporting integrated and interoperable C4ISR capabilities in the interest of national defense. The work to be performed under this contract is focused on production engineering/integration/fielding of C4ISR systems on multiple land-based tactical vehicle platforms.,LBUSP00025 - LBUSP00025 - ExW-01X - NIWCLANT,$250M - $1B,,Cost-Reimbursement,Delivery Order/Task Order,N65236 - NIWCLANT,FY23,Q1,FY23,Q4,,New,N6523621R0060,,"Charleston, SC",541330 - Engineering Services,L059 - TECHNICAL REPRESENTATIVE- ELECTRICAL AND ELECTRONIC EQUIPMENT COMPONENTS,"Smoak, Erica",erica.smoak@navy.mil,NAVWAR OSBP,navwarsbo.fct@navy.mil,,,,,,N65236-22-RFPREQ-LBUSP00025-0009,https://ams.navair.navy.mil/procurement/7093506C-CE18-4A5C-8CC7-33938BF915E2
LRAE Annex 25,600,LIPTM00129 - UCS Engineering & Logistics Support - SeaPort TO (C),This a follow-on task order for the current USMC Communications Systems IPT Engineering and Logistics effort.,LSUBP00004 - LSUBP00004 - EXPEDITIONARY C3 SOLUTIONS DIV HEAD - NIWCLANT,$7.5M - $50M,Small Business Set-Aside,Cost-Reimbursement,Delivery Order/Task Order,N65236 - NIWCLANT,FY23,Q1,FY23,Q3,,Follow-on,N6523618F3102,,"Charleston, SC",541330 - Engineering Services,R425 - SUPPORT- PROFESSIONAL: ENGINEERING/TECHNICAL,"Smoak, Erica",erica.smoak@navy.mil,NAVWAR OSBP,navwarsbo.fct@navy.mil,,,,,,N65236-22-RFPREQ-LSUBP00004-0010,https://ams.navair.navy.mil/procurement/CFE6212C-867E-4F6A-AB97-7F7DE9DF1EEA
LRAE Annex 25,601,LIPTM00464 - DC2HS Cloud Brokerage - AWS BPA Order,"DC2HS Cloud Brokerage Amazon Web Services (AWS) Consumption follow-on. This requirement will be placed under the DON ESL AWS Blanket Purchase Agreement (BPA) N66001-23-A-0005. PoP: 07/01/2023 - 06/30/2024. Estimated total amount: $38,000,000.",LSUBP00066 - LSUBP00066 - DATA CENTER & CLOUD HOSTING SERVICES DIV HEAD - NIWCLANT,$7.5M - $50M,,Fixed-Price,BPA Call,N65236 - NIWCLANT,FY23,Q3,FY23,Q4,,Follow-on,N6523622F0151,,"Charleston, SC",541513 - Computer Facilities Management Services,DB10 - IT AND TELECOM - COMPUTE AS A SERVICE: MAINFRAME/SERVERS,"Smoak, Erica",erica.smoak@navy.mil,NAVWAR OSBP,navwarsbo.fct@navy.mil,,,,,,N65236-23-RFPREQ-LSUBP00066-0019,https://ams.navair.navy.mil/procurement/9085C02F-8253-4646-80C3-A6FAE6FA01D1
LRAE Annex 25,602,Facilities Support Services (C),"This PWS covers technical and logistics facility services for Naval Information Warfare Center (NIWC) Atlantic facilities in order to support and sustain the facilities at the level of readiness required to support NIWC Atlantic’s mission. Tasking to include:  Command Events and Operations Support, Emergency Services, Engineering Design Assistance, Equipment Services, Facilities Services Desk, Furniture Breakdown and Installation, Furniture Reconfiguration Services, Furniture Services Project Manager Support, Inspection Services, Installation Services, Locksmith Services, Mail Services, Material Management, Moving and Abandoned Material Services, Parking Lot Debris Clearing, Pest Management Assistance, Plant Maintenance, Procurement Support, Recycling Program, Security Support Services, Sign Services, Space Management, Vehicle Coordinator, and Water Delivery.",LSUBP00083 - LSUBP00083 - 8.0 Competency Division - NIWCLANT,$7.5M - $50M,,Fixed-Price,Delivery Order/Task Order,N65236 - NIWCLANT,FY23,Q3,FY23,Q4,,Follow-on,N6523620F0857,,"Charleston, SC",TBD - TBD,M1AZ - OPERATION OF OTHER ADMINISTRATIVE FACILITIES AND SERVICE BUILDINGS,"Smoak, Erica",erica.smoak@navy.mil,NAVWAR OSBP,navwarsbo.fct@navy.mil,,,,,,N65236-23-RFPREQ-LSUBP00083-0032,https://ams.navair.navy.mil/procurement/2F1FAFE1-FA25-4923-A26A-B9A68B7D1313
LRAE Annex 25,603,"LIPTM00467, 8.0, Facilities, V53 Turnkey Solution, GSA (C)",Looking for a vendor proposed solution based on Facilities Specs for the space.,LSUBP00083 - LSUBP00083 - 8.0 Competency Division - NIWCLANT,< $2M,TBD,Fixed-Price,Delivery Order/Task Order,N65236 - NIWCLANT,FY23,Q3,FY23,Q3,,New,,,"Charleston, SC",TBD - TBD,7110 - OFFICE FURNITURE,"Smoak, Erica",erica.smoak@navy.mil,NAVWAR OSBP,navwarsbo.fct@navy.mil,,,,,,N65236-23-RFPREQ-LSUBP00083-0033,https://ams.navair.navy.mil/procurement/E62383A2-D971-4F86-8E96-354DF5B21DE6
LRAE Annex 25,604,Enterprise Business Systems (EBS) Division PM/FM Support Services,"N6523622D8006. To assist the Enterprise Business Systems Division with Program Management, Business Financial Management (BFM), Financial Management Infrastructure, Business Analytics, Predictive Analysis and Intelligence support services.  The MPT&E Division and other Enterprise System Department in-scope requirements are also included herein for one consolidated Task Order for ease of award and administration.",LSUBP00056 - LSUBP00056 - ENTERPRISE BUSINESS SYSTEMS DIV HEAD - NIWCLANT,$7.5M - $50M,Small Business Set-Aside,Cost-Reimbursement,Delivery Order/Task Order,N65236 - NIWCLANT,FY23,Q3,FY23,Q4,,New,,,"Charleston, SC",TBD - TBD,"DD01 - IT AND TELECOM - SERVICE DELIVERY SUPPORT SERVICES: ITSM, OPERATIONS CENTER, PROJECT/PM (LABOR)","Smoak, Erica",erica.smoak@navy.mil,NAVWAR OSBP,navwarsbo.fct@navy.mil,,,,,,N65236-23-RFPREQ-LSUBP00056-0009,https://ams.navair.navy.mil/procurement/CD5409F4-F737-412E-8EA6-2A8CE2A0A182
LRAE Annex 25,605,CYBERSECURITY ASSESSMENT AND AUTHORIZATION SUPPORT - SeaPort (C),"The objective of this Task Order (TO) is to assist NIWC Atlantic in project execution of Cybersecurity services at locations throughout the Contiguous United States (CONUS) and Outside the Contiguous United States (OCONUS) areas. This includes support to all DoD MHS sites, which vary in size from 1500 to over 60,000 server and workstation assets and support as many 430 Programs of Record Systems of varying size, architecture and operating systems.",LSUBP00009 - LSUBP00009 - DEFENSE HEALTH INFO TECH DIV HEAD - NIWCLANT,$100M - $250M,,Cost-Reimbursement,Delivery Order/Task Order,N65236 - NIWCLANT,FY23,Q3,FY23,Q4,48,Follow-on,N0017819D7949,"KBRWYLE TECHNOLOGY SOLUTIONS, LLC","Charleston, SC",541330 - Engineering Services,R425 - SUPPORT- PROFESSIONAL: ENGINEERING/TECHNICAL,"Solivan, Euclides",euclides.a.solivan.civ@us.navy.mil,NAVWAR OSBP,navwarsbo.fct@navy.mil,Secret,Secret,,,,N65236-22-RFPREQ-LSUBP00009-0001,https://ams.navair.navy.mil/procurement/29DDD0C7-21BC-4A89-8059-7ED1B0A8F99F
LRAE Annex 25,606,CYBERSECURITY RISK MANAGEMENT OPERATIONS (RMOPS) (C),"The objective of this task order is to provide assistance to Naval Information Warfare Center Atlantic (NIWC Atlantic) in project execution of the Cyber Security Division mission at locations throughout the Continental United States (CONUS) and Outside the Continental United States (OCONUS). This includes support to all DoD MHS sites, which vary in size from 1,500 to over 60,000 server and workstation assets and support as many as 430 Programs of Record Systems of varying size, architecture and operating systems",LSUBP00009 - LSUBP00009 - DEFENSE HEALTH INFO TECH DIV HEAD - NIWCLANT,$100M - $250M,Small Business Set-Aside,Cost-Reimbursement,Delivery Order/Task Order,N65236 - NIWCLANT,FY23,Q2,FY23,Q4,60,Follow-on,N0017819D8496,"SENTAR, INC.","Charleston, SC",541330 - Engineering Services,DJ10 - IT AND TELECOM - SECURITY AND COMPLIANCE AS A SERVICE,"Solivan, Euclides",euclides.a.solivan.civ@us.navy.mil,NAVWAR OSBP,navwarsbo.fct@navy.mil,Top Secret,Top Secret,,,,N65236-22-RFPREQ-LSUBP00009-0002,https://ams.navair.navy.mil/procurement/AC484015-F808-479B-8D51-8C9B34DEB994
LRAE Annex 25,607,LIPTM00002_Polar Cyber Support_SEAPORT (C),"Provide cybersecurity services to the SPAWARSYSCEN Atlantic Polar Programs Integrated Project Team (IPT). Services shall be based on the National Institute of Science and Technology (NIST) Risk Management Framework (RMF) including system engineering; information security strategic planning; system security engineering; patch and vulnerability management; security control assessment planning and implementation; incident response; and system security documentation and review. Additional support activities include risk management, project management, program logistics, and related support.
SEAPORT Planned Action",LSUBP00001 - LSUBP00001 - AIR TRAFFIC CONTROL DIV HEAD - NIWCLANT,$7.5M - $50M,Small Business Set-Aside,Cost-Reimbursement,Delivery Order/Task Order,N65236 - NIWCLANT,FY23,Q3,FY23,Q4,,Follow-on,N0017814D7781,J5 SYSTEMS,"Charleston, SC",541330 - Engineering Services,DJ01 - IT AND TELECOM - SECURITY AND COMPLIANCE SUPPORT SERVICES (LABOR),"Solivan, Euclides",euclides.a.solivan.civ@us.navy.mil,NAVWAR OSBP,navwarsbo.fct@navy.mil,,,,,,N65236-23-RFPREQ-LSUBP00001-0003,https://ams.navair.navy.mil/procurement/5E42979C-045C-43FB-A655-E9639F9BA4AA
LRAE Annex 25,608,LIPTM00004_FAA_LMATCT_SEWP (C),"Procure materials related to the Large Mobile Air Traffic Control Tower project for the FAA.
List: Racks, cables, UPS, other integration materials, long lead items ~5 months (FAA will be procuring the large items)",LSUBP00001 - LSUBP00001 - AIR TRAFFIC CONTROL DIV HEAD - NIWCLANT,No Range Specified,TBD,Fixed-Price,Delivery Order/Task Order,N65236 - NIWCLANT,FY23,Q3,FY23,Q3,,New,,,"Charleston, SC",TBD - TBD,5999 - MISCELLANEOUS ELECTRICAL AND ELECTRONIC COMPONENTS,"Solivan, Euclides",euclides.a.solivan.civ@us.navy.mil,NAVWAR OSBP,navwarsbo.fct@navy.mil,,,,,,N65236-23-RFPREQ-LSUBP00001-0004,https://ams.navair.navy.mil/procurement/F22FF989-362F-4627-99DA-DA69795CFB10
LRAE Annex 25,609,LIPTM00003_NAVFIG_ATC MAC (C),Naval Flight Information Group (NAVFIG) Support,LSUBP00001 - LSUBP00001 - AIR TRAFFIC CONTROL DIV HEAD - NIWCLANT,$2M - $7.5M,TBD,Cost-Reimbursement,Delivery Order/Task Order,N65236 - NIWCLANT,FY23,Q1,FY23,Q4,,New,,,"Charleston, SC",541330 - Engineering Services,L059 - TECHNICAL REPRESENTATIVE- ELECTRICAL AND ELECTRONIC EQUIPMENT COMPONENTS,"Solivan, Euclides",euclides.a.solivan.civ@us.navy.mil,NAVWAR OSBP,navwarsbo.fct@navy.mil,,,,,,N65236-23-RFPREQ-LSUBP00001-0006,https://ams.navair.navy.mil/procurement/AFD04327-19DD-4CC3-80C0-593BEE618DAE
LRAE Annex 25,610,LIPTM00003_XCVR WIN11 Migration_ATC MAC (C),Upgrade all servers from Windows 7 to Windows 11; May use material MAC and services under the ATC Lab TO,LSUBP00001 - LSUBP00001 - AIR TRAFFIC CONTROL DIV HEAD - NIWCLANT,< $2M,,Cost-Reimbursement,Delivery Order/Task Order,N65236 - NIWCLANT,FY23,Q4,FY24,Q1,,New,,,"Charleston, SC",541330 - Engineering Services,DB01 - IT AND TELECOM - HIGH PERFORMANCE COMPUTING (HPC) SUPPORT SERVICES (LABOR),"Solivan, Euclides",euclides.a.solivan.civ@us.navy.mil,NAVWAR OSBP,navwarsbo.fct@navy.mil,,,,,,N65236-23-RFPREQ-LSUBP00001-0008,https://ams.navair.navy.mil/procurement/76C4C631-738D-479C-8AFC-8CE8CD71F5AC
LRAE Annex 25,611,LIPTM00003_NAS Fallon OCIR_SEWP (C),"•	Material MAC NASA SEWP
•	Requirement includes Rad multiplexers, Rad Care, connectors, and, possibly, antennas
•	6-8 week lead time.",LSUBP00001 - LSUBP00001 - AIR TRAFFIC CONTROL DIV HEAD - NIWCLANT,< $2M,Small Business Set-Aside,Fixed-Price,Delivery Order/Task Order,N65236 - NIWCLANT,FY23,Q2,FY23,Q3,,New,,,"Charleston, SC",334220 - Radio and Television Broadcasting and Wireless Communications Equipment Manufacturing,"5831 - INTERCOMMUNICATION AND PUBLIC ADDRESS SYSTEMS, AIRBORNE","Solivan, Euclides",euclides.a.solivan.civ@us.navy.mil,NAVWAR OSBP,navwarsbo.fct@navy.mil,,,,,,N65236-23-RFPREQ-LSUBP00001-0009,https://ams.navair.navy.mil/procurement/C6AEDACC-1470-433C-A038-8601F322446A
LRAE Annex 25,612,LIPTM00004_MEARTS FY24_SAC,"Micro-processor En-Route Automated RADAR Tracking System (MEARTS) Support. This task order defines requirements for delivery of additional RADAR Data Processing and Display Systems (RDPDS) and components and for on-call technical and engineering support services at the contractor’s facilities, annual support (contractor depot level support) for active RDPDS systems, upgrade of Linux Operating System to RedHat Operating System, and on-site maintenance and operator training on Linux Operator System. ($25k Minimum Guarantee)
Includes FFP CLINS for services: 200 hours (10 CLINS) 7-8 CLINS typically used per year
Materials includes a CLIN for a brand new system.",LSUBP00001 - LSUBP00001 - AIR TRAFFIC CONTROL DIV HEAD - NIWCLANT,< $2M,TBD,Fixed-Price,Delivery Order/Task Order,N65236 - NIWCLANT,FY23,Q4,FY23,Q4,,Follow-on,,,"Charleston, SC","334511 - Search, Detection, Navigation, Guidance, Aeronautical, and Nautical System and Instrument Manufacturing","5840 - RADAR EQUIPMENT, EXCEPT AIRBORNE","Solivan, Euclides",euclides.a.solivan.civ@us.navy.mil,NAVWAR OSBP,navwarsbo.fct@navy.mil,,,,,,N65236-23-RFPREQ-LSUBP00001-0067,https://ams.navair.navy.mil/procurement/D5116AFA-DC48-4CB1-B658-B210A35CAC11
LRAE Annex 25,613,Cyber Red Team Operational and Developmental Support and Cyber Security Program Management Support II-SAC TO,"This task order will provide services to support all Naval Information Warfare Center (NAVWAR) Red Team (NWRT) assessment efforts, to include: software development, system administration, infrastructure maintenance, program management, and subject matter expertise required to effectively support cyber Red Teaming activities.",LSUBP00009 - LSUBP00009 - DEFENSE HEALTH INFO TECH DIV HEAD - NIWCLANT,No Range Specified,,TBD,Delivery Order/Task Order,N65236 - NIWCLANT,FY24,Q1,FY24,Q2,18,Follow-on,N6523620D8002,MTS ADVANTAGE LLC,"Charleston, SC",541330 - Engineering Services,DJ01 - IT AND TELECOM - SECURITY AND COMPLIANCE SUPPORT SERVICES (LABOR),"Solivan, Euclides",euclides.a.solivan.civ@us.navy.mil,NAVWAR OSBP,navwarsbo.fct@navy.mil,Top Secret,Top Secret,,,,N65236-23-RFPREQ-LSUBP00009-0096,https://ams.navair.navy.mil/procurement/90EC3FBB-8B20-4084-B135-7FF2C103CFEE
LRAE Annex 25,614,LIPTM00003_Remote Comms & Microwave Link_ATC SAC,"1.) Procure, configure, install, and integrate the FOCIS(V)2 at MCAS Cherry Point in the Radar ATC Facility and Columbia Tower with CM-300(V)2 radios to cover the Emergency Frequencies requested in OCIRs 2018-003(add Guard Frequencies) and 2022-010(add Secondary East Approach Frequencies). 
PPC Notes: Changes in ownership of the tower. Developing problem. It was not covered under Comms Task Order Award.
2.) Upgrade microwave link capabilities at 3 sites. Support to include supplemental design validation, documentation, technical writing, testing, integration and install. Structural evaluation; Pearl, Pt Loma to North Island; Pt Loma to San Clementi Island. OPNAV URGENCY LETTER

SAC Justification: 
(a) Loss of, significant degradation of, or expansion of ATC, METOC, and Aviation C5ISR system/facility operational capacity impacting safety of flight and related operational criteria due to natural disaster, accident, system failure, mission demands, etc.
-What is the material vs labor split? Significant $ value Materials.",LSUBP00001 - LSUBP00001 - AIR TRAFFIC CONTROL DIV HEAD - NIWCLANT,$2M - $7.5M,,Cost-Reimbursement,Delivery Order/Task Order,N65236 - NIWCLANT,FY23,Q3,FY23,Q4,,New,,,"Charleston, SC",541330 - Engineering Services,K059 - MODIFICATION OF EQUIPMENT- ELECTRICAL AND ELECTRONIC EQUIPMENT COMPONENTS,"Solivan, Euclides",euclides.a.solivan.civ@us.navy.mil,NAVWAR OSBP,navwarsbo.fct@navy.mil,,,,,,N65236-23-RFPREQ-LSUBP00001-0063,https://ams.navair.navy.mil/procurement/67794398-9A17-4F82-93C6-BD69317F1D71
LRAE Annex 25,615,LIPTM00004_MSAB Tower Integration_ATC MAC (C),"MSAB comms tower project will need integration in Charleston and then installation. They will also need to purchase integration materials IAW IDP.
Potential Items and Brand Name Items:
Shelter
Generators
Power Converter
ATS
Frequentis Voice Switch
Radios",LSUBP00001 - LSUBP00001 - AIR TRAFFIC CONTROL DIV HEAD - NIWCLANT,$2M - $7.5M,,Cost-Reimbursement,Delivery Order/Task Order,N65236 - NIWCLANT,FY23,Q4,FY24,Q1,,New,,,"Charleston, SC",541330 - Engineering Services,TBD - TBD,"Solivan, Euclides",euclides.a.solivan.civ@us.navy.mil,NAVWAR OSBP,navwarsbo.fct@navy.mil,,,,,,N65236-23-RFPREQ-LSUBP00001-0016,https://ams.navair.navy.mil/procurement/F938F94B-94AC-4EB1-ABE3-06C1AD5DA32F
LRAE Annex 25,616,LIPTM00002_Polar Ops Support_SAC_Follow-On (CIR 23-XXX) (C),"SOPP polar mission and related aviation support services within SSC Atlantic ATC Sub-Portfolio. SAM support, ATC Services and MET Services.",LSUBP00001 - LSUBP00001 - AIR TRAFFIC CONTROL DIV HEAD - NIWCLANT,$50M - $100M,TBD,Cost-Reimbursement,"""C"" Type Contract",N65236 - NIWCLANT,FY24,Q2,FY24,Q3,,Follow-on,,,"Charleston, SC",541330 - Engineering Services,TBD - TBD,"Solivan, Euclides",euclides.a.solivan.civ@us.navy.mil,NAVWAR OSBP,navwarsbo.fct@navy.mil,,,,,,N65236-23-RFPREQ-LSUBP00001-0020,https://ams.navair.navy.mil/procurement/E9FD618F-3608-4563-B918-5400FC8AEEC9
LRAE Annex 25,617,"Web App Transformation, Engineering and Refactoring Support (WATERS) (CIR/PPA 23-XXX)","This PWS covers the areas of web mobile, application and software development and operations, application containerization, process integration and automation and information assurance (IA). The work supports the NIWC Atlantic Medical Information Delivery Integrated Product Team (IPT).",LSUBP00009 - LSUBP00009 - DEFENSE HEALTH INFO TECH DIV HEAD - NIWCLANT,$50M - $100M,8(a) Sole Source,Cost-Reimbursement,"""C"" Type Contract",N65236 - NIWCLANT,FY24,Q1,FY24,Q3,60,New,,,"Charleston, SC",541330 - Engineering Services,R425 - SUPPORT- PROFESSIONAL: ENGINEERING/TECHNICAL,"Solivan, Euclides",euclides.a.solivan.civ@us.navy.mil,NAVWAR OSBP,navwarsbo.fct@navy.mil,Secret,Secret,,,,N65236-23-RFPREQ-LSUBP00009-0012,https://ams.navair.navy.mil/procurement/37CF7155-E7B1-4528-90D4-FFAD63A41F34
LRAE Annex 25,618,APPLICATION DEVELOPMENT AND PROCESS TRANSFORMATION (ADAPT) SUPPORT II,"The scope of this task order is to provide information technology (IT) related requirements analysis, design, testing, operations, and cyber protection services to the Naval Information Warfare Center (NIWC Atlantic) in its delivery of solutions to the Military Healthcare System (MHS). This PWS covers the areas of web mobile, application and software development and operations, application containerization, process integration and automation and information assurance (IA). The work supports the NIWC Atlantic Medical Information Delivery Integrated Product Team (IPT).

N6523620D4822
New Internal MAC",LSUBP00009 - LSUBP00009 - DEFENSE HEALTH INFO TECH DIV HEAD - NIWCLANT,$2M - $7.5M,8(a) Sole Source,Cost-Reimbursement,Delivery Order/Task Order,N65236 - NIWCLANT,FY23,Q3,FY23,Q4,12,Follow-on,N6523620D4822,"NAKUPUNA SOLUTIONS, LLC","Charleston, SC",541330 - Engineering Services,R425 - SUPPORT- PROFESSIONAL: ENGINEERING/TECHNICAL,"Solivan, Euclides",euclides.a.solivan.civ@us.navy.mil,NAVWAR OSBP,navwarsbo.fct@navy.mil,Secret,Secret,,,,N65236-23-RFPREQ-LSUBP00009-0002,https://ams.navair.navy.mil/procurement/FF0DF021-C4D2-4BA4-A8D5-F95218142E16
LRAE Annex 25,619,LIPTM00004_MEARTS_SAC_Follow-On,"Micro-processor En-Route Automated RADAR Tracking System (MEARTS) Support. This task order defines requirements for delivery of additional RADAR Data Processing and Display Systems (RDPDS) and components and for on-call technical and engineering support services at the contractor’s facilities, annual support (contractor depot level support) for active RDPDS systems, upgrade of Linux Operating System to RedHat Operating System, and on-site maintenance and operator training on Linux Operator System. ($25k Minimum Guarantee)
Includes FFP CLINS for services: 200 hours (10 CLINS) 7-8 CLINS typically used per year
Materials includes a CLIN for a brand new system.",LSUBP00001 - LSUBP00001 - AIR TRAFFIC CONTROL DIV HEAD - NIWCLANT,$7.5M - $50M,TBD,Fixed-Price,Delivery Order/Task Order,N65236 - NIWCLANT,,,FY24,Q4,,New,,,"Charleston, SC","334511 - Search, Detection, Navigation, Guidance, Aeronautical, and Nautical System and Instrument Manufacturing","5840 - RADAR EQUIPMENT, EXCEPT AIRBORNE","Solivan, Euclides",euclides.a.solivan.civ@us.navy.mil,NAVWAR OSBP,navwarsbo.fct@navy.mil,,,,,,N65236-23-RFPREQ-LSUBP00001-0007,https://ams.navair.navy.mil/procurement/F6865315-E041-479E-AF69-E0829D3A2978
LRAE Annex 25,620,LIPTM00004_ACC Project_SEWP (C),"Procure materials to support an ACC project.
List: Integration Material. Workstations, monitors, accessories, cabling (copper and fiber), Software, VEAM & WUG, Test Equipment.
Requesting SEWP Full and Open as a second resort. Adding 1 month to the front of the procurement to allow flexibility in contract strategy.
Reference previous complex orders: MERLIN/TTRS/MSAB/COOP",LSUBP00001 - LSUBP00001 - AIR TRAFFIC CONTROL DIV HEAD - NIWCLANT,$2M - $7.5M,TBD,Fixed-Price,Delivery Order/Task Order,N65236 - NIWCLANT,FY24,Q1,FY24,Q2,,New,,,"Charleston, SC",488111 - Air Traffic Control,5999 - MISCELLANEOUS ELECTRICAL AND ELECTRONIC COMPONENTS,"Solivan, Euclides",euclides.a.solivan.civ@us.navy.mil,NAVWAR OSBP,navwarsbo.fct@navy.mil,,,,,,N65236-23-RFPREQ-LSUBP00001-0048,https://ams.navair.navy.mil/procurement/BAEB47B3-F99A-4B59-B7EC-EE7080826719
LRAE Annex 25,621,LIPTM00003_FY23 NAS Mod_CM-350 EI_SEWP (C),"PROCURE CM-350 (V2) TRANSMITTERS FOR INSTALLATION w/10 Year Warranty
Delivery Lead Time 90 days worst case = 09/30/23
SEWP and GSA options",LSUBP00001 - LSUBP00001 - AIR TRAFFIC CONTROL DIV HEAD - NIWCLANT,< $2M,Small Business Set-Aside,Fixed-Price,Delivery Order/Task Order,N65236 - NIWCLANT,FY23,Q3,FY23,Q4,,New,,,"NORTH CHARLESTON, SC",541519 - Other Computer Related Services,5999 - MISCELLANEOUS ELECTRICAL AND ELECTRONIC COMPONENTS,"Solivan, Euclides",euclides.a.solivan.civ@us.navy.mil,NAVWAR OSBP,navwarsbo.fct@navy.mil,,,,,,N65236-23-RFPREQ-LSUBP00001-0056,https://ams.navair.navy.mil/procurement/A9B98402-09F4-41A5-8064-F9E23D1CDB6A
LRAE Annex 25,622,LIPTM00002_Polar Programs_Marble Point AMOS_GSA (C),"Procurement of a Polar Modified FMQ-23 Automated Meteorological Observing System (AMOS) for Marble Point, Antarctica.
Delivery Lead time = 120 days
Non-DoD Form = N/A
LSJ = will be required",LSUBP00001 - LSUBP00001 - AIR TRAFFIC CONTROL DIV HEAD - NIWCLANT,< $2M,Limited Source,Fixed-Price,Delivery Order/Task Order,N65236 - NIWCLANT,FY23,Q3,FY23,Q4,,New,,,"Charleston, SC","334511 - Search, Detection, Navigation, Guidance, Aeronautical, and Nautical System and Instrument Manufacturing",6660 - METEOROLOGICAL INSTRUMENTS AND APPARATUS,"Solivan, Euclides",euclides.a.solivan.civ@us.navy.mil,NAVWAR OSBP,navwarsbo.fct@navy.mil,,,,,,N65236-23-RFPREQ-LSUBP00001-0064,https://ams.navair.navy.mil/procurement/BAE53FCF-1ADB-4FF2-B117-411573A7D101
LRAE Annex 25,623,Medical Information Delivery Applied Services (MIDAS) Engineering Support II (C),"This task order (TO) supports Health IT initiatives to meet the requirement that Enterprise and Military Treatment Facility (MTF) Health IT systems implemented in DoD Medical Departments, DHA, and other DoD medical organizations be interoperable and integrated.  DoD Medical Departments Health IT solutions are being rationalized, consolidated and integrated, and while operating independently in specific MTF’s and regions of the world, the contractor shall support the standardization, interchangeability, and integration of the IT solutions.  In addition, the TO will focus on enabling syntactic and semantic interoperability of collected data within/between clinical research and care domains across worldwide military health systems.",LSUBP00009 - LSUBP00009 - DEFENSE HEALTH INFO TECH DIV HEAD - NIWCLANT,$100M - $250M,TBD,Cost-Reimbursement,Delivery Order/Task Order,N65236 - NIWCLANT,FY24,Q3,FY25,Q1,60,Follow-on,N0017819D8559,SPIN SYSTEMS INC.,"Charleston, SC",541330 - Engineering Services,R425 - SUPPORT- PROFESSIONAL: ENGINEERING/TECHNICAL,"Solivan, Euclides",euclides.a.solivan.civ@us.navy.mil,NAVWAR OSBP,navwarsbo.fct@navy.mil,Secret,Secret,,,,N65236-23-RFPREQ-LSUBP00009-0103,https://ams.navair.navy.mil/procurement/9E35E245-D319-48D6-B537-A8BBE10CE683
LRAE Annex 25,624,"LIPTM00074, DHA/HSI IPT, 23-016 WLAN ENGINEERING LAB-SEWP (C)","LIPTM00074, DHA/HSI IPT, 23-016 WIRELESS LOCAL AREA NETWORK (WLAN) ENGINEERING LAB-SEWP",LSUBP00009 - LSUBP00009 - DEFENSE HEALTH INFO TECH DIV HEAD - NIWCLANT,< $2M,TBD,Fixed-Price,Delivery Order/Task Order,N65236 - NIWCLANT,FY23,Q3,FY23,Q4,12,New,,,"NORTH CHARLESTON, SC",TBD - TBD,7G21 - IT AND TELECOM - NETWORK: DIGITAL NETWORK PRODUCTS (HARDWARE AND PERPETUAL LICENSE SOFTWARE),"Solivan, Euclides",euclides.a.solivan.civ@us.navy.mil,NAVWAR OSBP,navwarsbo.fct@navy.mil,None,None,,,,N65236-23-RFPREQ-LSUBP00009-0109,https://ams.navair.navy.mil/procurement/552ABB93-B4F3-4BF6-87EA-C89865285D2C
LRAE Annex 25,625,"LIPTM00079, HSSE, FIBER CABLES, SEWP (C)",This request is to acquire fiber optic cables supporting the DHA networks,LSUBP00009 - LSUBP00009 - DEFENSE HEALTH INFO TECH DIV HEAD - NIWCLANT,< $2M,TBD,Fixed-Price,Delivery Order/Task Order,N65236 - NIWCLANT,FY23,Q3,FY23,Q4,12,New,,,"NORTH CHARLESTON, SC",TBD - TBD,7B20 - IT AND TELECOM - HIGH PERFORMANCE COMPUTE (HARDWARE AND PERPETUAL LICENSE SOFTWARE),"Solivan, Euclides",euclides.a.solivan.civ@us.navy.mil,NAVWAR OSBP,navwarsbo.fct@navy.mil,None,None,,,,N65236-23-RFPREQ-LSUBP00009-0130,https://ams.navair.navy.mil/procurement/43A41B82-8EE6-4065-BA26-72C23F21106C
LRAE Annex 25,626,"LIPTM00074, DHA/HSI IPT, 23-017 for KEESLER AIR FORCE BASE FORKLIFT-SEWP (C)","LIPTM00074, DHA/HSI IPT, 23-017 for KEESLER AIR FORCE BASE (AFB) FORKLIFT-SEWP",LSUBP00009 - LSUBP00009 - DEFENSE HEALTH INFO TECH DIV HEAD - NIWCLANT,< $2M,TBD,Fixed-Price,Delivery Order/Task Order,N65236 - NIWCLANT,FY23,Q3,FY23,Q4,12,New,,,"NORTH CHARLESTON, SC",TBD - TBD,7G21 - IT AND TELECOM - NETWORK: DIGITAL NETWORK PRODUCTS (HARDWARE AND PERPETUAL LICENSE SOFTWARE),"Solivan, Euclides",euclides.a.solivan.civ@us.navy.mil,NAVWAR OSBP,navwarsbo.fct@navy.mil,None,None,,,,N65236-23-RFPREQ-LSUBP00009-0150,https://ams.navair.navy.mil/procurement/2B7B78AE-C2A3-491A-A013-0B946E5AA349
LRAE Annex 25,627,"LBUSP00032, 6.0 COMPETENCY PROGRAM MANAGEMENT (PM) SUPPORT, MBAS-II","This task covers program management support services to Naval Information Warfare Center Atlantic (NIWC Atlantic). This support enables program/project management personnel to plan and lead Integrated Product Teams (IPTs) that manage schedules, cost, risk and performance requirements across the full system life cycle.",LBUSP00032 - LBUSP00032 - NL-1.0/6.0 - NIWCLANT,$2M - $7.5M,Small Business Set-Aside,Cost-Reimbursement,Delivery Order/Task Order,N65236 - NIWCLANT,FY23,Q3,FY23,Q3,,Follow-on,N6253622D8006,,"Charleston, SC",TBD - TBD,R408 - Program Management/Support Services,"WALKER, BLAIR",blair.m.walker3.civ@us.navy.mil,NAVWAR OSBP,navwarsbo.fct@navy.mil,,,,,,N65236-23-RFPREQ-LBUSP00032-0002,https://ams.navair.navy.mil/procurement/9DDC6232-1135-4A0E-BDD0-0CA9C5670B78
LRAE Annex 25,628,"LIPTM00476, NISE, AGI Software Systems Tool Kit and Add-on SatPro, GSA (C)",Renewal of STK Licenses (Annual Support and Upgrade Agreement); Period of Performance:  28 February 2023 through 27 February 2024,LSUBP00049 - LSUBP00049 - S&T Division - NIWCLANT,No Range Specified,TBD,Fixed-Price,Delivery Order/Task Order,N65236 - NIWCLANT,FY23,Q2,FY23,Q3,,Follow-on,N6523622F0191,,"NORTH CHARLESTON, SC",541611 - Administrative Management and General Management Consulting Services,7A20 - IT AND TELECOM - APPLICATION DEVELOPMENT SOFTWARE (PERPETUAL LICENSE SOFTWARE),"WALKER, BLAIR",blair.m.walker3.civ@us.navy.mil,NAVWAR OSBP,navwarsbo.fct@navy.mil,,,,,,N65236-23-RFPREQ-LSUBP00049-0055,https://ams.navair.navy.mil/procurement/FBC3BE5F-54B7-4C8F-B055-5ADE9F54F09A
LRAE Annex 25,629,"LIPTM00476, NISE, Asymmetric SATCOM Laboratory, SEWP (C)",Quintech Modular Matrix Switch and Power Cord provide routing of the feeds from the SATCOM antennas to various servers and decryption devices with Naval Information Warfare Center (NIWC) Atlantic Bldg. 3410 SATCOM lab.,LSUBP00049 - LSUBP00049 - S&T Division - NIWCLANT,< $2M,TBD,Fixed-Price,Delivery Order/Task Order,N65236 - NIWCLANT,FY23,Q3,FY23,Q4,,New,,,"Charleston, SC",334515 - Instrument Manufacturing for Measuring and Testing Electricity and Electrical Signals,6625 - ELECTRICAL AND ELECTRONIC PROPERTIES MEASURING AND TESTING INSTRUMENTS,"WALKER, BLAIR",blair.m.walker3.civ@us.navy.mil,NAVWAR OSBP,navwarsbo.fct@navy.mil,,,,,,N65236-23-RFPREQ-LSUBP00049-0157,https://ams.navair.navy.mil/procurement/AAF62CB6-20E9-465E-AB05-F71E4CBD2F12
LRAE Annex 25,630,"LIPTM00476, NISE, SIA4 - GPS Simulator (RP-21-008), GSA (C)","Brand Name material items are needed for the NILEX 23-2 Live Constructive Event, to be held August - September 2023.",LSUBP00049 - LSUBP00049 - S&T Division - NIWCLANT,< $2M,TBD,Fixed-Price,Delivery Order/Task Order,N65236 - NIWCLANT,FY23,Q3,FY23,Q4,,New,,,"Charleston, SC",TBD - TBD,TBD - TBD,"WALKER, BLAIR",blair.m.walker3.civ@us.navy.mil,NAVWAR OSBP,navwarsbo.fct@navy.mil,,,,,,N65236-23-RFPREQ-LSUBP00049-0173,https://ams.navair.navy.mil/procurement/226BA67E-D009-46E3-911D-87C3A960971F
LRAE Annex 25,631,"LIPTM00476, NISE, 5G Bands for FRONTHAUL, GSA (C)",The project objective is to investigate the feasibility of using 39 GHz frequency band for 5G radio access network FRONTHAUL.  The item for purchase is a 5G network analyzer with software functions to characterize cellular network performance in the physical layer.  This equipment will be used for analyzing 5G base stations in the lab to troubleshoot Radio Frequency (RF) issues.,LSUBP00049 - LSUBP00049 - S&T Division - NIWCLANT,< $2M,,Fixed-Price,Delivery Order/Task Order,N65236 - NIWCLANT,FY23,Q3,FY23,Q4,,New,,,"Charleston, SC",TBD - TBD,TBD - TBD,"WALKER, BLAIR",blair.m.walker3.civ@us.navy.mil,NAVWAR OSBP,navwarsbo.fct@navy.mil,,,,,,N65236-23-RFPREQ-LSUBP00049-0178,https://ams.navair.navy.mil/procurement/830974BD-CAD9-408D-A72E-3F30B1AEE410
LRAE Annex 25,632,PEO C4I PMW 740 TAIWAN SHIP INSTALLATIONS (C),"Acquisition will support the Program Executive Office (PEO) Command, Control, Communications, Computers, and Intelligence (C4I) and Space Systems, International C4I Integration Program Management Office (PMW 740), responsible for acquiring, fielding, and sustaining tailored, interoperable C4I capabilities in support of authorized and approved United States (U.S.) Department of Defense (DoD) security cooperation programs.  The effort will be in support of the Taiwan Navy’s (TN) Syun Yuen Foreign Military Sales (FMS) requirement for installation and delivery of Taiwan Advanced Tactical Data Link System (TATDLS) operational capabilities on two (2) Patrol Frigate Guided (PFG)-2 ships and four (4) PFG-3 ships; and if the Option is exercised, installation and delivery of Beyond Line of Sight (BLOS) operational capabilities on one (1) PFG-2 ship and four (4) PFG-3 ships.",PMW-740 - PMW-740 - NAVWAR,$7.5M - $50M,,Cost-Reimbursement,Single-Award Indefinite-Delivery,N00039 - NAVWAR,FY23,Q3,FY24,Q3,TBD,New,,,"San Diego, CA",541330 - Engineering Services,N059 - INSTALLATION OF EQUIPMENT- ELECTRICAL AND ELECTRONIC EQUIPMENT COMPONENTS,"White, Kristin",kristin.white@navy.mil,NAVWAR OSBP,navwarsbo.fct@navy.mil,Secret,Secret,,,Seaport Order,N00039-22-RFPREQ-PMW-740-0006,https://ams.navair.navy.mil/procurement/7D2B5ABF-84BE-4645-AB54-BBB06A68F9EA
LRAE Annex 25,633,Saudi Arabia/Oman CENTCOM Partner Network (C),"The Program Executive Office (PEO) for Command, Control, Communications, Computers, and Intelligence (C4I) International Integration Program Office (PMW 740) is acquiring Program Management, Systems Engineering, Sustainment, and Training support services and equipment for its portfolio of Kingdom of Saudi Arabia (KSA) and Sultanate of Oman Foreign Military Sales (FMS) United States (U.S.) Central Command (CENTCOM) Partner Network (CPN) cases.",PMW-740 - PMW-740 - NAVWAR,No Range Specified,,Fixed-Price,"""C"" Type Contract",N00039 - NAVWAR,FY23,Q3,FY23,Q4,48,New,,,"San Diego, CA",541330 - Engineering Services,N059 - INSTALLATION OF EQUIPMENT- ELECTRICAL AND ELECTRONIC EQUIPMENT COMPONENTS,"White, Kristin",kristin.white@navy.mil,NAVWAR OSBP,navwarsbo.fct@navy.mil,Secret,Secret,,,,N00039-22-RFPREQ-PMW-740-0012,https://ams.navair.navy.mil/procurement/4B2B718B-F290-4BB8-B789-726F61B00095
LRAE Annex 25,634,Morocco Microwave Transmission Network Phase 1A (C),Completion of Microwave Transmission Network (Maritime Domain Awareness) capability across the Norther Sector (coast) of Morocco.,PMW-740 - PMW-740 - NAVWAR,No Range Specified,,TBD,Delivery Order/Task Order,N00039 - NAVWAR,,,,,TBD,New,,,"San Diego, CA",541330 - Engineering Services,N059 - INSTALLATION OF EQUIPMENT- ELECTRICAL AND ELECTRONIC EQUIPMENT COMPONENTS,"White, Kristin",kristin.white@navy.mil,NAVWAR OSBP,navwarsbo.fct@navy.mil,Secret,Secret,,,,N00039-24-RFPREQ-PMW-740-0002,https://ams.navair.navy.mil/procurement/15905118-1385-4C51-8B42-C04A5F86B1CD
LRAE Annex 25,635,Philippines Basa Wing Operations Center (WOC) Phase 2 & 3 (C),"Systems engineering, procurement, test, shipment, installation, and testing of all systems and equipment necessary to connect and integrate Basa AFB WOC into the C4ISTAR network.",PMW-740 - PMW-740 - NAVWAR,$2M - $7.5M,Small Business Set-Aside,Cost-Reimbursement,Delivery Order/Task Order,N00039 - NAVWAR,FY23,Q3,FY23,Q4,60,New,,,"San Diego, CA",541330 - Engineering Services,N059 - INSTALLATION OF EQUIPMENT- ELECTRICAL AND ELECTRONIC EQUIPMENT COMPONENTS,"White, Kristin",kristin.white@navy.mil,NAVWAR OSBP,navwarsbo.fct@navy.mil,Secret,Secret,,,,N00039-23-RFPREQ-PMW-740-0049,https://ams.navair.navy.mil/procurement/D9F106E1-8F80-4235-B7E6-A4B1D9E62470
LRAE Annex 25,636,PEO C4I PMW 740 Taiwan Training Incremental (C),Acquistion of training services for Security Cooperation support to Taiwan,PMW-740 - PMW-740 - NAVWAR,$7.5M - $50M,,TBD,TBD,N00039 - NAVWAR,,,FY25,Q2,TBD,,,,"San Diego, CA",TBD - TBD,U - EDUCATION AND TRAINING,"White, Kristin",kristin.white@navy.mil,NAVWAR OSBP,navwarsbo.fct@navy.mil,Secret,Secret,,,,N00039-25-RFPREQ-PMW-740-0005,https://ams.navair.navy.mil/procurement/022AB776-1224-4851-AD24-3BD9AC2933AB
LRAE Annex 25,637,PEO C4I PMW-740 Taiwan Engineering Support Incremental (C),Engineering services for PMW 740 Foreign Military Sales (FMS) support for Taiwan,PMW-740 - PMW-740 - NAVWAR,$7.5M - $50M,,TBD,TBD,N00039 - NAVWAR,,,FY24,Q4,TBD,,,,"San Diego, CA",TBD - TBD,D - IT AND TELECOM - INFORMATION TECHNOLOGY AND TELECOMMUNICATIONS,"White, Kristin",kristin.white@navy.mil,NAVWAR OSBP,navwarsbo.fct@navy.mil,Secret,Secret,,,,N00039-25-RFPREQ-PMW-740-0006,https://ams.navair.navy.mil/procurement/A20C84D6-72CF-4618-A86E-CCCE28441A35
LRAE Annex 25,638,PEO C4I PMW 740 Taiwan Installation Support Incremental (C),PMW 740 Foreign Military Sales (FMS) support for installation of C4 capabilities in Taiwan,PMW-740 - PMW-740 - NAVWAR,$50M - $100M,,TBD,TBD,N00039 - NAVWAR,,,FY24,Q4,TBD,New,,,"San Diego, CA",TBD - TBD,N0 - INSTALLATION OF EQUIPMENT,"White, Kristin",kristin.white@navy.mil,NAVWAR OSBP,navwarsbo.fct@navy.mil,Secret,Secret,,,,N00039-25-RFPREQ-PMW-740-0004,https://ams.navair.navy.mil/procurement/AD4B8384-8ADD-4FCA-ADB1-D7921BC272FA
LRAE Annex 25,639,COMMUNICATIONS SECURITY (COMSEC) ACCOUNTING / SPECIAL INVENTORY MANAGER (SIM) SUPPORT SERVICES INDEFINITE DELIVERY INDEFINITE QUANTITY (IDIQ) MULTIPLE AWARD CONTRACT (MAC) II (C),"Perform receipt, temporary storage, and transfer services for U.S. DoD-provided single or two-person special access control devices, COMSEC/SIM equipment, documents, keying, and other materials; train FMS host nation personnel in the proper custodianship, safeguarding, and operation of DoD-provided special devices, COMSEC/SIM equipment, and materials, including keying materials; and conduct periodic inventories and inspections of DoD-provided special devices, COMSEC/SIM equipment, documents, and materials, including keying materials.",PMW-740 - PMW-740 - NAVWAR,< $2M,Small Business Set-Aside,Fixed-Price,Single-Award Indefinite-Delivery,N00039 - NAVWAR,FY23,Q4,FY24,Q2,60,New,"N0003919D0026
N0003919D0027
N0003919D0028
N0003919D0029","DAV-FORCE, INC.
GLOTECH, Inc.
INDUS Technology Inc.
North American Consulting Services, Inc.","San Diego, CA",541330 - Engineering Services,R426 - SUPPORT- PROFESSIONAL: COMMUNICATIONS,"White, Kristin",kristin.white@navy.mil,NAVWAR OSBP,navwarsbo.fct@navy.mil,Secret,Secret,,,,N00039-23-RFPREQ-PMW-740-0046,https://ams.navair.navy.mil/procurement/281222A6-A886-4865-86EC-11BC0B018407
LRAE Annex 25,640,PEO C4I PMW 740 Taiwan Life Cycle Support Incremental (C),Life Cycle Support (LCS) Services and Material for Taiwan Foreign Military Sales (FMS) Case.,PMW-740 - PMW-740 - NAVWAR,$7.5M - $50M,,TBD,TBD,N00039 - NAVWAR,,,FY25,Q4,TBD,,,,"San Diego, CA",TBD - TBD,TBD - TBD,"White, Kristin",kristin.white@navy.mil,NAVWAR OSBP,navwarsbo.fct@navy.mil,Secret,Secret,,,Seaport Order,N00039-26-RFPREQ-PMW-740-0003,https://ams.navair.navy.mil/procurement/1C2DF23D-C71F-447E-A030-4AE9AE2BA7AB
LRAE Annex 25,641,Singapore COMSEC Task Order (2024) (C),Award new task order for COMSEC Management Services in Singapore.  Task order includes base year plus four (4) Option Years.,PMW-740 - PMW-740 - NAVWAR,$2M - $7.5M,,TBD,Delivery Order/Task Order,N00039 - NAVWAR,,,FY24,Q3,60,,,,"San Diego, CA",541330 - Engineering Services,R426 - SUPPORT- PROFESSIONAL: COMMUNICATIONS,"White, Kristin",kristin.white@navy.mil,NAVWAR OSBP,navwarsbo.fct@navy.mil,Secret,Secret,,,,N00039-24-RFPREQ-PMW-740-0008,https://ams.navair.navy.mil/procurement/30F3D4D8-0E92-42C6-BD07-CEB93D9B2BA4
LRAE Annex 25,642,Malaysia COMSEC Task Order (2026) (C),New Task Order for COMSEC Management Services in Malaysia.  Task Order includes base year plus four (4) Option Years.,PMW-740 - PMW-740 - NAVWAR,$2M - $7.5M,,TBD,Delivery Order/Task Order,N00039 - NAVWAR,,,FY26,Q1,60,,,,"San Diego, CA",541330 - Engineering Services,R426 - SUPPORT- PROFESSIONAL: COMMUNICATIONS,"White, Kristin",kristin.white@navy.mil,NAVWAR OSBP,navwarsbo.fct@navy.mil,Secret,Secret,,,,N00039-25-RFPREQ-PMW-740-0007,https://ams.navair.navy.mil/procurement/581CEFC0-7BA8-44FD-B826-17E16A52AD27
LRAE Annex 25,643,India COMSEC Task Order (2027) (C),Task Order to provide COMSEC Management Services in India.  Task Order includes base year plus four (4) Option Years.,PMW-740 - PMW-740 - NAVWAR,$2M - $7.5M,,TBD,Delivery Order/Task Order,N00039 - NAVWAR,,,FY27,Q3,60,,,,"San Diego, CA",541330 - Engineering Services,R426 - SUPPORT- PROFESSIONAL: COMMUNICATIONS,"White, Kristin",kristin.white@navy.mil,NAVWAR OSBP,navwarsbo.fct@navy.mil,Secret,Secret,,,,N00039-27-RFPREQ-PMW-740-0001,https://ams.navair.navy.mil/procurement/C2F7DC1B-588E-4DC9-BDB6-EFE53600B2D4
LRAE Annex 25,644,C4I Integrated International Solutions (CIIS) - II (C),"Provide C4I materiel acquisition and non-materiel support services (e.g., integration, engineering, installation, and training) to assist in acquiring, fielding, and sustaining tailored, interoperable C4I capabilities that support United States (U.S.) Department of Defense (DoD) and Department of State (DoS) Security Cooperation and Security Assistance programs.",PMW-740 - PMW-740 - NAVWAR,$250M - $1B,Small Business Set-Aside,Cost-Reimbursement,Single-Award Indefinite-Delivery,N00039 - NAVWAR,,,FY25,Q3,60,Follow-on,"N0003920D0060
N0003920D0061
N0003920D0062
N0003920D0063
N0003920D0064","Advanced Technology Systems Company (ATSC) Inc.
Forward Slope Inc. (FSI)
Integrated Technology and Culture (ITC) Defense Corp.
Solute Consulting
Veteran's First Initiative (VFI) LLC","San Diego, CA",541330 - Engineering Services,N059 - INSTALLATION OF EQUIPMENT- ELECTRICAL AND ELECTRONIC EQUIPMENT COMPONENTS,"White, Kristin",kristin.white@navy.mil,NAVWAR OSBP,navwarsbo.fct@navy.mil,Secret,Secret,,,,N00039-24-RFPREQ-PMW-740-0007,https://ams.navair.navy.mil/procurement/A3B5D20A-9598-4846-876A-02353E49CB0B
LRAE Annex 25,645,"Bahrain CENTCOM Partner Network Second FSR (FMS Case BA-P-GBM, A2))","Bahrain CENTCOM Partner Network Second Field Service Representative (FMS Case BA-P-GBM, Amendment 2)",PMW-740 - PMW-740 - NAVWAR,< $2M,,Fixed-Price,"""C"" Type Contract",N00039 - NAVWAR,FY23,Q2,FY23,Q4,24,New,,,"San Diego, CA",541330 - Engineering Services,R425 - SUPPORT- PROFESSIONAL: ENGINEERING/TECHNICAL,"White, Kristin",kristin.white@navy.mil,NAVWAR OSBP,navwarsbo.fct@navy.mil,Secret,Secret,,,,N00039-23-RFPREQ-PMW-740-0011,https://ams.navair.navy.mil/procurement/DA6EC58D-63D0-4967-9DDE-A6643000B2B0
LRAE Annex 25,646,CANES TVE Follow-On (FO) (C),Development of training virtual environment for CANES baseline and variants,PMW-160 - PMW-160 - NAVWAR,$100M - $250M,TBD,Cost-Reimbursement,Single-Award Indefinite-Delivery,N00039 - NAVWAR,FY23,Q3,FY24,Q2,,Follow-on,N0003919D0007,DELOITTE CONSULTING LLP,"San Diego, CA",541330 - Engineering Services,D - IT AND TELECOM - INFORMATION TECHNOLOGY AND TELECOMMUNICATIONS,"Wiker, Susana",Susana.L.Wiker.civ@us.navy.mil,NAVWAR OSBP,navwarsbo.fct@navy.mil,,,,,Some of the contractors will need to hold a TS SCI as well as Secret,N00039-24-RFPREQ-PMW-160-0001,https://ams.navair.navy.mil/procurement/79E174A1-764B-4403-AB3A-1715EA9A3040
LRAE Annex 25,647,CANES MAC- N0003923R9101 (C),"CANES MAC- N0003923R9101
9 Systems - 3 DO Awards",PMW-160 - PMW-160 - NAVWAR,$7.5M - $50M,,Fixed-Price,Delivery Order/Task Order,N00039 - NAVWAR,FY23,Q2,FY23,Q3,,New,,,"San Diego, CA",334290 - Other Communications Equipment Manufacturing,7G21 - IT AND TELECOM - NETWORK: DIGITAL NETWORK PRODUCTS (HARDWARE AND PERPETUAL LICENSE SOFTWARE),"Wiker, Susana",Susana.L.Wiker.civ@us.navy.mil,NAVWAR OSBP,navwarsbo.fct@navy.mil,,,,,,N00039-23-RFPREQ-PMW-160-0087,https://ams.navair.navy.mil/procurement/73F51F48-D04F-4F3D-9252-A27586AE49C7
LRAE Annex 25,648,CANES MAC- N0003923R9103 Components (C),CANES MAC- N0003923R9103 Components,PMW-160 - PMW-160 - NAVWAR,$2M - $7.5M,,Fixed-Price,Delivery Order/Task Order,N00039 - NAVWAR,FY23,Q3,FY23,Q4,,New,,,"San Diego, CA",334290 - Other Communications Equipment Manufacturing,7G21 - IT AND TELECOM - NETWORK: DIGITAL NETWORK PRODUCTS (HARDWARE AND PERPETUAL LICENSE SOFTWARE),"Wiker, Susana",Susana.L.Wiker.civ@us.navy.mil,NAVWAR OSBP,navwarsbo.fct@navy.mil,,,,,,N00039-23-RFPREQ-PMW-160-0088,https://ams.navair.navy.mil/procurement/42E32A74-8098-4260-98C8-3DC40A57667B
LRAE Annex 25,649,CANES MAC- N0003923R9102 CTUs (C),CANES MAC- N0003923R9102 CTUs,PMW-160 - PMW-160 - NAVWAR,$2M - $7.5M,,Fixed-Price,Delivery Order/Task Order,N00039 - NAVWAR,FY23,Q3,FY23,Q3,,New,,,"San Diego, CA",334290 - Other Communications Equipment Manufacturing,7G21 - IT AND TELECOM - NETWORK: DIGITAL NETWORK PRODUCTS (HARDWARE AND PERPETUAL LICENSE SOFTWARE),"Wiker, Susana",Susana.L.Wiker.civ@us.navy.mil,NAVWAR OSBP,navwarsbo.fct@navy.mil,,,,,,N00039-23-RFPREQ-PMW-160-0097,https://ams.navair.navy.mil/procurement/D41AB0A8-D9E9-4A92-B3C3-F388969671EF
LRAE Annex 25,650,CANES MAC- N0003923R9104 (C),"CANES MAC- N0003923R9104
4 Systems - 2 DO Awards",PMW-160 - PMW-160 - NAVWAR,$7.5M - $50M,,Fixed-Price,Delivery Order/Task Order,N00039 - NAVWAR,FY23,Q3,FY23,Q4,,New,,,"San Diego, CA",334290 - Other Communications Equipment Manufacturing,7G21 - IT AND TELECOM - NETWORK: DIGITAL NETWORK PRODUCTS (HARDWARE AND PERPETUAL LICENSE SOFTWARE),"Wiker, Susana",Susana.L.Wiker.civ@us.navy.mil,NAVWAR OSBP,navwarsbo.fct@navy.mil,,,,,,N00039-23-RFPREQ-PMW-160-0106,https://ams.navair.navy.mil/procurement/C74DCDE3-5F65-4539-BE17-30DB84A9E84E
LRAE Annex 25,651,CANES MAC- N0003923R9105 (C),"CANES MAC- N0003923R9105
3 Systems - 1 DO Awards",PMW-160 - PMW-160 - NAVWAR,$7.5M - $50M,,Fixed-Price,Delivery Order/Task Order,N00039 - NAVWAR,FY23,Q4,FY24,Q1,,New,,,"San Diego, CA",334290 - Other Communications Equipment Manufacturing,7G21 - IT AND TELECOM - NETWORK: DIGITAL NETWORK PRODUCTS (HARDWARE AND PERPETUAL LICENSE SOFTWARE),"Wiker, Susana",Susana.L.Wiker.civ@us.navy.mil,NAVWAR OSBP,navwarsbo.fct@navy.mil,,,,,,N00039-23-RFPREQ-PMW-160-0107,https://ams.navair.navy.mil/procurement/361F0CBB-468D-46EF-AD97-263E564115DB
LRAE Annex 25,652,CANES MAC- N0003923R9106 (C),"CANES MAC- N0003923R9105
9 Systems - 5 DO Awards",PMW-160 - PMW-160 - NAVWAR,$50M - $100M,,Fixed-Price,Delivery Order/Task Order,N00039 - NAVWAR,FY24,Q1,FY24,Q1,,New,,,"San Diego, CA",334290 - Other Communications Equipment Manufacturing,7G21 - IT AND TELECOM - NETWORK: DIGITAL NETWORK PRODUCTS (HARDWARE AND PERPETUAL LICENSE SOFTWARE),"Wiker, Susana",Susana.L.Wiker.civ@us.navy.mil,NAVWAR OSBP,navwarsbo.fct@navy.mil,,,,,,N00039-24-RFPREQ-PMW-160-0003,https://ams.navair.navy.mil/procurement/37499A2D-87AB-41D0-A947-57DA5F8B80A1
LRAE Annex 25,653,PMW 160 CANES DIGITAL TWIN IDT SBIR OY2 Exercise and Technical Direction Letter 2 (TDL2),Exercise Option Year 2 Issue TDL 2 under N0003921C1001,PMW-160 - PMW-160 - NAVWAR,No Range Specified,Small Business Set-Aside,Cost-Reimbursement,"""C"" Type Contract",N00039 - NAVWAR,FY23,Q2,FY23,Q3,,,,,"San Diego, CA","541715 - Research and Development in the Physical, Engineering, and Life Sciences (except Nanotechnology and Biotechnology)",AC34 - NATIONAL DEFENSE R&D SERVICES; DEFENSE-RELATED ACTIVITIES; R&D ADMINISTRATIVE EXPENSES,"Wiker, Susana",Susana.L.Wiker.civ@us.navy.mil,NAVWAR OSBP,navwarsbo.fct@navy.mil,,,,,,N00039-23-RFPREQ-PMW-160-0086,https://ams.navair.navy.mil/procurement/1ADB514F-6377-44AA-ABB0-8C094E3BC5F1
LRAE Annex 25,654,Fleet Installation & Response Division Project and Financial Management Support,"This task order covers necessary tasks for program management (PM) and financial management (FM) support services to the Naval Information Warfare Systems Center Atlantic (NIWC Atlantic) Fleet Installation and Response Division. This support encompasses planning and execution of various program and financial management processes and artifacts in support of the Fleet Installation Office as well as various class of hulls and projects to include, but not limited to Littoral Combat Ships (LCS), Landing Helicopter Assaults (LHA), Guided Missile Destroyers (DDG), Landing Platform Dock (LPD), Nuclear Powered Aircraft Carriers (CVN), Landing Craft Utility (LCU), Fast Frigate (FF), Military Sea Lift Command (MSC) vessels , Expeditionary Fast Transports (EPF), Military Sealift Replenishment Oilers (T-AO(X)), and Tug and Salvage Ships (T-ATS(X)).",LSUBP00057 - LSUBP00057 - FLEET INSTALLATION & READINESS DIV HD - NIWCLANT,No Range Specified,,TBD,Delivery Order/Task Order,N65236 - NIWCLANT,,,,,,Follow-on,N0017814D7630,"ATLAS EXECUTIVE CONSULTING, LLC","Charleston, SC",TBD - TBD,R425 - SUPPORT- PROFESSIONAL: ENGINEERING/TECHNICAL,"WOPPERT, DANIEL S.",daniel.s.woppert.civ@us.navy.mil,NAVWAR OSBP,navwarsbo.fct@navy.mil,,,,,,N65236-23-RFPREQ-LSUBP00057-0001,https://ams.navair.navy.mil/procurement/FF283564-713F-452C-9613-4B7DCE937883
LRAE Annex 25,655,LIPTM00156 - Automatic Identification System (AIS) and Joint Tactical Terminal (JTT) In-Service Engineering Activity (ISEA) - Seaport (New TO) (C),"This task order will cover fleet support, software and hardware support, integrated logistics support, system operability verification testing (SOVT) for the Joint Tactical Terminal project. This task order will also include travel and some material procurement in support of the tasking.",LSUBP00022 - LSUBP00022 - BATTLE SPACE AWARENESS DIV HEAD - NIWCLANT,$50M - $100M,TBD,Cost-Reimbursement,Delivery Order/Task Order,N65236 - NIWCLANT,FY23,Q4,FY24,Q2,,Follow-on,N6523620F3902 N6523621F30,,"Charleston, SC",541330 - Engineering Services,R425 - SUPPORT- PROFESSIONAL: ENGINEERING/TECHNICAL,,,NAVWAR OSBP,navwarsbo.fct@navy.mil,,,,,,N65236-22-RFPREQ-LSUBP00022-0002,https://ams.navair.navy.mil/procurement/21B723BD-7E8B-45FB-9328-CF38A225A3C4
LRAE Annex 25,656,LHA 8 Shipboard Integration (C),"Provide Radio Communications Suite (RCS), Ships Signal Exploitation Space (SSES), Distributed Systems (DS), and Topside (TS) Integration, Installation, and Testing support onboard USS BOUGAINVILLE (LHA 8), for Program Executive Office (PEO) C4I.",PMW-750 - PMW-750 - NAVWAR,No Range Specified,,Cost-Reimbursement,Delivery Order/Task Order,N00039 - NAVWAR,FY23,Q2,FY23,Q4,,New,,,"San Diego, CA",541330 - Engineering Services,"L058 - TECHNICAL REPRESENTATIVE- COMMUNICATION, DETECTION, AND COHERENT RADIATION EQUIPMENT",,,NAVWAR OSBP,navwarsbo.fct@navy.mil,,,,,,N00039-22-RFPREQ-PMW-750-0004,https://ams.navair.navy.mil/procurement/750A8783-5F52-47D2-8905-76BD35E6D3F3
LRAE Annex 25,657,N0003919D0034_N0003922F4027,Issue DO N0003922F4027 for UAM Licenses,PMW-130 - PMW-130 - NAVWAR,No Range Specified,,TBD,Delivery Order/Task Order,N00039 - NAVWAR,,,,,,New,,,"San Diego, CA",,TBD - TBD,,,NAVWAR OSBP,navwarsbo.fct@navy.mil,,,,,,N00039-22-RFPREQ-PMW-130-0009,https://ams.navair.navy.mil/procurement/65393C1C-CE5C-4413-B586-1E4CBCEC95E3
LRAE Annex 25,658,"Vessel Operations, Maintenance, Upkeep & Repair of R/V Acoustic Explorer","Vessel Operations, Maintenance, Upkeep & Repair of Research Vessel (R/V) Acoustic Explorer",None,">$5,000,000   - $10,000,000",Small Business Set-Aside,Cost-Reimbursement,Single-Award Indefinite-Delivery,N66001 - NAVAL INFORMATION WARFARE CENTER PACIFIC,FY 2023,QTR 2,FY 2023,QTR 4,60,Follow On Requirement,N66001-18-D-0187,"Oasis Systems, LLC","San Diego, CA",483113_Coastal and Great Lakes Freight Transportation_750Employees,M1HA_OPERATION OF GOVERNMENT-OWNED CONTRACTOR-OPERATED (GOCO) R&D FACILITIES,Bryan Mansfield,bryan.f.mansfield.civ@us.navy.mil,NAVWAR OSBP,navwarsbo.fct@navy.mil,Secret,Secret,,,,,
LRAE Annex 25,659,Platform Force Protection System,Technical and engineering services to support harbor and waterside defensive systems.,None,">$10,000,000   - $50,000,000",8(a) Sole Source,Cost-Reimbursement,Single-Award Indefinite-Delivery,N66001 - NAVAL INFORMATION WARFARE CENTER PACIFIC,FY 2026,QTR 2,FY 2026,QTR 4,60,Follow On Requirement,N66001-21-D-0452,Alutiq Information Management,"San Diego, CA",541519_Other Computer Related Services_$27.5M,J062_MAINT/REPAIR/REBUILD OF EQUIPMENT- LIGHTING FIXTURES AND LAMPS,Bryan Mansfield,bryan.f.mansfield.civ@us.navy.mil,NAVWAR OSBP,navwarsbo.fct@navy.mil,Secret,Secret,,,,,
LRAE Annex 25,660,Distributed Experimentation Environment (DE2) and Vanguard DevOps Environment (VFDE),"Subject matter expertise for the continuing development, sustainment and operation of the DE2 & VFDE Multi-Level Security (MLS) experimentation capabilities",None,">$10,000,000   - $50,000,000",Sole-Source,Cost-Reimbursement,"""C"" Type Contract",N66001 - NAVAL INFORMATION WARFARE CENTER PACIFIC,FY 2023,QTR 3,FY 2023,QTR 4,48,Follow On Requirement,N66001-21-C-4017,Exceptional Employees for Exceptional Results Inc.,"San Diego, CA",541330_c_Except_Marine Engineering and Naval Architecture_$41.5M,AC13_National Defense R&d Services; Department Of Defense - Military; Experimental Development,Bryan Mansfield,bryan.f.mansfield.civ@us.navy.mil,NAVWAR OSBP,navwarsbo.fct@navy.mil,Top Secret,Top Secret,,,,,
LRAE Annex 25,661,"Mine Counter Measure Capable Platform (MCMP), Support Vector Machine (SVM) Upgrades","Mine Counter Measure Capable Platform (MCMP), Support Vector Machine (SVM) Upgrades",None,> $2M - < $7.5M,Sole-Source,Fixed-Price,"""C"" Type Contract",N66001 - NAVAL INFORMATION WARFARE CENTER PACIFIC,FY 2023,QTR 3,FY 2023,QTR 4,12,New Requirement,,,"San Diego, CA",334220_Radio and Television Broadcasting and Wireless Communications Equipment Manufacturing_1250 employees,"5825 - Radio Navigation Equipment, Except Airborne",Bryan Mansfield,bryan.f.mansfield.civ@us.navy.mil,NAVWAR OSBP,navwarsbo.fct@navy.mil,None,None,,,,,
LRAE Annex 25,662,Cross-Domain Solutions,"Cross-Domain Solutions hardware, software, maintenance, and support.",None,">$10,000,000   - $50,000,000",TBD,Cost-Reimbursement,Single-Award Indefinite-Delivery,N66001 - NAVAL INFORMATION WARFARE CENTER PACIFIC,FY 2023,QTR 3,FY 2024,QTR 2,60,Follow On Requirement,N00039-19-D-0006,Lockheed Martin,"San Diego, CA",541512 Computer Systems Design Services,DB01 - It Telecom High Performance Computing,Bryan Mansfield,bryan.f.mansfield.civ@us.navy.mil,NAVWAR OSBP,navwarsbo.fct@navy.mil,Top Secret,Top Secret,,,,,
LRAE Annex 25,663,Cybersecurity (CS) / Information Assurance Technical Authority (IA TA) Cybersecurity Technical & Engineering Services,Cybersecurity (CS) / Information Assurance Technical Authority (IA TA) Cybersecurity Technical & Engineering Services,None,">$50,000,000   - $100,000,000",TBD,Cost-Reimbursement,Single-Award Indefinite-Delivery,N66001 - NAVAL INFORMATION WARFARE CENTER PACIFIC,FY 2024,QTR 1,FY 2024,QTR 3,60,Follow On Requirement,N00178-04-D-4024 / N6600119F3503,Booz Allen Hamilton,"San Diego, CA",541330_c_Except_Marine Engineering and Naval Architecture_$41.5M,DJ01_IT AND TELECOM - SECURITY AND COMPLIANCE SUPPORT SERVICES (LABOR),Jacob Ward,jacob.p.ward.civ@us.navy.mil,NAVWAR OSBP,navwarsbo.fct@navy.mil,Top Secret,Top Secret,,,SeaPort,,
LRAE Annex 25,664,Enterprise Network Cyber Defense,Cyber Defense for Marine Corps Cyberspace Operations Group (MCCOG),Cyber Defense,">$50,000,000   - $100,000,000",TBD,Cost-Reimbursement,Single-Award Indefinite-Delivery,N66001 - NAVAL INFORMATION WARFARE CENTER PACIFIC,FY 2023,QTR 3,FY 2024,QTR 1,60,Follow On Requirement,N00178-04-D-4091 / N6600119F3501,Northrop Grumman Systems Corp,Various Government Sites throughtout DoD,541330_c_Except_Marine Engineering and Naval Architecture_$41.5M,DJ01_IT AND TELECOM - SECURITY AND COMPLIANCE SUPPORT SERVICES (LABOR),Jacob Ward,jacob.p.ward.civ@us.navy.mil,NAVWAR OSBP,navwarsbo.fct@navy.mil,Top Secret,Top Secret,,,SeaPort,,
LRAE Annex 25,665,Comprehensive Cyber Support Services,Comprehensive Cyber Support Services for US Marine Corps Forces Cyber Command/ NIWC PAC Code 58,Cyber Defense,">$50,000,000   - $100,000,000",TBD,Cost-Reimbursement,Single-Award Indefinite-Delivery,N66001 - NAVAL INFORMATION WARFARE CENTER PACIFIC,FY 2024,QTR 1,FY 2024,QTR 4,60,Follow On Requirement,N00178-04-D-4119 / N6600119F3502,SAIC,Various Government sites throughtout DoD,541330_c_Except_Marine Engineering and Naval Architecture_$41.5M,DJ01_IT AND TELECOM - SECURITY AND COMPLIANCE SUPPORT SERVICES (LABOR),Jacob Ward,jacob.p.ward.civ@us.navy.mil,NAVWAR OSBP,navwarsbo.fct@navy.mil,Top Secret,Top Secret,,,SeaPort,,
LRAE Annex 25,666,Key Management Infrastructure,Key Management Infrastructure (KMI) and Cyber Security Engineering Support Services,Cyber Defense,">$50,000,000   - $100,000,000",Full and Open Competition,Cost-Reimbursement,Single-Award Indefinite-Delivery,N66001 - NAVAL INFORMATION WARFARE CENTER PACIFIC,FY 2023,QTR 4,FY 2024,QTR 2,60,Follow On Requirement,N00178-14-D-7578 / N6600119F3500,Leidos,"San Diego, CA",541330_c_Except_Marine Engineering and Naval Architecture_$41.5M,DJ01_IT AND TELECOM - SECURITY AND COMPLIANCE SUPPORT SERVICES (LABOR),Jacob Ward,jacob.p.ward.civ@us.navy.mil,NAVWAR OSBP,navwarsbo.fct@navy.mil,Top Secret,Top Secret,,,SeaPort,,
LRAE Annex 25,667,Information Technology Management / NIWC Pacific Code 8.2,"Information Technology (IT) Services for the purpose of providing Research, Development, Technology and Evaluation (RDT&E) Information Technology (IT) infrastructure support as an enabling service to the 130+ Research & Development labs associated with NIWC Pacific",None,">$50,000,000   - $100,000,000",Small Business Set-Aside,Cost-Reimbursement,"Multiple-Award Indefinite-Delivery, Indefinite Quantity",N66001 - NAVAL INFORMATION WARFARE CENTER PACIFIC,FY 2024,QTR 3,FY 2025,QTR 2,60,Follow On Requirement,N66001-20-D-3401 through N66001-20-D-3411,"Atlas Tech; GovSG; DirecViz Sol; FreeAlliance; Infinity Systems Eng; Systems Solutions, Inc., Joint Tactice & Tech; New Directions Tech; Management Concepts; Sentar; Strategic Data Systems","San Diego, CA",541330_c_Except_Marine Engineering and Naval Architecture_$41.5M,DG01_IT AND TELECOM - NETWORK SUPPORT SERVICES (LABOR),Jacob Ward,jacob.p.ward.civ@us.navy.mil,NAVWAR OSBP,navwarsbo.fct@navy.mil,Secret,Secret,,,,,
LRAE Annex 25,668,Administrative Support Services,"Professional and administrative support to assist NIWC Pacific Corporate Operations, Code 80, which includes the Total Workforce Management, Command Operations, Corporate Strategy and Corporate Communications. The tasking may include supporting other NIWC Pacific departments in administrative support.",None,">$10,000,000   - $50,000,000",Small Business Set-Aside,Cost-Reimbursement,"Multiple-Award Indefinite-Delivery, Indefinite Quantity",N66001 - NAVAL INFORMATION WARFARE CENTER PACIFIC,FY 2024,QTR 3,FY 2025,QTR 2,72,Follow On Requirement,N66001-19-D-3419 through N66001-19-D-3421,Thor; T3W; Kros-Wise,"San Diego, CA",541611_Administrative Management and General Management Consulting Services_$16.5M,R699_SUPPORT- ADMINISTRATIVE: OTHER,Jacob Ward,jacob.p.ward.civ@us.navy.mil,NAVWAR OSBP,navwarsbo.fct@navy.mil,Secret,Secret,,,,,
LRAE Annex 25,669,Cyber Training,Cyber Training and support to compliment on-going Cyber Security technological initiatives within US Marine Corps Forces Cyber Command and U.S. Fleet Cyber Command,Cyber Defense,">$10,000,000   - $50,000,000",TBD,Fixed-Price,TBD,N66001 - NAVAL INFORMATION WARFARE CENTER PACIFIC,FY 2023,QTR 3,FY 2024,QTR 1,60,Follow On Requirement,N66001-17-D-0038 through N66001-17-D-0041,"Ultimate Knowledge Corporation, CSR Group, Onyx Consulting and Executive Protection Systems",Various Government sites throughout DoD,611420_Computer Training_$12M,U008_EDUCATION/TRAINING- TRAINING/CURRICULUM DEVELOPMENT,Jacob Ward,jacob.p.ward.civ@us.navy.mil,NAVWAR OSBP,navwarsbo.fct@navy.mil,TBD,TBD,,,,,
LRAE Annex 25,670,Cyber and Network Security Engineering Services,Cryptographic Modernization and Key Management Engineering Services,Cyber Defense,">$10,000,000   - $50,000,000",TBD,Cost-Reimbursement,TBD,N66001 - NAVAL INFORMATION WARFARE CENTER PACIFIC,FY 2024,QTR 1,FY 2024,QTR 3,60,Follow On Requirement,N66001-19-D-0089,Nathan Kunes Inc.,"San Diego, CA",541512_Computer Systems Design Services_$30M,DJ01_IT AND TELECOM - SECURITY AND COMPLIANCE SUPPORT SERVICES (LABOR),Jacob Ward,jacob.p.ward.civ@us.navy.mil,NAVWAR OSBP,navwarsbo.fct@navy.mil,Secret,Secret,,,,,
LRAE Annex 25,671,"Cyberspace Science, Research, Engineering and Technology Integration","Cyberspace Science, Research, Engineering and Technology Integration",None,">$250,000,000",Full and Open Competition,Cost-Reimbursement,"Multiple-Award Indefinite-Delivery, Indefinite Quantity",N66001 - NAVAL INFORMATION WARFARE CENTER PACIFIC,FY 2025,QTR 3,FY 2026,QTR 3,84,Follow On Requirement,N66001-19-D-3407 through N66001-19-D-3415,"BAE, BAH, ICF, Leidos,  NG, Parsons, SAIC, SRC, Perspecta","San Diego, CA",541330_c_Except_Marine Engineering and Naval Architecture_$41.5M,AD24_R&D- DEFENSE OTHER: SERVICES (ENGINEERING DEVELOPMENT),Jacob Ward,jacob.p.ward.civ@us.navy.mil,NAVWAR OSBP,navwarsbo.fct@navy.mil,Top Secret,Top Secret,,,,,
LRAE Annex 25,672,Academic Research,"Academic research services, limited to educational institutions.",None,">$5,000,000   - $10,000,000",Educational/Non-Profit Colleges and Universities,Cost-Reimbursement,"Multiple-Award Indefinite-Delivery, Indefinite Quantity",N66001 - NAVAL INFORMATION WARFARE CENTER PACIFIC,FY 2025,QTR 3,FY 2026,QTR 2,60,Follow On Requirement,N66001-21-D-0041 through N66001-21-D-0043,"San Diego State University Research Foundation, University of California San Diego, University of California Irvine",Various,"541715_Research and Development in the Physical, Engineering, and Life Sciences (except Nanotechnology and Biotechnology) 11_1000 Employees",AC94_R&D- DEFENSE SYSTEM: MISCELLANEOUS HARD GOODS (ENGINEERING DEVELOPMENT),Jacob Ward,jacob.p.ward.civ@us.navy.mil,NAVWAR OSBP,navwarsbo.fct@navy.mil,Secret,Secret,,,Competition limited to educational institutions.,,
LRAE Annex 25,673,"Project Management Tools, Policy, and Processes Support Services","Program management, acquisition management, and technical support to the Program and Project Management Competency initiatives in training, processes, and tools so that Team NAVWAR Workforce can successfully deliver products and services that meet the requirements, on-time and within budget",None,">$10,000,000   - $50,000,000",TBD,Cost-Reimbursement,Single-Award Indefinite-Delivery,N66001 - NAVAL INFORMATION WARFARE CENTER PACIFIC,FY 2025,QTR 3,FY 2026,QTR 2,60,Follow On Requirement,N00178-19-D-8705 / N6600121F3502,Thor Solutions LLC,"San Diego, CA",541330_c_Except_Marine Engineering and Naval Architecture_$41.5M,R425_SUPPORT- PROFESSIONAL: ENGINEERING/TECHNICAL,Jacob Ward,jacob.p.ward.civ@us.navy.mil,NAVWAR OSBP,navwarsbo.fct@navy.mil,Secret,Secret,,,,,
LRAE Annex 25,674,Advanced Cyber Support Services,Advanced Cyber Support Services for US Marine Corps Forces Cyber Command/ NIWC PAC Code 58,Cyber Defense,">$50,000,000   - $100,000,000",TBD,Cost-Reimbursement,Single-Award Indefinite-Delivery,N66001 - NAVAL INFORMATION WARFARE CENTER PACIFIC,FY 2025,QTR 2,FY 2026,QTR 1,60,Follow On Requirement,N66001-21-C-0043,Agile-Bot II,Various Government sites throughout DoD,541512_Computer Systems Design Services_$30M,D310_IT AND TELECOM- CYBER SECURITY AND DATA BACKUP,Jacob Ward,jacob.p.ward.civ@us.navy.mil,NAVWAR OSBP,navwarsbo.fct@navy.mil,Top Secret,Top Secret,,,,,
LRAE Annex 25,675,Naval Physical Security System-Enterprise Architecture (PS2-EA),"Lifecycle sustainment, installation, integration, testing and procurement/acquisition support for PS2-EA, previosuly known as Anti-Terrorism/Force Protection (AT/FP) Electronic Surveillance Systems (ESS)",None,">$100,000,000 - $250,000,000",TBD,Cost-Reimbursement,Delivery Order/Task Order (not under Federal Supply Schedule Contract),N66001 - NAVAL INFORMATION WARFARE CENTER PACIFIC,FY 2023,QTR 3,FY 2023,QTR 4,60,Follow On Requirement,N66001-18-D-0082,Serco,Various,541330_a_Except_Military and Aerospace Equipment and Military Weapons_$47M,"J059_Maintenance, Repair, and Rebuilding of Equipment- Electrical and Electronic Equipment Components",Norman Julien,norman.p.julien@navy.mil,NAVWAR OSBP,navwarsbo.fct@navy.mil,Top Secret,Top Secret,,,Seaport,,
LRAE Annex 25,676,Special Projects and Electronic Systems,"Contractor support services are required to assist the Code 41170 in its execution of sustainment and technical support of special projects and electronic systems. The support includes experimental, demonstration and developmental technology.",None,">$50,000,000   - $100,000,000",TBD,Cost-Reimbursement,"Multiple-Award Indefinite-Delivery, Indefinite Quantity",N66001 - NAVAL INFORMATION WARFARE CENTER PACIFIC,FY 2026,QTR 2,FY 2026,QTR 4,84,Follow On Requirement,N66001-19-D-0110 through N66001-19-D-0113,"Alutiiq Information Management, Deloitte Consulting, Noblis, Serco",Various,541330_a_Except_Military and Aerospace Equipment and Military Weapons_$47M,J059_MAINT/REPAIR/REBUILD OF EQUIPMENT- ELECTRICAL AND ELECTRONIC EQUIPMENT COMPONENTS,Norman Julien,norman.p.julien@navy.mil,NAVWAR OSBP,navwarsbo.fct@navy.mil,Top Secret,Top Secret,,,,,
LRAE Annex 25,677,"Meteorological and Oceanographic (METOC), Expeditionary and Joint Systems In-Service Engineering Agent (ISEA)","To provide In-Service Engineering Agent (ISEA) activities for the Meteorological and Oceanographic (METOC) systems assigned to the METOC Capabilities Based (CB) ISEA, Foreign Military Sales (FMS) systems, and Expeditionary and Joint systems, projects and tasking engaged in worldwide operations, ashore and afloat.",None,">$10,000,000   - $50,000,000",Small Business Set-Aside,Cost-Reimbursement,"Multiple-Award Indefinite-Delivery, Indefinite Quantity",N66001 - NAVAL INFORMATION WARFARE CENTER PACIFIC,FY 2025,QTR 1,FY 2025,QTR 3,60,Follow On Requirement,N66001-20-D-3430 through N66001-20-D-3433,"FSI, ODME, SOLUTE, Syneren","San Diego, CA",541330_a_Except_Military and Aerospace Equipment and Military Weapons_$47M,"L058_TECHNICAL REPRESENTATIVE- COMMUNICATION, DETECTION, AND COHERENT RADIATION EQUIPMENT",Norman Julien,norman.p.julien@navy.mil,NAVWAR OSBP,navwarsbo.fct@navy.mil,Secret,Secret,,,,,
LRAE Annex 25,678,C4ISR Training Products,"Training services to tactical afloat shipboard, ashore and submarine Command, Control, Communications, Computers, Intelligence, Surveillance and Reconnaissance (C4ISR) systems",None,">$5,000,000   - $10,000,000",Small Business Set-Aside,Cost-Reimbursement,Delivery Order/Task Order (not under Federal Supply Schedule Contract),N66001 - NAVAL INFORMATION WARFARE CENTER PACIFIC,FY 2027,QTR 4,FY 2028,QTR 2,60,Follow On Requirement,N66001-23-F-3508,Sellers & Associates,Various,541330_a_Except_Military and Aerospace Equipment and Military Weapons_$47M,U008_EDUCATION/TRAINING- TRAINING/CURRICULUM DEVELOPMENT,Norman Julien,norman.p.julien@navy.mil,NAVWAR OSBP,navwarsbo.fct@navy.mil,Top Secret,Top Secret,,,Seaport,,
LRAE Annex 25,679,"Tactical Air Navigation (TACAN), Air Traffic Control and Landing Systems (ATCALS), Air Command & Control, and Joint Tactical Systems (JTS) Services","Technical and In-Service Engineering Activities (ISEA) for Airspace and Joint Systems Marine Air Traffic Control and Landing Systems (MATCALS) / ATCALS, and mobile fixed / tactical fixed systems",None,">$50,000,000   - $100,000,000",Small Business Set-Aside,Cost-Reimbursement,Single-Award Indefinite-Delivery,N66001 - NAVAL INFORMATION WARFARE CENTER PACIFIC,FY 2025,QTR 1,FY 2025,QTR 3,60,Follow On Requirement,N66001-20-D-0336,Trandes Corp.,Various,541330_a_Except_Military and Aerospace Equipment and Military Weapons_$47M,J059_MAINT/REPAIR/REBUILD OF EQUIPMENT- ELECTRICAL AND ELECTRONIC EQUIPMENT COMPONENTS,Norman Julien,norman.p.julien@navy.mil,NAVWAR OSBP,navwarsbo.fct@navy.mil,Secret,Secret,,,,,
LRAE Annex 25,680,"Take Charge and Move Out (TACAMO) 
Ground Communications – Mobile ISEA Contract",Transportable TACAMO Extremely High Frequency (EHF) Terminal Shelter/Antenna Platform System ISEA Support Services,None,">$10,000,000   - $50,000,000",Small Business Set-Aside,Cost-Reimbursement,"Multiple-Award Indefinite-Delivery, Indefinite Quantity",N66001 - NAVAL INFORMATION WARFARE CENTER PACIFIC,FY 2024,QTR 3,FY 2025,QTR 1,48,Follow On Requirement,N66001-21-D-0039 through N66001-21-D-0040,"LongWave Inc., Reliance Construction","San Diego, CA",332311_Prefabricated Metal Building and Component Manufacturing_750 Employees,5411_RIGID WALL SHELTERS,Norman Julien,norman.p.julien@navy.mil,NAVWAR OSBP,navwarsbo.fct@navy.mil,Secret,Secret,,,,,
LRAE Annex 25,681,Integrated Voice Networks (Telephony),Technical Support for Integrated Voice Network Systems,None,">$10,000,000   - $50,000,000",TBD,Cost-Reimbursement,Single-Award Indefinite-Delivery,N66001 - NAVAL INFORMATION WARFARE CENTER PACIFIC,FY 2024,QTR 4,FY 2025,QTR 2,60,Follow On Requirement,N66001-19-D-0129,COLSA,"San Diego, CA",541330_a_Except_Military and Aerospace Equipment and Military Weapons_$47M,"J059_Maintenance, Repair, and Rebuilding of Equipment- Electrical and Electronic Equipment Components",Norman Julien,norman.p.julien@navy.mil,NAVWAR OSBP,navwarsbo.fct@navy.mil,Secret,Secret,,,,,
LRAE Annex 25,682,SATCOM,In-service Engineering Agent Support for Satellite Communications (SATCOM),None,">$50,000,000   - $100,000,000",TBD,Cost-Reimbursement,Single-Award Indefinite-Delivery,N66001 - NAVAL INFORMATION WARFARE CENTER PACIFIC,FY 2024,QTR 3,FY 2025,QTR 1,60,Follow On Requirement,N66001-20-D-0119,Centurum,Various,541330_a_Except_Military and Aerospace Equipment and Military Weapons_$47M,"J058_Technical Representative- Communication, Detection, and Coherent Radiation Equipment",Norman Julien,norman.p.julien@navy.mil,NAVWAR OSBP,navwarsbo.fct@navy.mil,Secret,Secret,,,,,
LRAE Annex 25,683,Tactical Networks (TACNET) In-Service Engineering Agent (ISEA),"In-Service Engineering Agent (ISEA) functions for Afloat and Ashore Tactical Networks (TACNET) and Command, Control, Communications, Computers, Intelligence (C4I) Systems as defined through the issuance of individual task orders",None,"> $250,000,000 - $500,000,000",Full and Open Competition,Cost-Reimbursement,Single-Award Indefinite-Delivery,N66001 - NAVAL INFORMATION WARFARE CENTER PACIFIC,FY 2027,QTR 3,FY 2028,QTR 1,60,Follow On Requirement,N66001-23-D-0004,SAIC,Various,541330_a_Except_Military and Aerospace Equipment and Military Weapons_$47M,J059_MAINT/REPAIR/REBUILD OF EQUIPMENT- ELECTRICAL AND ELECTRONIC EQUIPMENT COMPONENTS,Norman Julien,norman.p.julien@navy.mil,NAVWAR OSBP,navwarsbo.fct@navy.mil,Top Secret,Top Secret,,,,,
LRAE Annex 25,684,Network Integration Engineering Facility (NIEF) Production Svcs MAC,"Basic research, end-to-end system design, prototype development, systems engineering, integration, production, software loading, pre-installation testing and checkout (PITCO), deployment, and life cycle support of Command, Control, Communications, Computer (C4), Intelligence, Surveillance, and Reconnaissance (C4ISR) systems.",None,">$100,000,000- $250,000,000",Full and Open Competition,Cost-Reimbursement,"Multiple-Award Indefinite-Delivery, Indefinite Quantity",N66001 - NAVAL INFORMATION WARFARE CENTER PACIFIC,FY 2025,QTR 3,FY 2026,QTR 1,60,Follow On Requirement,N66001-21-D-0030 through N66001-21-D-0034,"M.C. Dean, SAIC, SERCO, SESCO, VT MILCOM","San Diego, CA",541330_a_Except_Military and Aerospace Equipment and Military Weapons_$47M,R425_SUPPORT- PROFESSIONAL: ENGINEERING/TECHNICAL,Norman Julien,norman.p.julien@navy.mil,NAVWAR OSBP,navwarsbo.fct@navy.mil,Secret,Secret,,,,,
LRAE Annex 25,685,Centerwide Logistics & Warehouse Services,"Support services for NIWC Pacific shipping, receiving, excessing, warehouse and inventory management operations.",None,">$10,000,000   - $50,000,000",Small Business Set-Aside,Cost-Reimbursement,Single-Award Indefinite-Delivery,N66001 - NAVAL INFORMATION WARFARE CENTER PACIFIC,FY 2025,QTR 2,FY 2025,QTR 4,60,Follow On Requirement,N66001-20-D-0460,"OLGOONIK FEDERAL, LLC","San Diego, CA",493110_General Warehousing and Storage_$34M,S215_HOUSEKEEPING- WAREHOUSING/STORAGE,Norman Julien,norman.p.julien@navy.mil,NAVWAR OSBP,navwarsbo.fct@navy.mil,Secret,Secret,,,,,
LRAE Annex 25,686,"Reverse Engineering, Science, and Technology for Obsolescence, Repair, and Evaluation (RESTORE) Laboratory Engineering Support","Research, development, simulation, evaluation, and engineering support for Navy, Marine Corps, and other Department of Defense (DoD) manned and unmanned Airspace and Command, Control, Communications, Computers, Combat Systems, Intelligence, Surveillance, and Reconnaissance (C5ISR) platforms, systems, subsystems, and components.",None,">$50,000,000   - $100,000,000",TBD,Cost-Reimbursement,Single-Award Indefinite-Delivery,N66001 - NAVAL INFORMATION WARFARE CENTER PACIFIC,FY 2026,QTR 1,FY 2026,QTR 3,60,Follow On Requirement,N66001-21-D-0037,Alutiiq Information Management,"San Diego, CA",541330_a_Except_Military and Aerospace Equipment and Military Weapons_$47M,J059_MAINT/REPAIR/REBUILD OF EQUIPMENT- ELECTRICAL AND ELECTRONIC EQUIPMENT COMPONENTS,Norman Julien,norman.p.julien@navy.mil,NAVWAR OSBP,navwarsbo.fct@navy.mil,Secret,Secret,,,,,
LRAE Annex 25,687,Precision Approach Radar Hardware,AN/FPN-68A Precision Approach Radar (PAR) Technology Procurement & Support for System Hardware,None,> $2M - < $7.5M,Sole-Source,Fixed-Price,Single-Award Indefinite-Delivery,N66001 - NAVAL INFORMATION WARFARE CENTER PACIFIC,FY 2025,Q1,FY 2025,Q3,60,Follow On Requirement,N66001-20-D-3434,L3Harris,Various,"334511_Search, Detection, Navigation, Guidance, Aeronautical, and Nautical System and Instrument Manufacturing_1350 employees","5998_ Electrical and Electronic assemblies, Boards, Cards, and Associated Hardware",Norman Julien,norman.p.julien@navy.mil,NAVWAR OSBP,navwarsbo.fct@navy.mil,None,None,,,,,
LRAE Annex 25,688,Precision Approach Radar Support Services,Technical Services Support for AN/FPN-68A Precision Approach Radar (PAR) Systems,None,> $7.5M - < $50M,Sole-Source,Fixed-Price,Single-Award Indefinite-Delivery,N66001 - NAVAL INFORMATION WARFARE CENTER PACIFIC,FY 2027,Q3,FY 2028,Q1,60,Follow On Requirement,N66001-23-D-0015,L3Harris,Various,541330_a_Except_Military and Aerospace Equipment and Military Weapons_$47M,"J059_Maintenance, Repair, and Rebuilding of Equipment- Electrical and Electronic Equipment Components",Norman Julien,norman.p.julien@navy.mil,NAVWAR OSBP,navwarsbo.fct@navy.mil,None,None,,,,,
LRAE Annex 25,689,Network Integration Engineering Facility (NIEF) Engineering Services,"To provide rogram management, basic research, end-to-end system design, prototype development, systems engineering, 
integration, environmental qualification testing (EQT), production, software loading, pre-installation testing and 
checkout (PITCO), deployment, and life cycle support of Command, Control, Communications, Computer, 
Intelligence, Surveillance, and Reconnaissance (C4ISR) systems",None,">$100,000,000- $250,000,000",Full and Open Competition,Cost-Reimbursement,Single-Award Indefinite-Delivery,N66001 - NAVAL INFORMATION WARFARE CENTER PACIFIC,FY 2027,Q1,FY 2027,Q4,60,Follow On Requirement,N66001-21-D-0153,Noblis,Various,541330_a_Except_Military and Aerospace Equipment and Military Weapons_$47M,"J059_Maintenance, Repair, and Rebuilding of Equipment- Electrical and Electronic Equipment Components",Norman Julien,norman.p.julien@navy.mil,NAVWAR OSBP,navwarsbo.fct@navy.mil,Secret,Secret,,,,,
LRAE Annex 25,690,Shore NEN ISEA,"In-Service Engineering Activity (ISEA) Navy Enterprise Networks (NEN) includes the four core Capability-Based (CB) In-Service Engineering Activity (CB-ISEA) services: Technical Sustainment Support (TSS), Sustainment Engineering Support, Logistics Support, and Modernization Support.",None,">$100,000,000- $250,000,000",TBD,Cost-Reimbursement,Delivery Order/Task Order (not under Federal Supply Schedule Contract),N66001 - NAVAL INFORMATION WARFARE CENTER PACIFIC,FY 2027,Q1,FY 2027,Q4,60,Follow On Requirement,N66001-22-F-3509,SAIC,Various,541330_a_Except_Military and Aerospace Equipment and Military Weapons_$47M,"J059_Maintenance, Repair, and Rebuilding of Equipment- Electrical and Electronic Equipment Components",Norman Julien,norman.p.julien@navy.mil,NAVWAR OSBP,navwarsbo.fct@navy.mil,Secret,Secret,,,Seaport,,
LRAE Annex 25,691,Automated Vechicle Barrier (AVB),"To provide life cycle sustainment engineering, installation support, integration, testing and procurement/acquisition support for the Emergency Management Systems (EMS), Access Control Sub-system (ACS) during its life cycle.",None,> $7.5M - < $50M,TBD,Cost-Reimbursement,Single-Award Indefinite-Delivery,N66001 - NAVAL INFORMATION WARFARE CENTER PACIFIC,FY 2027,Q1,FY 2027,Q4,60,Follow On Requirement,N66001-22-D-0035,Red Peak,Various,541330_a_Except_Military and Aerospace Equipment and Military Weapons_$47M,"J059_Maintenance, Repair, and Rebuilding of Equipment- Electrical and Electronic Equipment Components",Norman Julien,norman.p.julien@navy.mil,NAVWAR OSBP,navwarsbo.fct@navy.mil,Top Secret,Top Secret,,,,,
LRAE Annex 25,692,SATCOM CB-ISEA Antenna Restoration,"The antenna restoration efforts for the Naval Information Warfare Center (NIWC Pacific) Code 41210 and 41220, Satellite Communication (SATCOM) Capability-Base (CB) In- Service Engineering Activity (ISEA)",None,> $7.5M - < $50M,TBD,Fixed-Price,Single-Award Indefinite-Delivery,N66001 - NAVAL INFORMATION WARFARE CENTER PACIFIC,FY 2027,Q3,FY 2028,Q1,60,Follow On Requirement,N66001-23-D-0007,Serco,Various,334220_Radio and Television Broadcasting and Wireless Communications Equipment Manufacturing_1250 employees,"5985_ Antennas, Waveguides, and Related Equipment",Norman Julien,norman.p.julien@navy.mil,NAVWAR OSBP,navwarsbo.fct@navy.mil,Secret,Secret,,,,,
LRAE Annex 25,693,Depot Systems Support,"The effort is comprised of jointly maintaining and operating a restoration depot for the fabrication, restoration, repair, overhaul, and calibration of electro-mechanical and mechanical shipboard, ground, and airborne assemblies, subassemblies, and test equipment to provide worldwide technical support to Government agencies, Fleet and Shore facilities.",None,">$100,000,000- $250,000,000",Small Business Set-Aside,Cost-Reimbursement,Single-Award Indefinite-Delivery,N66001 - NAVAL INFORMATION WARFARE CENTER PACIFIC,FY 2027,Q3,FY 2028,Q1,60,Follow On Requirement,N66001-23-D-0014,Centurum,Various,334290_Other Communications Equipment Manufacturing_800 employees,"DE01_IT and Telecom - End User: Help Desk; Tier1-2, Workspace, Print, Output, Productivity Tools (Labor)",Norman Julien,norman.p.julien@navy.mil,NAVWAR OSBP,navwarsbo.fct@navy.mil,Secret,Secret,,,,,
LRAE Annex 25,694,Tactical Data Link (TDL) Capabilities Based In-Service Engineering Agent (CB-ISE),The life-cycle engineering and technical assistance required for Tactical and Communications Data Link systems and related equipment in the sustentation of the Capabilities Based In-Service Engineering Agent (CB-ISEA).,None,">$50,000,000   - $100,000,000",Small Business Set-Aside,Cost-Reimbursement,Single-Award Indefinite-Delivery,N66001 - NAVAL INFORMATION WARFARE CENTER PACIFIC,FY 2027,Q3,FY 2028,Q1,84,Follow On Requirement,N66001-20-D-0044,KOAM Engineering Systems (KES),Various,541330_a_Except_Military and Aerospace Equipment and Military Weapons_$47M,"L059_Maintenance, Repair, and Rebuilding of Equipment- Electrical and Electronic Equipment Components",Norman Julien,norman.p.julien@navy.mil,NAVWAR OSBP,navwarsbo.fct@navy.mil,Secret,Secret,,,,,
LRAE Annex 25,695,CANES Engineering Support,Engineering and Support Services for Consolidated Afloat Networks and Enterprise Services (CANES),None,> $100M - < $250M,Full and Open Competition,Cost-Reimbursement,Single-Award Indefinite-Delivery,N66001 - NAVAL INFORMATION WARFARE CENTER PACIFIC,FY 2023,QTR 2,FY 2023,QTR 4,60,Follow On Requirement,N66001-21-D-0008,Noblis,Various,541330_a_Except_Military and Aerospace Equipment and Military Weapons_$41.5M,AC34_National Defense R&d Services; Defense-related Activities; R&d Administrative Expenses,Stephen Enokida,stephen.i.enokida.civ@us.navy.mil,NAVWAR OSBP,navwarsbo.fct@navy.mil,Top Secret,Secret,,,,,
LRAE Annex 25,696,Time and Frequency Distribution System,"Continuing sustainment and maintenance of the existing deployed Time and Frequency Distribution System (TFDS) units in the Fleet for use in Ruggedized Systems on submarines, submarine training facilities, submarine-to-shore platforms and Take Charge and Move Out (TACAMO) communication system aircraft. This contract will also provide for the procurement of new TFDS units and spare/replacement components configured for the deployed Virginia Class submarines.",None,"<$10,000,000",Sole-Source,Fixed-Price,Single-Award Indefinite-Delivery,N66001 - NAVAL INFORMATION WARFARE CENTER PACIFIC,FY 2024,QTR 4,FY 2024,QTR 4,60,Follow On Requirement,N66001-19-D-0071,Brandywine,"San Diego, CA",334519_Other Measuring and Controlling Device Manufacturing_500Employees,6645_TIME MEASURING INSTRUMENTS,Stephen Enokida,stephen.i.enokida.civ@us.navy.mil,NAVWAR OSBP,navwarsbo.fct@navy.mil,None,None,,,,,
LRAE Annex 25,697,xDMS Support,"Design, engineering, procurement, fabrication, integration, and testing support for the AN/USQ-82(V) Data Multiplex Systems (xDMS)",None,> $7.5M - < $50M,Full and Open Competition,Cost-Reimbursement,Single-Award Indefinite-Delivery,N66001 - NAVAL INFORMATION WARFARE CENTER PACIFIC,FY 2022,QTR 4,FY 2023,QTR 4,60,Follow On Requirement,N66001-18-D-0013,SESCO,Various,"334290 - 
238210 - Electrical Contractors and Other Wiring Installation Contractors",N059_Installation Of Equipment- Electrical and Electronic Equipment Components,Stephen Enokida,stephen.i.enokida.civ@us.navy.mil,NAVWAR OSBP,navwarsbo.fct@navy.mil,Secret,None,,,,,
LRAE Annex 25,698,Ocean Survey Program Survey System (OSPSS) Central Depot Repair Facility,"Provide support services to the United Kingdom (UK) OSPSS Project including Central Depot Repair Facility operation, freight forwarding services, and field engineering services under Foreign Military Sales (FMS) Case UZ-P-BAR",None,> $2M - < $7.5M,8(a) Sole Source,Fixed-Price,"""C"" Type Contract",N66001 - NAVAL INFORMATION WARFARE CENTER PACIFIC,FY 2024,QTR 2,FY 2025,QTR 1,60,Follow On Requirement,N66001-20-C-0448,Ocean Marine Inc.,Various,541330_a_Except_Military and Aerospace Equipment and Military Weapons_$41.5M,C216_ARCHITECT AND ENGINEERING- GENERAL: MARINE ENGINEERING,Stephen Enokida,stephen.i.enokida.civ@us.navy.mil,NAVWAR OSBP,navwarsbo.fct@navy.mil,Secret,None,,,FFP/Cost,,
LRAE Annex 25,699,"Engineering Support on Tactical Networks Division, Code 551 Multiple Award Contract (MAC)","Engineering Support on Tactical Networks Division, Code 551 Multiple Award Contract (MAC)",None,> $2M - < $7.5M,Full and Open Competition,Cost-Reimbursement,Delivery Order/Task Order (not under Federal Supply Schedule Contract),N66001 - NAVAL INFORMATION WARFARE CENTER PACIFIC,FY 2023,QTR 4,FY 2023,QTR 4,60,Follow On Requirement,N66001-21-D-0118-0129,N/A,Various,541330_a_Except_Military and Aerospace Equipment and Military Weapons_$41.5M,AC34_National Defense R&d Services; Defense-related Activities; R&d Administrative Expenses,Stephen Enokida,stephen.i.enokida.civ@us.navy.mil,NAVWAR OSBP,navwarsbo.fct@navy.mil,Top Secret,Secret,,,,,
LRAE Annex 25,700,Application Integration (AI) Process Support for Consolidated Afloat Networks and Enterprise Services (CANES) and Legacy Tactical Afloat Networks,"Support in delivering AI engineering and integration services to provide configurations necessary to support program requirements, production baseline and technical drawing generation, implementation and integration of Engineering Changes and Deviations, review of AI POR integration engineering and technical documents required for system fielding, and remote system monitoring",None,> $2M - < $7.5M,Full and Open Competition,Cost-Reimbursement,Delivery Order/Task Order (not under Federal Supply Schedule Contract),N66001 - NAVAL INFORMATION WARFARE CENTER PACIFIC,FY 2024,QTR 1,FY 2024,QTR 1,60,Follow On Requirement,N66001-21-D-0008,Noblis,Various,541330_a_Except_Military and Aerospace Equipment and Military Weapons_$41.5M,AC34_National Defense R&d Services; Defense-related Activities; R&d Administrative Expenses,Stephen Enokida,stephen.i.enokida.civ@us.navy.mil,NAVWAR OSBP,navwarsbo.fct@navy.mil,Top Secret,Secret,,,,,
LRAE Annex 25,701,High Performance Computing Modernization Program (HPCMP) Enterprise Network Support,"Provide enterprise network, technical and professional services for the Defense Research and Engineering Network (DREN).",HPCMP,> $2M - < $7.5M,8(a) Sole Source,Cost-Reimbursement,TBD,N66001 - NAVAL INFORMATION WARFARE CENTER PACIFIC,FY 2023,QTR 3,FY 2023,QTR 4,60,Follow On Requirement,N66001-19-C-0117,D9Tech,"San Diego, CA",541330_a_Except_Military and Aerospace Equipment and Military Weapons_$41.5M,AC13_National Defense R&d Services; Department Of Defense - Military; Experimental Development,Stephen Enokida,stephen.i.enokida.civ@us.navy.mil,NAVWAR OSBP,navwarsbo.fct@navy.mil,Secret,Secret,,,,,
LRAE Annex 25,702,Ocean Survey Program Survey System (OSPSS) Technical Documentation and related Engineering Services,"Documentation support services necessary to maintain, update and create documentation in support of the United Kingdom (UK) Ocean Survey Vessel/Ocean Survey Program Survey System (OSV/OSPSS). These services are intended to encompass the documentation of system, hardware, and software additions, and changes in technical manuals and other system documentation for the UK OSPSS.",None,> $7.5M - < $50M,8(a) Sole Source,Cost-Reimbursement,"""C"" Type Contract",N66001 - NAVAL INFORMATION WARFARE CENTER PACIFIC,FY 2025,QTR 2,FY 2026,QTR 1,60,Follow On Requirement,N66001-21-C-0004,TDI,Various,541330_a_Except_Military and Aerospace Equipment and Military Weapons_$41.5M,C216_ARCHITECT AND ENGINEERING- GENERAL: MARINE ENGINEERING,Stephen Enokida,stephen.i.enokida.civ@us.navy.mil,NAVWAR OSBP,navwarsbo.fct@navy.mil,Secret,Secret,,,,,
LRAE Annex 25,703,"Position, Navigation and Timing (PNT) Division Laboratory Support","The purpose of this acquisition is to provide technical engineering services for Central Engineering Activity (CEA) Facility Requirements Analysis, Data Analysis, Test and Evaluation, Simulator Modification, Enhancement and Maintenance, Digital Receiver Modification, Enhancement and Maintenance, Generic Test Station Modification, Enhancement and Maintenance, Real-Time Simulation System Modification, Enhancement and Maintenance, Post-Test Processing Software Modification, Enhancement and Maintenance, Laboratory Network Support, and Program Management / Monitoring / Reporting.",None,> $7.5M - < $50M,TBD,Cost-Reimbursement,TBD,N66001 - NAVAL INFORMATION WARFARE CENTER PACIFIC,FY 2025,QTR 2,FY 2026,QTR 1,84,Follow On Requirement,N66001-19-D-0255,CTSI,"San Diego, CA","541715_Research and Development in the Physical, Engineering, and Life Sciences (except Nanotechnology and Biotechnology) 11_1000 Employees",AC14_NATIONAL DEFENSE  R&D  SERVICES; DEPARTMENT OF  DEFENSE - MILITARY; R&D ADMINISTRATIVE EXPENSES,Stephen Enokida,stephen.i.enokida.civ@us.navy.mil,NAVWAR OSBP,navwarsbo.fct@navy.mil,Secret,Secret,,,,,
LRAE Annex 25,704,Global Positioning Sytem (GPS) User Equipment & Test Engineering (UET&E),"To provide subject matter experts (SMEs) in navigation analyses to better acquire and equip all Position, Navigation and Timing (PNT) users with emerging navigation technologies. More specifically this will acquire expert systems engineering in the areas of analysis, technical review, evaluation, and systems engineering in support of the PNT program and the MILCOMM & PNT Directorate (MCPNT)",MCPNT Directorate,> $100M - < $250M,Full and Open Competition,Cost-Reimbursement,Delivery Order/Task Order (not under Federal Supply Schedule Contract),N66001 - NAVAL INFORMATION WARFARE CENTER PACIFIC,FY 2023,QTR 3,FY 2024,QTR 1,60,Follow On Requirement,N00178-19-D-7264 N0003920F3500,BAH,"El Segundo, CA",541330_a_Except_Military and Aerospace Equipment and Military Weapons_$41.5M,AC14_NATIONAL DEFENSE  R&D  SERVICES; DEPARTMENT OF  DEFENSE - MILITARY; R&D ADMINISTRATIVE EXPENSES,Stephen Enokida,stephen.i.enokida.civ@us.navy.mil,NAVWAR OSBP,navwarsbo.fct@navy.mil,Secret,Top Secret,,,Seaport,,
LRAE Annex 25,705,Missile Defense (MD) Engineering Operations & Maintenance,"This tasking supports systems development, systems engineering, systems integration, operations, systems test and evaluation (T&E), systems performance and characterization evaluation, systems analysis and provides technical expertise of Command, Control, Communications, Computers, Combat Systems, Cybersecurity, and Intelligence (C6I) and Interoperability for the U.S. Navy (USN), Missile Defense Agency (MDA), and Sea-Based Weapon System (SBWS) Aegis Ballistic Missile Defense (BMD) for Space Layered and Integrated Air Missile Defense (IAMD) T&E operations. NIWC Pacific conducts Exploratory and Developmental Test and Evaluation (DT&E) incorporating Line-of-Sight (LoS) and Beyond LoS (BLOS) Tactical Data Links (TDLs), Command, Control, Communications, Computers and Intelligence (C4I) systems, and Aegis Weapon Systems (AWS) employed as part of the National/International/Multi-National Missile Defense System (MDS), IAMD, and Maritime Theater Missile Defense (MTMD) domains. Test Events are used to verify and validate the performance and interoperability of critical components of Battle Management Command, Control, Communications, Computers, and Intelligence (BMC4I) systems integrated on maritime/ground/air and space-based platforms. Performance assessment, evaluation, and analysis of these systems are focused on ship and shore based AWS, C4I systems, networks, and TDL capabilities.",535,">$5,000,000   - $10,000,000",Small Business Set-Aside,Cost-Reimbursement,Delivery Order/Task Order (not under Federal Supply Schedule Contract),N66001 - NAVAL INFORMATION WARFARE CENTER PACIFIC,FY 2024,QTR 3,FY 2024,QTR 4,60,Follow On Requirement,N66001-18-D-0391 / N6600122F0875,KES,"San Diego, CA",541330_c_Except_Marine Engineering and Naval Architecture_$41.5M,AC33_NATIONAL DEFENSE  R&D  SERVICES; DEFENSE-RELATED ACTIVITIES; EXPERIMENTAL DEVELOPMENT,Lee Anderson,richard.l.anderson4.civ@us.navy.mil,NAVWAR OSBP,navwarsbo.fct@navy.mil,Secret,Secret,,,Seaport,,
LRAE Annex 25,706,Tactical Comand and Control Foreign Military Sales Engineering Technical Assistance (TAC-C2 FMS ETA),"This tasking provides International Tactical Data Link (TDL) and Command and Control (C2) Engineering Technical Assistance (ETA) and expertise for Coalition countries, Foreign Military Sales (FMS) programs, North Atlantic Treaty Organization (NATO), and  International partner nations. The TDL systems include Link 16, Link 22, Link 11, and Wide Area Network (WAN) / Local Area Network (LAN). This support will include TDL and C2 engineering technical assistance for Navy, Air Force, Army, Marine and joint military TDL infrastructure including Concept of Operations (CONOPS), development, installation and checkout (INCO), integration and operational testing and evaluation. System and COMSEC familiarization and location evaluations for the TDL and C2 systems are also included in this tasking.",535,">$10,000,000   - $50,000,000",Small Business Set-Aside,Cost-Reimbursement,Delivery Order/Task Order (not under Federal Supply Schedule Contract),N66001 - NAVAL INFORMATION WARFARE CENTER PACIFIC,FY 2023,QTR 4,FY 2024,QTR 1,60,Follow On Requirement,N66001-18-D-0392 / N6600121F0146,TEA,"San Diego, CA",541330_c_Except_Marine Engineering and Naval Architecture_$41.5M,AC33_NATIONAL DEFENSE  R&D  SERVICES; DEFENSE-RELATED ACTIVITIES; EXPERIMENTAL DEVELOPMENT,Lee Anderson,richard.l.anderson4.civ@us.navy.mil,NAVWAR OSBP,navwarsbo.fct@navy.mil,Secret,Secret,,,Seaport,,
LRAE Annex 25,707,"Advanced Tactical Data Links Engineering, Test & Evaluation, and Sustainment","This tasking covers Joint Tactical Radio System (JTRS) Software Defined Radio (SDR) support that includes system engineering, testing, and analysis in support of the Multifunctional Information Distribution System (MIDS), and other Tactical Digital Information Link (TADIL) related systems and involves Link-16, Soldier Radio Waveform (SRW), Tactical Targeting Network Technology (TTNT), and other related new technology acquisition, integration, and test efforts to include MIDS Cryptographic Modernization (CM) and Communications Security (COMSEC) engineering services.",535,">$10,000,000   - $50,000,000",Small Business Set-Aside,Cost-Reimbursement,Delivery Order/Task Order (not under Federal Supply Schedule Contract),N66001 - NAVAL INFORMATION WARFARE CENTER PACIFIC,FY 2024,QTR 1,FY 2024,QTR 2,60,Follow On Requirement,N66001-18-D-0392 / N6600121F0208; N66001-18-D-0392 / N6600122F0484,TEA,"San Diego, CA",541330_c_Except_Marine Engineering and Naval Architecture_$41.5M,AC33_NATIONAL DEFENSE  R&D  SERVICES; DEFENSE-RELATED ACTIVITIES; EXPERIMENTAL DEVELOPMENT,Lee Anderson,richard.l.anderson4.civ@us.navy.mil,NAVWAR OSBP,navwarsbo.fct@navy.mil,Top Secret,Top Secret,,,Seaport,,
LRAE Annex 25,708,"DATA LINK TEST TOOL SYSTEMS ENGINEERING, ANALYSIS, TESTING, INTEGRATION AND TRAINING SUPPORT","Naval Information Warfare Center (NIWC) Pacific Tactical Communication Solutions (TCS) group requires systems engineering, test, analysis, integration, installation, training and software support for the Data Link Test Tool/Gateway System (DLTT/GS) equipment and networks. This effort includes support for Link Monitoring and Management Tool (LMMT), Israeli Missile Defense Architecture (IMDA), and Po Sheng Gateway (PSGW).",535,">$10,000,000   - $50,000,000",Small Business Set-Aside,Cost-Reimbursement,Delivery Order/Task Order (not under Federal Supply Schedule Contract),N66001 - NAVAL INFORMATION WARFARE CENTER PACIFIC,FY 2024,QTR 2,FY 2024,QTR 3,60,Follow On Requirement,N66001-18-D-0392 / N6600121F0564,TEA,"San Diego, CA",541330_c_Except_Marine Engineering and Naval Architecture_$41.5M,AC33_NATIONAL DEFENSE  R&D  SERVICES; DEFENSE-RELATED ACTIVITIES; EXPERIMENTAL DEVELOPMENT,Lee Anderson,richard.l.anderson4.civ@us.navy.mil,NAVWAR OSBP,navwarsbo.fct@navy.mil,Top Secret,Top Secret,,,Seaport,,
LRAE Annex 25,709,"Joint Integrated Fires, Command, Control, Communications, Computers, Intelligence, Surveillance and Reconnaissance (C4ISR) Cross – System Command Integration, Test and Evaluation (T&E) and Experimentation Engineering","This tasking provides Joint US programs technical, test, data analysis, integration, experimentation and Radio Frequency (RF) engineering expertise to Naval Information Warfare Center (NIWC) Pacific (NIWC Pacific) for Joint Integrated Fires, Joint Test and Evaluation, Information Warfare (IW), C4ISR Cross-SYSCOM, and Joint All Domain Warfare Experimentation. C4ISR systems including Link-16, Beyond Line of Sight (BLOS), Link-11A/B, NATO Link-1, Link 22, Common Data Link (CDL), Tactical Targeting Network Technology (TTNT) and Wide Area Network (WAN), new and developmental waveforms, Live, Virtual, and Constructive (LVC) systems including Next Generation Threat System (NGTS) and System of Systems (SoS) Architecture Analysis Systems. Cross-SYSCOM Experimentation Engineering requires collaboration across the Digital Warfare Office (DWO), Digital Integration Support Cell (DISC), Naval Information Warfare Systems Command (NAVWAR), NIWC Atlantic and Pacific, PEO C4I, Defense Advanced Research Program Agency (DARPA), and other Navy and Joint program offices.",535,">$10,000,000   - $50,000,000",Small Business Set-Aside,Cost-Reimbursement,Delivery Order/Task Order (not under Federal Supply Schedule Contract),N66001 - NAVAL INFORMATION WARFARE CENTER PACIFIC,FY 2024,QTR 2,FY 2024,QTR 3,60,Follow On Requirement,N66001-18-D-0392 / N6600122F0571,TEA,"San Diego, CA",541330_c_Except_Marine Engineering and Naval Architecture_$41.5M,AC33_NATIONAL DEFENSE  R&D  SERVICES; DEFENSE-RELATED ACTIVITIES; EXPERIMENTAL DEVELOPMENT,Lee Anderson,richard.l.anderson4.civ@us.navy.mil,NAVWAR OSBP,navwarsbo.fct@navy.mil,Top Secret,Top Secret,,,Seaport,,
LRAE Annex 25,710,"Development, Integration, and Certification Environment (DICE) and Naval Integrated
Live Virtual Constructive Environment (NILE) Functional Monitoring Threat Analysis
Support","The Naval Information Warfare Center Pacific (NIWC Pacific), Enterprise Engineering, Test and Evaluation Certification Competency (hereafter referred to as Code 531) has a requirement for engineering and programmatic services to support the Development, Integration, and Certification Environment (DICE) and Naval Integrated Live Virtual Constructive Environment (NILE) projects.",535,">$5,000,000   - $10,000,000",Sole-Source,Cost-Reimbursement,TBD,N66001 - NAVAL INFORMATION WARFARE CENTER PACIFIC,FY 2023,QTR 4,FY 2024,QTR 1,60,Follow On Requirement,N66001-22-C-0015,"Sapient Logic, LLC","San Diego, CA",541330_c_Except_Marine Engineering and Naval Architecture_$41.5M,AC33_NATIONAL DEFENSE  R&D  SERVICES; DEFENSE-RELATED ACTIVITIES; EXPERIMENTAL DEVELOPMENT,Lee Anderson,richard.l.anderson4.civ@us.navy.mil,NAVWAR OSBP,navwarsbo.fct@navy.mil,Top Secret,Top Secret,,,,,
LRAE Annex 25,711,COMMAND AND CONTROL PROCESSOR (C2P) MODERNIZATION (MOD) SOFTWARE ENGINEERING SERVICES (SES),"C2P Mod is a software development effort that will leverage the existing CLIP architecture and is intended to deliver the same functionality and capabilities as the current C2P Tech Refresh system with additional enhancements, such as Link 22 Data Link Process (DLP) functionalities, Engineering Change Proposals (ECPs), Interface Change Proposals (ICPs), Communication as a Service (CAAS), and Cybersecurity requirements.  Currently, CLIP supports a Common Host Interface (CHI) and terminal interfaces for Link-16, Joint Range Extension Application Protocol (JREAP) A and JREAP C, but has architecture to support additional data links such as Link-11, Link 22, Variable Message Format and others.  The scope of this task order is to provide software support activity (SSA) engineering services for the C2P Mod system.  The effort includes: research, software development, system engineering and design, defining requirements, modeling, defining system architecture; reengineering/re-hosting of tactical data link system applications; system level hardware and software integration; system interface tools development; testing, evaluation, configuration management, and project management.  The engineering support, integration, and testing will take place in NIWC Pacific’s Tactical Data Link facilities, such as but not limited to, the Combined Test Bed (CTB) and the Program Generation/Combat Direction System Development and Evaluation Facility (PGC).  The CTB is a dynamic re-configurable TDL / Advanced Tactical Data Link (ATDL) test and integration lab providing service and capability in support of developmental and operational TDL/ATDL evaluations including testing, certification, validation, engineering, and integration of TDL/ATDL software and systems.  Both labs consist of tactical systems, test tools, network connectivity, engineers, technicians, and trained operators.",535,">$10,000,000   - $50,000,000",Small Business Set-Aside,Cost-Reimbursement,Delivery Order/Task Order (not under Federal Supply Schedule Contract),N66001 - NAVAL INFORMATION WARFARE CENTER PACIFIC,FY 2025,QTR 3,FY 2025,QTR 4,60,Follow On Requirement,N66001-19-D-8638 / N6600120F3503,TEA,"San Diego, CA",541330_c_Except_Marine Engineering and Naval Architecture_$41.5M,AC33_NATIONAL DEFENSE  R&D  SERVICES; DEFENSE-RELATED ACTIVITIES; EXPERIMENTAL DEVELOPMENT,Lee Anderson,richard.l.anderson4.civ@us.navy.mil,NAVWAR OSBP,navwarsbo.fct@navy.mil,Secret,Secret,,,Seaport,,
LRAE Annex 25,712,"Naval Information Warfare Center (NIWC) Pacific Computer Operation, Hardware Maintenance, and Support Services","This tasking encompasses support for the day-to-day operation and maintenance of the Tactical Systems Integration & Interoperability Division’s Combined Test Bed (CTB), Program Generation Center (PGC), and Waveform Test Facility.  The requirements include computer systems operation, hardware maintenance and field engineering, laboratory operations, configuration management, technical documentation and media management, and cybersecurity.  The equipment specific to this tasking is listed in the equipment table in paragraph 2.0, which includes CTB, PGC, and Waveform Test Facility.",535,">$10,000,000   - $50,000,000",Small Business Set-Aside,Cost-Reimbursement,Delivery Order/Task Order (not under Federal Supply Schedule Contract),N66001 - NAVAL INFORMATION WARFARE CENTER PACIFIC,FY 2025,QTR 2,FY 2025,QTR 3,60,Follow On Requirement,N66001-19-D-8638 / N6600120F3502,TEA,"San Diego, CA",541330_c_Except_Marine Engineering and Naval Architecture_$41.5M,AC33_NATIONAL DEFENSE  R&D  SERVICES; DEFENSE-RELATED ACTIVITIES; EXPERIMENTAL DEVELOPMENT,Lee Anderson,richard.l.anderson4.civ@us.navy.mil,NAVWAR OSBP,navwarsbo.fct@navy.mil,Secret,Secret,,,Seaport,,
LRAE Annex 25,713,"NAVAL INFORMATION WARFARE CENTERS (NIWC) PACIFIC, CODE 53523, COMMAND AND CONTROL PROCESSOR (C2P) SOFTWARE ENGINEERING SUPPORT (SES)","The tasking is to provide SES for the C2P systems.  The primary efforts are to enhance new functionalities and provide Life Cycle Support for the C2P systems.  Effort includes system engineering and design, software development to incorporate new Engineering Change Proposal (ECP) requirements, fixing Trouble Reports (TRs), system level hardware and software integration, risk assessment and mitigation, performing system tests and Navy Link Certification, and maintaining interoperability among the warfighters.",535,">$10,000,000   - $50,000,000",Sole-Source,Cost-Reimbursement,TBD,N66001 - NAVAL INFORMATION WARFARE CENTER PACIFIC,FY 2025,QTR 3,FY 2025,QTR 4,60,Follow On Requirement,N66001-20-C-0020,Northrop Grumman,"San Diego, CA",541330_c_Except_Marine Engineering and Naval Architecture_$41.5M,AC33_NATIONAL DEFENSE  R&D  SERVICES; DEFENSE-RELATED ACTIVITIES; EXPERIMENTAL DEVELOPMENT,Lee Anderson,richard.l.anderson4.civ@us.navy.mil,NAVWAR OSBP,navwarsbo.fct@navy.mil,Secret,Secret,,,,,
LRAE Annex 25,714,SHIPBOARD ADVANCED TACTICAL DATA LINK (ATDL) ENGINEERING SUPPORT,"This tasking covers Tactical Data Link (TDL) and Advanced Tactical Data Link (ATDL) engineering and operational support for requirements analysis; systems engineering; program office support in acquisition system engineering; software engineering; system level hardware and software integration; functional assessment; development assessment; testing; analysis; system validation; experimentation; process planning; and system interoperability of TDL and ATDL systems at a performance level of Capability Maturity Model Integration (CMMI) Level 2 and configuration management, maintenance and development of a Government requirements and test database for systems under test with traceability from operational requirements to technical requirements to test requirements to results.This task order includes engineering, subject matter expertise (SME), and support of Hardware Defined Radio (HDR) and Software Defined Radio (SDR) systems and cryptographic subsystems in support of United States (U.S.) Department of Defense (DoD) programs and Military Forces.  The TDL/ATDL digital data link systems include the Multifunctional Information Distribution System (MIDS) Joint Tactical Radio System (JTRS) Family of Link 16 terminals, the MIDS LVT family of Link 16 terminals and other similar and interconnected systems such as the Joint Tactical Information Distribution System (JTIDS), the Command and Control Processor (C2P), Link Monitoring and Management Tool (LMMT), Link 11, Link 22, Tactical Targeting Networking Technology (TTNT) waveform and terminals, , and other SDR waveforms and emergent ATDL waveform technologies. 

ATDL integration and testing will primarily take place in NIWC Pacific's Tactical Data Link facilities comprised of the Combined Test Bed (CTB), the Program Generation/Combat Direction System Development and Evaluation Facility (PGC) and the Waveform Test Facility (WTF).  The CTB is a dynamic re-configurable TDL/ATDL test and integration lab providing services and capability in support of developmental and operational TDL/ATDL evaluations including testing, certification, validation, engineering, and integration of TDL/ATDL software and systems.  The CTB, PGC and WTF facilities consist of tactical systems; test tools; network connectivity; and trained operators, engineers, and technicians.",535,">$10,000,000   - $50,000,000",Full and Open Competition,Cost-Reimbursement,Delivery Order/Task Order (not under Federal Supply Schedule Contract),N66001 - NAVAL INFORMATION WARFARE CENTER PACIFIC,FY 2026,QTR 2,FY 2026,QTR 3,60,Follow On Requirement,N00178-19-D-7693 / N6600121F3504,GDIT,"San Diego, CA",541330_c_Except_Marine Engineering and Naval Architecture_$41.5M,AC33_NATIONAL DEFENSE  R&D  SERVICES; DEFENSE-RELATED ACTIVITIES; EXPERIMENTAL DEVELOPMENT,Lee Anderson,richard.l.anderson4.civ@us.navy.mil,NAVWAR OSBP,navwarsbo.fct@navy.mil,Secret,Secret,,,Seaport,,
LRAE Annex 25,715,AIRBORNE ADVANCED TACTICAL DATA LINK (ATDL) ENGINEERING AND TEST AND EVALUATION SUPPORT,"This tasking covers Tactical Data Link (TDL) and Advanced Tactical Data Link (ATDL) engineering and operational support for requirements analysis; systems engineering; acquisition engineering; software engineering; system level hardware and software integration; cryptographic modernization engineering; functional assessment; development assessment; testing; analysis; system validation; experimentation; process planning; risk management; specification development and review; system level architecture studies; and system interoperability of TDL and ATDL systems. This task order includes engineering, subject matter expertise (SME), and Best Manufacturing Practices (BMP) support of Hardware Defined Radio (HDR) and Software Defined Radio (SDR) systems in support of U.S. DoD programs and Military Forces. The ATDL digital data link systems include Joint Tactical Radio System (JTRS); the Multifunctional Information Distribution System (MIDS) HDRs and SDRs; and other similar and interconnected systems such as the Joint Tactical Information Distribution System (JTIDS) and the Command and Control Processor (C2P). Networks, waveforms, and protocols include Link-16, Soldier Radio Waveform (SRW), Tactical Targeting Networking Technology (TTNT), and other Software Defined Radio (SDR) waveforms and emergent technologies. ATDL integration and testing will primarily take place in Naval Information Warfare Center (NIWC) Pacific's Tactical Data Link facilities comprised of the Combined Test Bed (CTB) and the Program Generation/Combat Direction System Development and Evaluation Facility (PGC). The CTB is a dynamic reconfigurable TDL test and integration lab providing services and capability in support of developmental and operational ATDL evaluations including testing, certification, validation, engineering, and integration of ATDL software and systems. The CTB and PGC facilities consist of tactical systems; test tools; network connectivity; and trained operators, engineers, and technicians. BMP support is required to provide technical, analytical, and systems integration and engineering assessment; as well as identification of risks to producibility, manufacturability, reliability, and maintainability of candidate systems. Such support would include: assessments of non-developmental procurements; failure analysis; mission readiness assessments; production readiness reviews; the development and maintenance of a best practices database; tailoring and the use of process oriented risk management techniques and related tools; and technical identification of risks and associated mitigation strategies to reduce that risk.",535,">$10,000,000   - $50,000,000",Full and Open Competition,Cost-Reimbursement,Delivery Order/Task Order (not under Federal Supply Schedule Contract),N66001 - NAVAL INFORMATION WARFARE CENTER PACIFIC,FY 2026,QTR 2,FY 2026,QTR 3,60,Follow On Requirement,N00178-19-D-7693 / N6600121F3505,GDIT,"San Diego, CA",541330_c_Except_Marine Engineering and Naval Architecture_$41.5M,AC33_NATIONAL DEFENSE  R&D  SERVICES; DEFENSE-RELATED ACTIVITIES; EXPERIMENTAL DEVELOPMENT,Lee Anderson,richard.l.anderson4.civ@us.navy.mil,NAVWAR OSBP,navwarsbo.fct@navy.mil,Top Secret,Top Secret,,,Seaport,,
LRAE Annex 25,716,"Naval Information Warfare Center Pacific
DLTT, GS and Mini Rack Development and Technical Support","The Naval Information Warfare Center Pacific (NIWC PAC) Tactical Systems Integration and Interoperability Division, Code 535, has developed the Data Link Test Tools (DLTT) equipment, Gateway Systems (GS) and Mini Rack equipment to support the operation of the Systems Integration Facility (SIF) and the Combined Test Bed (CTB). The DLTT equipment and GS along with the Mini Rack equipment support the development, integration, and implementation of Tactical Digital Link (TDL) on Platform and sites. The DLTT and GS are also used in performing interoperability testing across numerous Land Based Test sites. The DLTT and GS also are employed in support of the following sites and systems: Joint Interoperability Testing (JIT); Command, Control, Communications, Computers, and Intelligence (C4I) data links; Surveillance and Command and Control (C2) systems; Missile Defense System Exerciser (MDSE); other non-Navy U.S. Services; Foreign Governments; and North Atlantic Treaty Organization (NATO) forces involved to support TDL integration and testing. The DLTT, GS and Mini Rack allow interoperability testing using any combination of real and simulated Combat systems and establishing virtual TDL environments. The DLTT and Gateway Systems have been used as basis for TDL platform integration for US and Foreign Governments.",535,> $50M - < $100M,Full and Open Competition,Cost-Reimbursement,Single-Award Indefinite-Delivery,N66001 - NAVAL INFORMATION WARFARE CENTER PACIFIC,FY 2026,QTR 1,FY 2026,QTR 2,60,Follow On Requirement,N66001-21-D-3428,COLSA,"San Diego, CA",541330_c_Except_Marine Engineering and Naval Architecture_$41.5M,AC33_NATIONAL DEFENSE  R&D  SERVICES; DEFENSE-RELATED ACTIVITIES; EXPERIMENTAL DEVELOPMENT,Lee Anderson,richard.l.anderson4.civ@us.navy.mil,NAVWAR OSBP,navwarsbo.fct@navy.mil,Secret,Secret,,,,,
LRAE Annex 25,717,"NAVAL INFORMATION WARFARE CENTER (NIWC) PACIFIC, CODE 53523, COMMON DATA LINK MANAGEMENT SYSTEM (CDLMS) ADJUST PROCESSOR (AP) MULTI-LINK INTERFACE UNIT (MLIU) ENGINEERING SERVICES","The scope of this acquisition is to provide System Engineering services to NIWC Code 53523 with development and maintenance of AP_MLIU segment of the C2P/CDLMS. The support includes the following areas: System Engineering support in hardware and software issues, analyzing and correcting AP_MLIU Test Observation Reports (TORs) and Software Trouble Reports (TRSs), incorporating new enhancements and Engineering Change Proposals (ECPs) and Interface Change Proposals (ICPs), testing and integration, updating documentations, resolving obsolescence issues, implementing Information Assurance (IA) Vulnerabilities for fielded Common Data Link Management System (CDLMS) software baselines. The support also consists of providing fleet support and the correction of problems identified in AP_MLIU Trouble Reports or Information Assurance Vulnerability Alerts (IAVAs). This effort will involve coordination with NIWC Pacific Code 53523 and PEO C4I / PMW 150 to correct problems raised by Fleet users concerning the CDLMS, AP_MLIU, and C2P.",535,> $2M - < $7.5M,Sole-Source,Cost-Reimbursement,TBD,N66001 - NAVAL INFORMATION WARFARE CENTER PACIFIC,FY 2025,QTR 4,FY 2026,QTR 1,60,Follow On Requirement,N66001-22-C-0019,Peraton (formerly NG),"San Diego, CA",541330_c_Except_Marine Engineering and Naval Architecture_$41.5M,AC33_NATIONAL DEFENSE  R&D  SERVICES; DEFENSE-RELATED ACTIVITIES; EXPERIMENTAL DEVELOPMENT,Lee Anderson,richard.l.anderson4.civ@us.navy.mil,NAVWAR OSBP,navwarsbo.fct@navy.mil,Secret,Secret,,,,,
LRAE Annex 25,718,Universal Naval AI CORe eNvironement (UNACORN) Data Engineering Pipeline,"The scope of this acquisition tasks the contractor in supporting the development and on-going operation of UNACORN Data Engineering pipelines that use open source data engineering software which will be composed into automated workflows to enable the ability to develop and integrate new and emerging technologies.  These technologies will be used to extract, process, analyze, transform, secure, and preserve Naval information in the form of structured, unstructured, and streaming data sets.  These automated workflows will be required to support both historical data sets and real-time streaming data sources for processing afloat data and to produce mission products (e.g. vessel track reports) from afloat declarations. The contractor shall use best practices and methods from commercial industry to perform the extraction, processing, analysis, transformation, and feature enhancement of the data sets for use by Artificial Intelligence (AI) and Machine Learning (ML) models and algorithms developed by other entities within the UNACORN ecosystem. The contractor shall support the development and operation of a real-time data pipeline monitoring and operations dashboards in order to determine Data Quality and Data Drift and take corrective actions on the data sets.  The UNACORN Data Engineering Pipeline services will be developed in order to leverage fluid environments of cloud compute and storage, hardware, and cloud edge devices and be transferrable between each of these environments.",535,">$10,000,000   - $50,000,000",Sole-Source,Fixed-Price,TBD,N66001 - NAVAL INFORMATION WARFARE CENTER PACIFIC,FY 2027,QTR 2,FY 2027,QTR 3,60,Follow On Requirement,N66001-22-C-0063,B23,"San Diego, CA",541330_c_Except_Marine Engineering and Naval Architecture_$41.5M,AC33_NATIONAL DEFENSE  R&D  SERVICES; DEFENSE-RELATED ACTIVITIES; EXPERIMENTAL DEVELOPMENT,Lee Anderson,richard.l.anderson4.civ@us.navy.mil,NAVWAR OSBP,navwarsbo.fct@navy.mil,Top Secret,Top Secret,,,,,
LRAE Annex 25,719,DEVELOPMENT INTEGRATION CERTIFICATION ENVIRONMENT (DICE) SERVICE CENTER (SC) SUPPORT,"The scope of work hereunder shall include, Test and Evaluation (T&E), Test Engineering, Functionality Testing, Integration, Interface, Interoperability, Independent Verification and Validation (IV&V), Configuration Management (CM), Quality Assurance (QA), System Administration (SYSADMIN), and Cybersecurity (CS) services. In support of Development Integration Certification Environment (DICE) Service Center (SC), Naval Information Warfare Center (NIWC) Pacific (PAC) code 531, enables it to meet all requirements placed on it by Program Executive Office Command, Control, Communications, Computers and Intelligence (PEO C4I) Program Offices, and other customers of DICE SC.",535,">$10,000,000   - $50,000,000",Small Business Set-Aside,Cost-Reimbursement,Delivery Order/Task Order (not under Federal Supply Schedule Contract),N66001 - NAVAL INFORMATION WARFARE CENTER PACIFIC,FY 2027,QTR 2,FY 2027,QTR 3,60,Follow On Requirement,N00178-19-D-7972 / N6600122F3505,"King Technologies, Inc.","San Diego, CA",541330_c_Except_Marine Engineering and Naval Architecture_$41.5M,AC33_NATIONAL DEFENSE  R&D  SERVICES; DEFENSE-RELATED ACTIVITIES; EXPERIMENTAL DEVELOPMENT,Lee Anderson,richard.l.anderson4.civ@us.navy.mil,NAVWAR OSBP,navwarsbo.fct@navy.mil,Top Secret,Top Secret,,,Seaport,,
LRAE Annex 25,720,Universal Naval Artificial Intelligence (AI) CORe eNvironment (UNACORN) Maritime Domain Awareness Cloud and Data Integration,"This tasks the contractor to support the integration of the UNACORN Data Engineering pipeline, which uses open source data engineering software that will be composed into automated workflows to enable the ability to develop and integrate new and emerging technologies.  These technologies will be used to extract, process, analyze, transform, secure, and preserve Naval information in the form of structured, unstructured, and streaming data sets into cloud environments.  The contractor will support the identification of the critical data sets for execution of Maritime Operations Center (MOC) workflows and support the acquisition of these data sets to be processed through in the UNACORN Artificial Intelligence (AI) Pipeline. The contractor shall support the development of the appropriate architectures to deploy the UNACORN Naval data as well as the appropriate AI/Machine Learning (ML) algorithms and applications for use in accomplishing the MOC workflows that leverage fluid environments of cloud compute and storage, hardware, and cloud edge devices and be transferrable between these environments.   The contractor shall have extensive knowledge in Maritime Domain Awareness (MDA) systems and applications used in the Naval Intelligence and battlespace awareness production cycle such as DCGS-N and DCGS-AF/IC, Fusion Analysis Development Effort (FADE), SmartSystems, and Surveillance, Persistent Observation, and Target Recognition Geo-Spatial Intelligence (SPOTR-GEO).  This tasks the contractor to support the architecture and integration of the UNACORN data engineering pipeline, AI/ML algorithms, models, and applications in order to build the MOC and afloat MDA, Command and Control (C2), intelligence production cycle, and Integrated Fires (IF) orchestration functionalities capability.",535,">$10,000,000   - $50,000,000",Sole-Source,Fixed-Price,TBD,N66001 - NAVAL INFORMATION WARFARE CENTER PACIFIC,FY 2028,QTR 1,FY 2028,QTR 2,60,Follow On Requirement,N66001-23-C-0012,Duchancell,"San Diego, CA",541330_c_Except_Marine Engineering and Naval Architecture_$41.5M,AC33_NATIONAL DEFENSE  R&D  SERVICES; DEFENSE-RELATED ACTIVITIES; EXPERIMENTAL DEVELOPMENT,Lee Anderson,richard.l.anderson4.civ@us.navy.mil,NAVWAR OSBP,navwarsbo.fct@navy.mil,Top Secret,Top Secret,,,,,
LRAE Annex 25,721,COMMAND AND CONTROL PROCESSOR (C2P) TEST ENGINEERING AND PROJECT MANAGEMENT SUPPORT,"The objective of this task order is to acquire a range of services to provide the C2P systems with the competency and capacity to provide support services in Engineering, Development, Test and Evaluation (T&E), System Integration, Installation, Foreign Military Sale (FMS), and Earned Value Management (EVM).",535,">$10,000,000   - $50,000,000",Small Business Set-Aside,Cost-Reimbursement,Delivery Order/Task Order (not under Federal Supply Schedule Contract),N66001 - NAVAL INFORMATION WARFARE CENTER PACIFIC,FY 2028,QTR 2,FY 2028,QTR 3,60,Follow On Requirement,N00178-19-D-8638 / N6600123F3507,TEA,"San Diego, CA",541330_c_Except_Marine Engineering and Naval Architecture_$41.5M,AC33_NATIONAL DEFENSE  R&D  SERVICES; DEFENSE-RELATED ACTIVITIES; EXPERIMENTAL DEVELOPMENT,Lee Anderson,richard.l.anderson4.civ@us.navy.mil,NAVWAR OSBP,navwarsbo.fct@navy.mil,Secret,Secret,,,Seaport,,
LRAE Annex 25,722,TEST AND STANDARDS SUPPORT SERVICES (TSSS),"The primary goal of this acquisition is to provide Naval Information Warfare Center Pacific (NIWC Pacific) Code 535 test and standards support services work for standards engineering and analysis, test support, configuration management of tactical information design standards, architecture engineering and analysis services, and fleet support engineering services to ensure interfacing Navy, Joint Service, and Allied Nations air, surface, subsurface and land Command, Control, Communications, Computers and Intelligence, Surveillance, Reconnaissance (C4ISR) systems are interoperable. This effort includes support requirements for the Navy, Army, Air Force, Marine Corps, Defense Information Systems Agency (DISA), Defense Intelligence Agency (DIA) and U.S. National Point of Contact for the U.S. Battle Management Command, Control, Communications, Computers, and Intelligence (BMC4I) working group lead to the Maritime Theater Missile Defense (MTMD) Forum.",535,">$10,000,000   - $50,000,000",Small Business Set-Aside,Cost-Reimbursement,TBD,N66001 - NAVAL INFORMATION WARFARE CENTER PACIFIC,FY 2028,QTR 1,FY 2028,QTR 2,60,Follow On Requirement,N66001-20-D-3601/3602/3603,"Data Intelligence, ODME, TEA","San Diego, CA",541330_c_Except_Marine Engineering and Naval Architecture_$41.5M,AC33_NATIONAL DEFENSE  R&D  SERVICES; DEFENSE-RELATED ACTIVITIES; EXPERIMENTAL DEVELOPMENT,Lee Anderson,richard.l.anderson4.civ@us.navy.mil,NAVWAR OSBP,navwarsbo.fct@navy.mil,Secret,Secret,,,,,
LRAE Annex 25,723,"US Space Command Shore-based Command, Control, Communications, Intelligence, Surveillance, Reconnaissance (C4ISR) and Command Center Design, Engineering, and Installation Support","The purpose of this task is to obtain data center, network and transition engineering, installation support, and IT enterprise operation support to facilitate the design, installation, configuration, and transition to operations for the IT infrastructure for the provisional and permanent USSPACECOM facilities for the period of performance. Services required include engineering services for data center networks, data center storage, data center client-servers, and virtual desktop infrastructure. These services support the detailing of IT infrastructure design specifications, documentation and life cycle estimates based on existing technologies for inclusion in Installation Design Plans (IDP). System integration, testing, evaluation, demonstration and development of technical documentation will be used to support accreditation, procurement and implementation in numerous USSPACECOM facilities to include two large MILCONs.",536,">$5,000,000   - $10,000,000",Full and Open Competition,Cost-Reimbursement,Delivery Order/Task Order (not under Federal Supply Schedule Contract),N66001 - NAVAL INFORMATION WARFARE CENTER PACIFIC,FY 2023,QTR 4,FY 2024,QTR 1,60,New Requirement,N/A,N/A,"Colorado Springs, CO",541330_c_Except_Marine Engineering and Naval Architecture_$41.5M,N059 - Installation Of Equipment- Electrical and Electronic Equipment Components,Lee Anderson,richard.l.anderson4.civ@us.navy.mil,NAVWAR OSBP,navwarsbo.fct@navy.mil,Top Secret,Top Secret,,,Seaport,,
LRAE Annex 25,724,US Space Command New Command and Control (C2) Facility (C2F) Audioo Visual (AV) Design and Installation Support,"The purpose of this task is to obtain audio visual subject matter expertise for operations centers, VTC rooms, training rooms, model and simulation rooms, and collaboration spaces for the IT infrastructure for the provisional and permanent USSPACECOM facilities for the period of performance. Services required include audio-visual/video teleconferencing display, distribution, and controls senior design engineering services. These services support the detailing of AV design specifications, documentation and life cycle estimates based on existing technologies for inclusion in Installation Design Plans (IDP). System integration, testing, evaluation, demonstration and development of technical documentation will be used to support accreditation, procurement and implementation in numerous USSPACECOM facilities to include two large MILCONs.",536,">$5,000,000   - $10,000,000",Full and Open Competition,Cost-Reimbursement,TBD,N66001 - NAVAL INFORMATION WARFARE CENTER PACIFIC,FY 2024,QTR 1,FY 2024,QTR 3,60,New Requirement,N/A,N/A,"Colorado Springs, CO",541330_c_Except_Marine Engineering and Naval Architecture_$41.5M,N059 - Installation Of Equipment- Electrical and Electronic Equipment Components,Lee Anderson,richard.l.anderson4.civ@us.navy.mil,NAVWAR OSBP,navwarsbo.fct@navy.mil,Top Secret,Top Secret,,,,,
LRAE Annex 25,725,Sierra Hotel Aviation Readiness Program (SHARP),"The objective (scope) of this effort is to provide Commander Naval Air Forces (CNAF) (N40) technical support services for system engineering, system sustainment, system integration, enterprise data integration support, sharing enterprise components and services, testing, installation, training, life cycle maintenance, procurement support, customer support, management support, certification and accreditation support and system documentation for the Sierra Hotel Aviation Readiness Program (SHARP) family of systems (FoS). The SHARP systems are designed to support the capturing of training and readiness data used to compute and even predict future readiness levels, for Naval aviation as outlined in the Training and Readiness Manual CNAP INST/CNAL INST 3500 Series. The SHARP FoS consists of 5 individual systems. Those systems are: SHARP, T-SHARP, SHARP-ADW, CV-SHARP and SHARP-LMS.",534,">$10,000,000 - $50,000,000",Full and Open Competition,Cost-Reimbursement,Delivery Order/Task Order (not under Federal Supply Schedule Contract),N66001 - NAVAL INFORMATION WARFARE CENTER PACIFIC,FY 2025,QTR 1,FY 2025,QTR 3,60,Follow On Requirement,N0017819D7833 / N6600121F3500,"Innova Systems International, LLC","San Diego, CA",541330_c_Except_Marine Engineering and Naval Architecture_$41.5M,D304_IT AND TELECOM- TELECOMMUNICATIONS AND TRANSMISSION,Lee Anderson,richard.l.anderson4.civ@us.navy.mil,NAVWAR OSBP,navwarsbo.fct@navy.mil,Secret,TBD,,,Seaport,,
LRAE Annex 25,726,Personnel Accountability and Assessment System (PAAS),"The scope of this task is to provide application engineering services, training support, security engineering, and program management support for the Personnel Accountability and Assessment System (PAAS) project. The application engineering services include software design, development, testing and documentation, support for systems engineering, software maintenance, data rationalization, and other types of technical support which include help desk, and system support during exercise or real disaster system events.",534,">$10,000,000 - $50,000,000",Sole-Source,Cost-Reimbursement,TBD,N66001 - NAVAL INFORMATION WARFARE CENTER PACIFIC,FY 2025,QTR 1,FY 2025,QTR 3,60,Follow On Requirement,N600120C0027,Cognetic Technologies,"San Diego, CA",541330_c_Except_Marine Engineering and Naval Architecture_$41.5M,D304_IT AND TELECOM- TELECOMMUNICATIONS AND TRANSMISSION,Lee Anderson,richard.l.anderson4.civ@us.navy.mil,NAVWAR OSBP,navwarsbo.fct@navy.mil,Secret,TBD,,,,,
LRAE Annex 25,727,"Command, Control, Communications, Computers, and Intelligence (C4I) Test and Evaluation, Independent Verification and Validation (IV&V), and Software Support Activity (SSA) Support","The scope of work hereunder shall include test and evaluation (T&E) support, independent verification and validation (IV&V), configuration management (CM), software quality assurance (SQA), and web site maintenance, and support services in support of Naval Information Warfare Center, Pacific (NIWC Pacific) Command, Control, Communications, Computers, and Intelligence (C4I) programs and Software Support Activity (SSA).  NIWC Pacific is responsible for ensuring the quality of the C4I product before it is operationally fielded, as well as software support after initial fielding.",532,> $7.5M - < $50M,Full and Open Competition,Cost-Reimbursement,Delivery Order/Task Order (not under Federal Supply Schedule Contract),N66001 - NAVAL INFORMATION WARFARE CENTER PACIFIC,FY 2023,QTR 3,FY 2023,QTR 4,60,Follow On Requirement,N66001-17-D-0184,"King Technologies, Inc.",Various,541330_a_Except_Military and Aerospace Equipment and Military Weapons_$41.5M,DA01_IT AND TELECOM - BUSINESS APPLICATION/APPLICATION DEVELOPMENT SUPPORT SERVICES (LABOR),Lee Anderson,richard.l.anderson4.civ@us.navy.mil,NAVWAR OSBP,navwarsbo.fct@navy.mil,Top Secret,Top Secret,,,Seaport,,
LRAE Annex 25,728,Common Control System (CCS) Software Support Services (SSA),"The scope of this task order is to provide support to the Software Support Activity (SSA) engineering services for the CCS product. The effort includes: software development, testing, system engineering and design, defining requirements, define system and software architectures, system level hardware and software integration, cyber engineering, field support services, configuration management support and program management.",532,> $7.5M - < $50M,Full and Open Competition,Cost-Reimbursement,Delivery Order/Task Order (not under Federal Supply Schedule Contract),N66001 - NAVAL INFORMATION WARFARE CENTER PACIFIC,FY 2024,QTR 1,FY 2024,QTR 2,36,New Requirement,N/A,None,Various,541330_c_Except_Marine Engineering and Naval Architecture_$41.5M,DA01_IT AND TELECOM - BUSINESS APPLICATION/APPLICATION DEVELOPMENT SUPPORT SERVICES (LABOR),Lee Anderson,richard.l.anderson4.civ@us.navy.mil,NAVWAR OSBP,navwarsbo.fct@navy.mil,Secret,Secret,,,Seaport,,
LRAE Annex 25,729,"SYSTEM ENGINEERING, SOFTWARE ENGINEERING, TEST ENGINEERING, LOGISTICS, AND PROJECT MGMT SUPPORT FOR DCGS-N INCE 2 AND AGILE CORE SERVICES (ACS)","System engineering, software engineering, test engineering, logistics, and project management support for DCGS-N Inc 2 and Agile Core Services (ACS). These efforts will include architecting, integrating, developing and evaluating ACS Common Afloat Network and Enterprise Services (CANES), and related security technologies; and Cloud Computing Software supporting scalable data and analytic platforms/Hardware Infrastructure and Tactical Cyber Security capabilities with future Navy tactical infrastructure and mission applications.  Tasks include Software Development, Test, Evaluation and Integration including automation and DevSecOps; Configuration Management; Architecture/Infrastructure Development; Amazon Web Services (AWS) cloud environments; Human Systems Integration (HSI); Model-Based Systems Engineering (MBSE); Cybersecurity; and Program Executive Office Command, Control, Communications, Computers and Intelligence (PEO-C4I) program of record support.",532,> $7.5M - < $50M,Sole-Source,Cost-Reimbursement,Delivery Order/Task Order (not under Federal Supply Schedule Contract),N66001 - NAVAL INFORMATION WARFARE CENTER PACIFIC,FY 2026,QTR 2,FY 2026,QTR 3,60,Follow On Requirement,N66001-21-D-0056 / N66001-21-F-1073,Epsilon,Various,541330_c_Except_Marine Engineering and Naval Architecture_$41.5M,DA01_IT AND TELECOM - BUSINESS APPLICATION/APPLICATION DEVELOPMENT SUPPORT SERVICES (LABOR),Lee Anderson,richard.l.anderson4.civ@us.navy.mil,NAVWAR OSBP,navwarsbo.fct@navy.mil,Top Secret,Top Secret,,,Seaport,,
LRAE Annex 25,730,MODERNIZATION APPLICATION GROWTH AND INNOVATION CENTER (MAGIC) SUPPORT,"Support for full stack software development, cybersecurity engineering, test & integration, planning, fielding, quality assurance, user centered design (UCD), documentation, and sustainment of various NIWC Pacific applications and initiatives for the Modernization Application Growth and Innovation Center.",532,> $7.5M - < $50M,TBD,Cost-Reimbursement,Delivery Order/Task Order (not under Federal Supply Schedule Contract),N66001 - NAVAL INFORMATION WARFARE CENTER PACIFIC,FY 2024,QTR 1,FY 2024,QTR 2,60,Follow-on,N66001-18-D-0040 / N66001-21-F-0788,"Moebius Solutions, Inc.",Various,541330_c_Except_Marine Engineering and Naval Architecture_$41.5M,R425_SUPPORT- PROFESSIONAL: ENGINEERING/TECHNICAL,Lee Anderson,richard.l.anderson4.civ@us.navy.mil,NAVWAR OSBP,navwarsbo.fct@navy.mil,Secret,Secret,,,Seaport,,
LRAE Annex 25,731,"Command and Control Division
Maritime and Expeditionary Command and Control
Capability-Based In-Service Systems Engineering Activity (Mar/EXP C2 CB-ISEA.); Development, Security, and Operations","Command, Control, Communications, Computers, and Intelligence (C4I) software development, security, operations, maintenance, and support services in support of Command and Control Division, Naval Information Warfare Command (NIWC) Pacific.
Services and deliverables support information technology both ashore and afloat. Services and deliverables under this SOW may occur within the Continental United States (CONUS) and Outside the Continental United States (OCONUS).",532,> $50M - < $100M,TBD,Cost-Reimbursement,TBD,N66001 - NAVAL INFORMATION WARFARE CENTER PACIFIC,FY 2027,QTR 2,FY 2027,QTR 3,60,Follow On Requirement,N00178-19-D-8217 / N66001-22-F-3511,ODME,Various,541330_c_Except_Marine Engineering and Naval Architecture_$41.5M,DC01_IT AND TELECOM - DATA CENTER SUPPORT SERVICES (LABOR),Lee Anderson,richard.l.anderson4.civ@us.navy.mil,NAVWAR OSBP,navwarsbo.fct@navy.mil,Top Secret,Top Secret,,,,,
LRAE Annex 25,732,Unmanned Carrier Aviation (UCA) Engineering Support,Systems engineering integration support and project management services for Naval Air Systems Command (NAVAIR) Unmanned Carrier Aviation (UCA) Program Office (PMA-268) MQ-25 and UCA Mission Control System (UMCS) MD-5C/D/E integration with PEO C4I Program of Records (POR) for shipboard and shore instances.,None,> $7.5M - < $50M,Service-Disabled Veteran-Owned Small Business Set-Aside,Cost-Reimbursement,Delivery Order/Task Order (not under Federal Supply Schedule Contract),N66001 - NAVAL INFORMATION WARFARE CENTER PACIFIC,FY 2024,QTR 2,FY 2024,QTR 3,60,New Requirement,,None,Various,541330_c_Except_Marine Engineering and Naval Architecture_$41.5M,AC14_NATIONAL DEFENSE  R&D  SERVICES; DEPARTMENT OF  DEFENSE - MILITARY; R&D ADMINISTRATIVE EXPENSES,Stephen Enokida,stephen.i.enokida.civ@us.navy.mil,NAVWAR OSBP,navwarsbo.fct@navy.mil,Top Secret,Top Secret,,,,,
LRAE Annex 25,733,Automated Digital Network Systems (ADNS),Automated Digital Network Systems (ADNS) Engineering Support Services,None,> $2M - < $7.5M,Small Business Set-Aside,Cost-Reimbursement,Delivery Order/Task Order (not under Federal Supply Schedule Contract),N66001 - NAVAL INFORMATION WARFARE CENTER PACIFIC,FY 2024,QTR 2,FY 2024,QTR 2,60,Follow-on,N66001-21-D-00010,Solute,Various,541330_c_Except_Marine Engineering and Naval Architecture_$41.5M,R425_SUPPORT- PROFESSIONAL: ENGINEERING/TECHNICAL,Stephen Enokida,stephen.i.enokida.civ@us.navy.mil,NAVWAR OSBP,navwarsbo.fct@navy.mil,Top Secret,Secret,,,,,
LRAE Annex 25,734,Relay Ground Stattion,Relay Ground Station,None,> $100M - < $250M,Full and Open Competition,Cost-Reimbursement,"Multiple-Award Indefinite-Delivery, Indefinite Quantity",N66001 - NAVAL INFORMATION WARFARE CENTER PACIFIC,FY 2023,QTR 3,FY 2024,QTR 1,60,New Requirement,,None,Various,541330_c_Except_Marine Engineering and Naval Architecture_$41.5M,AC15_National Defense R&d Svcs; Department Of Defense - Military; R&d Facilities & Maj Equip,Stephen Enokida,stephen.i.enokida.civ@us.navy.mil,NAVWAR OSBP,navwarsbo.fct@navy.mil,Secret,Secret,,,FFP/Cost,,
LRAE Annex 25,735,Division 552 Technical and Engineering MAC,Division 552 Technical and Engineering MAC,None,> $50M - < $100M,TBD,Cost-Reimbursement,"Multiple-Award Indefinite-Delivery, Indefinite Quantity",N66001 - NAVAL INFORMATION WARFARE CENTER PACIFIC,FY 2026,QTR 4,FY 2027,QTR 2,60,Follow-on,N66001-21-D-0070-0080,"Booz Allen Hamilton, E3R, G2 Software Systems, Epsilon C4I, Kratos, M.C. Dean, Parsons, SAIC, Sentar, Systems Technology Forum, Transtec",Various,541330_c_Except_Marine Engineering and Naval Architecture_$41.5M,AC14_NATIONAL DEFENSE  R&D  SERVICES; DEPARTMENT OF  DEFENSE - MILITARY; R&D ADMINISTRATIVE EXPENSES,Stephen Enokida,stephen.i.enokida.civ@us.navy.mil,NAVWAR OSBP,navwarsbo.fct@navy.mil,Top Secret,Top Secret,,,,,
LRAE Annex 25,736,Engineering Support for the Enterprise Communcation and Networks 553 Division,Engineering Support for the Enterprise Communcation and Networks 553 Division,None,> $100M - < $250M,TBD,Cost-Reimbursement,TBD,N66001 - NAVAL INFORMATION WARFARE CENTER PACIFIC,FY 2028,QTR 1,FY 2028,QTR 3,60,Follow-on,N66001-21-D-0160-0166,"Booz Allen Hamilton, Epsilon C5I, McKean Defense Group, Parsons, SAIC, Solute, Systems Technology Forum",Various,541330_c_Except_Marine Engineering and Naval Architecture_$41.5M,AC13 - NATIONAL DEFENSE R&D SERVICES; DEPARTMENT OF DEFENSE - MILITARY; EXPERIMENTAL DEVELOPMENT,Stephen Enokida,stephen.i.enokida.civ@us.navy.mil,NAVWAR OSBP,navwarsbo.fct@navy.mil,Top Secret,Top Secret,,,,,
LRAE Annex 25,737,Naval Enterpise Networks Engineering Services,"Engineering, technical and programmatic services for networking, communication, and computer systems, and associated certification and information assurance for development, current operations and planned upgrades to support Naval Enterprise Networks.",None,> $50M - < $100M,TBD,Cost-Reimbursement,Delivery Order/Task Order (not under Federal Supply Schedule Contract),N66001 - NAVAL INFORMATION WARFARE CENTER PACIFIC,FY 2026,QTR 1,FY 2026,QTR 3,60,Follow-on,N00178-19-D-3501,BOOZ ALLEN HAMILTON INC,Various,541330_c_Except_Marine Engineering and Naval Architecture_$41.5M,R425 - SUPPORT- PROFESSIONAL: ENGINEERING/TECHNICAL,Stephen Enokida,stephen.i.enokida.civ@us.navy.mil,NAVWAR OSBP,navwarsbo.fct@navy.mil,Secret,Top Secret,,,Seaport,,
LRAE Annex 25,738,"Systems Engineering and Lifcycle Support for Emerging Positioning, Navigation, and Timing (PNT) Technologies","Engineering services for Investigating and analyzing Positioning, Navigation, and Timing (PNT) technology gaps and innovative/emergent PNT technology applications to fulfill those identified gaps; identifying  impacts to current and future PNT-based systems involving emerging/evolving threats and determining systems architectures, designs and technical solutions that mitigate these threats; investigating and evaluating  integration impacts of evolving technologies to ensure they meet operational requirements and user needs as well as to ensure integrity of navigation signals and minimal impact to the platform installations; • Providing hardware, software, and production engineering subject-matter expertise in support of the development, modification, modernization, sustainment   and evaluation of real-time shipboard PNT systems; and planning and executing necessary processes and management controls to provide cost effective maintenance, sustainment, and fleet engineering support of the PNT technologies.",None,> $7.5M - < $50M,TBD,Cost-Reimbursement,Task/Delivery Order,N66001 - NAVAL INFORMATION WARFARE CENTER PACIFIC,FY 2023,QTR 3,FY 2023,QTR 4,60,Follow On Requirement,N66001-18-D-0345 through N66001-18-D-0348,"CTSi
Riverside Engineering
Solute
Whitney Bradley Brown",Various,"541715_Research and Development in the Physical, Engineering, and Life Sciences (except Nanotechnology and Biotechnology) 11_1000 Employees",AC14_NATIONAL DEFENSE  R&D  SERVICES; DEPARTMENT OF  DEFENSE - MILITARY; R&D ADMINISTRATIVE EXPENSES,Stephen Enokida,stephen.i.enokida.civ@us.navy.mil,NAVWAR OSBP,navwarsbo.fct@navy.mil,Secret,Secret,,,Seaport,,
LRAE Annex 25,739,"Prototyping and Test and Evaluation for Emerging Positioning, Navigation, and Timing Technologies","Engineering services for Investigating and analyzing Positioning, Navigation, and Timing (PNT) technology gaps and innovative/emergent PNT technology applications to fulfill those identified gaps;  preparing the laboratory to conduct evaluations, assessments, analyses, and testing of PNT technologies that will support technical demonstrations in relevant operational environments, experiments, and military exercises; identifying, planning, designing, and implementing laboratory enhancements required to develop and/or evaluate enabling and existing PNT technologies; and identifying  impacts to current and future PNT-based systems involving emerging/evolving threats and determining systems architectures, designs and technical solutions that mitigate these threats.",None,> $7.5M - < $50M,TBD,Cost-Reimbursement,Task/Delivery Order,N66001 - NAVAL INFORMATION WARFARE CENTER PACIFIC,FY 2023,QTR 4,FY 2024,QTR 1,60,Follow On Requirement,N66001-18-D-0345 through N66001-18-D-0348,"CTSi
Riverside Engineering
Solute
Whitney Bradley Brown",Various,"541715_Research and Development in the Physical, Engineering, and Life Sciences (except Nanotechnology and Biotechnology) 11_1000 Employees",AC14_NATIONAL DEFENSE  R&D  SERVICES; DEPARTMENT OF  DEFENSE - MILITARY; R&D ADMINISTRATIVE EXPENSES,Stephen Enokida,stephen.i.enokida.civ@us.navy.mil,NAVWAR OSBP,navwarsbo.fct@navy.mil,Secret,Secret,,,Seaport,,
LRAE Annex 25,740,Combat Survivor Evader Locator (CSEL),"T provide support to the Combat Survivor Evader Locator (CSEL) Joint Program Office (JPO) leg by the Air Force for the CSEL Ultra High Frequency (UHF) Base Station (UBS) network and communications infrastructure at 747th Communication Squadron (CS) Joint Base Pearl Harbor Hickam (747CS), Hawaii; U.S. Naval Computer and Telecommunications Station (NCTS) Sicily, Naval Air Station (NAS) Sigonella Sicily; and the Naval Telecommunications Area Master Station Atlantic (NCTAMSLANT) Norfolk, Virginia, including upgrades, testing and training.  The goal is to maintain a fully operational 24/7 UBS that allows for greater success in survivor/evader recovery.",None,<$2M,TBD,Cost-Reimbursement,TBD,N66001 - NAVAL INFORMATION WARFARE CENTER PACIFIC,FY 2025,QTR 3,FY 2026,QTR 3,24,Follow On Requirement,N66001-21-C-0003,D3 Mission Critical Systems,Various,541330_c_Except_Marine Engineering and Naval Architecture_$41.5M,AC 35-R&D- DEFENSE SYSTEM: SHIPS (OPERATIONAL SYSTEMS DEVELOPMENT),Stephen Enokida,stephen.i.enokida.civ@us.navy.mil,NAVWAR OSBP,navwarsbo.fct@navy.mil,Top Secret,Top Secret,,,,,
LRAE Annex 25,741,"Administrative support and engineering services for International Positioning, Navigation and Timing programs","Administrative and engineering services supporting the performance of the tasks assigned by the Foreign Military Sales (FMS) program sponsors both CONUS and Outside CONUS (OCONUS). Conduct meetings with the Positioning, Navigation, Timing (PNT) users to address potential technical, programmatic and financial requirements focusing on schedule mission needs. Review requirements and develop Drafts of Letters of Offer and Acceptance in accordance with security requirements and United States (US) State Department Arms Export Laws and Regulation.  Develop Pricing and Availability by engaging PNT manufacturers for integration to the various user platforms. Develop PNT Program Management Review materials including technical, programmatic and financial status of FMS requirements.  Support technical integration meetings with case managers and stakeholders.  Develop security requirements checklists to be used to conduct security reviews at PNT contractor and authorized user facilities.",None,> $2M - < $7.5M,TBD,Cost-Reimbursement,TBD,N66001 - NAVAL INFORMATION WARFARE CENTER PACIFIC,FY 2026,QTR 2,FY 2026,QTR 3,60,Follow-on,N66001-21-D-0094,SAI,Various,541330_c_Except_Marine Engineering and Naval Architecture_$41.5M,C216_ARCHITECT AND ENGINEERING- GENERAL: MARINE ENGINEERING,Stephen Enokida,stephen.i.enokida.civ@us.navy.mil,NAVWAR OSBP,navwarsbo.fct@navy.mil,Secret,Secret,,,,,
