change,key,key_method,field,old_value,new_value,old_row,new_row,office
added,4723BK-25-RFPREQ-PAS-0007,pid,,,NIS MarchQ2FY25 Procurement (C),,9,PAS
removed,N00039-22-RFPREQ-5.0-0006,pid,,RMF Assessment Support Services (C),,371,,5.0
removed,N00039-22-RFPREQ-8.0-0002,pid,,Consolidated NAVWAR Mobility Contract (C),,398,,8.0
removed,N00039-22-RFPREQ-PEO-C4I-0014,pid,,PEO C4I Business Financial Mgmt (C),,414,,PEO-C4I
removed,N00039-22-RFPREQ-PMW-130-0009,pid,,N0003919D0034_N0003922F4027,,657,,PMW-130
removed,N00039-22-RFPREQ-PMW-150-0013,pid,,JPI FR (A3 Card),,162,,PMW-150
removed,N00039-22-RFPREQ-PMW-150-0017,pid,,MOS Mod BPA Call 5 (C),,156,,PMW-150
removed,N00039-22-RFPREQ-PMW-150-0019,pid,,MOS TC CPU Repair,,161,,PMW-150
removed,N00039-22-RFPREQ-PMW-740-0006,pid,,PEO C4I PMW 740 TAIWAN SHIP INSTALLATIONS (C),,632,,PMW-740
removed,N00039-22-RFPREQ-PMW-740-0012,pid,,Saudi Arabia/Oman CENTCOM Partner Network (C),,633,,PMW-740
removed,N00039-22-RFPREQ-PMW-750-0004,pid,,LHA 8 Shipboard Integration (C),,656,,PMW-750
removed,N00039-22-RFPREQ-PMW-790-0002,pid,,C4I Arsenal - New Procurement (C),,423,,PMW-790
removed,N00039-22-RFPREQ-PMW-790-0003,pid,,VIASAT TRANSEC VM300M DELIVERY ORDER (DOMESTIC) AWARD,,430,,PMW-790
removed,N00039-22-RFPREQ-PMW-790-0006,pid,,"VIASAT TRANSEC IDIQ Ceiling Increase, VM300M Card Pricing and FMS Modification",,432,,PMW-790
removed,N00039-22-RFPREQ-PMW-790-0017,pid,,VIASAT TRANSEC VM300M DELIVERY ORDER (INTERNATIONAL - AUS) AWARD,,431,,PMW-790
removed,N00039-22-RFPREQ-PMW-790-0034,pid,,Consumption-Based Procurement (C),,424,,PMW-790
changed,N00039-22-RFPREQ-PMW/A-170-0002,pid,procurement_method,,Sole Source,392,97,PMW/A-170
changed,N00039-22-RFPREQ-PMW/A-170-0002,pid,procurement_instrument,"""C"" Type Contract",Single-Award Indefinite-Delivery,392,97,PMW/A-170
changed,N00039-22-RFPREQ-PMW/A-170-0002,pid,solicitation_fy,FY23,FY25,392,97,PMW/A-170
changed,N00039-22-RFPREQ-PMW/A-170-0002,pid,solicitation_quarter,Q3,Q2,392,97,PMW/A-170
changed,N00039-22-RFPREQ-PMW/A-170-0002,pid,award_fy,FY24,FY25,392,97,PMW/A-170
changed,N00039-22-RFPREQ-PMW/A-170-0002,pid,award_quarter,Q3,Q4,392,97,PMW/A-170
removed,N00039-22-RFPREQ-PMW/A-170-0003,pid,,STtNG Phase III Production - Admin,,393,,PMW/A-170
removed,N00039-22-RFPREQ-PMW/A-170-0004,pid,,CBSP AC2 Modem Follow On - Admin,,394,,PMW/A-170
removed,N00039-22-RFPREQ-PMW/A-170-0010,pid,,ATIP - Ceiling Increase (No cost action – Admin Only),,395,,PMW/A-170
changed,N00039-22-RFPREQ-PMW/A-170-0021,pid,procurement_method,,Sole Source,385,99,PMW/A-170
changed,N00039-22-RFPREQ-PMW/A-170-0021,pid,solicitation_fy,FY23,FY24,385,99,PMW/A-170
changed,N00039-22-RFPREQ-PMW/A-170-0021,pid,solicitation_quarter,Q2,Q1,385,99,PMW/A-170
changed,N00039-22-RFPREQ-PMW/A-170-0021,pid,award_fy,FY25,FY26,385,99,PMW/A-170
removed,N00039-23-RFPREQ-1.0-0001,pid,,NAVWAR 1.6  COST ESTIMATING AND ANALYSIS SUPPORT (C),,370,,1.0
removed,N00039-23-RFPREQ-4.0-0001,pid,,4.0 IT Tools – Follow-On (C),,226,,4.0
removed,N00039-23-RFPREQ-6.0-0001,pid,,NAVWAR 6.0/5.0/FRD Professional Support Services (PSS) (C),,369,,6.0
removed,N00039-23-RFPREQ-8.0-0018,pid,,FOE NAVWAR Mobility Contract (C),,397,,8.0
removed,N00039-23-RFPREQ-8.0-0023,pid,,Furniture BPA Follow-on (C),,399,,8.0
removed,N00039-23-RFPREQ-8.0-0027,pid,,Handyman Follow-On,,402,,8.0
removed,N00039-23-RFPREQ-8.0-0029,pid,,Kros-Wise Follow on (C),,372,,8.0
removed,N00039-23-RFPREQ-8.0-0030,pid,,INDUS Follow on (C),,373,,8.0
removed,N00039-23-RFPREQ-DRPM-NOA-0001,pid,,IDT ATRT SIBR,,185,,DRPM-NOA
removed,N00039-23-RFPREQ-DRPM-NOA-0002,pid,,NOA SIBR ESS (C),,170,,DRPM-NOA
removed,N00039-23-RFPREQ-DRPM-NOA-0003,pid,,Project Overmatch Services (C),,188,,DRPM-NOA
removed,N00039-23-RFPREQ-FRD-0007,pid,,FSET Follow on contract (C),,225,,FRD
removed,N00039-23-RFPREQ-PEO-C4I-0014,pid,,"Design Development Support for PEO C4I, NAVWAR, and Sub Organizations (C)",,419,,PEO-C4I
removed,N00039-23-RFPREQ-PEO-Digital-0004,pid,,PEO Digital Professional Support Services Recompete (C),,598,,PEO-Digital
removed,N00039-23-RFPREQ-PMA/PMW-101-0010,pid,,MIDS Engineering/Logistics Re-compete/21F3011 Follow-On (C),,189,,PMA/PMW-101
removed,N00039-23-RFPREQ-PMA/PMW-101-0014,pid,,Lot 12 Production Buy (C),,413,,PMA/PMW-101
changed,N00039-23-RFPREQ-PMA/PMW-101-0017,pid,procurement_method,,Full and Open Competition,29,111,PMA/PMW-101
changed,N00039-23-RFPREQ-PMA/PMW-101-0017,pid,contract_type,TBD,Fixed-Price,29,111,PMA/PMW-101
changed,N00039-23-RFPREQ-PMA/PMW-101-0017,pid,procurement_instrument,TBD,Single-Award Indefinite-Delivery,29,111,PMA/PMW-101
changed,N00039-23-RFPREQ-PMA/PMW-101-0017,pid,solicitation_fy,,FY25,29,111,PMA/PMW-101
changed,N00039-23-RFPREQ-PMA/PMW-101-0017,pid,solicitation_quarter,,Q3,29,111,PMA/PMW-101
changed,N00039-23-RFPREQ-PMA/PMW-101-0017,pid,follow_on_or_new,,Follow-on,29,111,PMA/PMW-101
changed,N00039-23-RFPREQ-PMA/PMW-101-0017,pid,existing_contract_number,,N0003915D0042 and N0003915D0043,29,111,PMA/PMW-101
removed,N00039-23-RFPREQ-PMA/PMW-101-0018,pid,,LCM,,30,,PMA/PMW-101
removed,N00039-23-RFPREQ-PMS-485-0003,pid,,Definitization of CLTS Array CLIN 0406,,167,,PMS-485
removed,N00039-23-RFPREQ-PMS-485-0004,pid,,Modeling and Simulation 23,,168,,PMS-485
removed,N00039-23-RFPREQ-PMS-485-0029,pid,,HFM3 Production Systems & Engineering Services,,463,,PMS-485
changed,N00039-23-RFPREQ-PMS-485-0037,pid,procurement_method,Sole-Source,Sole Source,164,102,PMS-485
changed,N00039-23-RFPREQ-PMS-485-0037,pid,solicitation_fy,,FY24,164,102,PMS-485
changed,N00039-23-RFPREQ-PMS-485-0037,pid,solicitation_quarter,,Q4,164,102,PMS-485
changed,N00039-23-RFPREQ-PMS-485-0037,pid,award_fy,FY25,FY26,164,102,PMS-485
changed,N00039-23-RFPREQ-PMS-485-0037,pid,award_quarter,Q2,Q3,164,102,PMS-485
changed,N00039-23-RFPREQ-PMS-485-0038,pid,procurement_method,Sole-Source,Sole Source,165,11,PMS-485
changed,N00039-23-RFPREQ-PMS-485-0038,pid,contract_type,TBD,Fixed-Price,165,11,PMS-485
changed,N00039-23-RFPREQ-PMS-485-0038,pid,procurement_instrument,"""C"" Type Contract",Single-Award Indefinite-Delivery,165,11,PMS-485
changed,N00039-23-RFPREQ-PMS-485-0038,pid,solicitation_quarter,Q2,Q3,165,11,PMS-485
changed,N00039-23-RFPREQ-PMS-485-0038,pid,award_fy,FY25,FY26,165,11,PMS-485
changed,N00039-23-RFPREQ-PMS-485-0038,pid,incumbent_contractor,BAE Systems,BAE SYSTEMS INFORMATION AND ELECTRONIC SYSTEMS INTEGRATION INC.,165,11,PMS-485
changed,N00039-23-RFPREQ-PMS-485-0048,pid,anticipated_total_value,$50M - $100M,< $2M,457,12,PMS-485
changed,N00039-23-RFPREQ-PMS-485-0048,pid,procurement_method,,Full and Open Competition,457,12,PMS-485
changed,N00039-23-RFPREQ-PMS-485-0048,pid,contract_type,TBD,Cost-Reimbursement,457,12,PMS-485
changed,N00039-23-RFPREQ-PMS-485-0048,pid,procurement_instrument,TBD,"""C"" Type Contract",457,12,PMS-485
changed,N00039-23-RFPREQ-PMS-485-0048,pid,solicitation_fy,,FY26,457,12,PMS-485
changed,N00039-23-RFPREQ-PMS-485-0048,pid,solicitation_quarter,,Q2,457,12,PMS-485
removed,N00039-23-RFPREQ-PMS-485-0050,pid,,Deep Water Active (C),,458,,PMS-485
removed,N00039-23-RFPREQ-PMS-485-0072,pid,,T-25 Class Active Array Amplifiers,,462,,PMS-485
removed,N00039-23-RFPREQ-PMW-120-0052,pid,,LBS-G PROD_TO 10_TBD,,404,,PMW-120
removed,N00039-23-RFPREQ-PMW-120-0056,pid,,"DATEM, TO 02",,403,,PMW-120
removed,N00039-23-RFPREQ-PMW-120-0063,pid,,LBS G Production TO XX New Order,,401,,PMW-120
removed,N00039-23-RFPREQ-PMW-120-0069,pid,,LBS G_Production_MOD TO 09,,400,,PMW-120
removed,N00039-23-RFPREQ-PMW-150-0007,pid,,NILE ISS 5 (N0003922D1004) Task Order 3,,408,,PMW-150
removed,N00039-23-RFPREQ-PMW-150-0011,pid,,MOS Mod Production Follow On (C),,157,,PMW-150
removed,N00039-23-RFPREQ-PMW-150-0014,pid,,NILE End to End Test Station (Market Research) (C),,396,,PMW-150
removed,N00039-23-RFPREQ-PMW-150-0016,pid,,C2P BPA Call 1 (C),,158,,PMW-150
removed,N00039-23-RFPREQ-PMW-150-0026,pid,,JPI A8 Card Follow-on,,159,,PMW-150
removed,N00039-23-RFPREQ-PMW-150-0029,pid,,LLC 7M DO 15: LLC 7M fixes,,407,,PMW-150
removed,N00039-23-RFPREQ-PMW-150-0033,pid,,SETA Recompete/21F3000 Follow-On (C),,187,,PMW-150
removed,N00039-23-RFPREQ-PMW-150-0035,pid,,"JPI Reflash, Repair, and Reconfiguration",,160,,PMW-150
removed,N00039-23-RFPREQ-PMW-150-0040,pid,,PMW 150 ILS and Training Support (C),,415,,PMW-150
removed,N00039-23-RFPREQ-PMW-150-0059,pid,,N00039-23-RFPREQ-PMW-150-LGRAID-0001,,184,,PMW-150
removed,N00039-23-RFPREQ-PMW-150-0062,pid,,ISS 5 Task Order 2 Descoping,,405,,PMW-150
removed,N00039-23-RFPREQ-PMW-150-0063,pid,,Link 22 Training Services Task Order 2,,406,,PMW-150
removed,N00039-23-RFPREQ-PMW-150-0069,pid,,SOLUTE SSCP PoP extension / ceiling increase,,183,,PMW-150
removed,N00039-23-RFPREQ-PMW-160-0001,pid,,ADNS Production MAC RFP #24 (C),,208,,PMW-160
removed,N00039-23-RFPREQ-PMW-160-0002,pid,,ADNS Production MAC RFP #25 (C),,209,,PMW-160
removed,N00039-23-RFPREQ-PMW-160-0086,pid,,PMW 160 CANES DIGITAL TWIN IDT SBIR OY2 Exercise and Technical Direction Letter 2 (TDL2),,653,,PMW-160
removed,N00039-23-RFPREQ-PMW-160-0087,pid,,CANES MAC- N0003923R9101 (C),,647,,PMW-160
removed,N00039-23-RFPREQ-PMW-160-0088,pid,,CANES MAC- N0003923R9103 Components (C),,648,,PMW-160
removed,N00039-23-RFPREQ-PMW-160-0097,pid,,CANES MAC- N0003923R9102 CTUs (C),,649,,PMW-160
removed,N00039-23-RFPREQ-PMW-160-0106,pid,,CANES MAC- N0003923R9104 (C),,650,,PMW-160
removed,N00039-23-RFPREQ-PMW-160-0107,pid,,CANES MAC- N0003923R9105 (C),,651,,PMW-160
added,N00039-23-RFPREQ-PMW-160-0108,pid,,,ADNS MAC N0003925R9510 (New Award FY25) (C),,127,PMW-160
removed,N00039-23-RFPREQ-PMW-740-0011,pid,,"Bahrain CENTCOM Partner Network Second FSR (FMS Case BA-P-GBM, A2))",,645,,PMW-740
removed,N00039-23-RFPREQ-PMW-740-0046,pid,,COMMUNICATIONS SECURITY (COMSEC) ACCOUNTING / SPECIAL INVENTORY MANAGER (SIM) SUPPORT SERVICES INDEFINITE DELIVERY INDEF,,639,,PMW-740
removed,N00039-23-RFPREQ-PMW-740-0049,pid,,Philippines Basa Wing Operations Center (WOC) Phase 2 & 3 (C),,635,,PMW-740
added,N00039-23-RFPREQ-PMW-740-0070,pid,,,"EGYPTIAN Navy AINTS (EG-P-LGQ, A2) (C)",,10,PMW-740
removed,N00039-23-RFPREQ-PMW-750-0014,pid,,CVN 68 Class Shock Testing for the RCS RCOH Design (C),,171,,PMW-750
removed,N00039-23-RFPREQ-PMW-750-0015,pid,,CVN 75 RCOH Removals and Shipboard Zone Integration (C),,175,,PMW-750
removed,N00039-23-RFPREQ-PMW-750-0016,pid,,CVN 74 RCOH Multifunction Copier Installation (C),,179,,PMW-750
removed,N00039-23-RFPREQ-PMW-760-0016,pid,,NSC2I EPF14-16.  EMS 1. (C),,180,,PMW-760
removed,N00039-23-RFPREQ-PMW-760-0020,pid,,NSC2I TATS 8-13. (C),,176,,PMW-760
removed,N00039-23-RFPREQ-PMW-760-0021,pid,,NSC2I LPD.  29.30.31. (C),,177,,PMW-760
removed,N00039-23-RFPREQ-PMW-760-0029,pid,,NSC2I FFG 62. (C),,178,,PMW-760
removed,N00039-23-RFPREQ-PMW-760-0031,pid,,NSC2I FFG 63. (C),,181,,PMW-760
removed,N00039-23-RFPREQ-PMW-760-0032,pid,,NSC2I TAO 207-210. (C),,182,,PMW-760
removed,N00039-23-RFPREQ-PMW-770-0004,pid,,"CSRR C&M Software  Maintenance, Sustainment and Development -  Follow-On contract (C)",,425,,PMW-770
removed,N00039-23-RFPREQ-PMW-770-0024,pid,,OE-315 AIS Amplifier Procurement (C),,426,,PMW-770
removed,N00039-23-RFPREQ-PMW-770-0034,pid,,FY25 OE-538 Production Re-compete (C),,428,,PMW-770
removed,N00039-23-RFPREQ-PMW-790-0011,pid,,VIASAT TRANSEC FMS ENGINEERING SERVICES (ENG VM300M CARD FOR RT-1829/1830) TASK ORDER,,429,,PMW-790
removed,N00039-23-RFPREQ-PMW-790-0021,pid,,Program Management Support Services (C),,416,,PMW-790
removed,N00039-23-RFPREQ-PMW/A-170-0012,pid,,WAMS DO#5 - Long Lead Buy,,388,,PMW/A-170
removed,N00039-23-RFPREQ-PMW/A-170-0013,pid,,WAMS - KLIF/Mission Planning,,390,,PMW/A-170
removed,N00039-23-RFPREQ-PMW/A-170-0014,pid,,DMR -MUOS WF 3.2 SW Development (Phase II) - 18D0002,,205,,PMW/A-170
removed,N00039-23-RFPREQ-PMW/A-170-0015,pid,,DMR - SATURN SW Development (Phase I) - 18D0002,,206,,PMW/A-170
removed,N00039-23-RFPREQ-PMW/A-170-0105,pid,,NMT FOFD - NGEN OIU Procurements,,386,,PMW/A-170
removed,N00039-23-RFPREQ-PMW/A-170-0106,pid,,NMT FOFD - Last Time Buys,,387,,PMW/A-170
removed,N00039-23-RFPREQ-PMW/A-170-0108,pid,,ATIP - TO#21 Server and TIF repairs,,221,,PMW/A-170
removed,N00039-23-RFPREQ-PMW/A-170-0113,pid,,ESRP TO38 '23OMN ISEA,,222,,PMW/A-170
removed,N00039-23-RFPREQ-PMW/A-170-0114,pid,,ESRP TO39 SMT FINAL PHASE,,223,,PMW/A-170
removed,N00039-23-RFPREQ-PMW/A-170-0115,pid,,ESRP TO40 '23RDT&E/OPN INITITIVE-01,,224,,PMW/A-170
removed,N00039-23-RFPREQ-PMW/A-170-0133,pid,,DMR - SMRC OTA (C),,192,,PMW/A-170
removed,N00039-23-RFPREQ-PMW/A-170-0148,pid,,NTCDL – 3-Yr Contract Extension,,412,,PMW/A-170
changed,N00039-23-RFPREQ-PMW/A-170-0155,pid,anticipated_total_value,$100M - $250M,$250M - $1B,383,100,PMW/A-170
changed,N00039-23-RFPREQ-PMW/A-170-0155,pid,procurement_method,,Sole Source,383,100,PMW/A-170
changed,N00039-23-RFPREQ-PMW/A-170-0155,pid,solicitation_fy,FY24,FY25,383,100,PMW/A-170
changed,N00039-23-RFPREQ-PMW/A-170-0155,pid,solicitation_quarter,Q2,Q3,383,100,PMW/A-170
changed,N00039-23-RFPREQ-PMW/A-170-0155,pid,award_fy,FY25,FY26,383,100,PMW/A-170
changed,N00039-23-RFPREQ-PMW/A-170-0155,pid,award_quarter,Q3,Q4,383,100,PMW/A-170
removed,N00039-23-RFPREQ-PMW/A-170-0163,pid,,DMR - DDG 127 Repairs,,195,,PMW/A-170
changed,N00039-23-RFPREQ-PMW/A-170-0173,pid,procurement_method,,Full and Open Competition,374,101,PMW/A-170
changed,N00039-23-RFPREQ-PMW/A-170-0173,pid,solicitation_fy,,FY26,374,101,PMW/A-170
changed,N00039-23-RFPREQ-PMW/A-170-0173,pid,solicitation_quarter,,Q2,374,101,PMW/A-170
changed,N00039-23-RFPREQ-PMW/A-170-0173,pid,award_fy,FY24,FY27,374,101,PMW/A-170
removed,N00039-23-RFPREQ-PMW/A-170-0174,pid,,NMT FOFD Extension (No cost action – Admin Only),,384,,PMW/A-170
removed,N00039-23-RFPREQ-PMW/A-170-0180,pid,,DMR - ATC Phase 3 - 22R2000,,196,,PMW/A-170
removed,N00039-23-RFPREQ-PMW/A-170-0181,pid,,DMR - AEGIS Grooms -22R2000,,197,,PMW/A-170
removed,N00039-23-RFPREQ-PMW/A-170-0182,pid,,DMR - DMR Parts Repair - 22R2000,,198,,PMW/A-170
removed,N00039-23-RFPREQ-PMW/A-170-0185,pid,,DMR - CVN 79 Upgrade - 18D0004,,194,,PMW/A-170
removed,N00039-23-RFPREQ-PMW/A-170-0191,pid,,NSLC-A Communications System - Admin (C),,375,,PMW/A-170
removed,N00039-23-RFPREQ-PMW/A-170-0194,pid,,PRC-167 J&A,,411,,PMW/A-170
removed,N00039-23-RFPREQ-PMW/A-170-0220,pid,,DMR - 500W Power Amplifier OTP,,207,,PMW/A-170
removed,N00039-23-RFPREQ-PMW/A-170-0223,pid,,STtNG SBIR Phase II.5 Environmental Testing - Admin,,382,,PMW/A-170
removed,N00039-23-RFPREQ-PMW/A-170-0229,pid,,Phase Sensitive Innovations SBIR Phase III,,381,,PMW/A-170
removed,N00039-23-RFPREQ-PMW/A-170-0230,pid,,DMR - Lab Repairs - 22R2000,,193,,PMW/A-170
removed,N00039-23-RFPREQ-PMW/A-170-0241,pid,,STtNG SBIR Phase II.5 PRAs - Admin,,380,,PMW/A-170
removed,N00039-23-RFPREQ-PMW/A-170-0255,pid,,STtNG Inc 3 Production Contract - Admin (C),,376,,PMW/A-170
removed,N00039-23-RFPREQ-PMW/A-170-0256,pid,,STtNG SBIR Phase II.5 PNT Study - Admin,,379,,PMW/A-170
removed,N00039-23-RFPREQ-PMW/A-170-0259,pid,,ATIP - TIF-TD Price Tables,,377,,PMW/A-170
removed,N00039-23-RFPREQ-PMW/A-170-0275,pid,,NMT FOFD FY23 Spares Buy,,378,,PMW/A-170
removed,N00039-23-RFPREQ-Pf004MNHR-0005,pid,,MyNavy HR ADE (C),,421,,Pf004MNHR
changed,N00039-23-RFPREQ-Pf004MNHR-0027,pid,anticipated_total_value,$100M - $250M,$250M - $1B,422,13,Pf004MNHR
changed,N00039-23-RFPREQ-Pf004MNHR-0027,pid,procurement_method,TBD,Full and Open Competition,422,13,Pf004MNHR
changed,N00039-23-RFPREQ-Pf004MNHR-0027,pid,contract_type,TBD,Cost-Reimbursement,422,13,Pf004MNHR
changed,N00039-23-RFPREQ-Pf004MNHR-0027,pid,procurement_instrument,TBD,Single-Award Indefinite-Delivery,422,13,Pf004MNHR
changed,N00039-23-RFPREQ-Pf004MNHR-0027,pid,solicitation_fy,,FY24,422,13,Pf004MNHR
changed,N00039-23-RFPREQ-Pf004MNHR-0027,pid,solicitation_quarter,,Q4,422,13,Pf004MNHR
changed,N00039-23-RFPREQ-Pf004MNHR-0027,pid,award_quarter,Q2,Q4,422,13,Pf004MNHR
removed,N00039-23-RFPREQ-Pf005NABS-0019,pid,,NABS Electronic Procurement Systems (ePS) (C),,120,,Pf005NABS
removed,N00039-23-RFPREQ-Pf007NERP-0038,pid,,Audit Liasion and Remediation Follow-On IT General Control (ITGC) (C),,228,,Pf007NERP
added,N00039-24-RFPREQ-1.0-0008,pid,,,1.2 BFM Support (C),,146,1.0
added,N00039-24-RFPREQ-4.0-0006,pid,,,NAVWAR 4.0 MPT Technical Authority (TA) and IWT Support (FY26) (C),,154,4.0
added,N00039-24-RFPREQ-8.0-0003,pid,,,NAVWAR CEBO Support 2026 (C),,158,8.0
added,N00039-24-RFPREQ-C4IEXEC-0002,pid,,,C-SEA (C),,143,C4IEXEC
added,N00039-24-RFPREQ-DRPM-NOA-0004,pid,,,Project Overmatch Professional Support Services (PSS) (C),,144,DRPM-NOA
changed,N00039-24-RFPREQ-PEO-C4I-0001,pid,office_code_string,PEO-C4I - PEO-C4I - NAVWAR,C4IEXEC - PEO C4I Front Office - NAVWAR,418,107,C4IEXEC
changed,N00039-24-RFPREQ-PEO-C4I-0001,pid,procurement_method,TBD,Small Business Set-Aside,418,107,C4IEXEC
changed,N00039-24-RFPREQ-PEO-C4I-0001,pid,procurement_instrument,Delivery Order/Task Order,Delivery Order/Task Order (not under Federal Supply Schedule Contract),418,107,C4IEXEC
changed,N00039-24-RFPREQ-PEO-C4I-0001,pid,solicitation_fy,,FY25,418,107,C4IEXEC
changed,N00039-24-RFPREQ-PEO-C4I-0001,pid,solicitation_quarter,,Q1,418,107,C4IEXEC
changed,N00039-24-RFPREQ-PEO-C4I-0001,pid,award_quarter,Q2,Q3,418,107,C4IEXEC
changed,N00039-24-RFPREQ-PEO-C4I-0001,pid,existing_contract_number,,N0003920F3502,418,107,C4IEXEC
added,N00039-24-RFPREQ-PEO-C4I-0012,pid,,,MIDS WDL SF2 Production (C),,145,C4IEXEC
added,N00039-24-RFPREQ-PMA/PMW-101-0115,pid,,,Order to Contract #N0003922D4001_EVTT Upgrade,,159,PMA/PMW-101
added,N00039-24-RFPREQ-PMA/PMW-101-0267,pid,,,N0003922D4001_GE_TATS,,162,PMA/PMW-101
added,N00039-24-RFPREQ-PMA/PMW-101-0276,pid,,,MIDS JTRS - Lot 4 - DLS - F-22 Spares,,350,PMA/PMW-101
added,N00039-24-RFPREQ-PMA/PMW-101-0278,pid,,,MIDS JTRS Lot 13C DO (C),,362,PMA/PMW-101
removed,N00039-24-RFPREQ-PMS-485-0001,pid,,TAIPT-24,,166,,PMS-485
added,N00039-24-RFPREQ-PMS-485-0103,pid,,,Surveillance Towed Array Sensor System (SURTASS) Operations and Maintenance Technician Crew and Field Support Team (C),,118,PMS-485
added,N00039-24-RFPREQ-PMS-485-0110,pid,,,Order for Production of two CLTS Array Shipsets and CLTS/LTS Engineering Services,,174,PMS-485
changed,N00039-24-RFPREQ-PMW-120-0001,pid,contract_type,TBD,Cost-Reimbursement,417,106,PMW-120
changed,N00039-24-RFPREQ-PMW-120-0001,pid,procurement_instrument,TBD,Delivery Order/Task Order (not under Federal Supply Schedule Contract),417,106,PMW-120
changed,N00039-24-RFPREQ-PMW-120-0001,pid,solicitation_fy,,FY25,417,106,PMW-120
changed,N00039-24-RFPREQ-PMW-120-0001,pid,solicitation_quarter,,Q4,417,106,PMW-120
changed,N00039-24-RFPREQ-PMW-120-0001,pid,award_quarter,Q3,Q2,417,106,PMW-120
changed,N00039-24-RFPREQ-PMW-120-0001,pid,follow_on_or_new,,Follow-on,417,106,PMW-120
changed,N00039-24-RFPREQ-PMW-120-0001,pid,existing_contract_number,,N0017819D7264N0003921F3003,417,106,PMW-120
changed,N00039-24-RFPREQ-PMW-120-0001,pid,incumbent_contractor,,BOOZ ALLEN HAMILTON INC.,417,106,PMW-120
added,N00039-24-RFPREQ-PMW-150-0157,pid,,,NILE LLC 7M Production Follow-on,,160,PMW-150
removed,N00039-24-RFPREQ-PMW-160-0001,pid,,CANES TVE Follow-On (FO) (C),,646,,PMW-160
added,N00039-24-RFPREQ-PMW-160-0002,pid,,,PMW 160 Engineering Support Services (ESS) Follow-on Contract Base Year (C),,128,PMW-160
removed,N00039-24-RFPREQ-PMW-160-0003,pid,,CANES MAC- N0003923R9106 (C),,652,,PMW-160
added,N00039-24-RFPREQ-PMW-160-0068,pid,,,PSS Recompete/20F3016 Follow-On (C),,142,PMW-160
removed,N00039-24-RFPREQ-PMW-740-0002,pid,,Morocco Microwave Transmission Network Phase 1A (C),,634,,PMW-740
added,N00039-24-RFPREQ-PMW-740-0005,pid,,,TECRO Integration and Installation Support (C),,114,PMW-740
changed,N00039-24-RFPREQ-PMW-740-0007,pid,anticipated_total_value,$250M - $1B,$50M - $100M,644,123,PMW-740
changed,N00039-24-RFPREQ-PMW-740-0007,pid,solicitation_fy,,FY25,644,123,PMW-740
changed,N00039-24-RFPREQ-PMW-740-0007,pid,solicitation_quarter,,Q2,644,123,PMW-740
changed,N00039-24-RFPREQ-PMW-740-0007,pid,award_quarter,Q3,Q4,644,123,PMW-740
changed,N00039-24-RFPREQ-PMW-740-0007,pid,existing_contract_number,"N0003920D0060
N0003920D0061
N0003920D0062
N0003920D0063
N0003920D0064",N0003920D0060,644,123,PMW-740
changed,N00039-24-RFPREQ-PMW-740-0007,pid,incumbent_contractor,"Advanced Technology Systems Company (ATSC) Inc.
Forward Slope Inc. (FSI)
Integrated Technology and Culture (ITC) Defense","ADVANCED TECHNOLOGY SYSTEMS COMPANY, INC. (OF VIRGINIA)",644,123,PMW-740
removed,N00039-24-RFPREQ-PMW-740-0008,pid,,Singapore COMSEC Task Order (2024) (C),,641,,PMW-740
added,N00039-24-RFPREQ-PMW-740-0052,pid,,,RSNF inKSA Support Services (C4ISR) Upgrade and Refurbishment (C),,14,PMW-740
added,N00039-24-RFPREQ-PMW-740-0053,pid,,,RSNF C4ISR Training Services III (C),,15,PMW-740
added,N00039-24-RFPREQ-PMW-740-0055,pid,,,COMSEC Custodian / IM Support Services (Seaport NxG TO) (C),,122,PMW-740
added,N00039-24-RFPREQ-PMW-740-0059,pid,,,Romania MDA SCOMAR Upgrade,,148,PMW-740
added,N00039-24-RFPREQ-PMW-740-0078,pid,,,Bahrain Coastal Surveillance System Upgrade and Expansion (FMS Case BA-P-LBG),,161,PMW-740
changed,N00039-24-RFPREQ-PMW-750-0001,pid,procurement_method,,Full and Open Competition,172,103,PMW-750
changed,N00039-24-RFPREQ-PMW-750-0001,pid,procurement_instrument,Delivery Order/Task Order,Delivery Order/Task Order (not under Federal Supply Schedule Contract),172,103,PMW-750
changed,N00039-24-RFPREQ-PMW-750-0001,pid,solicitation_fy,,FY25,172,103,PMW-750
changed,N00039-24-RFPREQ-PMW-750-0001,pid,solicitation_quarter,,Q2,172,103,PMW-750
changed,N00039-24-RFPREQ-PMW-750-0001,pid,award_quarter,Q1,Q3,172,103,PMW-750
changed,N00039-24-RFPREQ-PMW-750-0002,pid,procurement_method,,Full and Open Competition,173,104,PMW-750
changed,N00039-24-RFPREQ-PMW-750-0002,pid,procurement_instrument,Delivery Order/Task Order,Delivery Order/Task Order (not under Federal Supply Schedule Contract),173,104,PMW-750
changed,N00039-24-RFPREQ-PMW-750-0002,pid,solicitation_fy,,FY25,173,104,PMW-750
changed,N00039-24-RFPREQ-PMW-750-0002,pid,solicitation_quarter,,Q1,173,104,PMW-750
changed,N00039-24-RFPREQ-PMW-750-0002,pid,award_quarter,Q1,Q3,173,104,PMW-750
changed,N00039-24-RFPREQ-PMW-750-0003,pid,procurement_method,,Full and Open Competition,174,105,PMW-750
changed,N00039-24-RFPREQ-PMW-750-0003,pid,procurement_instrument,Delivery Order/Task Order,Delivery Order/Task Order (not under Federal Supply Schedule Contract),174,105,PMW-750
changed,N00039-24-RFPREQ-PMW-750-0003,pid,solicitation_fy,,FY25,174,105,PMW-750
changed,N00039-24-RFPREQ-PMW-750-0003,pid,solicitation_quarter,,Q3,174,105,PMW-750
changed,N00039-24-RFPREQ-PMW-750-0003,pid,award_fy,FY25,FY26,174,105,PMW-750
added,N00039-24-RFPREQ-PMW-750-0032,pid,,,CVN 81 RCS/DS/SSES (C),,170,PMW-750
added,N00039-24-RFPREQ-PMW-750-0036,pid,,,CVN 75 RCOH Interior Communications (IC) Installation (C),,327,PMW-750
added,N00039-24-RFPREQ-PMW-760-0052,pid,,,NSC2I. AS(X) Phase 1-3 AWARD (C),,153,PMW-760
added,N00039-24-RFPREQ-PMW-760-0055,pid,,,PMW 760 Next Generation C4I Integration Requirement (FY26) (C),,156,PMW-760
added,N00039-24-RFPREQ-PMW-760-0068,pid,,,NSC2I FFG 64-65 Procurement & C-SIF AWARD. (C),,165,PMW-760
changed,N00039-24-RFPREQ-PMW-770-0008,pid,solicitation_fy,,FY26,427,116,PMW-770
changed,N00039-24-RFPREQ-PMW-770-0008,pid,solicitation_quarter,,Q1,427,116,PMW-770
changed,N00039-24-RFPREQ-PMW-770-0008,pid,award_fy,FY25,FY26,427,116,PMW-770
changed,N00039-24-RFPREQ-PMW-770-0008,pid,award_quarter,Q3,Q4,427,116,PMW-770
changed,N00039-24-RFPREQ-PMW-770-0009,pid,procurement_method,SDVOSB Set-Aside,TBD,420,117,PMW-770
changed,N00039-24-RFPREQ-PMW-770-0009,pid,procurement_instrument,TBD,Delivery Order/Task Order (not under Federal Supply Schedule Contract),420,117,PMW-770
changed,N00039-24-RFPREQ-PMW-770-0009,pid,solicitation_fy,,FY25,420,117,PMW-770
changed,N00039-24-RFPREQ-PMW-770-0009,pid,solicitation_quarter,,Q2,420,117,PMW-770
changed,N00039-24-RFPREQ-PMW-770-0009,pid,existing_contract_number,N0003920F3014,N0017819D7674 TO N0003920,420,117,PMW-770
added,N00039-24-RFPREQ-PMW-770-0011,pid,,,FSBS HPTE TT to SS Conversion (C),,18,PMW-770
added,N00039-24-RFPREQ-PMW-770-0044,pid,,,OE-538B Re-compete Contract (C),,163,PMW-770
removed,N00039-24-RFPREQ-PMW/A-170-0001,pid,,WAMS - EDM Repairs,,389,,PMW/A-170
removed,N00039-24-RFPREQ-PMW/A-170-0002,pid,,WAMS - Spec 1.9 added to contract,,391,,PMW/A-170
added,N00039-24-RFPREQ-PMW/A-170-0004,pid,,,BRSE Long-Term Production Contract (C),,109,PMW/A-170
removed,N00039-24-RFPREQ-PMW/A-170-0005,pid,,DMR - TTAM IW and 5kHz - 22R2000,,199,,PMW/A-170
removed,N00039-24-RFPREQ-PMW/A-170-0006,pid,,DMR - HMI/ITU - 22R2000,,200,,PMW/A-170
removed,N00039-24-RFPREQ-PMW/A-170-0007,pid,,DMR - PACU 461 - 22R2000,,201,,PMW/A-170
removed,N00039-24-RFPREQ-PMW/A-170-0008,pid,,DMR - DOCCT/S - 22R2000,,202,,PMW/A-170
removed,N00039-24-RFPREQ-PMW/A-170-0009,pid,,DMR - CCAS - 22R2000,,203,,PMW/A-170
removed,N00039-24-RFPREQ-PMW/A-170-0010,pid,,DMR - HF Receiver Replacement - 22R2000,,204,,PMW/A-170
added,N00039-24-RFPREQ-PMW/A-170-0013,pid,,,STtNG Phase III - Production (Base IDIQ),,98,PMW/A-170
added,N00039-24-RFPREQ-PMW/A-170-0014,pid,,,WAMS - TO # 6 EDM Buy,,112,PMW/A-170
added,N00039-24-RFPREQ-PMW/A-170-0015,pid,,,CDLS Sustainment Follow-On,,133,PMW/A-170
added,N00039-24-RFPREQ-PMW/A-170-0061,pid,,,WAMS TO # 7 - MEO Development,,17,PMW/A-170
added,N00039-24-RFPREQ-PMW/A-170-0170,pid,,,UHF Antenna Alternative (CSO) (C),,19,PMW/A-170
added,N00039-24-RFPREQ-PMW/A-170-0413,pid,,,ESRP Base Contract Ceiling Increase,,147,PMW/A-170
added,N00039-24-RFPREQ-PMW/A-170-0543,pid,,,DMR - Antenna Spares Mod (Ramp Encoder Kit & Nameplate) - 18D0004,,166,PMW/A-170
added,N00039-24-RFPREQ-PMW/A-170-0559,pid,,,WAMS OTB - TO#1,,167,PMW/A-170
added,N00039-24-RFPREQ-Pf007NERP-0153,pid,,,Navy ERP CSO (Data Migration Tools) Procurement (C),,152,Pf007NERP
added,N00039-25-RFPREQ-1.0-0005,pid,,,NAVWAR HQ 1.0 Accounting Support Services (C),,389,1.0
added,N00039-25-RFPREQ-6.0-0006,pid,,,NAVWAR 6.0 Programmatic Support Services,,400,6.0
added,N00039-25-RFPREQ-8.0-0040,pid,,,8.0 1NAVWAR Cellular Contract - FOE Verizon,,440,8.0
added,N00039-25-RFPREQ-C4IEXEC-0014,pid,,,Platform Integration and Modernization Support Services 2.0 (C),,404,C4IEXEC
removed,N00039-25-RFPREQ-CSBO-0001,pid,,PEO Digital Research & Advisory Services Follow On (C),,9,,CSBO
added,N00039-25-RFPREQ-DCE-0006,pid,,,FY25 NESD Follow-On IDIQ,,349,DCE
added,N00039-25-RFPREQ-DCE-0015,pid,,,"NESD USFFC, CNIC and OCF Simple Onboarding",,410,DCE
added,N00039-25-RFPREQ-DRPM-NOA-0017,pid,,,REBELLION SIBR Phase II,,344,DRPM-NOA
added,N00039-25-RFPREQ-DRPM-NOA-0020,pid,,,Oteemo SIBR,,388,DRPM-NOA
added,N00039-25-RFPREQ-DRPM-NOA-0026,pid,,,FUSE SBIR PH III,,447,DRPM-NOA
added,N00039-25-RFPREQ-Digital TD-0005,pid,,,CDX Support Services,,353,Digital TD
added,N00039-25-RFPREQ-Digital TD-0013,pid,,,PEO Digital TD - SBIR Phase III - Red Cell,,387,Digital TD
added,N00039-25-RFPREQ-Digital TD-0015,pid,,,PEO Digital TD Pilot Scaling to the Enterprise,,393,Digital TD
added,N00039-25-RFPREQ-Digital TD-0016,pid,,,PEO Digital Strategic Communications (C),,396,Digital TD
added,N00039-25-RFPREQ-JTNC-0001,pid,,,JTNC Professional Support Services (FY26) (C),,157,JTNC
added,N00039-25-RFPREQ-PAS-0009,pid,,,PAS - Follow on SBIR Phase III for Black Pearl,,377,PAS
added,N00039-25-RFPREQ-PCE-0037,pid,,,NIS Follow On Contract (C),,412,PCE
added,N00039-25-RFPREQ-PEO-MLB-0024,pid,,,PEO MLB Independent Verification & Validation Support Services Modification,,419,PEO-MLB
added,N00039-25-RFPREQ-PMA/PMW-101-0022,pid,,,LCM Procurement and Sustainment,,332,PMA/PMW-101
added,N00039-25-RFPREQ-PMA/PMW-101-0039,pid,,,N00039D4001_Derisking_SW,,348,PMA/PMW-101
added,N00039-25-RFPREQ-PMA/PMW-101-0045,pid,,,N00039FXXXX_FR_ML2,,357,PMA/PMW-101
added,N00039-25-RFPREQ-PMA/PMW-101-0046,pid,,,DO 0002 under SF1 Contract N0003923D4000_N0003925F4027,,358,PMA/PMW-101
added,N00039-25-RFPREQ-PMA/PMW-101-0075,pid,,,MIDS JTRS - Lot 14 - Terminals & Spares,,381,PMA/PMW-101
added,N00039-25-RFPREQ-PMA/PMW-101-0077,pid,,,N0003925F4012_DLS FSE_Korean terminal_troubleshoot and repair,,382,PMA/PMW-101
added,N00039-25-RFPREQ-PMA/PMW-101-0078,pid,,,N0003925R4015 DLS Voice Card Repair,,383,PMA/PMW-101
added,N00039-25-RFPREQ-PMA/PMW-101-0096,pid,,,Order to Contract #N0003922D4001_Austria_Depot_Repair,,398,PMA/PMW-101
added,N00039-25-RFPREQ-PMA/PMW-101-0103,pid,,,N0003924FXXXX_FR_MIS_V2,,405,PMA/PMW-101
added,N00039-25-RFPREQ-PMA/PMW-101-0129,pid,,,MidS JTRS Terminal Repair and Retrofits DLS,,429,PMA/PMW-101
added,N00039-25-RFPREQ-PMA/PMW-101-0130,pid,,,MIDS JTRS Terminal Repair and Retrofits L3H,,430,PMA/PMW-101
added,N00039-25-RFPREQ-PMA/PMW-101-0133,pid,,,N0003925FXXXX_Certificate of Compliance (CoC) for FMS United Kingdom,,431,PMA/PMW-101
added,N00039-25-RFPREQ-PMA/PMW-101-0154,pid,,,Lot 14T Taiwan (DLS),,441,PMA/PMW-101
added,N00039-25-RFPREQ-PMA/PMW-101-0155,pid,,,GASE for FMS,,438,PMA/PMW-101
added,N00039-25-RFPREQ-PMA/PMW-101-0158,pid,,,N0003925FXXX_German_PAI_Repair_SN0926_(L3),,445,PMA/PMW-101
removed,N00039-25-RFPREQ-PMS-485-0001,pid,,Surveillance Towed Array Sensor System (SURTASS) Operations and Maintenance Technician Crew and Field Support Team (C),,459,,PMS-485
changed,N00039-25-RFPREQ-PMS-485-0002,pid,procurement_method,,Full and Open Competition,460,124,PMS-485
changed,N00039-25-RFPREQ-PMS-485-0002,pid,solicitation_fy,,TBD,460,124,PMS-485
changed,N00039-25-RFPREQ-PMS-485-0002,pid,solicitation_quarter,,TBD,460,124,PMS-485
changed,N00039-25-RFPREQ-PMS-485-0003,pid,solicitation_fy,,TBD,163,125,PMS-485
changed,N00039-25-RFPREQ-PMS-485-0003,pid,solicitation_quarter,,TBD,163,125,PMS-485
added,N00039-25-RFPREQ-PMS-485-0011,pid,,,Hardware Management for ICP Devops (C),,331,PMS-485
added,N00039-25-RFPREQ-PMS-485-0028,pid,,,Amplifiers - 27,,386,PMS-485
added,N00039-25-RFPREQ-PMS-485-0057,pid,,,Re-negotiate TTTS OY1-OY4 CLINs due to Redesign under Contract #N0003924C9001,,420,PMS-485
added,N00039-25-RFPREQ-PMW-120-0013,pid,,,LBS-G_N0003921D6001_TO 25 RDTE (Garmin GPS & Cannister Extended Bay),,333,PMW-120
added,N00039-25-RFPREQ-PMW-130-0015,pid,,,90-Meter Licenses - Follow-On Contract,,373,PMW-130
added,N00039-25-RFPREQ-PMW-130-0026,pid,,,N0003923D9000 Ordering Period Extension,,407,PMW-130
added,N00039-25-RFPREQ-PMW-130-0030,pid,,,CUE PSM Production Delivery Order - Contract #N0003923D9000,,374,PMW-130
added,N00039-25-RFPREQ-PMW-150-0002,pid,,,Seaport PSS Base Contract Follow On (C),,140,PMW-150
added,N00039-25-RFPREQ-PMW-150-0027,pid,,,Link 16 02 MOS Mod BPA Call 8 (C),,329,PMW-150
added,N00039-25-RFPREQ-PMW-150-0050,pid,,,NILE ISS 5 Task Order 5,,361,PMW-150
added,N00039-25-RFPREQ-PMW-150-0067,pid,,,NILE In-Service Support (ISS) 6 Contract (C),,139,PMW-150
added,N00039-25-RFPREQ-PMW-150-0072,pid,,,PSS Re-Compete/21F3016 Follow-On (C),,384,PMW-150
added,N00039-25-RFPREQ-PMW-150-0102,pid,,,Link 16 01 DRS TTNT Additional Units Mod #N0003923C0006,,401,PMW-150
added,N00039-25-RFPREQ-PMW-150-0119,pid,,,NILE Link 22 Training Task Order 4B,,425,PMW-150
added,N00039-25-RFPREQ-PMW-150-0120,pid,,,NILE Link 22 Training Base Contract Ceiling Realignment MOD & Update FFP,,424,PMW-150
added,N00039-25-RFPREQ-PMW-150-0128,pid,,,Link 16 05 DLS MOS Mod BPA Spares CLIN Mod #N0003921A1001,,402,PMW-150
added,N00039-25-RFPREQ-PMW-150-0129,pid,,,Link 16 06 DRS MOS Mod BPA Spares CLIN Mod #N0003921A1002,,403,PMW-150
added,N00039-25-RFPREQ-PMW-150-0130,pid,,,Link 16 04 MOS Mod BPA TTNT On Ramp (C),,432,PMW-150
added,N00039-25-RFPREQ-PMW-150-0132,pid,,,C2P 01 TR BPA Call 6 (C),,433,PMW-150
added,N00039-25-RFPREQ-PMW-150-0133,pid,,,Link 16 99 MOS Mod BPA TTNT Scope DLS Mod #N0003921A1001,,427,PMW-150
added,N00039-25-RFPREQ-PMW-150-0134,pid,,,Link 16 99 MOS Mod BPA TTNT Scope DRS Mod #N0003921A1002,,428,PMW-150
added,N00039-25-RFPREQ-PMW-150-0138,pid,,,C2P 03 TR BPA Call 7 (C),,437,PMW-150
added,N00039-25-RFPREQ-PMW-160-0001,pid,,,ADNS Production MAC RFP #32 (C),,16,PMW-160
added,N00039-25-RFPREQ-PMW-160-0035,pid,,,ADNS MAC RFP #1 (C),,364,PMW-160
added,N00039-25-RFPREQ-PMW-160-0068,pid,,,CANES MAC RFP 9114A CTU 3 Kits (C),,390,PMW-160
added,N00039-25-RFPREQ-PMW-160-0103,pid,,,CANES MAC RFP 9114B CTU 3 Kits (C),,408,PMW-160
added,N00039-25-RFPREQ-PMW-160-0110,pid,,,CANES MAC RFP 9115 SCN 1 System (C),,421,PMW-160
added,N00039-25-RFPREQ-PMW-160-0111,pid,,,CANES MAC RFP 9116 4 INCOs (C),,434,PMW-160
removed,N00039-25-RFPREQ-PMW-740-0004,pid,,PEO C4I PMW 740 Taiwan Installation Support Incremental (C),,638,,PMW-740
changed,N00039-25-RFPREQ-PMW-740-0005,pid,procurement_method,,Full and Open Competition,636,121,PMW-740
changed,N00039-25-RFPREQ-PMW-740-0005,pid,solicitation_fy,,TBD,636,121,PMW-740
changed,N00039-25-RFPREQ-PMW-740-0005,pid,solicitation_quarter,,TBD,636,121,PMW-740
changed,N00039-25-RFPREQ-PMW-740-0005,pid,award_fy,FY25,FY26,636,121,PMW-740
changed,N00039-25-RFPREQ-PMW-740-0005,pid,award_quarter,Q2,Q1,636,121,PMW-740
changed,N00039-25-RFPREQ-PMW-740-0006,pid,procurement_method,,Full and Open Competition,637,113,PMW-740
changed,N00039-25-RFPREQ-PMW-740-0006,pid,contract_type,TBD,Cost-Reimbursement,637,113,PMW-740
changed,N00039-25-RFPREQ-PMW-740-0006,pid,procurement_instrument,TBD,Single-Award Indefinite-Delivery,637,113,PMW-740
changed,N00039-25-RFPREQ-PMW-740-0006,pid,solicitation_fy,,TBD,637,113,PMW-740
changed,N00039-25-RFPREQ-PMW-740-0006,pid,solicitation_quarter,,TBD,637,113,PMW-740
changed,N00039-25-RFPREQ-PMW-740-0006,pid,award_fy,FY24,FY26,637,113,PMW-740
changed,N00039-25-RFPREQ-PMW-740-0006,pid,award_quarter,Q4,Q1,637,113,PMW-740
changed,N00039-25-RFPREQ-PMW-740-0006,pid,follow_on_or_new,,New,637,113,PMW-740
removed,N00039-25-RFPREQ-PMW-740-0007,pid,,Malaysia COMSEC Task Order (2026) (C),,642,,PMW-740
added,N00039-25-RFPREQ-PMW-740-0013,pid,,,Iraqi Navy MSS Upgrade and Sustainment (IQ-P-GAI) (C),,325,PMW-740
added,N00039-25-RFPREQ-PMW-740-0028,pid,,,Bahamas MSS 8 (C),,379,PMW-740
added,N00039-25-RFPREQ-PMW-740-0029,pid,,,Philippines Link-16 Phase 1 - CIIS Task Order (C),,385,PMW-740
added,N00039-25-RFPREQ-PMW-740-0040,pid,,,Philippines Mobile Command Center Project (C),,411,PMW-740
added,N00039-25-RFPREQ-PMW-740-0061,pid,,,Bahamas MSS 3/4 (New),,149,PMW-740
added,N00039-25-RFPREQ-PMW-750-0010,pid,,,CVN 74 ZI UCA Definitization,,352,PMW-750
added,N00039-25-RFPREQ-PMW-750-0013,pid,,,LHA 10 RCS/DS/SSES (C),,345,PMW-750
added,N00039-25-RFPREQ-PMW-750-0016,pid,,,CVN 74 IC De-obligation,,375,PMW-750
added,N00039-25-RFPREQ-PMW-750-0034,pid,,,Modification to Contract #N0003919D0033,,417,PMW-750
added,N00039-25-RFPREQ-PMW-750-0037,pid,,,CVN 79 USS JOHN F KENNEDY MOD 08,,413,PMW-750
added,N00039-25-RFPREQ-PMW-760-0010,pid,,,NSC2I T-ATS 6 (Ph 5) and T-ATS 7 (Ph 4-5) (C),,351,PMW-760
added,N00039-25-RFPREQ-PMW-760-0014,pid,,,"NSC2I EMS 2 & 3, Phases 2-5 Award (C)",,376,PMW-760
added,N00039-25-RFPREQ-PMW-770-0019,pid,,,SubHDR VA Block VI/CLB Block II/FMS procurement,,354,PMW-770
added,N00039-25-RFPREQ-PMW-770-0022,pid,,,SCORPION LRIP,,346,PMW-770
added,N00039-25-RFPREQ-PMW-770-0034,pid,,,Hull Penetrator 18 units,,399,PMW-770
added,N00039-25-RFPREQ-PMW-770-0048,pid,,,CSRR C&M DO #6,,355,PMW-770
added,N00039-25-RFPREQ-PMW-790-0124,pid,,,EVERFOX PLA (STACC) (C),,169,PMW-790
added,N00039-25-RFPREQ-PMW-790-0153,pid,,,SYBASE (GCCS-J) (C),,172,PMW-790
added,N00039-25-RFPREQ-PMW-790-0157,pid,,,evergreen FKNA Pure Storage (VSE) (C),,171,PMW-790
changed,N00039-25-RFPREQ-PMW/A-170-0001,pid,procurement_method,,Full and Open Competition,409,108,PMW/A-170
changed,N00039-25-RFPREQ-PMW/A-170-0001,pid,contract_type,TBD,Fixed-Price,409,108,PMW/A-170
changed,N00039-25-RFPREQ-PMW/A-170-0001,pid,procurement_instrument,TBD,Single-Award Indefinite-Delivery,409,108,PMW/A-170
changed,N00039-25-RFPREQ-PMW/A-170-0001,pid,solicitation_fy,,FY26,409,108,PMW/A-170
changed,N00039-25-RFPREQ-PMW/A-170-0001,pid,solicitation_quarter,,Q2,409,108,PMW/A-170
changed,N00039-25-RFPREQ-PMW/A-170-0001,pid,award_quarter,Q1,Q2,409,108,PMW/A-170
changed,N00039-25-RFPREQ-PMW/A-170-0001,pid,follow_on_or_new,,Follow-on,409,108,PMW/A-170
changed,N00039-25-RFPREQ-PMW/A-170-0001,pid,existing_contract_number,,N0003916C0087,409,108,PMW/A-170
changed,N00039-25-RFPREQ-PMW/A-170-0001,pid,incumbent_contractor,,BAE SYSTEMS INFORMATION AND ELECTRONIC SYSTEMS INTEGRATION INC.,409,108,PMW/A-170
removed,N00039-25-RFPREQ-PMW/A-170-0002,pid,,BRSE Production (C),,410,,PMW/A-170
added,N00039-25-RFPREQ-PMW/A-170-0030,pid,,,WAMS Phase II - TO TBD,,168,PMW/A-170
added,N00039-25-RFPREQ-PMW/A-170-0202,pid,,,ESRP - New TO - OPN Sustainment (Hardware),,320,PMW/A-170
added,N00039-25-RFPREQ-PMW/A-170-0204,pid,,,ESRP TO40 (24F2207) Mod - FY25 TeraScan Annual License Renewal,,321,PMW/A-170
added,N00039-25-RFPREQ-PMW/A-170-0222,pid,,,ESRP New TO Final SMT Phase/Completion,,323,PMW/A-170
added,N00039-25-RFPREQ-PMW/A-170-0223,pid,,,ESRP New TO SCN Ships,,324,PMW/A-170
added,N00039-25-RFPREQ-PMW/A-170-0239,pid,,,PMW/A 170 Integrated Logistics Support Services - Follow-On (C),,326,PMW/A-170
added,N00039-25-RFPREQ-PMW/A-170-0240,pid,,,"PMW/A 170 Cybersecurity, Engineering, and Technical Support Follow-On Task Order",,322,PMW/A-170
added,N00039-25-RFPREQ-PMW/A-170-0258,pid,,,GPNTS - Software Ceiling Increase,,363,PMW/A-170
added,N00039-25-RFPREQ-PMW/A-170-0276,pid,,,NTCDL - Stand Alone Bridge Contract,,378,PMW/A-170
added,N00039-25-RFPREQ-PMW/A-170-0277,pid,,,PRP FY27 Follow-on Contract,,380,PMW/A-170
added,N00039-25-RFPREQ-PMW/A-170-0302,pid,,,WAMS TO Technical Studies Follow-On,,394,PMW/A-170
added,N00039-25-RFPREQ-PMW/A-170-0304,pid,,,WAMS TO Software Defects,,395,PMW/A-170
added,N00039-25-RFPREQ-PMW/A-170-0307,pid,,,ESRP - Cost Overruns for TO 36 (N0003923F2010) (Modernization),,391,PMW/A-170
added,N00039-25-RFPREQ-PMW/A-170-0334,pid,,,CBSP TO 01 Generic Eng. Svcs.,,409,PMW/A-170
added,N00039-25-RFPREQ-PMW/A-170-0342,pid,,,NASA SEWP Crypto Order,,415,PMW/A-170
added,N00039-25-RFPREQ-PMW/A-170-0343,pid,,,DMR OE-570 - Frontgrade Antenna Evaluation - 18D0004,,418,PMW/A-170
added,N00039-25-RFPREQ-PMW/A-170-0346,pid,,,DMR - Ancillary Definitization Mod for OP 3 - 5 - 24D2000,,422,PMW/A-170
added,N00039-25-RFPREQ-PMW/A-170-0357,pid,,,ESRP - Cost Overruns for TO 34 (N0003922F2179) (CVN 78 Overhaul),,435,PMW/A-170
added,N00039-25-RFPREQ-PMW/A-170-0358,pid,,,ESRP - Cost Overruns for TO 35 (N0003923F2008) (Sustainment Initiatives),,436,PMW/A-170
added,N00039-25-RFPREQ-PMW/A-170-0372,pid,,,WAMS - SW 101/Test Event Task Order,,443,PMW/A-170
added,N00039-25-RFPREQ-PMW/A-170-0374,pid,,,ESRP - TO 30 (N0003921F2030) Unfunded Ceiling De-Obligation,,444,PMW/A-170
added,N00039-25-RFPREQ-PMW/A-170-0375,pid,,,ESRP - TO 38 (N0003923F2063) Unfunded Ceiling De-Obligation,,446,PMW/A-170
added,N00039-25-RFPREQ-Pf004MNHR-0001,pid,,,My Navy Assignment (MNA) Sustainment Tech Refresh,,164,Pf004MNHR
added,N00039-25-RFPREQ-Pf004MNHR-0020,pid,,,Learning Stack (LS) Rating Career Domain Continuum (RCDC) Sustainment,,330,Pf004MNHR
added,N00039-25-RFPREQ-Pf004MNHR-0079,pid,,,My Navy Assignment (MNA) Sustainment Tech Refresh_Task Order,,397,Pf004MNHR
added,N00039-25-RFPREQ-Pf004MNHR-0086,pid,,,ADE Licenses Procurement,,406,Pf004MNHR
added,N00039-25-RFPREQ-Pf004MNHR-0112,pid,,,MNHR Software Procurement,,439,Pf004MNHR
added,N00039-25-RFPREQ-Pf005NABS-0047,pid,,,DACM MIS Option Exercise,,414,Pf005NABS
added,N00039-25-RFPREQ-Pf005NABS-0049,pid,,,PEO MLB Visual Program Office (VPO) (C),,426,Pf005NABS
added,N00039-25-RFPREQ-Pf007NERP-0004,pid,,,Standard Labor Data Collection and Distribution Application (SLDCADA) Sustainment (C),,20,Pf007NERP
added,N00039-25-RFPREQ-Pf007NERP-0006,pid,,,Navy Enterprise Resource Planning (NERP) Technical Support Services (C),,138,Pf007NERP
added,N00039-25-RFPREQ-Pf007NERP-0042,pid,,,"ERP, ERP+ and SLDCADA Engineering and Logistics Support Services (C)",,134,Pf007NERP
added,N00039-25-RFPREQ-Pf007NERP-0043,pid,,,Navy ERP+ CSO (C),,173,Pf007NERP
added,N00039-25-RFPREQ-Pf007NERP-0055,pid,,,Navy ERP+ Commercial Solution Offering (CSO) Procurement (C),,151,Pf007NERP
added,N00039-25-RFPREQ-Pf008MLBFO-0001,pid,,,PEO MLB Adaptive Acquisition Assurance Cell (C),,347,Pf008MLBFO
removed,N00039-25-RFPREQ-Pf1-PAS-0001,pid,,Naval Enterprise DevSecOps and Software Modernization IDIQ - Follow On Effort,,186,,Pf1-PAS
added,N00039-26-RFPREQ-4.0-0001,pid,,,NAVWAR 4.0 Logistics and Technical Support Services (FY28) (C),,150,4.0
added,N00039-26-RFPREQ-8.0-0004,pid,,,8.0 FY26 UiPath Annual Maintenance Renewal Order (C),,392,8.0
removed,N00039-26-RFPREQ-CSBO-0001,pid,,PEO Digital Engineering and Logistics Support follow on (C),,227,,CSBO
added,N00039-26-RFPREQ-PCE-0004,pid,,,PEO Digital Research & Advisory Services Follow On Effort (C),,137,PCE
changed,N00039-26-RFPREQ-PMA/PMW-101-0003,pid,procurement_instrument,Delivery Order/Task Order,Delivery Order/Task Order (not under Federal Supply Schedule Contract),169,115,PMA/PMW-101
changed,N00039-26-RFPREQ-PMA/PMW-101-0003,pid,solicitation_fy,,TBD,169,115,PMA/PMW-101
changed,N00039-26-RFPREQ-PMA/PMW-101-0003,pid,solicitation_quarter,,TBD,169,115,PMA/PMW-101
changed,N00039-26-RFPREQ-PMA/PMW-101-0005,pid,solicitation_fy,,TBD,28,120,PMA/PMW-101
changed,N00039-26-RFPREQ-PMA/PMW-101-0005,pid,solicitation_quarter,,TBD,28,120,PMA/PMW-101
removed,N00039-26-RFPREQ-PMS-485-0001,pid,,Integrated Common Processor (ICP) 28,,461,,PMS-485
added,N00039-26-RFPREQ-PMS-485-0002,pid,,,Modeling & Simulation-28 Contract,,96,PMS-485
added,N00039-26-RFPREQ-PMW-150-0003,pid,,,NILE Link 22 Training Task Order 5,,359,PMW-150
added,N00039-26-RFPREQ-PMW-160-0006,pid,,,ADNS MAC RFP #2 (C),,365,PMW-160
added,N00039-26-RFPREQ-PMW-160-0007,pid,,,ADNS MAC RFP #3 (C),,366,PMW-160
added,N00039-26-RFPREQ-PMW-160-0008,pid,,,ADNS MAC RFP #4 (C),,367,PMW-160
added,N00039-26-RFPREQ-PMW-160-0009,pid,,,ADNS MAC RFP #5 (C),,368,PMW-160
added,N00039-26-RFPREQ-PMW-160-0010,pid,,,ADNS MAC RFP #6 (C),,369,PMW-160
changed,N00039-26-RFPREQ-PMW-740-0003,pid,procurement_method,,Full and Open Competition,640,126,PMW-740
changed,N00039-26-RFPREQ-PMW-740-0003,pid,solicitation_fy,,TBD,640,126,PMW-740
changed,N00039-26-RFPREQ-PMW-740-0003,pid,solicitation_quarter,,TBD,640,126,PMW-740
added,N00039-26-RFPREQ-PMW-740-0005,pid,,,Integrated International Support Services (follow-on) (C),,141,PMW-740
added,N00039-26-RFPREQ-PMW-770-0005,pid,,,CSRR C&M DO#7,,356,PMW-770
added,N00039-26-RFPREQ-PMW-790-0022,pid,,,Program Management Support Services,,423,PMW-790
removed,N00039-26-RFPREQ-PMW/A-170-0001,pid,,DMR - PA MAC Follow-on (C),,191,,PMW/A-170
added,N00039-26-RFPREQ-PMW/A-170-0005,pid,,,DMR - SMRC OTP,,442,PMW/A-170
added,N00039-26-RFPREQ-Pf004MNHR-0005,pid,,,Learning Stack (LS) - LS Tools System Integration (SI) Support,,328,Pf004MNHR
added,N00039-27-RFPREQ-4.0-0001,pid,,,NAVWAR 4.0 Engineering and Lifecycle Support Services (FY28) (C),,155,4.0
added,N00039-27-RFPREQ-8.0-0003,pid,,,INDUS Follow on (C),,110,8.0
added,N00039-27-RFPREQ-PCE-0002,pid,,,PEO Digital Engineering and Logistics Support (FY27) (C),,119,PCE
added,N00039-27-RFPREQ-PMS-485-0001,pid,,,Delivery Order for the FFP Production of a CLTS Array Shipset,,175,PMS-485
added,N00039-27-RFPREQ-PMW-150-0001,pid,,,NILE Link 22 Training Task Order 6,,360,PMW-150
added,N00039-27-RFPREQ-PMW-160-0005,pid,,,ADNS MAC RFP #7 (C),,370,PMW-160
added,N00039-27-RFPREQ-PMW-160-0006,pid,,,ADNS MAC RFP #8 (C),,371,PMW-160
added,N00039-27-RFPREQ-PMW-160-0007,pid,,,ADNS MAC RFP #9 (C),,372,PMW-160
removed,N00039-27-RFPREQ-PMW-740-0001,pid,,India COMSEC Task Order (2027) (C),,643,,PMW-740
added,N00039-27-RFPREQ-Pf007NERP-0004,pid,,,SLDCADA 2 Support Services_Option Exercise (C),,95,Pf007NERP
added,N00039-28-RFPREQ-PMS-485-0001,pid,,,Delivery Order for the FFP Production of a CLTS Array Shipset,,176,PMS-485
added,N00039-28-RFPREQ-Pf007NERP-0001,pid,,,"NERP, SLDCADA and ERP+ Services",,129,Pf007NERP
added,N00039-28-RFPREQ-Pf007NERP-0003,pid,,,"Navy ERP, SLDCADA and ERP+ Option Year 1",,130,Pf007NERP
added,N00039-28-RFPREQ-Pf007NERP-0004,pid,,,SLDCADA 2_Sustainment (C),,339,Pf007NERP
added,N00039-28-RFPREQ-Pf007NERP-0005,pid,,,"ERP, ERP+ and SLDCADA Engineering & Support Services_Option Year 1 (C)",,135,Pf007NERP
added,N00039-29-RFPREQ-PMS-485-0001,pid,,,Delivery Order for the FFP Production of a CLTS Array Shipset,,177,PMS-485
added,N00039-29-RFPREQ-PMS-485-0002,pid,,,Towed Array Integrated Product Team (TAIPT) Telemetry-29,,178,PMS-485
added,N00039-29-RFPREQ-PMS-485-0005,pid,,,FY29 CLTS/LTS Spares Delivery Order,,416,PMS-485
added,N00039-29-RFPREQ-Pf007NERP-0001,pid,,,"ERP, ERP+, and SLDCADA Auditability Sustainment Effort (C)",,131,Pf007NERP
added,N00039-29-RFPREQ-Pf007NERP-0002,pid,,,"Navy ERP, SLDCADA and ERP+ Support Services_Option Year 2",,334,Pf007NERP
added,N00039-29-RFPREQ-Pf007NERP-0003,pid,,,SLDCADA 2_Sustainment_Option Exercise (C),,340,Pf007NERP
added,N00039-29-RFPREQ-Pf007NERP-0004,pid,,,"ERP, ERP+ and SLDCADA Engineering & Logistics Services_Option Year 2 (C)",,136,Pf007NERP
added,N00039-30-RFPREQ-Pf007NERP-0002,pid,,,"ERP, ERP+, and SLDCADA Auditability Sustainment_Option Year 1 (C)",,132,Pf007NERP
added,N00039-30-RFPREQ-Pf007NERP-0003,pid,,,"Navy ERP, SLDCADA and ERP+ Support Services_Option Year 3",,335,Pf007NERP
added,N00039-30-RFPREQ-Pf007NERP-0004,pid,,,SLDCADA 2_Sustainment_Option Exercise (C),,341,Pf007NERP
added,N00039-30-RFPREQ-Pf007NERP-0005,pid,,,"ERP, ERP+ and SLDCADA Engineering & Logistics Support Services_Option Exercise (C)",,342,Pf007NERP
added,N00039-31-RFPREQ-Pf007NERP-0001,pid,,,"Navy ERP, SLDCADA and ERP+ Support Services_Option Year 4",,336,Pf007NERP
added,N00039-31-RFPREQ-Pf007NERP-0002,pid,,,"ERP, ERP+, and SLDCADA Audit and Remediation IT General Control (ITGC) Sustainment (C)",,337,Pf007NERP
added,N00039-31-RFPREQ-Pf007NERP-0003,pid,,,"ERP, ERP+ and SLDCADA  Engineering & Logistics Services_Option Exercise (C)",,343,Pf007NERP
added,N00039-32-RFPREQ-Pf007NERP-0001,pid,,,"ERP, ERP+, and SLDCADA Audit and Remediation IT General Control (ITGC) Sustainment_Option Exercise (C)",,338,Pf007NERP
removed,N65236-21-RFPREQ-LSUBP00035-0001,pid,,Submarine CWITT and SWFTS Modernization (N65236-22-R-0017),,16,,LSUBP00035
removed,N65236-22-RFPREQ-LBUSP00025-0009,pid,,MVF IPT Integration and Fielding Support _ PR 1300995495 CRM-22-00600-SeaPort (C),,599,,LBUSP00025
removed,N65236-22-RFPREQ-LSUBP00001-0015,pid,,LIPTM00004_FAA_MMATCT_SEWP (C),,470,,LSUBP00001
removed,N65236-22-RFPREQ-LSUBP00004-0010,pid,,LIPTM00129 - UCS Engineering & Logistics Support - SeaPort TO (C),,600,,LSUBP00004
removed,N65236-22-RFPREQ-LSUBP00006-0008,pid,,LIPTM00214 - USCG IPT - L-3  Communications Corp - NICHE Contract (CIR 22-023),,21,,LSUBP00006
removed,N65236-22-RFPREQ-LSUBP00009-0001,pid,,CYBERSECURITY ASSESSMENT AND AUTHORIZATION SUPPORT - SeaPort (C),,605,,LSUBP00009
removed,N65236-22-RFPREQ-LSUBP00009-0002,pid,,CYBERSECURITY RISK MANAGEMENT OPERATIONS (RMOPS) (C),,606,,LSUBP00009
removed,N65236-22-RFPREQ-LSUBP00009-0009,pid,,"NETWORK PROTECTION DESIGN, DEPLOYMENT, AND ENGINEERING SUPPORT - SeaPort (C)",,33,,LSUBP00009
removed,N65236-22-RFPREQ-LSUBP00009-0010,pid,,Defense Health Agency Information Transport III - SeaPort (C),,31,,LSUBP00009
removed,N65236-22-RFPREQ-LSUBP00015-0002,pid,,"LIPTM00488 - USNO IPT - U.S. Naval Observatory (USNO) Precise Time and Astrometry (PTA) Networks Engineering, Production",,504,,LSUBP00015
removed,N65236-22-RFPREQ-LSUBP00016-0017,pid,,LIPTM00120 - SDRS IPT Technical Support - SeaPort-NxG Base + 4 Option Years (C),,230,,LSUBP00016
removed,N65236-22-RFPREQ-LSUBP00016-0020,pid,,LIPTM00120-SDRS IPT OROLIA HARDWARE RENEWAL JTNC FY23- SEWP (C),,255,,LSUBP00016
removed,N65236-22-RFPREQ-LSUBP00017-0003,pid,,LIPTM00453- WAN Infrastructure Support - SeaPort TO (C),,142,,LSUBP00017
removed,N65236-22-RFPREQ-LSUBP00021-0005,pid,,Forensics Equipment for USMC Program of Record (POR) (C),,293,,LSUBP00021
removed,N65236-22-RFPREQ-LSUBP00021-0012,pid,,"LIPTM00455-TCIO, CIHEP, NON IT EQUIPMENT, GSA (C)",,274,,LSUBP00021
removed,N65236-22-RFPREQ-LSUBP00021-0018,pid,,PROGRAM MANAGEMENT ENGINEER SYSTEMS SUPPORT - SeaPort (C),,281,,LSUBP00021
removed,N65236-22-RFPREQ-LSUBP00021-0022,pid,,USMC Logistics Analysis Technical Management Team - SeaPort (C),,275,,LSUBP00021
removed,N65236-22-RFPREQ-LSUBP00022-0001,pid,,LIPTM00149 - CCOP and ASE Engineering and Technical Support - CME (New TO) (C),,73,,LSUBP00022
removed,N65236-22-RFPREQ-LSUBP00022-0002,pid,,LIPTM00156 - Automatic Identification System (AIS) and Joint Tactical Terminal (JTT) In-Service Engineering Activity (IS,,655,,LSUBP00022
removed,N65236-22-RFPREQ-LSUBP00023-0003,pid,,National Intelligence Systems Engineering and Capability Development - SeaPort (C),,32,,LSUBP00023
removed,N65236-22-RFPREQ-LSUBP00034-0011,pid,,LIPTM00119-CVN-75 CAMERA PROCUREMENT-SEWP (C),,512,,LSUBP00034
removed,N65236-22-RFPREQ-LSUBP00035-0001,pid,,AFLOAT SUBMARINE C4I IPT TECHNICAL SUPPORT SERVICES - SeaPort TO (C),,499,,LSUBP00035
removed,N65236-22-RFPREQ-LSUBP00035-0007,pid,,SUBMARINE INTEGRATION DIVISION SCHEDULING AND PROGRAM MANAGEMENT SUPPORT SERVICES Base + 4 Options SEAPORT NEXGEN (C),,505,,LSUBP00035
removed,N65236-22-RFPREQ-LSUBP00035-0008,pid,,AFLOAT Sub C4I IPT Process and Documentation Support Base + 4 Options SEAPORT NEXGEN (C),,511,,LSUBP00035
removed,N65236-22-RFPREQ-LSUBP00056-0005,pid,,LIPTM00107_Naval Tactical Command Support System (NTCSS) Support Services-SeaPort TO (C),,140,,LSUBP00056
removed,N65236-22-RFPREQ-LSUBP00057-0001,pid,,Surface Ship Integration Division and Fleet Installation & Response Division Installation Technical and Logistic Support,,10,,LSUBP00057
removed,N65236-22-RFPREQ-LSUBP00064-0006,pid,,LIPTM00410 Enterprise Communications Infrastructure (ECI) Support - SeaPort (C),,138,,LSUBP00064
removed,N65236-23-RFPREQ-LBUSP00023-0002,pid,,Chugach SAC -Fleet C4I and Readiness Emergent/Rapid Fleet Response Support (CIR 22-022),,19,,LBUSP00023
removed,N65236-23-RFPREQ-LBUSP00023-0006,pid,,CVN 71 SNAIAS MANUAL REVISION,,190,,LBUSP00023
removed,N65236-23-RFPREQ-LBUSP00027-0002,pid,,ONR/ATR IPT Advanced Technologies Project Support,,435,,LBUSP00027
removed,N65236-23-RFPREQ-LBUSP00027-0003,pid,,CONTRACT/PLANNING TOOL (23-004),,434,,LBUSP00027
removed,N65236-23-RFPREQ-LBUSP00030-0015,pid,,"LBUSP00030, Facilities Support, Pre-Priced CLINS New Task Order",,122,,LBUSP00030
removed,N65236-23-RFPREQ-LBUSP00030-0020,pid,,"LBUSP00030, Corporate Operations, Business Process Modeling",,298,,LBUSP00030
removed,N65236-23-RFPREQ-LBUSP00030-0024,pid,,"LBUSP00030, CORPORATE OPERATIONS, TOTAL FORCE AND LAB MANAGEMENT SUPPORT",,296,,LBUSP00030
added,N65236-23-RFPREQ-LBUSP00030-0044,pid,,,"LBUSP00030, COMMAND OPERATIONS & MISSION SUPPORT (PPA LBUSP00030-0044)",,203,LBUSP00030
removed,N65236-23-RFPREQ-LBUSP00032-0002,pid,,"LBUSP00032, 6.0 COMPETENCY PROGRAM MANAGEMENT (PM) SUPPORT, MBAS-II",,627,,LBUSP00032
removed,N65236-23-RFPREQ-LSUBP00001-0003,pid,,LIPTM00002_Polar Cyber Support_SEAPORT (C),,607,,LSUBP00001
removed,N65236-23-RFPREQ-LSUBP00001-0004,pid,,LIPTM00004_FAA_LMATCT_SEWP (C),,608,,LSUBP00001
removed,N65236-23-RFPREQ-LSUBP00001-0006,pid,,LIPTM00003_NAVFIG_ATC MAC (C),,609,,LSUBP00001
changed,N65236-23-RFPREQ-LSUBP00001-0007,pid,procurement_method,TBD,Sole Source,619,187,LSUBP00001
changed,N65236-23-RFPREQ-LSUBP00001-0007,pid,procurement_instrument,Delivery Order/Task Order,Single-Award Indefinite-Delivery,619,187,LSUBP00001
changed,N65236-23-RFPREQ-LSUBP00001-0007,pid,solicitation_fy,,FY25,619,187,LSUBP00001
changed,N65236-23-RFPREQ-LSUBP00001-0007,pid,solicitation_quarter,,Q3,619,187,LSUBP00001
changed,N65236-23-RFPREQ-LSUBP00001-0007,pid,award_fy,FY24,FY25,619,187,LSUBP00001
changed,N65236-23-RFPREQ-LSUBP00001-0007,pid,follow_on_or_new,New,Follow-on,619,187,LSUBP00001
changed,N65236-23-RFPREQ-LSUBP00001-0007,pid,existing_contract_number,,N6523619D1001,619,187,LSUBP00001
changed,N65236-23-RFPREQ-LSUBP00001-0007,pid,incumbent_contractor,,"LEIDOS, INC.",619,187,LSUBP00001
removed,N65236-23-RFPREQ-LSUBP00001-0008,pid,,LIPTM00003_XCVR WIN11 Migration_ATC MAC (C),,610,,LSUBP00001
removed,N65236-23-RFPREQ-LSUBP00001-0009,pid,,LIPTM00003_NAS Fallon OCIR_SEWP (C),,611,,LSUBP00001
removed,N65236-23-RFPREQ-LSUBP00001-0016,pid,,LIPTM00004_MSAB Tower Integration_ATC MAC (C),,615,,LSUBP00001
removed,N65236-23-RFPREQ-LSUBP00001-0020,pid,,LIPTM00002_Polar Ops Support_SAC_Follow-On (CIR 23-XXX) (C),,616,,LSUBP00001
removed,N65236-23-RFPREQ-LSUBP00001-0026,pid,,LIPTM00004_MIDS JTRS Equip_SEWP (C),,472,,LSUBP00001
removed,N65236-23-RFPREQ-LSUBP00001-0045,pid,,LIPTM00003_FOCIS(V)3 TDM Equip Upgrade_SEWP (C),,473,,LSUBP00001
removed,N65236-23-RFPREQ-LSUBP00001-0047,pid,,LIPTM00004_ACC Long Lead Items_SEWP open (C),,475,,LSUBP00001
removed,N65236-23-RFPREQ-LSUBP00001-0048,pid,,LIPTM00004_ACC Project_SEWP (C),,620,,LSUBP00001
removed,N65236-23-RFPREQ-LSUBP00001-0056,pid,,LIPTM00003_FY23 NAS Mod_CM-350 EI_SEWP (C),,621,,LSUBP00001
removed,N65236-23-RFPREQ-LSUBP00001-0063,pid,,LIPTM00003_Remote Comms & Microwave Link_ATC SAC,,614,,LSUBP00001
removed,N65236-23-RFPREQ-LSUBP00001-0064,pid,,LIPTM00002_Polar Programs_Marble Point AMOS_GSA (C),,622,,LSUBP00001
removed,N65236-23-RFPREQ-LSUBP00001-0067,pid,,LIPTM00004_MEARTS FY24_SAC,,612,,LSUBP00001
removed,N65236-23-RFPREQ-LSUBP00001-0072,pid,,LIPTM00004_MERLIN_Internals_SEWP (C),,476,,LSUBP00001
removed,N65236-23-RFPREQ-LSUBP00001-0080,pid,,LIPTM00003_Cisco C8200L_Routers_GSA (C),,477,,LSUBP00001
removed,N65236-23-RFPREQ-LSUBP00001-0081,pid,,LIPTM00003_Sunhillo_RICI-6000_GSA (C),,478,,LSUBP00001
removed,N65236-23-RFPREQ-LSUBP00001-0082,pid,,LIPTM00003_Sunhillo_RICI-6000 Translators_GSA (C),,479,,LSUBP00001
removed,N65236-23-RFPREQ-LSUBP00001-0083,pid,,LIPTM00001_SLIP RINGS_CLIN 0002_EEC,,471,,LSUBP00001
removed,N65236-23-RFPREQ-LSUBP00002-0004,pid,,LIPTM00132_Naval & Joint Europe _MISCELLANEOUS MATERIAL FOR CONFERECNE ROOM_SEWP (C),,41,,LSUBP00002
removed,N65236-23-RFPREQ-LSUBP00002-0005,pid,,LIPTM00006_Naval Command and Operations Center_INSTALL MATERIAL_SEWP (C),,42,,LSUBP00002
removed,N65236-23-RFPREQ-LSUBP00002-0012,pid,,"LIPTM00006, Naval Command & Operations Centers, C5F Programming Support, SAC",,49,,LSUBP00002
removed,N65236-23-RFPREQ-LSUBP00002-0021,pid,,"LIPTM00008, Joint Command & Operations Center, AADS-PADS Procure/Install, CMS MAC (C)",,44,,LSUBP00002
removed,N65236-23-RFPREQ-LSUBP00002-0023,pid,,LIPTM00132_Naval & Joint Europe _CISCO MATERIAL FOR CONFERENCE ROOM_DOD ESI CISCO SEWP CATALOG (C),,45,,LSUBP00002
removed,N65236-23-RFPREQ-LSUBP00002-0026,pid,,LIPTM00006_Naval Command and Operations Center_INSTALL CISCO MATERIAL_DOD ESI SEWP CATALOG (C),,52,,LSUBP00002
removed,N65236-23-RFPREQ-LSUBP00002-0030,pid,,LIPTM00395 - MULTI MEDIA  IPT - 23-021 COMNAV BEACH Material - SEWP (C),,53,,LSUBP00002
removed,N65236-23-RFPREQ-LSUBP00002-0031,pid,,LIPTM00395 - MULTI MEDIA  IPT - 23-016 MARINE CORPS SECURITY FORCES REGIMENT AUDIO VISUAL Material - SEWP (C),,54,,LSUBP00002
removed,N65236-23-RFPREQ-LSUBP00002-0032,pid,,LIPTM00395 - MULTI MEDIA  IPT - 22-044 COMPACFLT AUDIO VISUAL Material - SEWP (C),,55,,LSUBP00002
removed,N65236-23-RFPREQ-LSUBP00002-0045,pid,,LIPTM00395 - MULTI MEDIA IPT - 22-068 SEATECH AUDIO VISUAL Material - SEWP (C),,518,,LSUBP00002
removed,N65236-23-RFPREQ-LSUBP00002-0046,pid,,LIPTM00395 - MULTI MEDIA  IPT - 22-069 SEATECH AUDIO VISUAL Material - SEWP (C),,519,,LSUBP00002
removed,N65236-23-RFPREQ-LSUBP00002-0052,pid,,LIPTM00395 - MULTI MEDIA  IPT - TPL 23-092  COMNAVSURFPAC AUDIO VISUAL Material - SEWP (C),,59,,LSUBP00002
removed,N65236-23-RFPREQ-LSUBP00002-0057,pid,,LIPTM00395 - MULTI MEDIA  IPT - TPL 23-092A EVANS CUSTOM TABLE  - SEWP (C),,57,,LSUBP00002
removed,N65236-23-RFPREQ-LSUBP00002-0058,pid,,LIPTM00395 - MULTI MEDIA  IPT - TPL 23-091 CISCO-ESI (C),,58,,LSUBP00002
removed,N65236-23-RFPREQ-LSUBP00002-0059,pid,,"LIPTM00006, Naval Command & Operations Centers, C6F VDS MOC Installation Support, SAC",,36,,LSUBP00002
removed,N65236-23-RFPREQ-LSUBP00002-0060,pid,,"LBUSP00026, Shore C2ISR Dept, New SAC TO, MBAS II PM/FM/BA",,37,,LSUBP00002
removed,N65236-23-RFPREQ-LSUBP00002-0061,pid,,LIPTM00395 - MULTI MEDIA  IPT - TPL 22-068/22-069 CISCO PRODUCTS (C),,60,,LSUBP00002
removed,N65236-23-RFPREQ-LSUBP00002-0062,pid,,LIPTM00132_Naval & Joint Europe_Material for United States European Command (USEUCOM) SITE C_ SEWP (C),,61,,LSUBP00002
removed,N65236-23-RFPREQ-LSUBP00002-0063,pid,,LIPTM00132_Naval & Joint Europe_Material for United States European Command (USEUCOM) SITE C_ DOD Cisco SEWP Catalog (C),,62,,LSUBP00002
removed,N65236-23-RFPREQ-LSUBP00002-0064,pid,,LIPTM00395 - MULTI MEDIA  IPT - TPL 23-092A-D -ESI (C),,63,,LSUBP00002
removed,N65236-23-RFPREQ-LSUBP00002-0065,pid,,LIPTM00395 - MULTI MEDIA  IPT - TPL 23-078/79 CMDIO-SEWP (C),,64,,LSUBP00002
removed,N65236-23-RFPREQ-LSUBP00002-0066,pid,,LIPTM00395 - MULTI MEDIA  IPT - TPL 23-078/79 CMDIO-ESI SEWP (C),,65,,LSUBP00002
removed,N65236-23-RFPREQ-LSUBP00002-0069,pid,,LIPTM00395 - MULTI MEDIA  IPT - TPL 23-052A-B -ESI (C),,66,,LSUBP00002
removed,N65236-23-RFPREQ-LSUBP00002-0070,pid,,LIPTM00395 - MULTI MEDIA  IPT - TPL 23-052A-B MARFORCOM-SEWP (C),,67,,LSUBP00002
removed,N65236-23-RFPREQ-LSUBP00002-0072,pid,,LIPTM00395 - MULTI MEDIA  IPT - TPL 23-043  LPD 30 INSTALL  AUDIO VISUAL Material - SEWP (C),,68,,LSUBP00002
removed,N65236-23-RFPREQ-LSUBP00002-0073,pid,,LIPTM00395 - MULTI MEDIA  IPT - TPL 23-075 A-B NIPO TEAM INSTALL-SEWP (C),,69,,LSUBP00002
removed,N65236-23-RFPREQ-LSUBP00004-0001,pid,,"LIPTM00290, TSI IPT, Edge to Enterprise Design Engineering Support - SeaPort TO-Base + 4 OYs (C)",,282,,LSUBP00004
removed,N65236-23-RFPREQ-LSUBP00004-0012,pid,,"SOCS IPT, NEW ORDER, N6523620D8003, FY23 SDN-Mv2-Hv2 Upgrade Proc, LIPTM00128",,329,,LSUBP00004
removed,N65236-23-RFPREQ-LSUBP00004-0029,pid,,"LIPTM00290, Tactical Services & Infrastructure, Matrix Chat SW, SEWP (C)",,108,,LSUBP00004
removed,N65236-23-RFPREQ-LSUBP00004-0032,pid,,"LIPTM00290, TSI IPT, Blue Coat SW, SEWP (C)",,109,,LSUBP00004
removed,N65236-23-RFPREQ-LSUBP00004-0035,pid,,FY 23 Special Operations Forces (SOF) Deployable Node-LITE (SDN-L) Family of Systems (FoS),,330,,LSUBP00004
changed,N65236-23-RFPREQ-LSUBP00004-0052,pid,procurement_method,,Full and Open Competition,469,183,LSUBP00004
changed,N65236-23-RFPREQ-LSUBP00004-0052,pid,contract_type,TBD,Cost-Reimbursement,469,183,LSUBP00004
changed,N65236-23-RFPREQ-LSUBP00004-0052,pid,procurement_instrument,Single-Award Indefinite-Delivery,Delivery Order/Task Order (not under Federal Supply Schedule Contract),469,183,LSUBP00004
changed,N65236-23-RFPREQ-LSUBP00004-0052,pid,solicitation_fy,,FY25,469,183,LSUBP00004
changed,N65236-23-RFPREQ-LSUBP00004-0052,pid,solicitation_quarter,,Q3,469,183,LSUBP00004
changed,N65236-23-RFPREQ-LSUBP00004-0052,pid,award_quarter,Q2,Q4,469,183,LSUBP00004
removed,N65236-23-RFPREQ-LSUBP00004-0061,pid,,FY 23 SDN Communications on the Move (COTM)-SAC,,302,,LSUBP00004
removed,N65236-23-RFPREQ-LSUBP00004-0065,pid,,LIPTM00128-SOCS-Satellite Antenna Spare Components-SEWP (C),,347,,LSUBP00004
removed,N65236-23-RFPREQ-LSUBP00004-0076,pid,,LIPTM00128-SOCSDN_LAB MATERIAL_SEWP (C),,357,,LSUBP00004
removed,N65236-23-RFPREQ-LSUBP00004-0079,pid,,LIPTM00128_SDN Wireless Testing Material_SEWP (C),,358,,LSUBP00004
added,N65236-23-RFPREQ-LSUBP00004-0128,pid,,,LIPTM00128-SOCS IPT-FPA-SOCS SCAMPI C4I SoS & LCS SPT,,200,LSUBP00004
removed,N65236-23-RFPREQ-LSUBP00006-0010,pid,,LIPTM00241 - USCG IPT - TELEVISION-DIRECT TO SAILORS - (T606 JG) SEWP (C),,13,,LSUBP00006
removed,N65236-23-RFPREQ-LSUBP00006-0011,pid,,LIPTM00214 - C4I FMS IPT- TAIWAN_FMS Case TW-P-GOX Engineering - Support and Testing of Multi-Data Link Management Syste,,18,,LSUBP00006
removed,N65236-23-RFPREQ-LSUBP00006-0024,pid,,LIPTM00214 - C4I FMS IPT- JAPAN - FMS - JA-P-NCO ASEV,,17,,LSUBP00006
removed,N65236-23-RFPREQ-LSUBP00006-0032,pid,,LIPTM00241 - USCG - SCIF/ATIP RACKS - (T637 JG) SEWP (C),,14,,LSUBP00006
removed,N65236-23-RFPREQ-LSUBP00006-0040,pid,,"LIPTM00214, C4I Foreign Military Sales IPT, Satellite Phones,SEWP (C)",,15,,LSUBP00006
removed,N65236-23-RFPREQ-LSUBP00006-0046,pid,,"TACMOBILE ENGINEERING, INTEGRATION & INSTALLATION SUPPORT (C)",,22,,LSUBP00006
removed,N65236-23-RFPREQ-LSUBP00006-0050,pid,,LIPTM00226 - NAVAIR FMS TWN-23-3004 HELP DESK - SEWP (C),,23,,LSUBP00006
removed,N65236-23-RFPREQ-LSUBP00006-0054,pid,,LIPTM00226 - NAVAIR FMS TWN-23-3001 RUGGED/DELL/PANDUIT SEWP (C),,24,,LSUBP00006
removed,N65236-23-RFPREQ-LSUBP00006-0064,pid,,LIPTM00226-NAVAIR-FMS-KS-P3-23-002-TRIVEC-SEWP (C),,26,,LSUBP00006
removed,N65236-23-RFPREQ-LSUBP00006-0065,pid,,"LIPTM00214 - C4I FMS IPT-NATO-FMS CASE N1-P-LAA, SEWP (C)",,25,,LSUBP00006
removed,N65236-23-RFPREQ-LSUBP00006-0070,pid,,LIPTM00214-C4I FMS IPT _Costa Rica_FMS Case CS-P-LBF_SAC_Two Year,,248,,LSUBP00006
removed,N65236-23-RFPREQ-LSUBP00006-0078,pid,,"LIPTM00214 - C4I FMS, USCENTCOM Partner Network and CENTRIXSFMS, CASE BA-P-GBM, SEWP (C)",,27,,LSUBP00006
added,N65236-23-RFPREQ-LSUBP00006-0122,pid,,,"LIPTM00046, TACMOBILE, TACMOBILE SYSTEMS LIFECYCLE SUPPORT (New TO - Base +4 OYs), SEAPORT (C)",,202,LSUBP00006
added,N65236-23-RFPREQ-LSUBP00006-0143,pid,,,"LIPTM00226, NAVAIR FMS, FMS ENGINEERING, LOGISTICS, AND P-3 SUPPORT - New SEAPORT NXGEN Task Order - Base +4OYS (C)",,199,LSUBP00006
removed,N65236-23-RFPREQ-LSUBP00007-0001,pid,,Small Business - Logistics Support - VTT - SeaPort TO (C),,280,,LSUBP00007
removed,N65236-23-RFPREQ-LSUBP00007-0004,pid,,Production Logistics Support for LAV Life Cycle Support (C),,285,,LSUBP00007
removed,N65236-23-RFPREQ-LSUBP00007-0011,pid,,Fielded Ground Vehicle (FGV) Integration and Fielding Support (C),,306,,LSUBP00007
removed,N65236-23-RFPREQ-LSUBP00007-0028,pid,,EPI DIV PMFM Support,,327,,LSUBP00007
removed,N65236-23-RFPREQ-LSUBP00007-0031,pid,,"LIPTM00346, Ceiling Increase, PWS changes Fielded Ground Systems (FGS) IPT, Mod, Pop Extension,",,326,,LSUBP00007
removed,N65236-23-RFPREQ-LSUBP00007-0036,pid,,"LIPTM00346, Fielded Ground Systems (FGV), Tactical Imagery Production System Next Generation (TIPS NG) First Article (FA",,304,,LSUBP00007
removed,N65236-23-RFPREQ-LSUBP00007-0046,pid,,"LIPTM00346, FIELDED GROUND SYSTEMS,USN) Tactical Vehicles FY23 - Vehicle Integration Kit (VIK) Engineering, Procurement,",,299,,LSUBP00007
removed,N65236-23-RFPREQ-LSUBP00007-0050,pid,,LIPTM00346 - Fielded Ground Systems (FGS) and requirement is to purchase BFT MFoCS Cables - Base Year 12 months,,297,,LSUBP00007
removed,N65236-23-RFPREQ-LSUBP00007-0053,pid,,LIPTM00052 Counter Threat Platforms SupportFY23 JPO JLTV Logistics and Engineering Support,,295,,LSUBP00007
removed,N65236-23-RFPREQ-LSUBP00009-0002,pid,,APPLICATION DEVELOPMENT AND PROCESS TRANSFORMATION (ADAPT) SUPPORT II,,618,,LSUBP00009
removed,N65236-23-RFPREQ-LSUBP00009-0006,pid,,"LIPTM00074,DHA/HSI, 23-003 NHC Cherry Point and NMC Camp Lejeune LAN Forklifts-SEWP (C)",,210,,LSUBP00009
removed,N65236-23-RFPREQ-LSUBP00009-0012,pid,,"Web App Transformation, Engineering and Refactoring Support (WATERS) (CIR/PPA 23-XXX)",,617,,LSUBP00009
removed,N65236-23-RFPREQ-LSUBP00009-0043,pid,,"LIPTM00074, HEALTH SYSTEMS INFRASTRUCTURE, 23-008 MISC for FT.BRAGG, NH JAX, CAMP LEJEUNE, PETERSON AFB, TRAVIS AFB, KOR",,211,,LSUBP00009
removed,N65236-23-RFPREQ-LSUBP00009-0069,pid,,"LIPTM00074, DHA/HSI IPT, 23-010 RUCKUS for NMC SD_NH BREM_JB LEWIS-MCCHORD_MACDILL_LAUGHLIN_TRIPLER-SEWP (C)",,212,,LSUBP00009
removed,N65236-23-RFPREQ-LSUBP00009-0071,pid,,"LIPTM00074, DHA/HSI IPT, 23-011 CISCO for MESOC-SAN ANTONIO, TX & WALTER REED NMMC-SEWP (C)",,213,,LSUBP00009
removed,N65236-23-RFPREQ-LSUBP00009-0074,pid,,LIPTM00478 CSSP CISCO SWITCH REPLACEMENT SEWP/DOD-ESI (C),,214,,LSUBP00009
removed,N65236-23-RFPREQ-LSUBP00009-0076,pid,,"LIPTM00074, DHA/HSI IPT, 23-012 JUNIPER for FT. LEONARD WOOD & KOREA'S 121ST-SEWP (C)",,215,,LSUBP00009
removed,N65236-23-RFPREQ-LSUBP00009-0086,pid,,"LIPTM00074, DHA/HSI IPT, 23-013 MISC for KOREA's 121ST, FT. LEONARD WOOD & NMC SAN DIEGO-SEWP (C)",,216,,LSUBP00009
removed,N65236-23-RFPREQ-LSUBP00009-0096,pid,,Cyber Red Team Operational and Developmental Support and Cyber Security Program Management Support II-SAC TO,,613,,LSUBP00009
removed,N65236-23-RFPREQ-LSUBP00009-0103,pid,,Medical Information Delivery Applied Services (MIDAS) Engineering Support II (C),,623,,LSUBP00009
removed,N65236-23-RFPREQ-LSUBP00009-0109,pid,,"LIPTM00074, DHA/HSI IPT, 23-016 WLAN ENGINEERING LAB-SEWP (C)",,624,,LSUBP00009
removed,N65236-23-RFPREQ-LSUBP00009-0118,pid,,"LIPTM00074, DHA/HSI IPT, 23-014 WLAN HPE for FLW LEJ ROBINS MOODY BRKSDL KSLR BRAGG GDFLW-SEWP (C)",,217,,LSUBP00009
removed,N65236-23-RFPREQ-LSUBP00009-0126,pid,,"LIPTM00074, DHA/HSI IPT, 23-015 BRAND OR EQUAL for BARKSDALE AFB, MOODY AFB, ROBINS AFB-SEWP (C)",,218,,LSUBP00009
removed,N65236-23-RFPREQ-LSUBP00009-0130,pid,,"LIPTM00079, HSSE, FIBER CABLES, SEWP (C)",,625,,LSUBP00009
removed,N65236-23-RFPREQ-LSUBP00009-0144,pid,,"LIPTM00478, FORCEPOINT SOFTWARE RENEWAL, GSA (C)",,219,,LSUBP00009
removed,N65236-23-RFPREQ-LSUBP00009-0147,pid,,LIPTM00478 MOBATEK SOFTWARE RENEWAL SEWP (C),,220,,LSUBP00009
removed,N65236-23-RFPREQ-LSUBP00009-0150,pid,,"LIPTM00074, DHA/HSI IPT, 23-017 for KEESLER AIR FORCE BASE FORKLIFT-SEWP (C)",,626,,LSUBP00009
added,N65236-23-RFPREQ-LSUBP00009-0166,pid,,,"LIPTM00307, DHRE IPT, DEFENSE HEALTH READINESS ENGINEERING SUPPORT II, NxG (C)",,182,LSUBP00009
changed,N65236-23-RFPREQ-LSUBP00010-0002,pid,anticipated_total_value,$250M - $1B,$100M - $250M,51,184,LSUBP00010
changed,N65236-23-RFPREQ-LSUBP00010-0002,pid,solicitation_fy,FY24,FY25,51,184,LSUBP00010
changed,N65236-23-RFPREQ-LSUBP00010-0002,pid,solicitation_quarter,Q2,Q3,51,184,LSUBP00010
changed,N65236-23-RFPREQ-LSUBP00010-0002,pid,award_fy,FY25,FY26,51,184,LSUBP00010
changed,N65236-23-RFPREQ-LSUBP00010-0002,pid,award_quarter,Q2,Q1,51,184,LSUBP00010
removed,N65236-23-RFPREQ-LSUBP00010-0009,pid,,NAVCONBRIG Miramar ESCS Technical Support Guard Duress,,48,,LSUBP00010
removed,N65236-23-RFPREQ-LSUBP00010-0012,pid,,NGA CMS Lifecycle Optimization (C),,40,,LSUBP00010
removed,N65236-23-RFPREQ-LSUBP00010-0028,pid,,CYP CCTV Lifecycle Support Maintenance - SeaPort (C),,43,,LSUBP00010
removed,N65236-23-RFPREQ-LSUBP00010-0039,pid,,Commander Navy Region Mid-Atlantic (CNRMA) Electronic Security Systems (ESS)Sustainment Support (C),,56,,LSUBP00010
removed,N65236-23-RFPREQ-LSUBP00010-0042,pid,,PNBC Philadelphia LAMAS Alarm Integration,,38,,LSUBP00010
removed,N65236-23-RFPREQ-LSUBP00010-0043,pid,,NCR Expansion ESS Upgrade,,46,,LSUBP00010
removed,N65236-23-RFPREQ-LSUBP00010-0044,pid,,NGA LMR Headend Refresh,,47,,LSUBP00010
removed,N65236-23-RFPREQ-LSUBP00010-0058,pid,,NGA DIA SMS Integration,,35,,LSUBP00010
added,N65236-23-RFPREQ-LSUBP00010-0061,pid,,,"LIPTM00333, IT-OT CES (C)",,205,LSUBP00010
removed,N65236-23-RFPREQ-LSUBP00010-0069,pid,,CYP CCTV Installation Expansion (C),,71,,LSUBP00010
removed,N65236-23-RFPREQ-LSUBP00010-0072,pid,,"LIPTM00085, MST MUL USMC ESS QTR 3 FY23 (C)",,70,,LSUBP00010
removed,N65236-23-RFPREQ-LSUBP00010-0074,pid,,"LIPTM00080 Headquarters, Naval Sea Systems Command (NAVSEA) Integrated Electronic Security System (IESS) Sustainment (C)",,72,,LSUBP00010
removed,N65236-23-RFPREQ-LSUBP00011-0024,pid,,"LIPTM00086, MYNAVY HUMAN RESOURCES SOLUTIONS, TFMMS IBM PAM License, SEWP (C)",,584,,LSUBP00011
removed,N65236-23-RFPREQ-LSUBP00011-0025,pid,,"LIPTM00086/MyNavy Human Resources Solutions- Smartbear ReadyAPI! Software renewal, SEWP (C)",,481,,LSUBP00011
removed,N65236-23-RFPREQ-LSUBP00011-0030,pid,,"LIPTM00086/MyNavy Human Resources Solutions -Dell EMC Data Domain Software renewal, SEWP (C)",,586,,LSUBP00011
removed,N65236-23-RFPREQ-LSUBP00011-0035,pid,,"LIPTM00457, Integrated Service Center, JAVA SSO Maintenance Renewal, SEWP (C)",,482,,LSUBP00011
removed,N65236-23-RFPREQ-LSUBP00011-0037,pid,,"LIPTM00086/MyNavy Human Resources Solutions- Subversion (SVN) Open Source Software (OSS)/Tortoise SVN Software support, ",,484,,LSUBP00011
removed,N65236-23-RFPREQ-LSUBP00011-0043,pid,,"LIPTM00086/MyNavy Human Resources Solutions- Adobe Connect Software renewal, SEWP (C)",,489,,LSUBP00011
removed,N65236-23-RFPREQ-LSUBP00011-0045,pid,,"LIPTM00086/MyNavy Human Resources Solutions- BMC Control- M Software renewal, SEWP (C)",,590,,LSUBP00011
removed,N65236-23-RFPREQ-LSUBP00011-0047,pid,,"LIPTM00086/MyNavy Human Resources Solutions- Phire Architect SW renewal, SEWP (C)",,595,,LSUBP00011
removed,N65236-23-RFPREQ-LSUBP00011-0053,pid,,"LIPTM00086/MyNavy Human Resources Solutions- Dell EMC Data Domain, SEWP (C)",,497,,LSUBP00011
removed,N65236-23-RFPREQ-LSUBP00011-0054,pid,,"LIPTM00457, Integrated Service Center, Kinetic Request Software Renewal, SEWP (C)",,498,,LSUBP00011
changed,N65236-23-RFPREQ-LSUBP00015-0002,pid,anticipated_total_value,$50M - $100M,$100M - $250M,500,186,LSUBP00015
changed,N65236-23-RFPREQ-LSUBP00015-0002,pid,procurement_method,TBD,Small Business Set-Aside,500,186,LSUBP00015
changed,N65236-23-RFPREQ-LSUBP00015-0002,pid,procurement_instrument,Delivery Order/Task Order,Single-Award Indefinite-Delivery,500,186,LSUBP00015
changed,N65236-23-RFPREQ-LSUBP00015-0002,pid,solicitation_fy,,FY25,500,186,LSUBP00015
changed,N65236-23-RFPREQ-LSUBP00015-0002,pid,solicitation_quarter,,Q3,500,186,LSUBP00015
changed,N65236-23-RFPREQ-LSUBP00015-0002,pid,award_fy,,FY25,500,186,LSUBP00015
changed,N65236-23-RFPREQ-LSUBP00015-0002,pid,award_quarter,,Q4,500,186,LSUBP00015
removed,N65236-23-RFPREQ-LSUBP00015-0008,pid,,"LIPTM00116-UCVS IPT-UC Engineering, Technical, Integration and Infrastructure Support-SEAPORT NXGEN (Base +4OYS) (C)",,503,,LSUBP00015
removed,N65236-23-RFPREQ-LSUBP00015-0028,pid,,"LIPTM00447, Secure Voice Solutions - ADNS, Spirent Testcenter Gold and C1 Support Renewal- NASA SEWP (C)",,516,,LSUBP00015
removed,N65236-23-RFPREQ-LSUBP00015-0041,pid,,LIPTM00116-UCVS IPT-Telephony UC Engineering and Technical Support-SeaPort (C),,521,,LSUBP00015
removed,N65236-23-RFPREQ-LSUBP00015-0055,pid,,"LIPTM00447, Secure Voice Solutions IPT, DDG - 125, NEW TO SAC - 19-D-8002",,526,,LSUBP00015
removed,N65236-23-RFPREQ-LSUBP00015-0064,pid,,"LIPTM00115, Tactical Shore Systems (TSS) IPT, Ashore Navy Network Operation Center Support - Seaport (new TO) Base + 4 O",,544,,LSUBP00015
removed,N65236-23-RFPREQ-LSUBP00015-0066,pid,,"LIPTM00447, SECURE VOICE SOLUTIONS IPT - DRSN NEW TO (NEW 3 YR SAC)",,524,,LSUBP00015
removed,N65236-23-RFPREQ-LSUBP00015-0074,pid,,"LIPTM00115, Tactical Shore Systems IPT- DELL R740XD, SEWP (C)",,553,,LSUBP00015
removed,N65236-23-RFPREQ-LSUBP00015-0080,pid,,LIPTM00116-UCVS IPT-OTDR MODULEPROCUREMENT-SEWP (C),,559,,LSUBP00015
removed,N65236-23-RFPREQ-LSUBP00015-0084,pid,,LIPTM00116-UCVS IPT-CISCO PROCUREMENT-SEWP (C),,562,,LSUBP00015
removed,N65236-23-RFPREQ-LSUBP00015-0089,pid,,LIPTM00116-UCVS-IOR & ECR HW Procurement-SEWP (C),,566,,LSUBP00015
removed,N65236-23-RFPREQ-LSUBP00015-0090,pid,,LIPTM00116-UCVS-RTMS HW Procurement-SEWP (C),,568,,LSUBP00015
removed,N65236-23-RFPREQ-LSUBP00015-0091,pid,,"LIPTM00115,  TSS IPT - Naples DWDM SFP Procurement, SEWP (C)",,569,,LSUBP00015
removed,N65236-23-RFPREQ-LSUBP00015-0094,pid,,"LIPTM00447, Secure Voice Solutions IPT, MULTIPLE HULLS, NEW SAC TASK ORDER (19D8002)",,508,,LSUBP00015
removed,N65236-23-RFPREQ-LSUBP00015-0097,pid,,LIPTM00116-UCVS IPT-RIBBON PROCUREMENT-SEWP (C),,573,,LSUBP00015
removed,N65236-23-RFPREQ-LSUBP00015-0101,pid,,LIPTM00116-UCVS IPT-Microchip Procurement-SEWP (C),,579,,LSUBP00015
removed,N65236-23-RFPREQ-LSUBP00015-0103,pid,,"LIPTM00447, SECURE VOICE SOLUTIONS - ADNS, SECURE SYNC TIMING AND FREQUENCY EQUIP (C)",,581,,LSUBP00015
removed,N65236-23-RFPREQ-LSUBP00015-0104,pid,,"LIPTM00447, SECURE VOICE SOLUTIONS- Defense Red Switch Network (DRSN) Long Local over Internet Protocol (LLoIP)_POP EXT ",,506,,LSUBP00015
removed,N65236-23-RFPREQ-LSUBP00016-0014,pid,,"LIPTM000415: OA-9277A Coupler and Power Supply FY23 Procurement, RF Products (SAC)",,261,,LSUBP00016
removed,N65236-23-RFPREQ-LSUBP00016-0015,pid,,LIPTM00415-Radio Comms-FY 23 Tactical Variant Switch (TVS)-MAC (C),,254,,LSUBP00016
removed,N65236-23-RFPREQ-LSUBP00016-0057,pid,,"LIPTM00304, Position, Navigation & Timing (PNT) Engineering IPT, Highland Technology, Mounting Flange, 5-Channel Etherne",,257,,LSUBP00016
removed,N65236-23-RFPREQ-LSUBP00016-0059,pid,,LIPTM00415-DDG-70/ 80 CU-2416A Antenna procurement- GSA Schedule (C),,258,,LSUBP00016
removed,N65236-23-RFPREQ-LSUBP00016-0069,pid,,LIPTM00448-FMS KOREA KDX-III AN/WSN-7 GENERAL ENGINEERING AND TECHNICAL SUPPORT-BANG0005- (WR SYSTEMS NEW SAC),,260,,LSUBP00016
removed,N65236-23-RFPREQ-LSUBP00016-0072,pid,,"LIPTM00448-PNT, WSN7 FMS Japan BANG0006_CPFF-COMP (WR NEW SAC)",,259,,LSUBP00016
removed,N65236-23-RFPREQ-LSUBP00016-0090,pid,,"LIPTM00120, SDRS IPT, UbE Lab Equipment, SEWP (C)",,262,,LSUBP00016
removed,N65236-23-RFPREQ-LSUBP00016-0091,pid,,LIPTM00448-CVN CLASS SNAIAS MANUAL REVISION-Limbaugh0006-(WR Systems-NEW),,253,,LSUBP00016
removed,N65236-23-RFPREQ-LSUBP00016-0093,pid,,LIPTM00304-UNMANNED SURFACE VEHICLE (USV) NAVIGATION SYSTEMS SUPPORT-Marsh0016-(WR Systems-NEW),,252,,LSUBP00016
removed,N65236-23-RFPREQ-LSUBP00016-0094,pid,,"LIPTM00120, SDRS IPT, SILVUS DELL SANCTUARY FY23- SEWP (C)",,264,,LSUBP00016
removed,N65236-23-RFPREQ-LSUBP00016-0096,pid,,"LIPTM00304, (PNT) Engineering IPT, MILCOTS (Rugged Panel 19"") &  INNODISK (ICF 1ME w/KIOXIA 15nm/Industrial) SEWP (C)",,263,,LSUBP00016
removed,N65236-23-RFPREQ-LSUBP00016-0102,pid,,LIPTM00304-NAVIGATION SYSTEMS ENGINEERING AND TECHNICAL SUPPORT-Smith0004-(WR Systems-NEW),,251,,LSUBP00016
removed,N65236-23-RFPREQ-LSUBP00016-0108,pid,,LSUBP00016: NAVY AFLOAT & NAV DIV PM AND FM SUPPORT (MBAS II SAC - NEW),,250,,LSUBP00016
removed,N65236-23-RFPREQ-LSUBP00016-0109,pid,,"LIPTM00415-Radio Comms IPT, Tactical Variant Switch (TVS) FY 23 order-MAC (C)",,265,,LSUBP00016
removed,N65236-23-RFPREQ-LSUBP00016-0110,pid,,LSUBP0016 - Radio COMMS IPT- DMR TECH SUPPORT_35 MOS. POP_CENTURUM (SAC)-NEW TO),,249,,LSUBP00016
removed,N65236-23-RFPREQ-LSUBP00016-0115,pid,,LIPTM00415-Radio Comms IPT- FY 25 and on OA-9277A Coupler and Power Supply procurement-NEW NICHE SAC (CIR/PPA 2X-XXX),,236,,LSUBP00016
removed,N65236-23-RFPREQ-LSUBP00016-0118,pid,,LIPTM00448-AN/WSN-9 DIGITAL HYBRID SPEED LOG (DHYSL) PRODUCTION SUPPORT-Marsh0014-(WR Systems-NEW),,238,,LSUBP00016
removed,N65236-23-RFPREQ-LSUBP00016-0119,pid,,LIPTM00448-FMS JAPAN AN/WSN-7 LIFECYCLE GENERAL ENGINEERING AND TECHNICAL SUPPORT LTS-Bang0008-(WR Systems-NEW),,240,,LSUBP00016
removed,N65236-23-RFPREQ-LSUBP00016-0129,pid,,"LIPTM00120, SDRS IPT, VQUAD II FY23 RENEWAL, SEWP (C)",,266,,LSUBP00016
removed,N65236-23-RFPREQ-LSUBP00016-0130,pid,,LIPTM00304-Aircraft Inertail Alignment System (AIAS) Production Support CVN 80 SCN-Lambert0012-(WR Systems-NEW),,237,,LSUBP00016
removed,N65236-23-RFPREQ-LSUBP00016-0143,pid,,LIPTM00121_ATS IPT: SATCOM MODERNIZATION SPPT_30 Month POP_(CENTURUM (SAC)-NEW TO),,234,,LSUBP00016
removed,N65236-23-RFPREQ-LSUBP00016-0146,pid,,"LIPTM00304-PNT Engineering, INFORMATION SECURITY / CYBERSECURITY AND TECHNICAL SUPPORT SERVICES-LeviWilliams-TO-22F0638-",,235,,LSUBP00016
removed,N65236-23-RFPREQ-LSUBP00016-0149,pid,,"LIPTM00121_ATS IPT: PMW/A 170 System Operability Testing (SOT), SOT II, Deploying Group System Integration Testing (DGSI",,232,,LSUBP00016
removed,N65236-23-RFPREQ-LSUBP00016-0150,pid,,LSUBP0016 - RCIPT- FY23 ISEA Spt_12 Month POP_Chugach (SAC)_New TO 21-D-8009,,231,,LSUBP00016
removed,N65236-23-RFPREQ-LSUBP00016-0158,pid,,LIPTM00448-FMS JAPAN ASEV AN/WSN-7 RLGN LBTS AND GENERAL ENGINEERING AND TECHNICAL SUPPORT PROGRAM-Bang0007-(WR Systems-,,239,,LSUBP00016
removed,N65236-23-RFPREQ-LSUBP00016-0161,pid,,"LIPTM00448-PNT ISEA: 21F0417_SSBN/SSGN/OCR TACNAV AND IC/DTS ISEA _MOD_REV. PWS, INCREASE CEILING,INC FUNDS (WRS SAC)",,233,,LSUBP00016
removed,N65236-23-RFPREQ-LSUBP00016-0164,pid,,"LIPTM00304, (PNT) Engineering IPT, ELECTRIC BOAT (VA Master Controller and Electromagnetic Log Voltage Simulator (ELVS) ",,268,,LSUBP00016
removed,N65236-23-RFPREQ-LSUBP00017-0011,pid,,"LIPTM00453, Special Networks IPT, Operationalizing Enterprise Capabilities, D/O (Prototype) (C)",,154,,LSUBP00017
removed,N65236-23-RFPREQ-LSUBP00021-0001,pid,,Digital Forensics Triage Software for USMC POR 1301003856 PPS-22-218-0003 (C),,269,,LSUBP00021
removed,N65236-23-RFPREQ-LSUBP00021-0002,pid,,Digital Data Extraction Software for USMC POR PPS-22-218-0006 (C),,270,,LSUBP00021
removed,N65236-23-RFPREQ-LSUBP00021-0003,pid,,CELLEX Software for USMC POR  PPS-22-218-0007 (C),,271,,LSUBP00021
removed,N65236-23-RFPREQ-LSUBP00021-0004,pid,,MEDEX Software for USMC POR  PPS-22-218-0008 (C),,272,,LSUBP00021
removed,N65236-23-RFPREQ-LSUBP00021-0006,pid,,Distributed Common Ground/Surface System – Marine Corps (DCGS-MC) Test and Evaluation Support Services - SeaPort (C),,283,,LSUBP00021
removed,N65236-23-RFPREQ-LSUBP00021-0007,pid,,"Distributed Common Ground/Surface System – Marine Corps (DCGS-MC), Geospatial Intelligence (GEOINT), All Source, Signals",,284,,LSUBP00021
removed,N65236-23-RFPREQ-LSUBP00021-0011,pid,,LIPTM00455-FDS-MC IT Hardware (C),,279,,LSUBP00021
removed,N65236-23-RFPREQ-LSUBP00021-0013,pid,,"LIPTM00455-TCIO, OPTICS KIT, SEWP (C)",,286,,LSUBP00021
removed,N65236-23-RFPREQ-LSUBP00021-0014,pid,,"LIPT00455-TCIO, UGS KIT, SEWP (C)",,287,,LSUBP00021
removed,N65236-23-RFPREQ-LSUBP00021-0015,pid,,"LIPTM00455-TCIO, GRCS KIT, SEWP (C)",,288,,LSUBP00021
removed,N65236-23-RFPREQ-LSUBP00021-0016,pid,,LIPTM00455-TRSS WORKSTATION REFRESH (C),,289,,LSUBP00021
removed,N65236-23-RFPREQ-LSUBP00021-0017,pid,,LIPTM00455-MSIDS WORKSTATION REFRESH (C),,290,,LSUBP00021
removed,N65236-23-RFPREQ-LSUBP00021-0018,pid,,LIPTM00455-MARITIME PROTOTYPES (C),,291,,LSUBP00021
removed,N65236-23-RFPREQ-LSUBP00021-0020,pid,,LIPTM00455-Surveillance Communication Set End User Device (EUD) (C),,292,,LSUBP00021
removed,N65236-23-RFPREQ-LSUBP00021-0024,pid,,"PROGRAM MANAGEMENT, ENGINEERING, AND LOGISTICS SUPPORT TO USMC INFORMATION DOMINANCE PROGRAM - SeaPort (C)",,277,,LSUBP00021
removed,N65236-23-RFPREQ-LSUBP00021-0026,pid,,LIPTM00455-MARITIME PROTOTYPES (C),,294,,LSUBP00021
removed,N65236-23-RFPREQ-LSUBP00021-0030,pid,,LIPTM00164 Green Force Tracking - SeaPort MKT SURVEY (C),,307,,LSUBP00021
removed,N65236-23-RFPREQ-LSUBP00021-0031,pid,,"LIPTM00455-TCIO, MCWL MLR BATTLELAB, SEWP (C)",,308,,LSUBP00021
removed,N65236-23-RFPREQ-LSUBP00021-0035,pid,,LIPTM00455-FDS-MC PHOTOGRAPHY EQUIPMENT (C),,309,,LSUBP00021
removed,N65236-23-RFPREQ-LSUBP00021-0042,pid,,Printer/Plotter Prototype (C),,310,,LSUBP00021
removed,N65236-23-RFPREQ-LSUBP00021-0072,pid,,"LIPTM00336, Distributed Common Ground Surface System-MC, CGW Lites, SEWP (C)",,313,,LSUBP00021
removed,N65236-23-RFPREQ-LSUBP00021-0073,pid,,"LIPTM00336, Distributed Common Ground Surface System-MC, Camtasia SW, SEWP",,328,,LSUBP00021
removed,N65236-23-RFPREQ-LSUBP00021-0088,pid,,"LIPTM00150, Expeditionary Signals Intelligence (SIGINT), SCO/SM HTLx T2 Receivers , NASA SEWP (C)",,316,,LSUBP00021
removed,N65236-23-RFPREQ-LSUBP00021-0095,pid,,"LIPTM00336, Distributed Common Ground Surface System, Palo Alto(2), SEWP (C)",,317,,LSUBP00021
removed,N65236-23-RFPREQ-LSUBP00021-0097,pid,,"LIPTM00455-TERRESTRIAL COLLECTIONS IDENTITY OPS, GPS TRACKER KIT, SEWP (C)",,318,,LSUBP00021
removed,N65236-23-RFPREQ-LSUBP00021-0102,pid,,"LIPTM00150, Expeditionary Signals Intelligence (SIGINT), CESAS II FoS Back-Packable Kits, NASA SEWP (C)",,319,,LSUBP00021
removed,N65236-23-RFPREQ-LSUBP00021-0106,pid,,"LIPTM00455-TERRESTRIAL COLLECTIONS IDENTITY OPS, USSOCOM ATAK PHONES, SEWP (C)",,320,,LSUBP00021
removed,N65236-23-RFPREQ-LSUBP00021-0108,pid,,"LIPTM00455-TERRESTRIAL COLLECTIONS IDENTITY OPS, IDOPS PROTOTYPE EQUIPMENT, SEWP (C)",,322,,LSUBP00021
removed,N65236-23-RFPREQ-LSUBP00021-0109,pid,,"LIPTM00455-TERRESTRIAL COLLECTIONS IDENTITY OPS, MARITIME RADARS, SEWP (C)",,323,,LSUBP00021
removed,N65236-23-RFPREQ-LSUBP00021-0110,pid,,"LIPTM00455-TERRESTRIAL COLLECTIONS IDENTITY OPS, MARITIME USV, SEWP (C)",,324,,LSUBP00021
removed,N65236-23-RFPREQ-LSUBP00021-0111,pid,,"LIPTM00455-TERRESTRIAL COLLECTIONS IDENTITY OPS, MARITIME SENSING DEVICES, SEWP (C)",,325,,LSUBP00021
removed,N65236-23-RFPREQ-LSUBP00021-0112,pid,,"LIPTM00455-TERRESTRIAL COLLECTIONS IDENTITY OPS, TCS, MARITIME COMMS (C)",,331,,LSUBP00021
removed,N65236-23-RFPREQ-LSUBP00021-0113,pid,,"LIPTM00455-TERRESTRIAL COLLECTIONS IDENTITY OPS, CIHEP PROTOTYPE EQUIP, SEWP (C)",,332,,LSUBP00021
removed,N65236-23-RFPREQ-LSUBP00021-0114,pid,,"LIPTM00455-TERRESTRIAL COLLECTIONS IDENTITY OPS, CIHEP EOCM, SEWP (C)",,333,,LSUBP00021
removed,N65236-23-RFPREQ-LSUBP00021-0137,pid,,"LIPTM00455-TCIO, CIHEP, System Refresh IT Equipment, SEWP (C)",,335,,LSUBP00021
removed,N65236-23-RFPREQ-LSUBP00021-0138,pid,,"LIPTM00150, Expeditionary Signals Intelligence (SIGINT), SCI Comms Mobility Pack (MP), NASA SEWP (C)",,336,,LSUBP00021
removed,N65236-23-RFPREQ-LSUBP00021-0143,pid,,"LIPTM00150, Expeditionary Signals Intelligence (SIGINT), TSCS INCREMENT IV RDT&E, NASA SEWP (C)",,339,,LSUBP00021
removed,N65236-23-RFPREQ-LSUBP00021-0154,pid,,"LIPTM00455,Terrestrial Collection Identity OPS (TCIO),SIGMAN Spectrum Guard Patrol Software, NASA SEWP (C)",,344,,LSUBP00021
removed,N65236-23-RFPREQ-LSUBP00021-0161,pid,,"LIPTM00455-Terrestrial Collections and Identity Operations (TCIO), Marine Corps Variant (MCV) Fly Away Broadcast System ",,301,,LSUBP00021
removed,N65236-23-RFPREQ-LSUBP00021-0164,pid,,"LIPTM00150, Expeditionary Signals Intelligence (SIGINT), TCAC FY23 RDTE, NASA SEWP (C)",,348,,LSUBP00021
removed,N65236-23-RFPREQ-LSUBP00021-0172,pid,,"LIPTM00336, DCGS-MC, Ansys, GSA (C)",,355,,LSUBP00021
removed,N65236-23-RFPREQ-LSUBP00021-0178,pid,,"LIPTM00455, Marine Corps Warfighting Lab (MCWL) ULTRA SOFTWARE (New)",,300,,LSUBP00021
removed,N65236-23-RFPREQ-LSUBP00021-0180,pid,,"LIPTM00455, Marine Corps Warfighting Lab (MCWL), VMWARE SOFTWARE, ELA (C)",,353,,LSUBP00021
removed,N65236-23-RFPREQ-LSUBP00021-0184,pid,,"LIPTM00150, Expeditionary Signals Intelligence (SIGINT), CESAS ANSYS Renewal, GSA (C)",,349,,LSUBP00021
removed,N65236-23-RFPREQ-LSUBP00021-0187,pid,,"LIPTM00455,Terrestrial Collection Identity OPS (TCIO),SIGMAN  INC I, NASA SEWP (C)",,351,,LSUBP00021
removed,N65236-23-RFPREQ-LSUBP00021-0191,pid,,"LIPTM00336, DCGS-MC, ADOBE, SEWP (C)",,360,,LSUBP00021
removed,N65236-23-RFPREQ-LSUBP00021-0192,pid,,LIPTM00455 TCS Optics Kit (C),,361,,LSUBP00021
removed,N65236-23-RFPREQ-LSUBP00021-0193,pid,,"LIPTM00455, TCS UGS Kit (C)",,362,,LSUBP00021
removed,N65236-23-RFPREQ-LSUBP00021-0194,pid,,"LIPTM00455, TCS GRCS Kit (C)",,363,,LSUBP00021
removed,N65236-23-RFPREQ-LSUBP00021-0195,pid,,"LIPTM00150, Expeditionary Signals Intelligence (SIGINT), TSCS/TCAC SCEPTRE Annual Support and Maintenance, NASA SEWP (C)",,356,,LSUBP00021
removed,N65236-23-RFPREQ-LSUBP00021-0199,pid,,"LIPTM00336, DCGS-MC, Test Assets, SEWP (C)",,359,,LSUBP00021
removed,N65236-23-RFPREQ-LSUBP00021-0201,pid,,"LIPTM00455, Marine Corps Warfighting Lab (MCWL), MICROSOFT, ELA (C)",,352,,LSUBP00021
removed,N65236-23-RFPREQ-LSUBP00022-0001,pid,,LIPTM00156 - DCGS-N-JTT Material Kits - CAEI Base + 1 Option,,365,,LSUBP00022
removed,N65236-23-RFPREQ-LSUBP00022-0002,pid,,LIPTM00156 - DCGS-N Test & Evaluation and Cybersecurity Support (3914 Follow-On) - Seaport New TO Base+4OY (C),,78,,LSUBP00022
changed,N65236-23-RFPREQ-LSUBP00022-0003,pid,anticipated_total_value,$7.5M - $50M,$100M - $250M,79,189,LSUBP00022
changed,N65236-23-RFPREQ-LSUBP00022-0003,pid,procurement_method,TBD,Small Business Set-Aside,79,189,LSUBP00022
changed,N65236-23-RFPREQ-LSUBP00022-0003,pid,procurement_instrument,Delivery Order/Task Order,Delivery Order/Task Order (not under Federal Supply Schedule Contract),79,189,LSUBP00022
changed,N65236-23-RFPREQ-LSUBP00022-0003,pid,solicitation_fy,FY24,FY25,79,189,LSUBP00022
changed,N65236-23-RFPREQ-LSUBP00022-0003,pid,award_fy,FY24,FY25,79,189,LSUBP00022
removed,N65236-23-RFPREQ-LSUBP00022-0005,pid,,LITPM00149 - SSEE FoS and CCOP FoS Engineering and Technical Support (3910 follow on) – Seaport New TO Base+4OY (C),,80,,LSUBP00022
removed,N65236-23-RFPREQ-LSUBP00022-0011,pid,,"LIPTM00156 - DCGS-N Systems Engineering, ISEA, and Training (3902 Follow On) - Seaport New TO Base+4OY (C)",,77,,LSUBP00022
removed,N65236-23-RFPREQ-LSUBP00022-0012,pid,,LIPTM00156 - DCGS-N System PPM and MCT (3904 Follow-On) - Niche/FOE New TO Base+4OY,,87,,LSUBP00022
removed,N65236-23-RFPREQ-LSUBP00022-0024,pid,,LIPTM00229 -  IUSS IPT - 300-23-909 - X-LOCKS (MORTON)-SEWP (C),,81,,LSUBP00022
removed,N65236-23-RFPREQ-LSUBP00022-0026,pid,,LIPTM00229 - IUSS IPT - 300-23-911 - JCDX (POPE)-SEWP (C),,82,,LSUBP00022
removed,N65236-23-RFPREQ-LSUBP00022-0027,pid,,LIPTM00229 - IUSS IPT - 300-23-912 - JCDX (MORTON)-SEWP (C),,83,,LSUBP00022
removed,N65236-23-RFPREQ-LSUBP00022-0029,pid,,LIPTM00229 - IUSS IPT - 300-23-914 - JCDX 2 (POPE)-SEWP (C),,84,,LSUBP00022
removed,N65236-23-RFPREQ-LSUBP00022-0056,pid,,LIPTM00156 - DCGS-N FY23-24 Hardware Systems Production - CAEI,,85,,LSUBP00022
removed,N65236-23-RFPREQ-LSUBP00022-0072,pid,,LIPTM00229 - IUSS IPT - 300-23-921 - CISCO Modules (Outlaw)-SEWP (C),,124,,LSUBP00022
removed,N65236-23-RFPREQ-LSUBP00022-0082,pid,,LIPTM00156 - FY23 DCGS-N CLOUDERA AND POSTGRESS - SEWP (C),,126,,LSUBP00022
removed,N65236-23-RFPREQ-LSUBP00022-0087,pid,,LIPTM00149 - ASE - SSEE Mission Module Shearwater - ASE-23-003 - SEWP (C),,90,,LSUBP00022
removed,N65236-23-RFPREQ-LSUBP00022-0094,pid,,LIPTM00229 - IUSS IPT - 300-23-925 - CISCO Routers (Outlaw)-SEWP (C),,128,,LSUBP00022
removed,N65236-23-RFPREQ-LSUBP00022-0095,pid,,LIPTM00229 - IUSS IPT - 300-23-926 - VIAVI Testers (Outlaw)-SEWP (C),,129,,LSUBP00022
removed,N65236-23-RFPREQ-LSUBP00022-0103,pid,,LIPTM00229 - IUSS IPT - 300-23-930 - EDI-B Equipment (WISEMAN)-SEWP (C),,367,,LSUBP00022
removed,N65236-23-RFPREQ-LSUBP00022-0104,pid,,LIPTM00149 - ASE - SSEE Inc F FMS Peregrine and WiFi Box - ASE-23-022 - SEWP (C),,91,,LSUBP00022
removed,N65236-23-RFPREQ-LSUBP00022-0105,pid,,LIPTM00149 - ASE - FMS Monarch Recorders and Signal Hound - SEWP - ASE-23-009 (C),,92,,LSUBP00022
removed,N65236-23-RFPREQ-LSUBP00022-0106,pid,,LIPTM00149 - ASE - SSEE Inc F Peregrine - ASE-23-011 - SEWP (C),,130,,LSUBP00022
removed,N65236-23-RFPREQ-LSUBP00022-0107,pid,,LIPTM00149 - ASE - SSEE Inc F DDG 128 & 129 Red Falcon Next Gen Chassis and Peregrine - ASE-23-014 - SEWP (C),,93,,LSUBP00022
removed,N65236-23-RFPREQ-LSUBP00022-0108,pid,,LIPTM00149 - ASE - SSEE MODS Mission Module Spares - ASE-23-041 - SEWP (C),,368,,LSUBP00022
removed,N65236-23-RFPREQ-LSUBP00022-0114,pid,,LIPTM00149 - ASE - SSEE Inc F Mission Module Spares - ASE-23-007 - SEWP (C),,132,,LSUBP00022
removed,N65236-23-RFPREQ-LSUBP00022-0115,pid,,"LIPTM00149 - ASE IPT - Horizon UPS, Ethernet, and 2U Servers - ASE-23-020 - SEWP (C)",,133,,LSUBP00022
removed,N65236-23-RFPREQ-LSUBP00022-0116,pid,,LIPTM00149 - ASE - SSEE CDE JFrog and SonarSource Licenses and Maintenance - ASE-23-042 - SEWP (C),,134,,LSUBP00022
removed,N65236-23-RFPREQ-LSUBP00022-0119,pid,,LIPTM00149 - ASE - SSEE Intellian Spares - ASE-23-040 - SEWP (C),,94,,LSUBP00022
removed,N65236-23-RFPREQ-LSUBP00022-0122,pid,,LIPTM00156 - DCGS-N - IBM ASPERA & ANALYST NBKS -  SEWP (C),,135,,LSUBP00022
removed,N65236-23-RFPREQ-LSUBP00022-0129,pid,,LIPTM00149 - ASE - SSEE Inc F Wideband Recorder Hardware and TCP UPS Filter- ASE-23-008-SEWP (C),,137,,LSUBP00022
removed,N65236-23-RFPREQ-LSUBP00022-0134,pid,,LIPTM00156 -  DCGS-N IPT -  ARCGIS (DAS) - SEWP (C),,97,,LSUBP00022
removed,N65236-23-RFPREQ-LSUBP00022-0135,pid,,LIPTM00156 - DCGSN IPT - FY23 DCGS-N SOCET DAS - SEWP (C),,98,,LSUBP00022
removed,N65236-23-RFPREQ-LSUBP00022-0139,pid,,LIPTM00229 - IUSS IPT - 300-23-927 - CISCO Routers (Outlaw)-SEWP (C),,102,,LSUBP00022
removed,N65236-23-RFPREQ-LSUBP00022-0140,pid,,LIPTM00229 - IUSS IPT - 300-23-928 - DELL WORKSTATION (Outlaw)-SEWP (C),,103,,LSUBP00022
removed,N65236-23-RFPREQ-LSUBP00022-0145,pid,,LIPTM00156 DCGS-N IPT FY23 NETAPP - SEWP (C),,104,,LSUBP00022
added,N65236-23-RFPREQ-LSUBP00022-0154,pid,,,DCGS-N Test & Evaluation and Cybersecurity Support - Seaport New TO (60 months) (C),,188,LSUBP00022
removed,N65236-23-RFPREQ-LSUBP00023-0001,pid,,Performance Based Logistics Support and Repair of Repairables Program support to NAVAIR PMA-290 and NAVSUP WSS-SeaPort (,,39,,LSUBP00023
removed,N65236-23-RFPREQ-LSUBP00023-0053,pid,,"LIPTM00183, INIS IPT, OTP MUOS Bcubed NEW TASK ORDER",,144,,LSUBP00023
removed,N65236-23-RFPREQ-LSUBP00024-0002,pid,,Network Security IPT - SeaPort TO (C),,76,,LSUBP00024
removed,N65236-23-RFPREQ-LSUBP00024-0003,pid,,LIPTM00439-KMI Bracket Procurement and Assembly POP 12 Months,,125,,LSUBP00024
removed,N65236-23-RFPREQ-LSUBP00024-0016,pid,,"LIPTM00439, CRYPTO AND KM IPT, CRYPTO HNF BACKPLANES, CMS MAC",,364,,LSUBP00024
removed,N65236-23-RFPREQ-LSUBP00024-0032,pid,,"LIPTM00321, C4I, NS IPT, CND CISCO MIGRATION HW SUPT RENEWALS, SEWP (C)",,131,,LSUBP00024
removed,N65236-23-RFPREQ-LSUBP00024-0036,pid,,"LIPTM00321, NS IPT, CND IBM HW/SW RENEWALS, SEWP (C)",,96,,LSUBP00024
removed,N65236-23-RFPREQ-LSUBP00024-0037,pid,,"LIPTM00321, C4I, NS IPT, CND NCDOC ORACLE EXADATA HW SUPPORT RENEWALS, SEWP (C)",,136,,LSUBP00024
removed,N65236-23-RFPREQ-LSUBP00024-0043,pid,,"LIPTM00321, C4I, NS IPT, CND 5.1 FORCEPOINT HW SUPPORT RENEWALS, SEWP (C)",,100,,LSUBP00024
removed,N65236-23-RFPREQ-LSUBP00024-0046,pid,,"LIPTM00321, C4I, NS IPT, CND IXIA HW/SW RENEWALS, SEWP (C)",,101,,LSUBP00024
removed,N65236-23-RFPREQ-LSUBP00034-0001,pid,,Surface Ship Integration Division Project and Financial Management Support,,20,,LSUBP00034
removed,N65236-23-RFPREQ-LSUBP00034-0005,pid,,LIPTM00119-LPD-31 UVS CISCO EQUIPMENT-SEWP (C),,513,,LSUBP00034
removed,N65236-23-RFPREQ-LSUBP00034-0007,pid,,LIPTM00119-CVN-74 STB PROCUREMENT-SEWP (C),,514,,LSUBP00034
removed,N65236-23-RFPREQ-LSUBP00034-0010,pid,,LIPTM00119-INTERIOR COMMUNICATIONS IPT-DDG-133-135 32TV SBS EQUIPMENT-SEWP (C),,515,,LSUBP00034
removed,N65236-23-RFPREQ-LSUBP00034-0015,pid,,LIPTM00119-INTERIOR COMMS-VIDEO PRE PRL & CVN 74 LOGISTICS TV-DTS ENGINEERING-SAC-21D8009,,527,,LSUBP00034
removed,N65236-23-RFPREQ-LSUBP00034-0019,pid,,LIPTM00119-IC IPT-SSN-798 SITE 200-SEWP (C),,520,,LSUBP00034
removed,N65236-23-RFPREQ-LSUBP00034-0023,pid,,"LIPTM00119, INTERIOR COMMUNICATIONS IPT, LPD-19 TV DTS, SEWP (C)",,522,,LSUBP00034
removed,N65236-23-RFPREQ-LSUBP00034-0029,pid,,"LIPTM00119, INTERIOR COMMUNICATIONS IPT, CVN-80 SHIPBOARD AIR TRAFFIC CONTROL COMMUNICATIONS SYSTEM-SEWP (C)",,523,,LSUBP00034
removed,N65236-23-RFPREQ-LSUBP00034-0030,pid,,"LIPTM00119, INTERIOR COMMUNICATIONS IPT, VIDEO FY23 SPARES, SEWP (C)",,542,,LSUBP00034
removed,N65236-23-RFPREQ-LSUBP00034-0031,pid,,"LIPTM00119, INTERIOR COMMUNICATIONS IPT, LPD-31 P25 SYSTEM, SEWP (C)",,543,,LSUBP00034
removed,N65236-23-RFPREQ-LSUBP00034-0037,pid,,"LIPTM00119, INTERIOR COMMUNICATIONS IPT, DDG VIDEO SWITCH SPARES, SEWP-ESI (C)",,546,,LSUBP00034
removed,N65236-23-RFPREQ-LSUBP00034-0040,pid,,"LIPTM00119, IC IPT, CVN-79 SATCC INCO SPARES, SEWP (C)",,545,,LSUBP00034
removed,N65236-23-RFPREQ-LSUBP00034-0044,pid,,"LIPTM00119, IC IPT, SIWCS AEGIS ASHORE POLAND/DDG MMSC BATTERY PROCUREMENT, SEWP (C)",,547,,LSUBP00034
removed,N65236-23-RFPREQ-LSUBP00034-0048,pid,,LIPTM00119-INTERIOR COMM IPT - LPD-31 UVS – Video - CMS MAC Task Order - 1 year POP (C),,548,,LSUBP00034
removed,N65236-23-RFPREQ-LSUBP00034-0049,pid,,"LIPTM00119, IC IPT, VIDEO OPC-3/4 CISCO PROCUREMENT, SEWP ESI (C)",,549,,LSUBP00034
removed,N65236-23-RFPREQ-LSUBP00034-0050,pid,,"LIPTM00119, IC IPT, LPD ISEA VIDEO SUPPORT PROCUREMENT, SEWP (C)",,550,,LSUBP00034
removed,N65236-23-RFPREQ-LSUBP00034-0055,pid,,"LIPTM00119, IC IPT, CVN-75 DIAS2 PROCUREMENT, SEWP (C)",,554,,LSUBP00034
removed,N65236-23-RFPREQ-LSUBP00034-0058,pid,,"LIPTM00119, IC IPT, CVN-71 SCDs 3997/13412 MATERIAL, SEWP (C)",,555,,LSUBP00034
removed,N65236-23-RFPREQ-LSUBP00034-0059,pid,,"LIPTM00119-INTERIOR COMMS:  IC Video East Coast CVN Support, USS Gerald R. Ford (CVN-78) IC Video Support, and VCR Suppo",,509,,LSUBP00034
removed,N65236-23-RFPREQ-LSUBP00034-0060,pid,,"LIPTM00119, IC IPT, LPD-19/20 ANN SCDs 2125/26491 MATERIAL, SEWP (C)",,556,,LSUBP00034
removed,N65236-23-RFPREQ-LSUBP00034-0064,pid,,"LIPTM00119, IC IPT, CVN-69 IVN 12CK & DCSS PROCUREMENT, SEWP (C)",,558,,LSUBP00034
removed,N65236-23-RFPREQ-LSUBP00034-0065,pid,,"LIPTM00119, IC IPT, DDG-138/139 P25 SYSTEMS, SEWP (C)",,560,,LSUBP00034
removed,N65236-23-RFPREQ-LSUBP00034-0066,pid,,"LIPTM00119, IC IPT, FFG-62/63 CAMERA PROCUREMENT, SEWP (C)",,561,,LSUBP00034
removed,N65236-23-RFPREQ-LSUBP00034-0068,pid,,"LIPTM00119, IC IPT, VIDEO EPF-13 PROCUREMENT, SEWP (C)",,563,,LSUBP00034
removed,N65236-23-RFPREQ-LSUBP00034-0072,pid,,"LIPTM00119, IC IPT, LPD-29 IVN 12CK PROCUREMENT, SEWP (C)",,564,,LSUBP00034
removed,N65236-23-RFPREQ-LSUBP00034-0076,pid,,"LIPTM00119, IC IPT, LHA-9 DIAS2 ANN PROCUREMENT, SEWP (C)",,570,,LSUBP00034
removed,N65236-23-RFPREQ-LSUBP00034-0077,pid,,"LIPTM00119, IC IPT, ANN CVN-71 SCD 28111&CVN-69/73/76 SCD 13412 PROCUREMENT, SEWP (C)",,567,,LSUBP00034
removed,N65236-23-RFPREQ-LSUBP00034-0079,pid,,"LIPTM00119, IC IPT, CVN-78 8WF1 RADIO PROCUREMENT, SEWP (C)",,576,,LSUBP00034
removed,N65236-23-RFPREQ-LSUBP00034-0087,pid,,"LIPTM00119, IC IPT, LCC-19 ANN SCDs 10959 & 10960 PROCUREMENT, SEWP (C)",,574,,LSUBP00034
removed,N65236-23-RFPREQ-LSUBP00034-0088,pid,,"LIPTM00119, IC IPT, FFG-64 CISCO PROCUREMENT, ESI SEWP (C)",,575,,LSUBP00034
removed,N65236-23-RFPREQ-LSUBP00034-0092,pid,,LIPTM00119 - INTERIOR COMMS - USS HARRY S. TRUMAN (CVN-75) SITE/27TV AAR - SAC action - 21D8009,,507,,LSUBP00034
removed,N65236-23-RFPREQ-LSUBP00034-0096,pid,,"LIPTM00119, IC IPT, ANN DDG DIAS MATERIAL PROCUREMENT, SEWP (C)",,580,,LSUBP00034
removed,N65236-23-RFPREQ-LSUBP00034-0100,pid,,"LIPTM00119, IC IPT, DDG CIRCUIT 32TV PROCUREMENT, SEWP (C)",,582,,LSUBP00034
removed,N65236-23-RFPREQ-LSUBP00035-0001,pid,,"COMMAND, CONTROL, COMMUNICATIONS, AND COMPUTERS (C4I) TRAINING, SYSTEMS ENGINEERING & INTEGRATED PRODUCT SUPPORT - SeaPo",,502,,LSUBP00035
removed,N65236-23-RFPREQ-LSUBP00035-0005,pid,,"LIPTM00468, SSTD SEAPORT NEXT GEN TASK ORDER (C)",,501,,LSUBP00035
removed,N65236-23-RFPREQ-LSUBP00035-0008,pid,,"LIPTM00248 - CSRR BUILD (CB-22, CB-23),I1V4, RFDACS OK-700, GBS OK-700 and DMR PROCUREMENT, INTEGRATION AND KITTING (NEW",,531,,LSUBP00035
removed,N65236-23-RFPREQ-LSUBP00035-0010,pid,,LIPTM00248 - AFLOAT SUB C4I IPT - FY23 DIGITAL MODULAR RADIO (DMR)  NEW SAC DO - CORPORATE PRODUCTION,,532,,LSUBP00035
removed,N65236-23-RFPREQ-LSUBP00035-0011,pid,,LIPTM00248 - Afloat Submarine C4I IPT - FY23 Global Broadcast System (GBS) Procurement and Kitting - NEW SAC DO - CORPOR,,533,,LSUBP00035
removed,N65236-23-RFPREQ-LSUBP00035-0012,pid,,LIPTM00248 - AFLOAT SUB C4I IPT - FY23 ADNS INC III L(V)3 SP4 System - NEW SAC DO - CORPORATE PRODUCTION,,534,,LSUBP00035
removed,N65236-23-RFPREQ-LSUBP00035-0013,pid,,LIPTM00248 - AFLOAT SUB C4I IPT - FY23 Columbia (CLB) Arbor Equipment and PLAR updates - NEW SAC DO - CORPORATE PRODUCTI,,535,,LSUBP00035
removed,N65236-23-RFPREQ-LSUBP00035-0014,pid,,"LIPTM00248 - AFLOAT SUB C4I IPT -804-805 and 826 ECS and CANES/COATS Integration, 802 and 803 CANES Dockside Integration",,536,,LSUBP00035
removed,N65236-23-RFPREQ-LSUBP00035-0015,pid,,"LIPTM00248 - AFLOAT SUB C4I IPT -798-809, and 826 CANES INT, 808-809 INCOs  - NEW SAC DO - CORPORATE PRODUCTION",,537,,LSUBP00035
removed,N65236-23-RFPREQ-LSUBP00035-0016,pid,,LIPTM00248 - AFLOAT SUB C4I IPT  -VA SCN Bulk Procurement and Spares - NEW SAC DO - CORPORATE PRODUCTION,,538,,LSUBP00035
removed,N65236-23-RFPREQ-LSUBP00035-0017,pid,,LIPTM00248 - AFLOAT SUB C4I IPT - iRCS Rack Build FY23 - NEW SAC DO - CORPORATE PRODUCTION,,539,,LSUBP00035
removed,N65236-23-RFPREQ-LSUBP00035-0018,pid,,Afloat Sub C4I IPT Business Financial Management Support - MBAS II NEW TO - BASE + 2 OPTIONS,,540,,LSUBP00035
removed,N65236-23-RFPREQ-LSUBP00035-0019,pid,,LIPTM00250 - SHORE SUB C4I IPT - Variable Tuning Efforts (NEW TO),,528,,LSUBP00035
removed,N65236-23-RFPREQ-LSUBP00035-0020,pid,,LIPTM00250 - SHORE SUB C4I IPT - Crowbar Replacement Efforts NEW ORDER,,529,,LSUBP00035
removed,N65236-23-RFPREQ-LSUBP00035-0022,pid,,LIPTM00250 - SHORE SUB C4I IPT - FIXED SUBMARINE BROADCAST SYSTEM (FSBS) TUBE TO SOLID REQUIRMENTS DOCUMENT AND GROUND S,,530,,LSUBP00035
removed,N65236-23-RFPREQ-LSUBP00035-0044,pid,,"LIPTM00238, CWITT&SWFTS MOD IPT - MISC HARDWARE, SEWP (C)",,517,,LSUBP00035
removed,N65236-23-RFPREQ-LSUBP00035-0064,pid,,LIPTM00248 - Common Submarine Radio Room (CSRR) Advanced TDMA (Time Division Multiple Access) Interface Processor (ATIP),,510,,LSUBP00035
removed,N65236-23-RFPREQ-LSUBP00035-0068,pid,,"LIPTM00328, C4I WEAPONS TEST TEAM (CWITT), HARDWARE SUPPORT, SEWP (C)",,552,,LSUBP00035
removed,N65236-23-RFPREQ-LSUBP00035-0070,pid,,"LIPTM00328,SWFTS INTEGRATED INSTALLATION MANAGEMENT ORGANIZATION(SIIMO), FIBER OPTICS KITS, SEWP (C)",,551,,LSUBP00035
removed,N65236-23-RFPREQ-LSUBP00035-0073,pid,,"LIPTM00248, , Afloat Submarine C4I IPT_ CSRR ARIES MATERIALS (C)",,557,,LSUBP00035
removed,N65236-23-RFPREQ-LSUBP00035-0077,pid,,"LIPTM00248, Afloat Submarine C4I IPT_ CSRR MRTS MATERIALS-SEWP (C)",,571,,LSUBP00035
removed,N65236-23-RFPREQ-LSUBP00035-0079,pid,,"LIPTM00486, SSTD IPT, LAPTOP BUY, SEWP (C)",,565,,LSUBP00035
removed,N65236-23-RFPREQ-LSUBP00035-0088,pid,,"LIPTM00328 - SWFTS INTEGRATED INSTALLATION MANAGEMENT ORGANIZATION(SIIMO), KITCO HARDWARE, SEWP (C)",,577,,LSUBP00035
removed,N65236-23-RFPREQ-LSUBP00035-0092,pid,,"LIPTM00328, SUBMARINE WARFARE FEDERATED TACTICAL SYSTEMS IPT, SUPERMICRO, SEWP (C)",,572,,LSUBP00035
removed,N65236-23-RFPREQ-LSUBP00035-0094,pid,,"LIPTM00328, SUBMARINE WARFARE FEDERATED TACTICAL SYSTEMS IPT, RSA BUY, SEWP (C)",,578,,LSUBP00035
removed,N65236-23-RFPREQ-LSUBP00049-0055,pid,,"LIPTM00476, NISE, AGI Software Systems Tool Kit and Add-on SatPro, GSA (C)",,628,,LSUBP00049
removed,N65236-23-RFPREQ-LSUBP00049-0134,pid,,"LIPTM00303, DARPA IPT, BAA NEW, SDP (OVERSIGHT SEEDLING DRAPER) (CIR 23-010)",,229,,LSUBP00049
removed,N65236-23-RFPREQ-LSUBP00049-0150,pid,,LIPTM00319_CyberANTX2023_CSO (C),,153,,LSUBP00049
removed,N65236-23-RFPREQ-LSUBP00049-0157,pid,,"LIPTM00476, NISE, Asymmetric SATCOM Laboratory, SEWP (C)",,629,,LSUBP00049
removed,N65236-23-RFPREQ-LSUBP00049-0163,pid,,"LIPTM00319, CRIT OMNISIG SW, SEWP (C)",,436,,LSUBP00049
removed,N65236-23-RFPREQ-LSUBP00049-0165,pid,,"LIPTM00319, ONR, DEEPSIG, SBIR Phase III (CIR 23-XXX)",,433,,LSUBP00049
removed,N65236-23-RFPREQ-LSUBP00049-0173,pid,,"LIPTM00476, NISE, SIA4 - GPS Simulator (RP-21-008), GSA (C)",,630,,LSUBP00049
removed,N65236-23-RFPREQ-LSUBP00049-0178,pid,,"LIPTM00476, NISE, 5G Bands for FRONTHAUL, GSA (C)",,631,,LSUBP00049
removed,N65236-23-RFPREQ-LSUBP00049-0203,pid,,"LIPTM00476, NISE, RP-23-008, ELASTIC SOFTWARE SUBSCRIPTION, SEWP (C)",,439,,LSUBP00049
removed,N65236-23-RFPREQ-LSUBP00056-0009,pid,,Enterprise Business Systems (EBS) Division PM/FM Support Services,,604,,LSUBP00056
removed,N65236-23-RFPREQ-LSUBP00056-0028,pid,,LIPTM00480 - Naval Tactical Command Support System - VE3 Tabletop Cisco Switches - CISCO ESI BPA - SEWP (C),,150,,LSUBP00056
removed,N65236-23-RFPREQ-LSUBP00056-0044,pid,,LIPTM00480 - Naval Tactical Command Support System - NTCSS MFOM University Laptops - NASA SEWP (C),,585,,LSUBP00056
removed,N65236-23-RFPREQ-LSUBP00056-0050,pid,,"LIPTM00480 - NAVAL-MAINTENANCE, REPAIR AND OVERHAUL - N-MRO VE3 Site Upgrade- NASA SEWP (C)",,587,,LSUBP00056
removed,N65236-23-RFPREQ-LSUBP00056-0054,pid,,LIPTM00107 - Naval Tactical Command Support System - NeoLoad Support Renewal - NASA SEWP (C),,483,,LSUBP00056
removed,N65236-23-RFPREQ-LSUBP00056-0055,pid,,LIPTM00107 - Naval Tactical Command Support System - Zephyr Support Renewal - NASA SEWP (C),,588,,LSUBP00056
removed,N65236-23-RFPREQ-LSUBP00056-0063,pid,,LIPTM00480 - Naval Tactical Command Support System - Spares Cisco Switches - CISCO ESI BPA - SEWP (C),,485,,LSUBP00056
removed,N65236-23-RFPREQ-LSUBP00056-0064,pid,,LIPTM00480 - Naval Tactical Command Support System - NTCSS Spares Hardware Requirements - NASA SEWP (C),,486,,LSUBP00056
removed,N65236-23-RFPREQ-LSUBP00056-0066,pid,,LIPTM00106 - MAINTENANCE FIGURE OF MERIT - MFOM Machine Cert Support Rn - NASA SEWP (C),,589,,LSUBP00056
removed,N65236-23-RFPREQ-LSUBP00056-0067,pid,,"LIPTM00480 - NAVAL-MAINTENANCE, REPAIR AND OVERHAUL (N-MRO)  - VE3 Site Upgrade Cisco Switches - CISCO ESI BPA - SEWP (C",,487,,LSUBP00056
removed,N65236-23-RFPREQ-LSUBP00056-0069,pid,,LIPTM00480 - Naval Tactical Command Support System - NTCSS FAME Laptop Suite - NASA SEWP (C),,488,,LSUBP00056
removed,N65236-23-RFPREQ-LSUBP00056-0074,pid,,LIPTM00107 - Naval Tactical Command Support System - Stunnel Support - NASA SEWP (C),,591,,LSUBP00056
removed,N65236-23-RFPREQ-LSUBP00056-0076,pid,,LIPTM00107 - Naval Tactical Command Support System - Atlassian Support Renewal - Atlassian ESI SEWP (C),,492,,LSUBP00056
removed,N65236-23-RFPREQ-LSUBP00056-0077,pid,,LIPTM00107 - Naval Tactical Command Support System - ALM and UFT Support Renewal - Micro Focus Government Solutions ESI ,,592,,LSUBP00056
removed,N65236-23-RFPREQ-LSUBP00056-0078,pid,,LIPTM00107 - Naval Tactical Command Support System - Embarcadero Software Support - NASA SEWP (C),,593,,LSUBP00056
removed,N65236-23-RFPREQ-LSUBP00056-0079,pid,,LIPTM00107 - Naval Tactical Command Support System - Hardware Support Renewal - NASA SEWP (C),,493,,LSUBP00056
removed,N65236-23-RFPREQ-LSUBP00056-0080,pid,,LIPTM00480 - Naval Tactical Command Support System - NTCSS Reflections X Support Renewal - MICRO FOCUS GOVERNMENT SOLUTI,,594,,LSUBP00056
removed,N65236-23-RFPREQ-LSUBP00056-0081,pid,,LIPTM00106 - MAINTENANCE FIGURE OF MERIT - MFOM SAP Secure Product Support - SAP PUBLIC SERVICES ESI BPA (C),,494,,LSUBP00056
removed,N65236-23-RFPREQ-LSUBP00056-0082,pid,,LIPTM00106 - MAINTENANCE FIGURE OF MERIT - MFOM Software Support Renewal - NASA SEWP (C),,596,,LSUBP00056
removed,N65236-23-RFPREQ-LSUBP00056-0083,pid,,LIPTM00106 - MAINTENANCE FIGURE OF MERIT - MFOM Quest Toad Support Renewal - NASA SEWP (C),,495,,LSUBP00056
removed,N65236-23-RFPREQ-LSUBP00056-0084,pid,,"LIPTM00107 - Naval Tactical Command Support System - NTCSS Development Laptops, Servers, and Monitors - NASA SEWP (C)",,496,,LSUBP00056
removed,N65236-23-RFPREQ-LSUBP00057-0001,pid,,Fleet Installation & Response Division Project and Financial Management Support,,654,,LSUBP00057
removed,N65236-23-RFPREQ-LSUBP00057-0085,pid,,"LIPTM00257, Surface Modernization Unit Level, SEWP (C)",,541,,LSUBP00057
removed,N65236-23-RFPREQ-LSUBP00057-0086,pid,,"LIPTM00257, Surface Modernization Unit Level IPT, CVN 75 6TV upgrade - SEWP",,525,,LSUBP00057
removed,N65236-23-RFPREQ-LSUBP00057-0089,pid,,4983 - NEW TASK ORDER / LATE ADDS & USS WASP INSTALLS LIPTM00426 (C),,447,,LSUBP00057
removed,N65236-23-RFPREQ-LSUBP00057-0094,pid,,"LIPTM00251- Fleet Support Office IPT - USS Abraham Lincoln, CVN-72 and USS Ronald Reagan, CVN-76 VIDS Repair Support _NE",,446,,LSUBP00057
removed,N65236-23-RFPREQ-LSUBP00057-0103,pid,,"LIPTM00257_FIO IPT_USS Essex, LHD-2– Video Information Display System (VIDS) 3.0 Upgrade_Chugach_SAC_8009",,444,,LSUBP00057
removed,N65236-23-RFPREQ-LSUBP00057-0104,pid,,18590 - FOE MOD PPR LIPTM00257,,445,,LSUBP00057
removed,N65236-23-RFPREQ-LSUBP00057-0105,pid,,4968 - NEW TASK ORDER USS GEORGE H W BUSH INSTALLS (C),,448,,LSUBP00057
removed,N65236-23-RFPREQ-LSUBP00057-0106,pid,,4984 - NEW TASK ORDER USS GEORGE H W BUSH (CVN 77) OCF INSTALLS (C),,449,,LSUBP00057
removed,N65236-23-RFPREQ-LSUBP00057-0113,pid,,4995 - ACF MULTI-HULL INSTALLS LIPTM00257 (C),,450,,LSUBP00057
removed,N65236-23-RFPREQ-LSUBP00057-0114,pid,,4986 - USS MOUNT WHITNEY (LCC 20) INSTALLS (C),,451,,LSUBP00057
removed,N65236-23-RFPREQ-LSUBP00057-0119,pid,,5001 - NMT SICILY NEW TASK ORDER LIPTM00256L (C),,452,,LSUBP00057
removed,N65236-23-RFPREQ-LSUBP00057-0125,pid,,"18658 - FOE PPR INSTALL OF AEGIS ASHORE C4I & C31 SYS REDZIKOWO, POLAND & DEVESELU, ROMANIA (C)",,453,,LSUBP00057
removed,N65236-23-RFPREQ-LSUBP00057-0127,pid,,18659 - FOE MOD PAX RIVER MD,,443,,LSUBP00057
removed,N65236-23-RFPREQ-LSUBP00057-0142,pid,,LIPTM00257_SURFACE MODS IPT_USS HARRY S. TRUMAN (CVN-75) 6TV Upgrade Support_SAC_8009,,442,,LSUBP00057
removed,N65236-23-RFPREQ-LSUBP00057-0167,pid,,"LIPTM00426, FIO FSO C4I SMR REPAIR, Chugach Dept SAC, Base + 4 OYs",,12,,LSUBP00057
removed,N65236-23-RFPREQ-LSUBP00057-0169,pid,,5007 - USS ROOSEVELT (DDG-80) INSTALLATIONS LIPTM00257 - GIC - 1 year POP (C),,454,,LSUBP00057
removed,N65236-23-RFPREQ-LSUBP00057-0174,pid,,18799 - FOE RFPREQ LIPTM00426,,441,,LSUBP00057
removed,N65236-23-RFPREQ-LSUBP00057-0189,pid,,5008 - NEW TASK ORDER USS FORT LAUDERDALE LIPTM00426 (C),,455,,LSUBP00057
removed,N65236-23-RFPREQ-LSUBP00057-0216,pid,,18795 - CORN MOD LIPTM00256L,,440,,LSUBP00057
removed,N65236-23-RFPREQ-LSUBP00057-0224,pid,,5013 - NEW TASK ORDER USS AAMDS POLAND (HN 2) LIPTM00257 (C),,456,,LSUBP00057
removed,N65236-23-RFPREQ-LSUBP00063-0003,pid,,LIPTM00397-CANES ENG AND CANES TNSS/SeaPort TO (Base +4OYs) (C),,75,,LSUBP00063
removed,N65236-23-RFPREQ-LSUBP00063-0004,pid,,LIPTM00444-CANES TACTICAL NETWORKS (TACNET) TECHNICAL AND PRODUCTION SUPPORT/SeaPort TO (Base +4OYS) (C),,74,,LSUBP00063
removed,N65236-23-RFPREQ-LSUBP00063-0012,pid,,LIPTM00397 - Canes Eng IPT- N6523622D8006/NEW TO MBASII,,86,,LSUBP00063
removed,N65236-23-RFPREQ-LSUBP00063-0039,pid,,"LIPTM00285 NAVALC2, GCCS-M SAPNS2 SYBASE SW RNWL, ESI (C)",,88,,LSUBP00063
removed,N65236-23-RFPREQ-LSUBP00063-0040,pid,,"LIPTM00285 NAVALC2, GCCS-M & MTC2 POSTGRES SW RNWL, SEWP (C)",,89,,LSUBP00063
removed,N65236-23-RFPREQ-LSUBP00063-0041,pid,,"LIPTM00444, TACNET DEP IPT, CANES TOOLS, SEWP (C)",,127,,LSUBP00063
removed,N65236-23-RFPREQ-LSUBP00063-0049,pid,,"LIPTM00444, TACNET Dep IPT, CANES POWER STRIPS, SEWP (C)",,366,,LSUBP00063
removed,N65236-23-RFPREQ-LSUBP00063-0053,pid,,"LIPTM00118, TACTICAL NETWORK SOFTWARE SUPPORT, HAIVISION SUPPORT RENEWAL, SEWP (C)",,95,,LSUBP00063
removed,N65236-23-RFPREQ-LSUBP00063-0067,pid,,"LIPTM00285 NAVALC2, MTC2 REAL TIME INNOVATIONS (RTI) SW RNWL, SEWP (C)",,99,,LSUBP00063
removed,N65236-23-RFPREQ-LSUBP00063-0075,pid,,"LIPTM00118, TACTICAL NETWORK SOFTWARE SUPPORT, MICRO FOCUS NETIQ, ESI-BPA (C)",,105,,LSUBP00063
removed,N65236-23-RFPREQ-LSUBP00064-0005,pid,,LIPTM00454 -MCBOSS - PUPPET - SEWP (C),,141,,LSUBP00064
removed,N65236-23-RFPREQ-LSUBP00064-0006,pid,,LIPTM00454 -MCBOSS - SPLUNK SOFTWARE RENEWAL - BPA ESI (C),,143,,LSUBP00064
removed,N65236-23-RFPREQ-LSUBP00064-0007,pid,,LIPTM00454 Application DevSecOps Service Modernization (C),,139,,LSUBP00064
removed,N65236-23-RFPREQ-LSUBP00064-0009,pid,,LIPTM00454 -MCBOSS - FORTIFY/WEBINSPECT RENEWAL- BPA ESI (C),,151,,LSUBP00064
removed,N65236-23-RFPREQ-LSUBP00064-0010,pid,,LIPTM00454 -MCBOSS - JFROG ARTIFACTORY PRO X RENEWAL - SEWP (C),,583,,LSUBP00064
removed,N65236-23-RFPREQ-LSUBP00064-0011,pid,,LIPTM00454 -MCBOSS - GITLAB RENEWAL - SEWP (C),,146,,LSUBP00064
removed,N65236-23-RFPREQ-LSUBP00064-0012,pid,,LIPTM00454 - MCBOSS - GRAFANA RENEWAL - SEWP (C),,147,,LSUBP00064
removed,N65236-23-RFPREQ-LSUBP00064-0013,pid,,LIPTM00454 - MCBOSS - F5 RENEWAL - SEWP (C),,148,,LSUBP00064
removed,N65236-23-RFPREQ-LSUBP00064-0014,pid,,LIPTM00454 - MCBOSS - THREADFIX RENEWAL - SEWP (C),,149,,LSUBP00064
removed,N65236-23-RFPREQ-LSUBP00064-0044,pid,,FY24 USMC MCBOSS Cloud Consumption,,145,,LSUBP00064
removed,N65236-23-RFPREQ-LSUBP00064-0058,pid,,LIPTM00454 -MCBOSS - PIVOTAL(TANZU) - VMWARE - DONELA,,152,,LSUBP00064
removed,N65236-23-RFPREQ-LSUBP00066-0015,pid,,"LIPTM00464, Data Center and Cloud Hosting Services, FY23 COMMVAULT LICENSE RENEWAL, SEWP (C)",,480,,LSUBP00066
removed,N65236-23-RFPREQ-LSUBP00066-0017,pid,,"LIPTM00464, DC2HS, FY23 ANSIBLE AUTOMATION RENEWAL, SEWP (C)",,490,,LSUBP00066
removed,N65236-23-RFPREQ-LSUBP00066-0018,pid,,"LIPTM00464, DC2HS, FY23 KION (CLOUDTAMER) RENEWAL, SEWP (C)",,491,,LSUBP00066
removed,N65236-23-RFPREQ-LSUBP00066-0019,pid,,LIPTM00464 - DC2HS Cloud Brokerage - AWS BPA Order,,601,,LSUBP00066
removed,N65236-23-RFPREQ-LSUBP00066-0021,pid,,"LIPTM00464, Data Center and Cloud Hosting Services, FY23 PULSE S/W, SEWP (C)",,597,,LSUBP00066
removed,N65236-23-RFPREQ-LSUBP00077-0002,pid,,"LIPTM00458, C4I Acquisition Engineering Integration Service Center, Solidworks software, DoD ESI BPA",,303,,LSUBP00077
removed,N65236-23-RFPREQ-LSUBP00080-0001,pid,,"LIPTM00461_Electromagnetic Environmental Effects (E3), Test, Evaluation, and Range Services  12 Months",,468,,LSUBP00080
removed,N65236-23-RFPREQ-LSUBP00080-0005,pid,,"LIPTM00461, 5.9 Service Center, Computer equipment, SEWP (C)",,354,,LSUBP00080
removed,N65236-23-RFPREQ-LSUBP00080-0009,pid,,PID4262023-2 (C),,438,,LSUBP00080
removed,N65236-23-RFPREQ-LSUBP00083-0001,pid,,"LIPTM00467, 83200 Facilities, Furniture and Chairs Inventory, GSA (C)",,106,,LSUBP00083
removed,N65236-23-RFPREQ-LSUBP00083-0013,pid,,"Bundle 4- 3440 North Side Exterior Repairs (250k), 3450 Demo (150K)- $400K",,113,,LSUBP00083
removed,N65236-23-RFPREQ-LSUBP00083-0029,pid,,"Bundle 3- 3113 Lab 4  Electrical (58K), New STEM Bldg (25H), 3148 Fire Sup and Alarm (125K), 1602 Vehicle Vent (150k)- $",,114,,LSUBP00083
removed,N65236-23-RFPREQ-LSUBP00083-0032,pid,,Facilities Support Services (C),,602,,LSUBP00083
removed,N65236-23-RFPREQ-LSUBP00083-0033,pid,,"LIPTM00467, 8.0, Facilities, V53 Turnkey Solution, GSA (C)",,603,,LSUBP00083
removed,N65236-23-RFPREQ-LSUBP00083-0039,pid,,"LIPTM00467, 83200 Facilities, B12 Furniture, GSA (C)",,111,,LSUBP00083
removed,N65236-23-RFPREQ-LSUBP00083-0041,pid,,"LIPTM00467, 83200 Facilities, Quantico Furniture, GSA (C)",,112,,LSUBP00083
removed,N65236-23-RFPREQ-LSUBP00083-0042,pid,,"LIPTM00467, 83200 Facilities, Cafeteria Furniture, GSA (C)",,312,,LSUBP00083
removed,N65236-23-RFPREQ-LSUBP00083-0047,pid,,"LIPTM00467, 83300 Security, IPS Containers, GSA (C)",,315,,LSUBP00083
removed,N65236-23-RFPREQ-LSUBP00083-0049,pid,,"LSUBP00083, Facilities Cable Plant (C)",,321,,LSUBP00083
removed,N65236-23-RFPREQ-LSUBP00083-0052,pid,,"LIPTM00467, 83200 Facilities, B3112 Lab 03 Techbench Furniture, GSA (C)",,334,,LSUBP00083
removed,N65236-23-RFPREQ-LSUBP00083-0055,pid,,"LIPTM00467, 83300 Security, Badge printers, GSA (C)",,341,,LSUBP00083
removed,N65236-23-RFPREQ-LSUBP00087-0008,pid,,LIPTM00460 RDT&E IPT - SOLARWINDS ANNUAL RENEWAL - NASA SEWP (C),,123,,LSUBP00087
removed,N65236-23-RFPREQ-LSUBP00087-0010,pid,,FY23 RDT&E Splunk Annual Renewal (C),,311,,LSUBP00087
removed,N65236-23-RFPREQ-LSUBP00087-0018,pid,,"LIPTM00386, CIO, S2IPT, DWBIS, Quest software, SEWP (C)",,314,,LSUBP00087
removed,N65236-23-RFPREQ-LSUBP00087-0019,pid,,"LIPTM00386, Command Software Services (S2IPT), Archibus (base + options) software, SEWP (C)",,465,,LSUBP00087
removed,N65236-23-RFPREQ-LSUBP00087-0021,pid,,Telephony Operations Support,,466,,LSUBP00087
removed,N65236-23-RFPREQ-LSUBP00087-0022,pid,,"LIPTM00460, RDT&E, New Task Order on NITAAC to VION",,467,,LSUBP00087
removed,N65236-23-RFPREQ-LSUBP00087-0024,pid,,"LIPTM00386, CIO, S2IPT, ESSO, SecureAuth software, SEWP (C)",,342,,LSUBP00087
removed,N65236-23-RFPREQ-LSUBP00087-0025,pid,,LIPTM00460 FY23 RDT&E  CISCO Catalyst 9300 ESI (C),,343,,LSUBP00087
removed,N65236-23-RFPREQ-LSUBP00087-0027,pid,,LIPTM00460 Telephony Palo Alto Annual Renewal ESI BPA (SEWP) (C),,345,,LSUBP00087
removed,N65236-23-RFPREQ-LSUBP00087-0028,pid,,LIPTM00460 FY23 RDT&E  Docker Business GSA (C),,350,,LSUBP00087
removed,N65236-23-RFPREQ-LSUBP00093-0010,pid,,"LIPTM00252, PBLO, ELECTRONIC COMPONENTS, SEWP (C)",,107,,LSUBP00093
removed,N65236-23-RFPREQ-LSUBP00093-0012,pid,,LIPTM00252-BASED LOGISTICS-ORGANIC/SSEE INC F SPARES/SEWP (C),,110,,LSUBP00093
removed,N65236-23-RFPREQ-LSUBP00093-0023,pid,,"LIPTM00252, BASED LOGISTICS-ORGANIC (PBLO), MATERIALS, SEWP (C)",,337,,LSUBP00093
removed,N65236-23-RFPREQ-LSUBP00093-0024,pid,,"LIPTM00252, BASED LOGISTICS-ORGANIC (PBLO), MATERIALS, SEWP (C)",,338,,LSUBP00093
removed,N65236-23-RFPREQ-LSUBP00093-0025,pid,,"LIPTM00252, BASED LOGISTICS-ORGANIC (PBLO), RACKS SAP",,305,,LSUBP00093
removed,N65236-23-RFPREQ-LSUBP00093-0026,pid,,LIPTM00252/Performance Based Logistics - Organic (PBLO)/Ships Signal Exploitation Equipment Increment (SSEE INC E)/Panas,,340,,LSUBP00093
removed,N65236-23-RFPREQ-LSUBP00093-0028,pid,,LIPTM00252-BASED LOGISTICS-ORGANIC (PBLO)-SWRI Antennas/SEWP (C),,346,,LSUBP00093
removed,N65236-23-RFPREQ-Pf007NERP-0069,pid,,NEBS (C),,155,,Pf007NERP
removed,N65236-24-RFPREQ-LSUBP00001-0001,pid,,LIPTM00001_SWR System Support_SAC_Follow-On (CIR 22-027),,474,,LSUBP00001
added,N65236-24-RFPREQ-LSUBP00001-0053,pid,,,LIPTM00002_Polar Capital Project Services_ATC MAC (C),,830,LSUBP00001
added,N65236-24-RFPREQ-LSUBP00004-0065,pid,,,LIPTM00502 - Advanced Technology Development (ATD) Integrated Product Team (IPT) Engineering Support (C),,840,LSUBP00004
added,N65236-24-RFPREQ-LSUBP00004-0152,pid,,,"LIPTM00164, SOIS, JTWS AIR, SeaPort (C)",,833,LSUBP00004
added,N65236-24-RFPREQ-LSUBP00004-0153,pid,,,"LIPTM00164, SOIS, Maritime Combatant Craft, Seaport (C)",,834,LSUBP00004
removed,N65236-24-RFPREQ-LSUBP00006-0002,pid,,C4I FMS-LIPTM00214_Multiple Countries- Engineering and Project Management Support-Seaport NXGEN-Base plus 4 option years,,11,,LSUBP00006
added,N65236-24-RFPREQ-LSUBP00006-0003,pid,,,LIPTM00241 - USCG — Information Technology and Network Based Engineering (Seaport NxGEN TO Base + 4 OYS) (C),,195,LSUBP00006
added,N65236-24-RFPREQ-LSUBP00006-0058,pid,,,LIPTM00241 USCG IPT L-3 NEW TASK ORDER (SUSTAINMENT) - L3 NICHE SAC - N6523624D1014,,831,LSUBP00006
added,N65236-24-RFPREQ-LSUBP00006-0098,pid,,,TACMOBILE SYSTEMS LOGISTICS ACQUISITIONS SUPPORT (CMS Task Order) Base +OY (C),,197,LSUBP00006
removed,N65236-24-RFPREQ-LSUBP00007-0002,pid,,"VTT IPT Systems Engineering, Integration, & Limited Production (C)",,276,,LSUBP00007
added,N65236-24-RFPREQ-LSUBP00007-0127,pid,,,Modification to Contract # N6523624F0392,,55,LSUBP00007
added,N65236-24-RFPREQ-LSUBP00009-0033,pid,,,"LIPTM00478, Cyber Security Service Provider Support II, Seaport (C)",,193,LSUBP00009
added,N65236-24-RFPREQ-LSUBP00009-0087,pid,,,Clinical Infrastructure Modernization Program Lifecycle Environment (CIMPLE) - SeaPort (C),,812,LSUBP00009
added,N65236-24-RFPREQ-LSUBP00009-0270,pid,,,"Cybersecurity Policy, Governance, Training, and Cyberlog Support (PPA N65236-24-RFPREQ-LSUBP00009-0270)",,799,LSUBP00009
removed,N65236-24-RFPREQ-LSUBP00010-0001,pid,,IT SUPPORT SERVICES (ITSS) - SeaPort (C),,34,,LSUBP00010
added,N65236-24-RFPREQ-LSUBP00010-0102,pid,,,"LIPTM00333, ESCA IPT, US Navy Integrated Electronic Security System (IESS) Sustainment MAC (C)",,818,LSUBP00010
removed,N65236-24-RFPREQ-LSUBP00016-0001,pid,,"LIPTM00304, Position, Navigation, & Timing (PNT) Engineering IPT- NAVSEA, SMITH, LCR, 7IA-100-0005-3 - PHASE 3;  SEWP (C",,256,,LSUBP00016
added,N65236-24-RFPREQ-LSUBP00016-0028,pid,,,"LIPTM00448-PNT ISEA IPT-MARITIME POSITION, NAVIGATION AND TIMING (PNT) SYSTEMS IN-SERVICE ENGINEERING AND TECHNICAL SUPP",,201,LSUBP00016
added,N65236-24-RFPREQ-LSUBP00016-0059,pid,,,"LIPTM00415-Radio Comms IPT: OA-9277A COUPLER, PWR SUPPLY PROCUREMENT-NEW LC NICHE SAC (PPA LSUBP00016-0059)",,191,LSUBP00016
added,N65236-24-RFPREQ-LSUBP00016-0069,pid,,,"LIPTM00415-Radio Comms IPT, New Niche Contract for Antenna Tilt Group (ATG) repair (PPA LSUBP00016-0069)",,181,LSUBP00016
removed,N65236-24-RFPREQ-LSUBP00016-0120,pid,,"LIPTM00304-AN/WSN-9 DHYSL INSTALLATION, AN/WSN-9 DHYSL SYS ENG FOR SCN VIRGINIA CLASS SUB, SPEED SENSOR UPGRADE, AN/WSN-",,241,,LSUBP00016
removed,N65236-24-RFPREQ-LSUBP00016-0121,pid,,LIPTM00448-FMS JAPAN AND AUSTRALIA AN/WSN-7 GEN ENG AND TECH FC-22 Upgrade& ISEA LTS for DDG-17x Ships (Atago &  Kongo) ,,242,,LSUBP00016
removed,N65236-24-RFPREQ-LSUBP00016-0122,pid,,LIPTM00304-AN/WSN-12 INERTIAL NAVIGATION SYSTEM PRODUCTION AND SUPPORT-DeGroff0002-(WR Systems-NEW),,243,,LSUBP00016
removed,N65236-24-RFPREQ-LSUBP00016-0123,pid,,LIPTM00448-FMS KOREA CB-ISEA SUPPORT FOR GPNTS CASE # KS-P-LQI & NAVSSI CASE # KS-P-GRY-Nwachukwu0009-(WR Systems-NEW),,244,,LSUBP00016
removed,N65236-24-RFPREQ-LSUBP00016-0124,pid,,LIPTM00448-NAVIGATION SYSTEMS FLEET SERVICES TECHNICAL SUPPORT-Nwachukwu0010-(WR Systems-NEW) (utilzing TDL process),,245,,LSUBP00016
removed,N65236-24-RFPREQ-LSUBP00016-0125,pid,,LIPTM00304-CVN/LHA/LPD/FFG SCN-Lambert0011-(WR Systems-NEW),,246,,LSUBP00016
removed,N65236-24-RFPREQ-LSUBP00016-0126,pid,,LIPTM00448-DDG CLASS SCN NAVIGATION SYSTEMS SUPPORT-Lambert0013-(WR Systems-NEW),,247,,LSUBP00016
added,N65236-24-RFPREQ-LSUBP00016-0130,pid,,,"LIPTM00304-ENGINEERING, New Task Order Award under contract N6523620D8024-KrisLambert0019-(WR Systems-NEW TO)",,196,LSUBP00016
added,N65236-24-RFPREQ-LSUBP00016-0139,pid,,,"LIPTM00448-ISEA, New Construction Navigation SYS Support-New Task Order Award under contract N6523620D8024-KrisLambert00",,836,LSUBP00016
added,N65236-24-RFPREQ-LSUBP00016-0162,pid,,,"LIPTM00304-PNT ENG IPT: PNT Systems S&T, Cyber Security, and SW IV&V Sppt (New TO, Seaport NxG, SBSA) (C)",,838,LSUBP00016
removed,N65236-24-RFPREQ-LSUBP00021-0001,pid,,"LIPTM00337, Ex ISR, PM Fires Acquisition Support follow-on (C)",,273,,LSUBP00021
removed,N65236-24-RFPREQ-LSUBP00021-0010,pid,,TCIO -- USMC Identity Operations Services - SeaPort TO (C),,278,,LSUBP00021
added,N65236-24-RFPREQ-LSUBP00021-0339,pid,,,"Unmanned Aircraft Systems Intelligence, Surveillance and Reconnaissance (UASISR) FoS Sustainment SeaPort (C)",,811,LSUBP00021
added,N65236-24-RFPREQ-LSUBP00021-0344,pid,,,"LIPTM00337, Ex ISR Sust, C4ISR Sustainment Follow on SeaPort (C)",,794,LSUBP00021
added,N65236-24-RFPREQ-LSUBP00022-0217,pid,,,Electromagnetic Maneuver Warfare (EMW) (Formerly ICADS) Engineering and Technical Support - Seaport NxGEN New TO (60 mon,,825,LSUBP00022
added,N65236-24-RFPREQ-LSUBP00023-0102,pid,,,"LIPTM00183, INIS IPT, NEW Seaport - SBSA (C)",,814,LSUBP00023
added,N65236-24-RFPREQ-LSUBP00034-0031,pid,,,LIPTM00119-INTERIOR COMMS (IC) IPT- New (internal) Large Service Contract (8A ANC sole source Akima) (PPA N65236-24-RFPR,,192,LSUBP00034
added,N65236-24-RFPREQ-LSUBP00034-0176,pid,,,"LIPTM00119 - Ready Room IAVA, VCR Cyber and CVN-74 SBS Logistic Support",,821,LSUBP00034
added,N65236-24-RFPREQ-LSUBP00034-0185,pid,,,LIPTM00119-INTERIOR COMMS (IC) IPT- LC NICHE SAC - 8A ANC -  AIT Contract (substitute to GIC)(PPA N65236-24-RFPREQ-LSUBP,,813,LSUBP00034
added,N65236-24-RFPREQ-LSUBP00035-0190,pid,,,"LIPTM00328 - CWITT & SWFTS IPT - AMENTUM 2YR TASK ORDER - N6523624D8014 - SUBMARINE C5I TEST AND EVALUATION, ENGINEERING",,819,LSUBP00035
removed,N65236-24-RFPREQ-LSUBP00049-0002,pid,,"LIPTM00303, DARPA IPT, SEAPORT NEW TASK ORDER, JANUS PROGRAM SUPPORT (C)",,437,,LSUBP00049
added,N65236-24-RFPREQ-LSUBP00049-0003,pid,,,LIPTM00319 General Seaport for S&T (C),,822,LSUBP00049
added,N65236-24-RFPREQ-LSUBP00049-0248,pid,,,LIPTM00319 GTRI Antenna-Contract (PPA LSUBP00049-0248),,839,LSUBP00049
added,N65236-24-RFPREQ-LSUBP00049-0282,pid,,,"Modification-Novation, Contract N0017819D8070/N6523623F3020 DCA",,826,LSUBP00049
added,N65236-24-RFPREQ-LSUBP00064-0032,pid,,,"LIPTM00417_Cyber Engineering, Operations, & Security Support_ENI IPT_New Order_SeaPort (C)",,832,LSUBP00064
added,N65236-24-RFPREQ-LSUBP00064-0132,pid,,,LIPTM00454_CLOUD TRANSITION AND MODERNIZATION TECHNICAL SUPPORT _E2IS IPT_New Task Order_SeaPort-NxG (C),,798,LSUBP00064
added,N65236-24-RFPREQ-LSUBP00077-0002,pid,,,LIPTM00458-Corporate Production Supply Contract (PPA N65236-24-RFPREQ LSUBP00077-0002) (C),,198,LBUSP00028
added,N65236-24-RFPREQ-LSUBP00077-0009,pid,,,LIPTM00458 - CAEI Support Services (PPA N65236-24-RFPREQ-LSUBP00077-0009),,817,LSUBP00077
added,N65236-24-RFPREQ-LSUBP00083-0026,pid,,,Bundle 15- Order #N6523623D1002,,820,LSUBP00083
added,N65236-24-RFPREQ-LSUBP00083-0029,pid,,,JOC Bundle 16 -  Lab 239 Expansion,,800,LSUBP00083
removed,N65236-24-RFPREQ-LSUBP00093-0001,pid,,NAVWAR_NIWC_Family of Systems Performance Based Logistics and Acquisition Logistics Support (C),,464,,LSUBP00093
added,N65236-25-RFPREQ-LBUSP00023-0052,pid,,,LIPTM00463 - FLEET READINESS DIRECTORATE INSTALLATION OFFICE (FIO) SERVICE CENTER- VSE FLUKE HW Procurement-SEWP (C),,448,LBUSP00023
added,N65236-25-RFPREQ-LBUSP00025-0007,pid,,,"LSUBP00025, ExW System Production and Kitting Contract (C)",,676,LBUSP00025
added,N65236-25-RFPREQ-LBUSP00026-0014,pid,,,"LBUSP00026, Shore C2ISR Dept., 8A ANC LC NICHE SAC, PM/FM/BA",,638,LBUSP00026
added,N65236-25-RFPREQ-LBUSP00030-0013,pid,,,"LBUSP00030, EEO AMERICAN SIGN LANGUAGE SUPPORT, GSA (C)",,760,LBUSP00030
added,N65236-25-RFPREQ-LBUSP00030-0026,pid,,,"LBUSP00030, CORPORATE OPERATIONS, COMMAND STRATEGY & ANALYTICS SUPPORT, MBAS",,41,LBUSP00030
added,N65236-25-RFPREQ-LBUSP00030-0028,pid,,,"LBUSP00030, CORPORATE OPERATIONS, MOD 2 PWS, CEILING, INCREMENTAL FUNDING CHANGES, COFS",,484,LBUSP00030
added,N65236-25-RFPREQ-LBUSP00033-0009,pid,,,"LIPTM00386, S2 IPT, NIWC Atlantic Software Services Support, SeaPort (C)",,616,LBUSP00033
added,N65236-25-RFPREQ-LSUBP00001-0020,pid,,,LIPTM00003_Shore ATC IPTM_Follow-on_ATC MAC (C),,791,LSUBP00001
added,N65236-25-RFPREQ-LSUBP00001-0022,pid,,,LIPTM00003_DASR Sustainment_ATC MAC (C),,792,LSUBP00001
added,N65236-25-RFPREQ-LSUBP00001-0032,pid,,,LIPTM00003_ASUP/NVS Follow-On_ATC MAC (C),,180,LSUBP00001
added,N65236-25-RFPREQ-LSUBP00001-0043,pid,,,LIPTM00002_TACAN_SoleSource,,837,LSUBP00001
added,N65236-25-RFPREQ-LSUBP00001-0053,pid,,,LIPTM00002_Polar Ops Support_SAC_EXOY 2,,714,LSUBP00001
added,N65236-25-RFPREQ-LSUBP00001-0054,pid,,,LIPTM00001_METOC SWR Material_EEC_SAC DO,,717,LSUBP00001
added,N65236-25-RFPREQ-LSUBP00001-0074,pid,,,LIPTM00003_ASUP/NVS_23F0115_MOD 17_Scope,,678,LSUBP00001
added,N65236-25-RFPREQ-LSUBP00001-0087,pid,,,LIPTM00003_ATC Lab Follow-on_ATC MAC (C),,58,LSUBP00001
added,N65236-25-RFPREQ-LSUBP00001-0097,pid,,,LIPTM00003_SHORE ATC_FOCIS (V)3 TDM TO IP_NASASEWP (C),,829,LSUBP00001
added,N65236-25-RFPREQ-LSUBP00001-0098,pid,,,NEW Order_LIPTM00003_DASR SUSTAINMENT_MAC (C),,52,LSUBP00001
added,N65236-25-RFPREQ-LSUBP00001-0111,pid,,,"LIPTM00002, POLAR PGR, IT COMMM MATERIAL,  SEWP (C)",,561,LSUBP00001
added,N65236-25-RFPREQ-LSUBP00002-0001,pid,,,"LIPTM00395, Multi-Media IPT, Large Contract, Ashore Collaboration Systems Integration and Installation Support (PPA LSUB",,204,LSUBP00002
added,N65236-25-RFPREQ-LSUBP00002-0014,pid,,,LIPTM00006_Naval Command and Operations Center_Naval Air Station (NAS) Key West Misc. Material_SEWP (C),,741,LSUBP00002
added,N65236-25-RFPREQ-LSUBP00002-0015,pid,,,LIPTM00006_Naval Command and Operations Center_Naval Air Station (NAS) Key West Cisco Material_DOD Cisco ESI - SEWP Cata,,742,LSUBP00002
added,N65236-25-RFPREQ-LSUBP00002-0019,pid,,,LIPTM00006_North American Aerospace Defense Command (NORAD) NORTHCOM_Audiovisual Material_SEWP (C),,751,LSUBP00002
added,N65236-25-RFPREQ-LSUBP00002-0020,pid,,,LIPTM00395 - MULTI-MEDIA IPT - TPL 24-067/068 - NASA SEWP (C),,752,LSUBP00002
added,N65236-25-RFPREQ-LSUBP00002-0021,pid,,,LIPTM00395 - MULTI-MEDIA IPT - TPL 24-069/071A - NASA SEWP (C),,753,LSUBP00002
added,N65236-25-RFPREQ-LSUBP00002-0022,pid,,,LIPTM00395 - MULTI-MEDIA IPT - TPL 24-069/071A - DoD ESI (C),,754,LSUBP00002
added,N65236-25-RFPREQ-LSUBP00002-0024,pid,,,LIPTM00395 - MULTI-MEDIA IPT - TPL 24-079/080 - NASA SEWP (C),,756,LSUBP00002
added,N65236-25-RFPREQ-LSUBP00002-0026,pid,,,LIPTM00395 - MULTI-MEDIA IPT - TPL 24-070 - NASA SEWP (C),,759,LSUBP00002
added,N65236-25-RFPREQ-LSUBP00002-0071,pid,,,LIPTM00395 - MULTI MEDIA  IPT - TPL 25-042  DoD ESI (C),,570,LSUBP00002
added,N65236-25-RFPREQ-LSUBP00002-0072,pid,,,LIPTM00395 - MULTI MEDIA  IPT - TPL 25-042  NASA SEWP (C),,571,LSUBP00002
added,N65236-25-RFPREQ-LSUBP00004-0019,pid,,,LIPTM00485- Electronic Warfare Systems (EWS) Integrated Product Team (IPT) Marine Corps Variant (MCV) Fly Away Broadcast,,687,LSUBP00004
added,N65236-25-RFPREQ-LSUBP00004-0046,pid,,,FY 25 SDN Maritime Communications on the Move (COTM) - SAC,,639,LSUBP00004
added,N65236-25-RFPREQ-LSUBP00004-0051,pid,,,"LIPTM00128, FY 25 SILENTDAGGER DEPLOYABLE VERSION 4 (SDDv4) SYSTEMS Fielding.",,632,LSUBP00004
added,N65236-25-RFPREQ-LSUBP00004-0054,pid,,,"LIPTM00129, USMC Communication Systems, Cables, Corp Production",,87,LSUBP00004
added,N65236-25-RFPREQ-LSUBP00004-0061,pid,,,"LIPTM00164, SPEC OPS ISR SOLUTIONS, NETWORK SWITCHES, ESI, SEWP (C)",,91,LSUBP00004
added,N65236-25-RFPREQ-LSUBP00004-0068,pid,,,LIPTM00129 - USMC Communications Systems - UCS Cisco Switch Requirement - Cisco ESI BPA - SEWP (C),,64,LSUBP00004
added,N65236-25-RFPREQ-LSUBP00004-0071,pid,,,LIPTM00128 SOCS IPT New Order FY25 Mv2 Hv2 PROC Upgrades,,49,LSUBP00004
added,N65236-25-RFPREQ-LSUBP00004-0082,pid,,,"LIPTM00128, New Service Order, SOCS SATCOM, FY25 SDN-EDN Combined",,595,LSUBP00004
added,N65236-25-RFPREQ-LSUBP00004-0087,pid,,,LIPTM00129 - USMC Communications Systems - UCS Vehicle Antenna Requirement - NASA SEWP (C),,563,LSUBP00004
added,N65236-25-RFPREQ-LSUBP00004-0094,pid,,,"LIPTM00129, USMC Communication Systems, Cables, Corp Production",,544,LSUBP00004
added,N65236-25-RFPREQ-LSUBP00004-0095,pid,,,"LIPTM00164, SOIS, GROUND SIGNALS INTELLIGENCE KIT (GSK) STATIC, RFP (C)",,545,LSUBP00004
added,N65236-25-RFPREQ-LSUBP00004-0096,pid,,,"LIPTM00164, SOIS, Maritime FMS, Ceiling Increase, 12-Month POP Ext, Norway",,582,LSUBP00004
added,N65236-25-RFPREQ-LSUBP00004-0103,pid,,,"LIPTM00291, MC2SA, Eggplant Software License , SEWP",,459,LSUBP00004
added,N65236-25-RFPREQ-LSUBP00006-0004,pid,,,"LIPTM00226, TACMOBILE, Common Data Link (CDL) AN/USQ-258(V)1 National Security Agency (NSA) Certification, Sustainment a",,793,LSUBP00006
added,N65236-25-RFPREQ-LSUBP00006-0061,pid,,,LIPTM00241 USCG IPT L-3 NEW TASK ORDER (OPC/CYBER),,702,LSUBP00006
added,N65236-25-RFPREQ-LSUBP00006-0067,pid,,,LIPTM00214-C4I FMS IPT_UAE_FMS Case AE-P-GAO_FOE,,698,LSUBP00006
added,N65236-25-RFPREQ-LSUBP00006-0084,pid,,,LIPTM00241-USCG IPT - L3 Harris Radio Repairs (FY25-27),,686,LSUBP00006
added,N65236-25-RFPREQ-LSUBP00006-0087,pid,,,LIPTM00241-USCG IPT - Tiger Laptops and Materials (T963 JVA) - SEWP (C),,673,LSUBP00006
added,N65236-25-RFPREQ-LSUBP00006-0094,pid,,,LIPTM00214-C4I FMS IPT_TAIWAN TW-P-GOX _SEWP (C),,622,LSUBP00006
added,N65236-25-RFPREQ-LSUBP00006-0095,pid,,,"LIPTM00214-C4I FMS, Mexico, FMS Case MX-P-LAP, SEWP (C)",,623,LSUBP00006
added,N65236-25-RFPREQ-LSUBP00006-0100,pid,,,"LIPTM00214-C4I FMS IPT_SAUDI ARABIA, SR-P-GBT,SEWP (C)",,634,LSUBP00006
added,N65236-25-RFPREQ-LSUBP00006-0124,pid,,,"LIPTM00214-C4I FMS, Morocco VMware, FMS Case MO-P-LBF, SEWP (C)",,42,LSUBP00006
added,N65236-25-RFPREQ-LSUBP00006-0126,pid,,,LIPTM00241 - USCG IPT - USCG Sustainment - Seaport NxGEN TO (base + 4OYS) (C),,194,LSUBP00006
added,N65236-25-RFPREQ-LSUBP00006-0127,pid,,,LIPTM00214-C4I FMS IPT - Multiple FMS Cases - Ultra Base Follow-on - ADSI Engineering Services and Material (PM: Hopkins,,24,LSUBP00006
added,N65236-25-RFPREQ-LSUBP00006-0134,pid,,,"LIPTM00046, TACMOBILE SYSTEMS LOGISTICS ACQUISITIONS SUPPORT, NICHE (C)",,35,LSUBP00006
added,N65236-25-RFPREQ-LSUBP00006-0136,pid,,,"LIPTM00214-C4I FMS, ULTRA, FMS Case IS-P-LIC, TW-P-GPU SAC -N65236-18-D-1002",,594,LSUBP00006
added,N65236-25-RFPREQ-LSUBP00006-0143,pid,,,"LIPTM00214-C4I FMS IPT - SR-P-SBV - Virtual ADSI, ULTRA SAC, N6523618D1002",,72,LSUBP00006
added,N65236-25-RFPREQ-LSUBP00006-0146,pid,,,LIPTM00214-C4I FMS IPT - Pakistan PK-P-GDF CENTRIXS Procurement - SEWP,,542,LSUBP00006
added,N65236-25-RFPREQ-LSUBP00006-0159,pid,,,LIPTM00241-USCG IPT-MUOS Renaissance Switches (T1031 JVA) - L3 Harris SAC N6523624D1014,,526,LSUBP00006
added,N65236-25-RFPREQ-LSUBP00006-0161,pid,,,"LIPTM00214-C4I FMS IPT - MO-P-LBL,ULTRA SAC, N6523618D1002",,469,LSUBP00006
added,N65236-25-RFPREQ-LSUBP00006-0162,pid,,,"LIPTM00214-C4I FMS IPT_MOROCCO, MO-P-LBL _SEWP (C)",,466,LSUBP00006
added,N65236-25-RFPREQ-LSUBP00007-0051,pid,,,"CTP IPT, MADIS FY25-27 FRP Support",,81,LSUBP00007
added,N65236-25-RFPREQ-LSUBP00007-0055,pid,,,"LIPTM00346 Fielded Ground Systems ARFF, FLIR System Prototype and Kitting",,77,LSUBP00007
added,N65236-25-RFPREQ-LSUBP00007-0078,pid,,,"LIPTM00055, AR IPT - Fielding and Production Support of LAV LCS (C)",,541,LSUBP00007
added,N65236-25-RFPREQ-LSUBP00007-0082,pid,,,"LIPTM00347, VEHICULAR TECHNOLOGY TRANSITION, ANTENNA, HW, SEWP (C)",,485,LSUBP00007
added,N65236-25-RFPREQ-LSUBP00009-0033,pid,,,FY25 SB Forecast - LIPTM00478 Forcepoint Renewal (C),,712,LSUBP00009
added,N65236-25-RFPREQ-LSUBP00009-0035,pid,,,FY25 SB Forecast - LIPTM00478 HPE Renewal (C),,713,LSUBP00009
added,N65236-25-RFPREQ-LSUBP00009-0041,pid,,,"LIPTM00074, DHA/HSI IPT, 25-008 MIX OF BNOE & BNO FOR MULTIPLE SITES-SEWP (C)",,718,LSUBP00009
added,N65236-25-RFPREQ-LSUBP00009-0042,pid,,,"LIPTM00074, DHA/HSI IPT, 25-009 HPE FY25 FIRST HALF-SEWP (C)",,719,LSUBP00009
added,N65236-25-RFPREQ-LSUBP00009-0043,pid,,,"LIPTM00074, DHA/HSI IPT, 25-010 BNOE SITE SPECIFIC LAN FORKLIFT - FY25-SEWP (C)",,720,LSUBP00009
added,N65236-25-RFPREQ-LSUBP00009-0044,pid,,,"LIPTM00074, DHA/HSI IPT, 25-011 BNO/BNOE MISC ELOM, UPS, ILOM MULTIPLE SITES-SEWP (C)",,721,LSUBP00009
added,N65236-25-RFPREQ-LSUBP00009-0045,pid,,,"LIPTM00074, DHA/HSI IPT, 25-012 RUCKUS FOR JUST IN TIME FY25 LAN & MULTIPLE SITES- SEWP (C)",,722,LSUBP00009
added,N65236-25-RFPREQ-LSUBP00009-0046,pid,,,"LIPTM00074, DHA/HSI IPT, 25-013 JUNIPER FOR MULTIPLE SITES-SEWP (C)",,723,LSUBP00009
added,N65236-25-RFPREQ-LSUBP00009-0047,pid,,,"LIPTM00074, DHA/HSI IPT, 25-014 CISCO FOR JUST IN TIME & MULTIPLE SITES-ESI, SEWP (C)",,724,LSUBP00009
added,N65236-25-RFPREQ-LSUBP00009-0048,pid,,,"LIPTM00074, DHA/HSI IPT, 25-015 HPE FOR MULTIPLE SITES-SEWP (C)",,725,LSUBP00009
added,N65236-25-RFPREQ-LSUBP00009-0049,pid,,,"FY25 SB Forecast - LIPTM00074, DHA/HSI IPT, 25-016 NH Camp Pendleton- FY25-SEWP (C)",,726,LSUBP00009
added,N65236-25-RFPREQ-LSUBP00009-0050,pid,,,"FY25 SB Forecast - LIPTM00074, DHA/HSI IPT, 25-017 CISCO for Ft Carson- FY25-SEWP (C)",,727,LSUBP00009
added,N65236-25-RFPREQ-LSUBP00009-0051,pid,,,"FY25 SB Forecast - LIPTM00074, DHA/HSI IPT, 25-018 Juniper for Beale AFB - FY25-SEWP (C)",,728,LSUBP00009
added,N65236-25-RFPREQ-LSUBP00009-0052,pid,,,"FY25 SB Forecast - LIPTM00074, DHA/HSI IPT, 25-019 Juniper for NMC San Diego - FY25-SEWP (C)",,729,LSUBP00009
added,N65236-25-RFPREQ-LSUBP00009-0053,pid,,,"FY25 SB Forecast - LIPTM00074, DHA/HSI IPT, 25-020 Ruckus for JB Lewis-McChord- FY25-SEWP (C)",,730,LSUBP00009
added,N65236-25-RFPREQ-LSUBP00009-0054,pid,,,"FY25 SB Forecast - LIPTM00074, DHA/HSI IPT, 25-021 Ilom & Misc for Forest Glen- FY25-SEWP (C)",,731,LSUBP00009
added,N65236-25-RFPREQ-LSUBP00009-0055,pid,,,"FY25 SB Forecast - LIPTM00074, DHA/HSI IPT, 25-022 Ilom & Misc for Ft Carson- FY25-SEWP (C)",,732,LSUBP00009
added,N65236-25-RFPREQ-LSUBP00009-0056,pid,,,"FY25 SB Forecast - LIPTM00074, DHA/HSI IPT, 25-023 Ilom & Misc for Luke AFB- FY25-SEWP (C)",,733,LSUBP00009
added,N65236-25-RFPREQ-LSUBP00009-0057,pid,,,"FY25 SB Forecast - LIPTM00074, DHA/HSI IPT, 25-024 Ilom & Misc for Minot AFB- FY25-SEWP (C)",,734,LSUBP00009
added,N65236-25-RFPREQ-LSUBP00009-0058,pid,,,"FY25 SB Forecast - LIPTM00074, DHA/HSI IPT, 25-025 Ilom & Misc for Travis AFB- FY25-SEWP (C)",,735,LSUBP00009
added,N65236-25-RFPREQ-LSUBP00009-0059,pid,,,"FY25 SB Forecast - LIPTM00074, DHA/HSI IPT, 25-026 Ilom & Misc for USAFA- FY25-SEWP (C)",,736,LSUBP00009
added,N65236-25-RFPREQ-LSUBP00009-0060,pid,,,"FY25 SB Forecast - LIPTM00074, DHA/HSI IPT, 25-027 Ilom & Misc for JALFHCC- FY25-SEWP (C)",,737,LSUBP00009
added,N65236-25-RFPREQ-LSUBP00009-0061,pid,,,"FY25 SB Forecast - LIPTM00074, DHA/HSI IPT, 25-028 Ilom & Misc for NHC Lemoore- FY25-SEWP (C)",,738,LSUBP00009
added,N65236-25-RFPREQ-LSUBP00009-0093,pid,,,"LIPTM00478, Cybersecurity Service Provider, New OTP Production Order #2",,643,LSUBP00009
added,N65236-25-RFPREQ-LSUBP00009-0111,pid,,,"LIPTM00079, HSSE IPT, NETWORK PROTECTION DESIGN, DEPLOYMENT, AND ENGINEERING SUPPORT II (C)",,605,LSUBP00009
added,N65236-25-RFPREQ-LSUBP00009-0130,pid,,,"LIPTM00307, Defense Health Readiness Engineering, HIV Blood System, Fortify SW - SEWP (C)",,54,LSUBP00009
added,N65236-25-RFPREQ-LSUBP00009-0134,pid,,,"LIPTM00079, HSSE IPT, DEFENSE HEALTH INFRASTRUCTURE AND APPLICATION ENGINEERING II - Seaport (C)",,39,LSUBP00009
changed,N65236-25-RFPREQ-LSUBP00010-0001,pid,procurement_method,TBD,Full and Open Competition,50,185,LSUBP00010
changed,N65236-25-RFPREQ-LSUBP00010-0001,pid,solicitation_fy,FY24,FY25,50,185,LSUBP00010
changed,N65236-25-RFPREQ-LSUBP00010-0001,pid,solicitation_quarter,Q2,Q3,50,185,LSUBP00010
changed,N65236-25-RFPREQ-LSUBP00010-0001,pid,award_quarter,Q2,Q4,50,185,LSUBP00010
added,N65236-25-RFPREQ-LSUBP00010-0046,pid,,,"LIPTM00333, ESCA IPT, CNRMA INC FUNDING TO EMERGENT NEEDS TO",,739,LSUBP00010
added,N65236-25-RFPREQ-LSUBP00010-0048,pid,,,"LIPTM00087, SCADA IPT, NAVCONBRIG ESCS Maintenance Technical Support",,711,LSUBP00010
added,N65236-25-RFPREQ-LSUBP00010-0049,pid,,,LIPTM00085; MST MUL USMC ESS FY25 Period 2 (C),,743,LSUBP00010
added,N65236-25-RFPREQ-LSUBP00010-0050,pid,,,LIPTM00085; MST MUL USMC ESS FY25 Period 3 (C),,744,LSUBP00010
added,N65236-25-RFPREQ-LSUBP00010-0069,pid,,,"LIPTM00081, PJSA IPT, Child Youth Program (CYP) Closed Circuit Television (CCTV) Life Cycle Support Services (C)",,758,LSUBP00010
added,N65236-25-RFPREQ-LSUBP00010-0082,pid,,,"LIPTM00081, PJSA IPT, FY25 SECURITY SYSTEM UPGRADES CAPITAL REGION (C)",,672,LSUBP00010
added,N65236-25-RFPREQ-LSUBP00010-0120,pid,,,LIPTM00333: NAVY ESS OCONUS SUSTAINMENT (C),,598,LSUBP00010
added,N65236-25-RFPREQ-LSUBP00010-0135,pid,,,LIPTM00085 USMC Electronic Security Systems (ESS) InfraLink Software License/Support Renewal-SEWP (C),,550,LSUBP00010
added,N65236-25-RFPREQ-LSUBP00010-0140,pid,,,"LIPTM00080, NATFP IPT,  REA (NAVSUP Bahrain BLDG 1)",,530,LSUBP00010
added,N65236-25-RFPREQ-LSUBP00010-0150,pid,,,"LIPTM00081, PJSA IPT, CNIC N9 CYP CCTV SYSTEM INSTALLATION EXPANSION (NEW ORDER) (C)",,473,LSUBP00010
added,N65236-25-RFPREQ-LSUBP00010-0151,pid,,,"LIPTM00081, PJSA IPT, NGA SMS, Polygraph, and CMS Sustainment New Order (C)",,474,LSUBP00010
added,N65236-25-RFPREQ-LSUBP00010-0152,pid,,,"LIPTM00081, PJSA IPT, Project Diana Annex and Garage Install New Order (C)",,475,LSUBP00010
added,N65236-25-RFPREQ-LSUBP00011-0023,pid,,,"LIPTM00086 - FY25 MicroFocus Dimensions Renewal - PMW240, (MFGS) ESI-BPA (C)",,680,LSUBP00011
added,N65236-25-RFPREQ-LSUBP00011-0024,pid,,,"LIPTM00086 - FY25 MicroFocus Dimensions Renewal - PMW250, (MFGS) ESI-BPA (C)",,681,LSUBP00011
added,N65236-25-RFPREQ-LSUBP00011-0032,pid,,,"LIPTM00086/MyNavy Human Resources Solutions - IText Software renewal, SEWP (C)",,621,LSUBP00011
added,N65236-25-RFPREQ-LSUBP00011-0034,pid,,,"LIPTM00086, MYNAVY HUMAN RESOURCES SOLUTIONS, TFMMS IBM PAM License (Renewal), SEWP (C)",,609,LSUBP00011
added,N65236-25-RFPREQ-LSUBP00011-0036,pid,,,"LIPTM00086/MyNavy Human Resources Solutions - Smartbear ReadyAPI Software renewal, SEWP (C)",,602,LSUBP00011
added,N65236-25-RFPREQ-LSUBP00011-0040,pid,,,"LIPTM00086/MyNavy Human Resources Solutions - Tortoise SVN Software renewal, SEWP (C)",,37,LSUBP00011
added,N65236-25-RFPREQ-LSUBP00011-0047,pid,,,LIPTM0086 - MYNAVYHR IT SOLUTIONS MANPOWER AND PERSONNEL SYSTEMS Services (FOLLOW-ON) - SEAPORT (C),,31,LSUBP00011
added,N65236-25-RFPREQ-LSUBP00011-0048,pid,,,"LIPTM00086/MyNavy Human Resources Solutions - DBSign Data Security Software renewal, SEWP (C)",,597,LSUBP00011
added,N65236-25-RFPREQ-LSUBP00011-0052,pid,,,"LIPTM00086/MyNavy Human Resources Solutions - Omnissa (previously Vmware) Horizon View 8 Enterprise Software renewal, SE",,586,LSUBP00011
added,N65236-25-RFPREQ-LSUBP00011-0053,pid,,,"LIPTM00086/MyNavy Human Resources Solutions - GoToAssist Software renewal, SEWP (C)",,588,LSUBP00011
added,N65236-25-RFPREQ-LSUBP00011-0060,pid,,,"LIPTM00086/MyNavy Human Resources Solutions - BMC Control M Software renewal, SEWP (C)",,531,LSUBP00011
added,N65236-25-RFPREQ-LSUBP00011-0061,pid,,,"LIPTM00086/MyNavy Human Resources Solutions - Phire Architect Software renewal, SEWP (C)",,529,LSUBP00011
added,N65236-25-RFPREQ-LSUBP00015-0082,pid,,,LSUBP00015 - Shore C4I Division - Secure Voice Solutions (SVS) – Seaport NxGEN (Base + 4OYS) (C),,601,LSUBP00015
added,N65236-25-RFPREQ-LSUBP00015-0094,pid,,,"LIPTM00116-UCVS IPT, Centrix VG450 Naples Procurement -SEWP ESI (C)",,60,LSUBP00015
added,N65236-25-RFPREQ-LSUBP00015-0096,pid,,,"LIPTM00447, Secure Voice Solutions IPT, NEW SAC Task Order N6523619D8002",,53,LSUBP00015
added,N65236-25-RFPREQ-LSUBP00015-0101,pid,,,"LIPTM00447, SVS IPT- ADNS, SPIRENT TESTCENTER GOLD AND C1 HW AND SW SUPPORT RENEWAL- SEWP (C)",,50,LSUBP00015
added,N65236-25-RFPREQ-LSUBP00015-0102,pid,,,LIPTM00447- SECURE VOICE SOLUTIONS IPT: NEW SAC DRSN COMPACFLT O&M - GDIT N6523619D8002 BASE YR,,23,LSUBP00015
added,N65236-25-RFPREQ-LSUBP00015-0103,pid,,,"LIPTM00447, SVS - ADNS, PRECISION WORKSTATIONS AND RARITAN CONSOLE - SEWP (C)",,26,LSUBP00015
added,N65236-25-RFPREQ-LSUBP00015-0105,pid,,,"LIPTM00447, Secure Voice Solutions IPT - HNF-2A Backplane Production - CAEI Order - N6523618D8014",,590,LSUBP00015
added,N65236-25-RFPREQ-LSUBP00015-0106,pid,,,LIPTM00116-UCVS IPT-RIBBON PROCUREMENT-SEWP (C),,565,LSUBP00015
added,N65236-25-RFPREQ-LSUBP00015-0108,pid,,,"LIPTM00447, SECURE VOICE SOLUTIONS IPT, WANRAPTOR AND RDS PLUS, SEWP (C)",,92,LSUBP00015
added,N65236-25-RFPREQ-LSUBP00015-0117,pid,,,LIPTM00116-UCVS IPT-CISCO PROCUREMENT-ESI SEWP (C),,549,LSUBP00015
added,N65236-25-RFPREQ-LSUBP00015-0120,pid,,,"LIPTM00116-UCVS IPT, Naval Observatory Flagstaff Station (NOFS) VOIP Procurement -SEWP (C)",,535,LSUBP00015
added,N65236-25-RFPREQ-LSUBP00015-0121,pid,,,LIPTM00116-UCVS-Naples Regional UC NODES-RVVB1-Non Cisco -SEWP (C),,528,LSUBP00015
added,N65236-25-RFPREQ-LSUBP00015-0123,pid,,,LIPTM00116_UCVS IPT_ Naples Regional RVVB1-Cisco_SEWP ESI (C),,482,LSUBP00015
added,N65236-25-RFPREQ-LSUBP00015-0125,pid,,,"LIPTM00447, Secure Voice Solutions IPT, NEW SAC Task Order N6523619D8002 - GDIT",,477,LSUBP00015
added,N65236-25-RFPREQ-LSUBP00015-0126,pid,,,LIPTM00116-UCVS IPT - NAVIFOR_SOUDA BAY CISCO HW Procurement-SEWP (C),,479,LSUBP00015
added,N65236-25-RFPREQ-LSUBP00015-0127,pid,,,LIPTM00116- UCVS IPT - NAVIFOR_SOUDA BAY HW Procurement-SEWP (C),,480,LSUBP00015
added,N65236-25-RFPREQ-LSUBP00015-0128,pid,,,LIPTM00116-UCVS-NEVVS Key West Phone HW Procurement-SEWP ESI (C),,451,LSUBP00015
added,N65236-25-RFPREQ-LSUBP00015-0129,pid,,,"LIPTM00115, Chas Lab Move, SJD CISCO, SEWP",,449,LSUBP00015
added,N65236-25-RFPREQ-LSUBP00016-0011,pid,,,LIPTM00448-New Task Order Award under contract N6523618D8001-RobZickau-(Northrop Grumman-New),,771,LSUBP00016
added,N65236-25-RFPREQ-LSUBP00016-0052,pid,,,"LIPTM00304-ENGINEERING, New Task Order Award under contract N6523620D8024-KevinSmith-(WR SYSTEMS-New)",,763,LSUBP00016
added,N65236-25-RFPREQ-LSUBP00016-0053,pid,,,"LIPTM00448-ISEA, New Task Order Award under contract N6523620D8024-KrisLambert0018-(WR SYSTEMS-NEW)",,770,LSUBP00016
added,N65236-25-RFPREQ-LSUBP00016-0094,pid,,,"LIPTM00120, SDRS IPT, SPIRENT HW RENEWAL FY25, SEWP (C)",,644,LSUBP00016
added,N65236-25-RFPREQ-LSUBP00016-0095,pid,,,"LIPTM00120, SDRS IPT, VQUAD HW RENEWAL, FY25, SEWP (C)",,645,LSUBP00016
added,N65236-25-RFPREQ-LSUBP00016-0115,pid,,,"LIPTM00448-ISEA, New Task Order under contract N6523618D8001-Billy Jackson-(Northrop Grumman-New)",,641,LSUBP00016
added,N65236-25-RFPREQ-LSUBP00016-0116,pid,,,"LIPTM00304-ENGINEERING, New Task Order Award under contract N6523621D8008 -Levi Williams-(Bowhead-New)",,642,LSUBP00016
added,N65236-25-RFPREQ-LSUBP00016-0118,pid,,,LIPTM00415-RCIPT: PRP TO ONSITE TECH SUPPORT,,620,LSUBP00016
added,N65236-25-RFPREQ-LSUBP00016-0123,pid,,,"LIPTM00448-PNT ISEA, New Task Order Award under contract N6523620D8024-CharlesNwachukwu0011-(WR Systems-New TO)",,630,LSUBP00016
added,N65236-25-RFPREQ-LSUBP00016-0124,pid,,,"LIPTM00448-ISEA, New Task Order Award under contract N6523620D8024-CharlesNwachukwu0012-(WR Systems-New)",,631,LSUBP00016
added,N65236-25-RFPREQ-LSUBP00016-0142,pid,,,"LIPTM00328-SUB CWITT & SWFTS, New Task Order Award under contract N6523620D8024-RubenHolstrom0001-(WR SYSTEMS-NEW)",,90,LSUBP00016
added,N65236-25-RFPREQ-LSUBP00016-0144,pid,,,"LIPTM00415, RCIPT, FY25024-09, NECC PRP/FSR SPPT, NICHE SAC",,88,LSUBP00016
added,N65236-25-RFPREQ-LSUBP00016-0147,pid,,,LIPTM00121_ATS IPT -FY25 GLENAIR & HW_SEWP (C),,84,LSUBP00016
added,N65236-25-RFPREQ-LSUBP00016-0157,pid,,,LIPTM00415 - Radio COMMS IPT - PMW/A 170 BRSE Data management racks - CAEI Order (SAC)- N6523618D8014,,59,LSUBP00016
added,N65236-25-RFPREQ-LSUBP00016-0180,pid,,,"LIPTM00448, PNT ISEA IPT, New Task Order Award under contract N6523620D8024-RIchieMarsh0017-(WR SYSTEMS-NEW)",,835,LSUBP00016
added,N65236-25-RFPREQ-LSUBP00016-0197,pid,,,"LIPTM00120, SDRS IPT, FORTIFY SW RENEWAL FY25, SEWP (C)",,583,LSUBP00016
added,N65236-25-RFPREQ-LSUBP00016-0207,pid,,,"LIPTM00415-Radio Comms IPT, Tactical Variant Switch (TVS) 3rd order of FY25-MAC (C)",,567,LSUBP00016
added,N65236-25-RFPREQ-LSUBP00016-0210,pid,,,"LIPTM00120, SDRS IPT, DELL DESKTOPS FY25, SEWP (C)",,559,LSUBP00016
added,N65236-25-RFPREQ-LSUBP00016-0211,pid,,,LIPTM00415-RCIPT: Antenna Tilt Group refurbishment for DDG 61/78-New SAC DO (LC NICHE SAIC SAC),,560,LSUBP00016
added,N65236-25-RFPREQ-LSUBP00016-0226,pid,,,"LIPTM00120, SDRS IPT, 3DB MAINTENANCE RENEWAL FY25, SEWP (C)",,471,LSUBP00016
added,N65236-25-RFPREQ-LSUBP00016-0227,pid,,,"LIPTM00120,  SDRS IPT, PMS 408 VERSAL KITS, FY25, SEWP (C)",,525,LSUBP00016
added,N65236-25-RFPREQ-LSUBP00016-0231,pid,,,"LIPTM00120,  SDRS IPT, NGTC LAB MATERIALS FY25, SEWP (C)",,527,LSUBP00016
added,N65236-25-RFPREQ-LSUBP00016-0232,pid,,,LIPTM00120 - SDRS IPT Technical Support - SeaPort-NxG Base + 4 Option Years (C),,667,LSUBP00016
added,N65236-25-RFPREQ-LSUBP00016-0241,pid,,,LIPTM00121_ATS IPT _FY25 GLENAIR & HW 2ND_SEWP (C),,462,LSUBP00016
added,N65236-25-RFPREQ-LSUBP00021-0029,pid,,,"LIPTM00455, Sensing and Information Operations (SIO) Classified Projects - NEW SERVICE TO SEAPORT (C)",,775,LSUBP00021
added,N65236-25-RFPREQ-LSUBP00021-0059,pid,,,"LIPTM00291, MC2SA IPT, MC2SA Integrated Product Team Support, Seaport (C)",,707,LSUBP00021
added,N65236-25-RFPREQ-LSUBP00021-0060,pid,,,LIPTM00150 SIGNIT IPT ENG SPT SEAPORT (C),,708,LSUBP00021
added,N65236-25-RFPREQ-LSUBP00021-0061,pid,,,LIPTM00150 SIGNIT TEST & EVALUATION SPT SEAPORT (C),,709,LSUBP00021
added,N65236-25-RFPREQ-LSUBP00021-0062,pid,,,LIPTM00150 LOGISTICS SUPPORT FOR FITE IPT (C),,710,LSUBP00021
added,N65236-25-RFPREQ-LSUBP00021-0071,pid,,,"LIPTM00455, TCIO,CIHEP, Fabis, Biocore, Secure Planet, SEWP (C)",,745,LSUBP00021
added,N65236-25-RFPREQ-LSUBP00021-0072,pid,,,"LIPTM00455, TCIO CIHEP, Scope, Adapter, SEWP (C)",,746,LSUBP00021
added,N65236-25-RFPREQ-LSUBP00021-0092,pid,,,"LIPTM00455, SIO, Sensing and Information Operations IPT Engineering and Technical Support to Terrestrial/HUMINT Programs",,660,LSUBP00021
added,N65236-25-RFPREQ-LSUBP00021-0148,pid,,,"LIPTM00455, TCIO, CIHEP, System Refresh IOT Equipment, SEWP (C)",,85,LSUBP00021
added,N65236-25-RFPREQ-LSUBP00021-0167,pid,,,"LIPTM00455, TCIO, TCS, BRENTRONICS, SEWP (C)",,43,LSUBP00021
added,N65236-25-RFPREQ-LSUBP00021-0170,pid,,,"LIPTM00337, Ex ISR Sust, Technical Management Team (TMT) Follow on SeaPort (C)",,48,LSUBP00021
added,N65236-25-RFPREQ-LSUBP00021-0180,pid,,,"LIPTM00455, TCIO, TCS GRCS, SEWP (C)",,30,LSUBP00021
added,N65236-25-RFPREQ-LSUBP00021-0186,pid,,,"SIO, IA2, SAMSUNG PHONES, SEWP (C)",,587,LSUBP00021
added,N65236-25-RFPREQ-LSUBP00021-0187,pid,,,"SIO, CIHEP, Prototypes, SEWP (C)",,591,LSUBP00021
added,N65236-25-RFPREQ-LSUBP00021-0188,pid,,,"SIO, IA2, FABIS-BIOCORE, SEWP (C)",,589,LSUBP00021
added,N65236-25-RFPREQ-LSUBP00021-0200,pid,,,"DCGS-MC, LIPTM00336, ANSYS SW, GSA",,577,LSUBP00021
added,N65236-25-RFPREQ-LSUBP00021-0204,pid,,,"LIPTM00150, FAM OF INT TARGET & EXPLOITATION (FITE), TCAC OPTIA SERVER, NASA SEWPR, NASA (C)",,554,LSUBP00021
added,N65236-25-RFPREQ-LSUBP00021-0208,pid,,,"LIPMT00455, TCIO. IA2, CELLEBRITE, SEWP (C)",,543,LSUBP00021
added,N65236-25-RFPREQ-LSUBP00021-0212,pid,,,"LIPTM00150, FAM OF INT TARGET & EXPLOITATION (FITE),TSCS-CESAS  Ansys Technical Enhancements Software and Customer Suppo",,538,LSUBP00021
added,N65236-25-RFPREQ-LSUBP00021-0213,pid,,,RCO Uncrewed Maritime System (UMV),,539,LSUBP00021
added,N65236-25-RFPREQ-LSUBP00021-0216,pid,,,"LIPTM00455, SIO, ARCHER FOLLOW ON (C)",,532,LSUBP00021
added,N65236-25-RFPREQ-LSUBP00021-0223,pid,,,"LIPTM00455, SIO, TIC MATERIAL, SEWP (C)",,472,LSUBP00021
added,N65236-25-RFPREQ-LSUBP00021-0235,pid,,,"LIPTM00455,  SIO, IA2, V2, SEWP",,481,LSUBP00021
added,N65236-25-RFPREQ-LSUBP00022-0013,pid,,,LIPTM00149 - ASE - ASE-25-___ - SSEE Intellian Spares - SEWP (C),,801,LSUBP00022
added,N65236-25-RFPREQ-LSUBP00022-0014,pid,,,"LIPTM00149 - ASE - ASE-25-015 - SYNCHRO- TRELLIX ESS SW - ESI,SEWP (C)",,802,LSUBP00022
added,N65236-25-RFPREQ-LSUBP00022-0015,pid,,,LIPTM00149 - ASE - ASE-25-002 - SSEE - H - SEWP V (C),,803,LSUBP00022
added,N65236-25-RFPREQ-LSUBP00022-0018,pid,,,LIPTM00149 - ASE - ASE-25-018 - SSEE MISSION MODULE SPARES - SEWP V (C),,804,LSUBP00022
added,N65236-25-RFPREQ-LSUBP00022-0019,pid,,,LIPTM00149 - ASE - ASE-25-017 - SSEE Mission Module Test Equipment - SEWP V (C),,805,LSUBP00022
added,N65236-25-RFPREQ-LSUBP00022-0020,pid,,,LIPTM00149 - ASE - ASE-25-020 - SSEE Mission Module Spares (2) - SEWP V (C),,806,LSUBP00022
added,N65236-25-RFPREQ-LSUBP00022-0021,pid,,,LIPTM00149 - ASE - ASE-25-021 - SSEE REDWOOD Peregrine - SEWP V (C),,807,LSUBP00022
added,N65236-25-RFPREQ-LSUBP00022-0022,pid,,,"LIPTM00149 - ASE - ASE-25-016- SSEE CDE TRELLIX -ESI, SEWP (C)",,808,LSUBP00022
added,N65236-25-RFPREQ-LSUBP00022-0028,pid,,,LIPTM00149 - ASE - ASE-25-011 - SSEE CDE AccuRev - MicroFocus - ESI/BPA (C),,809,LSUBP00022
added,N65236-25-RFPREQ-LSUBP00022-0032,pid,,,LIPTM00149 - ASE - ASE-25-013 - SSEE CDE SONARSOURCE/SONARQUBE - SEWP V (C),,810,LSUBP00022
added,N65236-25-RFPREQ-LSUBP00022-0046,pid,,,LIPTM00156 - DCGS-N IPT - FORGEROCK (DAS) - GSA (C),,795,LSUBP00022
added,N65236-25-RFPREQ-LSUBP00022-0053,pid,,,LIPTM00156 - DCGS-N IPT- POSTGRES ENTERPRISE DATABASE - GSA (C),,796,LSUBP00022
added,N65236-25-RFPREQ-LSUBP00022-0060,pid,,,LIPTM00156 - DCGNS IPT - ICOP - ARCGIS - SEWP (C),,797,LSUBP00022
added,N65236-25-RFPREQ-LSUBP00022-0069,pid,,,LIPTM00156 - DCGS-N - NETAPP - SEWP (C),,786,LSUBP00022
added,N65236-25-RFPREQ-LSUBP00022-0070,pid,,,LIPTM00229 - IUSS IPT - 300-25-903- Hardware Servers -SEWP (C),,190,LSUBP00022
added,N65236-25-RFPREQ-LSUBP00022-0072,pid,,,LIPTM00229-IUSS IPT-300-25-919- CISCO Hardware (LEESON)- ESI/SEWP (C),,787,LSUBP00022
added,N65236-25-RFPREQ-LSUBP00022-0073,pid,,,LIPTM00229-IUSS IPT-300-25-911- MISC Hardware (CLAY)- SEWP (C),,788,LSUBP00022
added,N65236-25-RFPREQ-LSUBP00022-0078,pid,,,LIPTM00229-IUSS IPT-300-25-907-UWS Hardware (LANTIEGNE)- SEWP (C),,790,LSUBP00022
added,N65236-25-RFPREQ-LSUBP00022-0119,pid,,,LIPTM00229 - IUSS IPT - 300-25-904- Software Renewal-(WISEMAN)-SEWP (C),,841,LSUBP00022
added,N65236-25-RFPREQ-LSUBP00022-0147,pid,,,CCOP Engineering and Technical Support - Seaport NxGEN New TO (60 months) (C),,607,LSUBP00022
added,N65236-25-RFPREQ-LSUBP00022-0171,pid,,,LIPTM00149 - ASE - SSEE & Spectral Software Configuration Management Support - New SAC TO- Chugach - N6523623D8021,,815,LSUBP00022
added,N65236-25-RFPREQ-LSUBP00022-0182,pid,,,LIPTM00156 - DCGSN IPT - HORIZON SW-SEWP (C),,566,LSUBP00022
added,N65236-25-RFPREQ-LSUBP00022-0203,pid,,,LIPTM00229-IUSS IPT-300-25-921- CISCO Licenses (WISEMAN)- ESI/SEWP (C),,460,LSUBP00022
added,N65236-25-RFPREQ-LSUBP00022-0204,pid,,,LIPTM00229-IUSS IPT-300-25-923- ArcGIS Licenses (LEESON)- SEWP (C),,461,LSUBP00022
added,N65236-25-RFPREQ-LSUBP00023-0022,pid,,,"LIPTM00174, Air & Space IPT, ITI NEW ORDER, TO-2",,740,LSUBP00023
added,N65236-25-RFPREQ-LSUBP00023-0056,pid,,,"LIPTM00183, INIS IPT, Sole-Source SETA, Large Contract",,604,LSUBP00023
added,N65236-25-RFPREQ-LSUBP00023-0070,pid,,,"LIPTM00183, INIS IPT, MUOS - New Task Order (#5)",,83,LSUBP00023
added,N65236-25-RFPREQ-LSUBP00023-0095,pid,,,"LIPTM00125, SATCOM IPT SEWP (C)",,452,LSUBP00023
added,N65236-25-RFPREQ-LSUBP00023-0096,pid,,,"LIPTM00183, INIS IPT, PADOVATECH (C)",,540,LSUBP00023
added,N65236-25-RFPREQ-LSUBP00024-0043,pid,,,"LIPTM00321, C4I, NS IPT, CND CISCO 3750 MIGRATION (EXT) SUPPORT, ESI-SEWP (C)",,688,LSUBP00024
added,N65236-25-RFPREQ-LSUBP00024-0044,pid,,,"LIPTM00321, C4I, NS IPT, CND DELL EXT SUPPORT HW SUPT RENEWALS, SEWP (C)",,689,LSUBP00024
added,N65236-25-RFPREQ-LSUBP00024-0046,pid,,,"LIPTM00321, C4I, NS IPT, CND VERITAS SW RENEWALS, ESI-BPA (MULTIPLE VENDORS) (C)",,690,LSUBP00024
added,N65236-25-RFPREQ-LSUBP00024-0047,pid,,,"LIPTM00321, C4I, NS IPT, CND FORCEPOINT, B5.1 RENEWALS, ESI-BPA (MULTIPLE VENDORS) (C)",,691,LSUBP00024
added,N65236-25-RFPREQ-LSUBP00024-0049,pid,,,"LIPTM00321, C4I, NS IPT, CND SPARES FY25, SEWP (C)",,692,LSUBP00024
added,N65236-25-RFPREQ-LSUBP00024-0050,pid,,,"LIPTM00321, C4I, NS IPT, CND CISCO SPARES FY25 VU, ESI-SEWP (COMPETITIVE) (C)",,693,LSUBP00024
added,N65236-25-RFPREQ-LSUBP00024-0053,pid,,,"LIPTM00321, C4I, NS IPT CDT PROOFPOINT RENEWALS, SEWP (C)",,697,LSUBP00024
added,N65236-25-RFPREQ-LSUBP00024-0055,pid,,,"LIPTM00321, C4I, NS IPT SENSOR 2 CAE SPIRENT RENEWALS, SEWP (C)",,651,LSUBP00024
added,N65236-25-RFPREQ-LSUBP00024-0057,pid,,,"LIPTM00321, C4I, NS IPT SENSOR 2 DELL HW SUPPORT RENEWAL, SEWP (C)",,653,LSUBP00024
added,N65236-25-RFPREQ-LSUBP00024-0060,pid,,,"LIPTM00321, C4I, NS IPT SENSOR 2 GITLAB RENEWALS, ESI-SEWP (C)",,654,LSUBP00024
added,N65236-25-RFPREQ-LSUBP00024-0061,pid,,,"LIPTM00321, C4I, NS IPT CDMSS VIRUS TOTAL RENEWALS, SEWP (C)",,655,LSUBP00024
added,N65236-25-RFPREQ-LSUBP00024-0064,pid,,,"LIPTM00321, C4I, NS IPT CDT DELL RENEWALS, SEWP (C)",,656,LSUBP00024
added,N65236-25-RFPREQ-LSUBP00024-0067,pid,,,"LIPTM00321, C4I, NS IPT CDMSS ANOMALI SW RENEWALS, SEWP (C)",,657,LSUBP00024
added,N65236-25-RFPREQ-LSUBP00024-0068,pid,,,"LIPTM00321, C4I, NS IPT PBD FFG64 HARDWARE, SEWP (C)",,658,LSUBP00024
added,N65236-25-RFPREQ-LSUBP00024-0080,pid,,,"LIPTM00439, C4I, PUBLIC KEY INFRASTRUCTURE, SERVERS AND HARDWARE, SEWP (C)",,648,LSUBP00024
added,N65236-25-RFPREQ-LSUBP00024-0087,pid,,,"LIPTM00375, C4I, MLSE IPT, MLSE HARDWARE, SEWP (C)",,675,LSUBP00024
added,N65236-25-RFPREQ-LSUBP00024-0091,pid,,,"LIPTM00321J, C4I, NS IPT, CND FY25 SPARES, SEWP (C)",,614,LSUBP00024
added,N65236-25-RFPREQ-LSUBP00024-0094,pid,,,"LIPTM00439, C4I, KEY MANAGEMENT (KMI) iAPP System Laptop Procurement and Integration (C)",,618,LSUBP00024
added,N65236-25-RFPREQ-LSUBP00024-0096,pid,,,"LIPTM00321, C4I, NS IPT, CND PRNOC CISCO E44-E45 BUY, CISCO ESI-SEWP (C)",,633,LSUBP00024
added,N65236-25-RFPREQ-LSUBP00024-0102,pid,,,"LIPTM00321, C4I, NS IPT, PBD CISCO FTDV SW LICENSE RENEWALS, SEWP (NOT ON CISCO ESI) (C)",,74,LSUBP00024
added,N65236-25-RFPREQ-LSUBP00024-0103,pid,,,"LIPTM00321, C4I, NS IPT, SHARKCAGE SENSOR 2 FY25 SPARES, SEWP (C)",,75,LSUBP00024
added,N65236-25-RFPREQ-LSUBP00024-0106,pid,,,"LIPTM00321, NS IPT, SENSOR 2 LIGHT, SEWP (C)",,56,LSUBP00024
added,N65236-25-RFPREQ-LSUBP00034-0017,pid,,,"LIPTM00119, IC IPT, SSBN-826 SITE 200 PROCUREMENT, SEWP (C)",,778,LSUBP00034
added,N65236-25-RFPREQ-LSUBP00034-0019,pid,,,"LIPTM00119, IC IPT, LPD ISEA 27TV PROCUREMENT, SEWP (C)",,761,LSUBP00034
added,N65236-25-RFPREQ-LSUBP00034-0022,pid,,,"LIPTM00119, IC IPT, DDG-75/78 SIWCS MOD PROCUREMENT, SEWP (C)",,762,LSUBP00034
added,N65236-25-RFPREQ-LSUBP00034-0027,pid,,,"LIPTM00119, IC IPT, DDG-128/129 143/144 SPARES & SYSTEM PROCUREMENT, SEWP (C)",,705,LSUBP00034
added,N65236-25-RFPREQ-LSUBP00034-0028,pid,,,"LIPTM00119, IC IPT, CVN-76 HYDRA OBRP PROCUREMENT, SEWP (C)",,706,LSUBP00034
added,N65236-25-RFPREQ-LSUBP00034-0056,pid,,,LIPTM00119-INTERIOR COMMS: CVN73 Camera Repair & LHD8 Wardroom Video Repair SAC (Chugach Technical Services) N6523621D80,,661,LSUBP00034
added,N65236-25-RFPREQ-LSUBP00034-0057,pid,,,LIPTM00119-INTERIOR COMMS: TV-DTS SUPPORT- SAC TO X8009,,662,LSUBP00034
added,N65236-25-RFPREQ-LSUBP00034-0058,pid,,,LIPTM00119-INTERIOR COMMS: IWCC EAST COAST DESIGN SUPPORT- SAC TO X8009,,663,LSUBP00034
added,N65236-25-RFPREQ-LSUBP00034-0059,pid,,,LIPTM00119-INTERIOR COMMS: CVN-79 IC VIDEO ASSESSMENT- SAC TO X8009,,664,LSUBP00034
added,N65236-25-RFPREQ-LSUBP00034-0060,pid,,,LIPTM00119-INTERIOR COMMS: CVN75 Pre- RCOH Support- SAC TO X8009,,665,LSUBP00034
added,N65236-25-RFPREQ-LSUBP00034-0071,pid,,,LIPTM00245 FSO - UNCLASS VIDEO TECH SUPPORT- SAC- CITI x8009,,640,LSUBP00034
added,N65236-25-RFPREQ-LSUBP00034-0080,pid,,,LIPTM00119- INTERIOR COMMS: IC VIDEO TV DTS SUPPORT- SAC Order- CITI- N6523621D8009,,628,LSUBP00034
added,N65236-25-RFPREQ-LSUBP00034-0081,pid,,,LIPTM00119-INTERIOR COMMS (IC) IPT- LC NICHE SAC - 8A ANC -  AIT Contract (substitute to GIC) Min Guarantee TASK ORDER,,619,LSUBP00034
added,N65236-25-RFPREQ-LSUBP00034-0082,pid,,,"LIPTM00119, IC IPT, CVN 75 C4I EMERGENT RESPONSE SUPPORT, SAC-CHUGACH - N6523623D8021 (New TO)",,94,LSUBP00034
added,N65236-25-RFPREQ-LSUBP00034-0090,pid,,,"LIPTM00119, IC IPT, EPF 14-16 VIDEO SITE 300 PROCUREMENT, SEWP (C)",,73,LSUBP00034
added,N65236-25-RFPREQ-LSUBP00034-0093,pid,,,"LIPTM00119. IC IPT, LPD-32 HYDRA P25 SYSTEM, SEWP (C)",,78,LSUBP00034
added,N65236-25-RFPREQ-LSUBP00034-0096,pid,,,"LIPTM0119, IC IPT, SSN 801-802 SITE 200 PROCUREMENT, SEWP (C)",,70,LSUBP00034
added,N65236-25-RFPREQ-LSUBP00034-0100,pid,,,"LIPTM00119, IC IPT, LHD-8 ANN AMPLIFIER PROCUREMENT, SEWP (C)",,40,LSUBP00034
added,N65236-25-RFPREQ-LSUBP00034-0106,pid,,,"LIPTM00119, IC IPT, LHA-9 SCHED C PROCUREMENT, SEWP (C)",,27,LSUBP00034
added,N65236-25-RFPREQ-LSUBP00034-0108,pid,,,LIPTM00119- IC COMMS IPT USS Carl Vinson (CVN-70) and USS George Washington (CVN-73) IWCC Support Phase II-SAC- N6523621,,32,LSUBP00034
added,N65236-25-RFPREQ-LSUBP00034-0113,pid,,,LIPTM00119- INTERIOR COMMS: IC VIDEO IWCC INSTALL SUPPORT- SAC-TO -N6253621D8009,,572,LSUBP00034
added,N65236-25-RFPREQ-LSUBP00034-0118,pid,,,"LIPTM00119, IC IPT, CVN-78 IVN BATTERY REFRESH, SEWP (C)",,555,LSUBP00034
added,N65236-25-RFPREQ-LSUBP00034-0128,pid,,,"LIPTM00119, IC IPT, CVN-77 IVN UPS REFRESH KIT, SEWP (C)",,456,LSUBP00034
added,N65236-25-RFPREQ-LSUBP00035-0001,pid,,,"LIPTM00250, Shore Sub C4I IPT, SHORE SUBMARINE COMMUNICATIONS SYSTEM (SSCS) COMMAND, CONTROL, COMMUNICATIONS, COMPUTERS,",,827,LSUBP00035
added,N65236-25-RFPREQ-LSUBP00035-0002,pid,,,LIPTM00250_Shore SUB C4I IPT - FSBS OPN-S Priority Spare Procurement_SEWP (C),,816,LSUBP00035
added,N65236-25-RFPREQ-LSUBP00035-0022,pid,,,"LIPTM00250, Shore Sub C4I IPT, FSBS Auto Tuner Engineering and Design Procurement - Salient SAC - N6523623D8015",,772,LSUBP00035
added,N65236-25-RFPREQ-LSUBP00035-0025,pid,,,"LIPTM00250, Shore Sub C4I IPT, FSBS TCC/ACC Procurement and Engineering (Awase, Iceland & Dixon)",,773,LSUBP00035
added,N65236-25-RFPREQ-LSUBP00035-0028,pid,,,LIPTM00248 - VA-Class Arbor Update and PLAR Procurement- NEW SAC DO - CORPORATE PRODUCTION,,779,LSUBP00035
added,N65236-25-RFPREQ-LSUBP00035-0029,pid,,,LIPTM00248 - FY25 I1V4/CB22  - NEW SAC DO - CORPORATE PRODUCTION,,780,LSUBP00035
added,N65236-25-RFPREQ-LSUBP00035-0030,pid,,,LIPTM00248 - Afloat SUB IPT - FY25 CB23  - NEW SAC DO - CORPORATE PRODUCTION,,781,LSUBP00035
added,N65236-25-RFPREQ-LSUBP00035-0031,pid,,,LIPTM00248 - FY25 770 TEMPALT  - NEW SAC DO - CORPORATE PRODUCTION - N6523618D8014,,782,LSUBP00035
added,N65236-25-RFPREQ-LSUBP00035-0032,pid,,,LIPTM00248 - Afloat SUB C4I IPT - 804/805 DOCKSIDE Integration & 808/809/827 ECS & CANES Integration at COATS - NEW SAC ,,783,LSUBP00035
added,N65236-25-RFPREQ-LSUBP00035-0033,pid,,,LIPTM00248 - Afloat Sub IPT - 800-813 CANES Integration Support - NEW SAC DO - CORPORATE PRODUCTION - N6523618D8014,,784,LSUBP00035
added,N65236-25-RFPREQ-LSUBP00035-0041,pid,,,"LIPTM000328, C4I WEAPONS TEST TEAM IPT, KITCO BUY, SEWP (C)",,764,LSUBP00035
added,N65236-25-RFPREQ-LSUBP00035-0045,pid,,,"LIPTM000328, C4I WEAPONS TEST TEAM IPT, JUNIPER, SEWP (C)",,765,LSUBP00035
added,N65236-25-RFPREQ-LSUBP00035-0046,pid,,,"LIPTM000328, C4I WEAPONS TEAM IPT, EXTREME NETWORKS, SEWP (C)",,766,LSUBP00035
added,N65236-25-RFPREQ-LSUBP00035-0047,pid,,,"LIPTM000328, SWITT and CWIFTS IPT - C4I WEAPONS TEST, PALO ALTO, ESI-SEWP (C)",,767,LSUBP00035
added,N65236-25-RFPREQ-LSUBP00035-0048,pid,,,"LIPTM000328, C4I WEAPONS TEST TEAM IPT, RSA, ESI",,768,LSUBP00035
added,N65236-25-RFPREQ-LSUBP00035-0049,pid,,,"LIPTM000328, C4I WEAPONS TEST TEAM IPT, VARIOUS CONNECTORS, SEWP (C)",,769,LSUBP00035
added,N65236-25-RFPREQ-LSUBP00035-0053,pid,,,LIPTM00248 - FY25 GBS Procurement and Kitting - NEW SAC DO - CORPORATE PRODUCTION - N6523618D8014,,703,LSUBP00035
added,N65236-25-RFPREQ-LSUBP00035-0055,pid,,,LIPTM000250_Shore Sub C4I IPT_SOA_CSD KVM_EVERFOX_SEWP_CISCO (C),,700,LSUBP00035
added,N65236-25-RFPREQ-LSUBP00035-0063,pid,,,"LIPTM000250_Shore Sub C4I IPT_SOA_MOD KVM CISCO_DOD ESI, SEWP (C)",,694,LSUBP00035
added,N65236-25-RFPREQ-LSUBP00035-0064,pid,,,"LIPTM00250_Shore SUB IPT, CISCO MODELING RENEWAL W/OPTIONS, SEWP (C)",,650,LSUBP00035
added,N65236-25-RFPREQ-LSUBP00035-0065,pid,,,LIPTM00250_Shore Sub C4I IPT_SOA_ISDS_Win Server Std 2012 R2 2(October 2025-2026)_SEWP,,652,LSUBP00035
added,N65236-25-RFPREQ-LSUBP00035-0071,pid,,,LIPTM000250_Shore Sub C4I IPT_SOA_CROSS DOMAIN SOLUTIONS_SEWP (C),,670,LSUBP00035
added,N65236-25-RFPREQ-LSUBP00035-0075,pid,,,LIPTM00248 - AFLOAT SUB C4I IPT - Common Submarine Radio Room (CSRR) ISEA ProcurementT (SEWP) (C),,646,LSUBP00035
added,N65236-25-RFPREQ-LSUBP00035-0086,pid,,,LIPTM000250_Shore Sub C4I IPT_SOA_IP TUBES_SEWP (C),,679,LSUBP00035
added,N65236-25-RFPREQ-LSUBP00035-0092,pid,,,LIPTM000250_Shore Sub C4I IPT_MISC SOAPHE MATERIAL & NON ESI SOFTWARE_SEWP (C),,636,LSUBP00035
added,N65236-25-RFPREQ-LSUBP00035-0098,pid,,,LIPTM00248 - FY25 CSRR BOISE UPGRADE  - NEW SAC DO - CORPORATE PRODUCTION - N6523618D8014,,617,LSUBP00035
added,N65236-25-RFPREQ-LSUBP00035-0102,pid,,,LIPTM000250_Shore Sub C4I IPT_SOA_SOAPHE Nutanix ESI w/4options_DOD ESI (C),,774,LSUBP00035
added,N65236-25-RFPREQ-LSUBP00035-0103,pid,,,LIPTM00248 - Afloat SUB C4I IPT - FY25 ADNS and KMI KITTING - NEW SAC DO - CORPORATE PRODUCTION,,629,LSUBP00035
added,N65236-25-RFPREQ-LSUBP00035-0106,pid,,,LIPTM00248 - AFLOAT SUB C4I IPT - CSRR MRTS UNITY INDUSTRY SW SUPPORT (SEWP) FY26 (C),,606,LSUBP00035
added,N65236-25-RFPREQ-LSUBP00035-0109,pid,,,LIPTM000250_Shore Sub C4I IPT_ZYFER M-CODE_SEWP (C),,635,LSUBP00035
added,N65236-25-RFPREQ-LSUBP00035-0110,pid,,,LIPTM00248 - CSRR MRTS TRAINER PROCUREMENT  - NEW SAC DO - CORPORATE PRODUCTION,,80,LSUBP00035
added,N65236-25-RFPREQ-LSUBP00035-0119,pid,,,LIPTM00248 - AFLOAT SUB C4I IPT - Common Submarine Radio Room (CSRR) Multi-purpose Reconfigurable Training System (MRTS),,63,LSUBP00035
added,N65236-25-RFPREQ-LSUBP00035-0131,pid,,,LIPTM00248 - AFLOAT SUB C4I IPT - Common Submarine Radio Room (CSRR)  Procurement (SEWP) (C),,593,LSUBP00035
added,N65236-25-RFPREQ-LSUBP00035-0133,pid,,,LIPTM00248 - VA BLK I/II TM Red Phone Procurement - NEW SAC DO - CORPORATE PRODUCTION - N6523618D8014,,584,LSUBP00035
added,N65236-25-RFPREQ-LSUBP00035-0138,pid,,,"LIPTM00486, SSTD IPT, MICROFOCUS DOD ESI BPA (C)",,568,LSUBP00035
added,N65236-25-RFPREQ-LSUBP00035-0139,pid,,,LIPTM00248 - AFLOAT SUB C4I IPT - Common Submarine Radio Room (CSRR) MOTHERBOARDS FOR CRYSTAL SERVERS (SEWP),,558,LSUBP00035
added,N65236-25-RFPREQ-LSUBP00035-0142,pid,,,LIPTM000250_Shore Sub C4I IPT_SOA_ Nutanix 2nd buy_DOD ESI (C),,547,LSUBP00035
added,N65236-25-RFPREQ-LSUBP00035-0145,pid,,,LIPTM000250_Shore Sub C4I IPT_THALES_w/options_SEWP,,615,LSUBP00035
added,N65236-25-RFPREQ-LSUBP00035-0153,pid,,,LIPTM000250_Shore Sub C4I IPT_FSBS_DUMMY LOAD_SEWP (C),,524,LSUBP00035
added,N65236-25-RFPREQ-LSUBP00049-0053,pid,,,Cognitive Brain Fatigue,,747,LSUBP00049
added,N65236-25-RFPREQ-LSUBP00049-0054,pid,,,Clemson University,,748,LSUBP00049
added,N65236-25-RFPREQ-LSUBP00049-0055,pid,,,8A for S&T Department,,749,LSUBP00049
added,N65236-25-RFPREQ-LSUBP00049-0056,pid,,,S&T MBAS Support Follow on (III),,750,LSUBP00049
added,N65236-25-RFPREQ-LSUBP00049-0057,pid,,,UCF Contract,,755,LSUBP00049
added,N65236-25-RFPREQ-LSUBP00049-0058,pid,,,University of Rochester,,757,LSUBP00049
added,N65236-25-RFPREQ-LSUBP00049-0096,pid,,,Modular Buildings (Up to 8 total) (PPA N65236-25-RFPREQ-LSUBP00049-0096) (C),,682,LSUBP00049
added,N65236-25-RFPREQ-LSUBP00049-0131,pid,,,USCC Modular Buildings (PID 1 of 2) (C),,624,LSUBP00049
added,N65236-25-RFPREQ-LSUBP00049-0132,pid,,,USCC Modular Buildings (PID 2 of 2) (C),,625,LSUBP00049
added,N65236-25-RFPREQ-LSUBP00049-0133,pid,,,Quantum convergence lab,,627,LSUBP00049
added,N65236-25-RFPREQ-LSUBP00049-0153,pid,,,"LBUSP00027,  Naval Innovation Science and Engineering (NISE Program) STARLINK GSA (C)",,610,LSUBP00049
added,N65236-25-RFPREQ-LSUBP00049-0155,pid,,,"LBUSP00027,  Advanced Technology Research (ATR) STARLINK GSA (C)",,611,LSUBP00049
added,N65236-25-RFPREQ-LSUBP00049-0161,pid,,,DIU/CNAFR Software Production OT,,89,LSUBP00049
added,N65236-25-RFPREQ-LSUBP00049-0176,pid,,,"LIPTM00468, NISE, WD-25-010 - M&S OBJECTIVES, SEWP (C)",,76,LSUBP00049
added,N65236-25-RFPREQ-LSUBP00049-0177,pid,,,"LIPTM00468, NISE, WD-25-010, M&S OBJECTIVES, SEWP (C)",,79,LSUBP00049
added,N65236-25-RFPREQ-LSUBP00049-0194,pid,,,NIWC CSO for RCO Portfolio (C),,28,LSUBP00049
added,N65236-25-RFPREQ-LSUBP00049-0209,pid,,,"LIPTM00468, NISE, MORT (TT-25-001), SEWP (C)",,581,LSUBP00049
added,N65236-25-RFPREQ-LSUBP00049-0217,pid,,,ATD Follow on (C),,557,LSUBP00049
added,N65236-25-RFPREQ-LSUBP00049-0238,pid,,,DARPA CHUGACH SAC,,537,LSUBP00049
added,N65236-25-RFPREQ-LSUBP00049-0246,pid,,,"LIPTM99468, NISE, S2I2C, LR-25-007, SEWP (C)",,470,LSUBP00049
added,N65236-25-RFPREQ-LSUBP00049-0256,pid,,,"LIPTM00468, NISE, RP-25-016, FUTURE G TACTICAL, SEWP (C)",,546,LSUBP00049
added,N65236-25-RFPREQ-LSUBP00049-0260,pid,,,LIPTM00468_NISE IPT_FY25 KYMETA TERMINAL_SEWP (C),,486,LSUBP00049
added,N65236-25-RFPREQ-LSUBP00056-0027,pid,,,LIPTM00480 - Business Applications In-Service Engineering Agent - BA-ISEA 7780 FA-18 Fame Laptops - NASA SEWP (C),,677,LSUBP00056
added,N65236-25-RFPREQ-LSUBP00057-0198,pid,,,"LIPTM00256, SHORE MODERNIZATION IPT, JMINI CONTROL SYSTEM, SEWP (C)",,61,LSUBP00057
added,N65236-25-RFPREQ-LSUBP00057-0204,pid,,,5166 LIPTM00425 NEW TASK ORDER (C),,57,LSUBP00057
added,N65236-25-RFPREQ-LSUBP00057-0230,pid,,,18989 LIPTM00463 PPR FOR FOE,,45,LSUBP00057
added,N65236-25-RFPREQ-LSUBP00057-0231,pid,,,5167 LIPTM00426 NEW TASK ORDER (C),,46,LSUBP00057
added,N65236-25-RFPREQ-LSUBP00057-0233,pid,,,5172 LIPTM00463 NEW TASK ORDER (C),,51,LSUBP00057
added,N65236-25-RFPREQ-LSUBP00057-0255,pid,,,5146 LIPTM00463 NEW TASK ORDER (C),,599,LSUBP00057
added,N65236-25-RFPREQ-LSUBP00057-0310,pid,,,"LIPTM00425, SUBMARINE MODERNIZATION IPT, (NON-GIC), SSN-784 USS NORTH DAKOTA - SEWP (C)",,534,LSUBP00057
added,N65236-25-RFPREQ-LSUBP00057-0312,pid,,,5179 LIPTM00257 NEW TASK ORDER (C),,536,LSUBP00057
added,N65236-25-RFPREQ-LSUBP00057-0321,pid,,,"LIPTM00256, SURFACE MODERNIZATION IPT, DDG-94 USS NITZE - GSA (C)",,483,LSUBP00057
added,N65236-25-RFPREQ-LSUBP00057-0328,pid,,,5178 LIPTM00463 PPR FOR NEW TASK ORDER (C),,463,LSUBP00057
added,N65236-25-RFPREQ-LSUBP00057-0331,pid,,,5181 LIPTM00257 NEW TASK ORDER (C),,457,LSUBP00057
added,N65236-25-RFPREQ-LSUBP00063-0035,pid,,,"LIPTM00285 NAVALC2, GCCS-M POSTGRES SW RNWL, SEWP (C)",,695,LSUBP00063
added,N65236-25-RFPREQ-LSUBP00063-0036,pid,,,"LIPTM00285 NAVALC2 IPT, RIMAGE HW MAINTENANCE RNWL, GSA (C)",,696,LSUBP00063
added,N65236-25-RFPREQ-LSUBP00063-0067,pid,,,"LIPTM00118, TNSS, RED HAT AGILE CORE SERVICES (DLT Solutions action)",,659,LSUBP00063
added,N65236-25-RFPREQ-LSUBP00063-0073,pid,,,"LSUBP00063-TNSS IPT, Cisco Catalysts and Firepower- SEWP ESI (C)",,82,LSUBP00063
added,N65236-25-RFPREQ-LSUBP00063-0078,pid,,,"LIPTM00118 -TNSS-IPT, NON-CISCO SERVERS-SEWP (C)",,22,LSUBP00063
added,N65236-25-RFPREQ-LSUBP00063-0084,pid,,,"LIPTM00118, TNSS IPT, HCL DOMINO SECURITY BUNDLE, ESI-BPA (C)",,562,LSUBP00063
added,N65236-25-RFPREQ-LSUBP00063-0085,pid,,,"LIPTM00118, TNSS IPT, CLOUDERA SOFTWARE SUBSCRIPTIONS PROCUREMENT, SEWP (C)",,564,LSUBP00063
added,N65236-25-RFPREQ-LSUBP00063-0090,pid,,,"LIPTM00285 NAVALC2, GCCS-M, SAPNS2 SYBASE, SW RNWL, ESI - BPA (C)",,556,LSUBP00063
added,N65236-25-RFPREQ-LSUBP00063-0097,pid,,,LIPTM00397 - CANES Engineering IPT - IWRP 25-LANT-2814 (C),,478,LSUBP00063
added,N65236-25-RFPREQ-LSUBP00064-0101,pid,,,"LIPTM00410, ECI, ESRI, GSA",,33,LSUBP00064
added,N65236-25-RFPREQ-LSUBP00064-0104,pid,,,LIPTM00417__ENI IPT_NEW TO (FOE)_EXP ISR SUPT_N6523620F3023_SRC_CPFF,,38,LSUBP00064
added,N65236-25-RFPREQ-LSUBP00066-0018,pid,,,LIPTM00464 - DC2HS - AWS IL6 CLOUD CONSUMPTION (JWCC MAC),,613,LSUBP00066
added,N65236-25-RFPREQ-LSUBP00066-0021,pid,,,"LIPTM00464, DC2HS, FY25 CISCO ISE NEW PROCUREMENT, ESI - SEWP (C)",,603,LSUBP00066
added,N65236-25-RFPREQ-LSUBP00066-0031,pid,,,"LIPTM00464, DC2HS, FY25 NETAPP HW RENEWAL, ELA - SEWP (C)",,573,LSUBP00066
added,N65236-25-RFPREQ-LSUBP00066-0032,pid,,,"LIPTM00464, DC2HS, FY25 CISCO ISE CEDC RENEWAL, ESI - SEWP (C)",,574,LSUBP00066
added,N65236-25-RFPREQ-LSUBP00066-0033,pid,,,"LIPTM00464, DC2HS, FY25 CISCO RENEWAL, ESI-SEWP (C)",,575,LSUBP00066
added,N65236-25-RFPREQ-LSUBP00066-0034,pid,,,"LIPTM00464, DC2HS, FY25 CITRIX RENEWAL (Managed Services), SEWP (C)",,576,LSUBP00066
added,N65236-25-RFPREQ-LSUBP00080-0009,pid,,,"LIPTM00461, 5.9 Service Center, Server and controllers, SEWP (C)",,569,LSUBP00080
added,N65236-25-RFPREQ-LSUBP00082-0001,pid,,,"LIPTM00446 , ITSL, UNITY SEWP (C)",,21,LSUBP00082
added,N65236-25-RFPREQ-LSUBP00083-0005,pid,,,Bundle 19 Security Perimeter Enhancement,,668,LSUBP00083
added,N65236-25-RFPREQ-LSUBP00083-0009,pid,,,Bundle 26 Norfolk ATS UPS Installation,,685,LSUBP00083
added,N65236-25-RFPREQ-LSUBP00083-0010,pid,,,Facilities A&E IDIQ (C),,674,LSUBP00083
added,N65236-25-RFPREQ-LSUBP00083-0014,pid,,,Bundle 23 CRAC Unit Replacement,,626,LSUBP00083
added,N65236-25-RFPREQ-LSUBP00083-0019,pid,,,Modification to Task Order # N6523625F0010 Bundle 12 LIETM00492,,600,LSUBP00083
added,N65236-25-RFPREQ-LSUBP00083-0036,pid,,,Bundle 27 Antennae Platform,,596,LSUBP00083
added,N65236-25-RFPREQ-LSUBP00083-0038,pid,,,Bundle 29 Paint and Carpet,,592,LSUBP00083
added,N65236-25-RFPREQ-LSUBP00087-0001,pid,,,"CIO, DAS, CELLPHONE REPEATER, IBWAVE, SEWP (C)",,828,LSUBP00087
added,N65236-25-RFPREQ-LSUBP00087-0004,pid,,,"LIPTM00460, RDT&E, Aruba SEWP (C)",,785,LSUBP00087
added,N65236-25-RFPREQ-LSUBP00087-0007,pid,,,"LIPTM00460, RDT&E Network Services IPT, RDT&E Network Services, Operations, and Engineering Support for NIWC Atlantic, S",,777,LSUBP00087
added,N65236-25-RFPREQ-LSUBP00087-0019,pid,,,"LIPTM00460, Telephony, RIBBON REDSKY, SEWP (C)",,649,LSUBP00087
added,N65236-25-RFPREQ-LSUBP00087-0020,pid,,,"LIPTM00460, Telephony, REPEATER UPGRADER SEWP (C)",,683,LSUBP00087
added,N65236-25-RFPREQ-LSUBP00087-0022,pid,,,"LIPTM00460, RDT&E, DOCKER ANNUAL RENEWAL SEWP (C)",,704,LSUBP00087
added,N65236-25-RFPREQ-LSUBP00087-0026,pid,,,"LIPTM00460,  RDT&E CODEX - ESI, SEWP (C)",,93,LSUBP00087
added,N65236-25-RFPREQ-LSUBP00087-0033,pid,,,"LIPTM00460, Telephony, CISCO,ESI SEWP (C)",,86,LSUBP00087
added,N65236-25-RFPREQ-LSUBP00087-0034,pid,,,"LIPTM00460, RDT&E, HORIZON JUNIPER  SEWP (C)",,71,LSUBP00087
added,N65236-25-RFPREQ-LSUBP00087-0036,pid,,,"LIPTM00467, Unified Capability, UC BLDG CISCO,ESI SEWP (C)",,62,LSUBP00087
added,N65236-25-RFPREQ-LSUBP00087-0038,pid,,,"LIPTM00467, Unified Capability, UC Facilities CISCO,ESI SEWP (C)",,34,LSUBP00087
added,N65236-25-RFPREQ-LSUBP00087-0040,pid,,,"LIPTM00460, Telephony,  AKKADIAN, SEWP (C)",,523,LSUBP00087
added,N65236-25-RFPREQ-LSUBP00093-0010,pid,,,"LIPTM00252 BASED LOGISTICS-ORGANIC (PBLO), MATERIALS SEWP (C)",,669,LSUBP00093
added,N65236-25-RFPREQ-LSUBP00093-0011,pid,,,"LIPTM00252 BASED LOGISTICS-ORGANIC (PBLO), POWER SUPPLIES/SWITCHES, ESI-SEWP (CISCO) (C)",,671,LSUBP00093
added,N65236-25-RFPREQ-LSUBP00093-0019,pid,,,"LIPTM00252 BASED LOGISTICS-ORGANIC (PBLO), POWER SUPPLIES SEWP (C)",,684,LSUBP00093
added,N65236-25-RFPREQ-LSUBP00093-0030,pid,,,"LIPTM00252 BASED LOGISTICS-ORGANIC (PBLO), PANASONIC RUGGED TOUGHBOOKS (SEWP)",,44,LSUBP00093
added,N65236-25-RFPREQ-LSUBP00093-0033,pid,,,"LIPTM00252, PBL-O IPT, ELECTRONIC PARTS, SEWP (C)",,36,LSUBP00093
added,N65236-25-RFPREQ-LSUBP00094-0003,pid,,,"LIPTM00515, DEFENCE CYBER OPERATIONS, SOFTWARE, SEWP (C)",,47,LSUBP00094
added,N65236-25-RFPREQ-LSUBP00094-0004,pid,,,"LIPTM00515, Tenable Software Renewal, SEWP (C)",,29,LSUBP00094
added,N65236-25-RFPREQ-LSUBP00095-0033,pid,,,LIPTM00107 - Naval Tactical Command Support System - NTCSS Development NeoLoad Support Renewal - NASA SEWP (C),,25,LSUBP00095
added,N65236-25-RFPREQ-LSUBP00095-0037,pid,,,"LIPTM00106, MAINTENANCE FIGURE OF MERIT, FY25 MFOM Machine Certs Support Renewal, NASA SEWP (C)",,585,LSUBP00095
added,N65236-25-RFPREQ-LSUBP00095-0038,pid,,,"LIPTM00106, MAINTENANCE FIGURE OF MERIT, FY25 MFOM SAP Secure Product Support Renewal, SAP Public Services, Inc ESI BPA ",,579,LSUBP00095
added,N65236-25-RFPREQ-LSUBP00095-0039,pid,,,"LIPTM00106, MAINTENANCE FIGURE OF MERIT, FY25 MFOM Software Support Renewals, NASA SEWP (C)",,580,LSUBP00095
added,N65236-25-RFPREQ-LSUBP00095-0040,pid,,,LIPTM00107 - Naval Tactical Command Support System - NTCSS Development Stunnel and CNG Engine Support Renewal - NASA SEW,,578,LSUBP00095
added,N65236-25-RFPREQ-LSUBP00095-0042,pid,,,LIPTM00480 - Business Applications In-Service Engineering Agent - BA-ISEA 7780 Laptop Upgrade - NASA SEWP (C),,553,LSUBP00095
added,N65236-25-RFPREQ-LSUBP00095-0044,pid,,,LIPTM00107 - Naval Tactical Command Support System - NTCSS Development Hardware Maint Renewal - NASA SEWP (C),,551,LSUBP00095
added,N65236-25-RFPREQ-LSUBP00095-0045,pid,,,LIPTM00107 - Naval Tactical Command Support System - NTCSS Development Embarcadero Support Renewal - NASA SEWP (C),,552,LSUBP00095
added,N65236-25-RFPREQ-LSUBP00095-0046,pid,,,LIPTM00107 - Naval Tactical Command Support System - NTCSS Development Atlassian Support Renewal - Atlassian ESI - SEWP ,,548,LSUBP00095
added,N65236-25-RFPREQ-LSUBP00095-0049,pid,,,LIPTM00107 - Naval Tactical Command Support System - NTCSS Development Cisco VSAN Switches Requirement - Cisco ESI BPA -,,476,LSUBP00095
added,N65236-25-RFPREQ-LSUBP00095-0050,pid,,,LIPTM00107 - Naval Tactical Command Support System - NTCSS Development ALM & UFT Support Renewal - Micro Focus Governmen,,467,LSUBP00095
added,N65236-25-RFPREQ-LSUBP00095-0051,pid,,,LIPTM00107 - Naval Tactical Command Support System - NTCSS Development Dell R660 Hardware - NASA SEWP (C),,468,LSUBP00095
added,N65236-25-RFPREQ-LSUBP00095-0052,pid,,,LIPTM00107 - Naval Tactical Command Support System - NTCSS Development Dell R660 and R360 Server Hardware - NASA SEWP (C,,464,LSUBP00095
added,N65236-25-RFPREQ-LSUBP00095-0053,pid,,,LIPTM00107 - Naval Tactical Command Support System - NTCSS Development OpenRMF Software - NASA SEWP (C),,465,LSUBP00095
added,N65236-25-RFPREQ-LSUBP00095-0054,pid,,,LIPTM00107 - Naval Tactical Command Support System - NTCSS Development Cisco Firewall - Cisco ESI BPA - SEWP (C),,454,LSUBP00095
added,N65236-25-RFPREQ-LSUBP00095-0055,pid,,,LIPTM00107 - Naval Tactical Command Support System - NTCSS Development Cisco Firewall - Cisco ESI BPA - SEWP (C),,455,LSUBP00095
added,N65236-25-RFPREQ-LSUBP00095-0057,pid,,,LIPTM00480 - Business Applications In-Service Engineering Agent - BA-ISEA NTCSS Reflections Support Renewal - NASA SEWP ,,450,LSUBP00095
added,N65236-25-RFPREQ-LSUBP00105-0002,pid,,,"LIPTM00516, 4.3 Supply Chain Service Center, CMPRO CUSTOM SCREEN, GSA (C)",,533,LSUBP00105
added,N65236-25-RFPREQ-Pf007NERP-0090,pid,,,Navy Enterprise Resource Planning Plus (Navy ERP+) Proof of Concept for DoN’s Budget to Report (B2R) and Procure to Pay ,,179,Pf007NERP
added,N65236-25-RFPREQ-Pf007NERP-0091,pid,,,Navy Enterprise Resource Planning Plus (Navy ERP+) Proof of Concept for DoN’s Budget to Report (B2R) and Procure to Pay ,,458,Pf007NERP
added,N65236-26-RFPREQ-LSUBP00001-0020,pid,,,LIPTM00003_VIDS Integration_Follow-On_ATC MAC (C),,65,LSUBP00001
added,N65236-26-RFPREQ-LSUBP00001-0021,pid,,,LIPTM00003_NASMOD System & Equip_Follow-On_ATC MAC (C),,66,LSUBP00001
added,N65236-26-RFPREQ-LSUBP00001-0022,pid,,,LIPTM00003_FOCIS/ETVS_Follow-On_ATC MAC (C),,67,LSUBP00001
added,N65236-26-RFPREQ-LSUBP00001-0023,pid,,,LIPTM00001_METOC SASC_Follow-On_ATC MAC (C),,69,LSUBP00001
added,N65236-26-RFPREQ-LSUBP00022-0008,pid,,,LIPTM00149 - ASE - ASE-26-002 - SSEE CDE Mattermost Enterprise Edition Support - SEWP (C),,453,LSUBP00022
removed,N65236-26-RFPREQ-LSUBP00024-0003,pid,,Navy Cyber IPT - NEW TO (C),,267,,LSUBP00024
added,N65236-26-RFPREQ-LSUBP00024-0008,pid,,,LIPTM00375 Multi Level Security Engineering (MLSE) - MLSE IPT Support - Seaport NxGEN - NEW Task Order (Base +4 OYS) <$2,,789,LSUBP00024
added,N65236-26-RFPREQ-LSUBP00024-0010,pid,,,LIPTM00439 Crypto KM IPT - Crypto and KM Systems Engineering and ISEA - Seaport NxGEN Task Order (60 Month POP (6 months,,637,LSUBP00024
added,N65236-26-RFPREQ-LSUBP00049-0354,pid,,,"LIPTM00303, DARPA IPT, TTO ATD SEAPORT T/O (FOLLOW ON) (C)",,823,LSUBP00049
added,N65236-26-RFPREQ-Pf004MNHR-0004,pid,,,Learning Stack (LS) - LS Tools Production Contract,,701,Pf004MNHR
added,N65236-27-RFPREQ-LSUBP00001-0005,pid,,,LIPTM00002_Polar Ops Support_SAC_EXOY 3,,715,LSUBP00001
added,N65236-27-RFPREQ-LSUBP00001-0006,pid,,,LIPTM00003_NAVFIG_Follow-On_ATC MAC (C),,68,LSUBP00001
added,N65236-27-RFPREQ-LSUBP00022-0002,pid,,,FOLLOW-ON FOR AIS & JTT TECHNICAL SUPPORT (C),,699,LSUBP00022
added,N65236-27-RFPREQ-LSUBP00024-0005,pid,,,LIPTM00321 NS IPT - FOLLOW-ON TASK ORDER (C),,776,LSUBP00024
added,N65236-27-RFPREQ-LSUBP00049-0001,pid,,,"LIPTM00303, DARPA IPT, TTO SETA/DCA New Seaport TO (C)",,824,LSUBP00049
added,N65236-27-RFPREQ-LSUBP00063-0005,pid,,,TACNET Support Follow on task order (C),,647,LSUBP00063
added,N65236-27-RFPREQ-LSUBP00063-0006,pid,,,CANES ENG AND CANES TNSS/SeaPort TO (Base +4OYs) FY29 Follow On (C),,666,LSUBP00063
added,N65236-28-RFPREQ-LSUBP00001-0002,pid,,,LIPTM00002_Polar Ops Support_SAC_EXOY 4,,716,LSUBP00001
added,N65236-28-RFPREQ-LSUBP00022-0006,pid,,,FOLLOW ON TO N6523625F3003 (C),,612,LSUBP00022
added,N65236-28-RFPREQ-LSUBP00022-0007,pid,,,FOLLOW ON TO N6523625F3001 (C),,608,LSUBP00022
added,N66001-23-RFPREQ-NP-20000-0087,pid,,,Salesforce (C),,206,NP-20000
added,N66001-23-RFPREQ-NP-55300-0279,pid,,,ESI_Oracle_IDIQ_5_Year,,207,NP-55300
added,N66001-24-RFPREQ-NP-40000-0065,pid,,,Engineering Support and Systems Development (ES2D) (C),,239,NP-40000
added,N66001-24-RFPREQ-NP-41100-0041,pid,,,"Meteorological and Oceanographic (METOC), Expeditionary and Joint Systems In-Service Engineering Agent (ISEA) Follow-On ",,209,NP-41100
added,N66001-24-RFPREQ-NP-43100-0054,pid,,,Logistics & Warehouse Services Follow-On Action (C),,219,NP-43100
added,N66001-24-RFPREQ-NP-53400-0013,pid,,,SEAPORT-Sierra Hotel Aviation Readiness Program (SHARP) Follow-On (C),,225,NP-53400
added,N66001-24-RFPREQ-NP-53500-0050,pid,,,Seaport - TacAir RIL (C),,237,NP-53500
added,N66001-24-RFPREQ-NP-53500-0122,pid,,,C2P MODERNIZATION SOFTWARE ENGINEERING SERVICES (C),,247,NP-53500
added,N66001-24-RFPREQ-NP-55300-0005,pid,,,Microsoft  Enterprise Services (MES) Recompete (C),,223,NP-55300
added,N66001-24-RFPREQ-NP-55300-0006,pid,,,Palantir,,224,NP-55300
added,N66001-24-RFPREQ-NP-55300-0067,pid,,,Cloudera Commvault DOD ESI (C),,238,NP-55300
added,N66001-24-RFPREQ-NP-55300-0227,pid,,,Palo Alto ESI (C),,246,NP-55300
added,N66001-25-RFPREQ-NIWCPAC-0024,pid,,,UMSS MAC Follow on (C),,295,NIWCPAC
added,N66001-25-RFPREQ-NP-20000-0007,pid,,,CONNECT PIA |  Tech Bridge CPO,,263,NP-20000
added,N66001-25-RFPREQ-NP-41100-0003,pid,,,Special Projects and Electronic Systems Follow-On Action (C),,208,NP-41100
added,N66001-25-RFPREQ-NP-41100-0138,pid,,,Order to Contract #N6600120D0044 - TDL 0247. Tactical Data Links 16 Engineering Support,,270,NP-41100
added,N66001-25-RFPREQ-NP-41100-0158,pid,,,Order to Contract N6600120D0044 RFP 0251,,290,NP-41100
added,N66001-25-RFPREQ-NP-41100-0159,pid,,,Order to Contract N6600120D0044 RFP 0252,,291,NP-41100
added,N66001-25-RFPREQ-NP-41100-0160,pid,,,Order to Contract N6600120D0044 RFP 0253,,292,NP-41100
added,N66001-25-RFPREQ-NP-41100-0173,pid,,,TO#0019 Modernization of legacy SUBESM TSSC (C),,301,NP-41100
added,N66001-25-RFPREQ-NP-41100-0191,pid,,,Order to Contract N6600120D0044 RFP 0255,,496,NP-41100
added,N66001-25-RFPREQ-NP-41200-0112,pid,,,0334 TACNET CANES Testing and Technical Support for AEGIS,,260,NP-41200
added,N66001-25-RFPREQ-NP-41200-0124,pid,,,0342 TACNET CANES ISEA and GCCS-M Fleet Integration and Tech Support,,262,NP-41200
added,N66001-25-RFPREQ-NP-41200-0174,pid,,,0345 Tactical Networks Capabilties Based In-Service Engineering Agent (CB-ISEA) Development and Testing for Software Def,,277,NP-41200
added,N66001-25-RFPREQ-NP-41200-0193,pid,,,0330 TACNET CBISEA Testing and Evaluation support for Communication as a Service (CaaS),,280,NP-41200
added,N66001-25-RFPREQ-NP-41200-0202,pid,,,Order to CYBERMAC TORFP CY-UR3-065 Follow on of PIERS ENTERPRISE PIERS ENGINEERING/INFORMATION ASSURANCE (IA) AND IN-SER,,289,NP-41200
added,N66001-25-RFPREQ-NP-41200-0212,pid,,,0366 Capabilities-Based ISEA (CB-ISEA) Integrated Logistics Support (ILS) - FY25,,293,NP-41200
added,N66001-25-RFPREQ-NP-41200-0220,pid,,,0370  Consolidated Afloat Networks Enterprise Services (CANES) Software and System Operational Verification Test (SOVT) ,,297,NP-41200
added,N66001-25-RFPREQ-NP-41200-0221,pid,,,0369 Automated Digital Network System (ADNS) Platform System Operational Verification Test (SOVT) Development Support,,299,NP-41200
added,N66001-25-RFPREQ-NP-41200-0225,pid,,,0375- Automated Digital Network System (ADNS) In-Service Engineering Agent (ISEA) Technical Support and Engineering Supp,,306,NP-41200
added,N66001-25-RFPREQ-NP-41200-0227,pid,,,"0372 Automated Digital Network System (ADNS) Integrated Logistics Support for USS WAHOO (SSN-806) Ship Construction, New",,308,NP-41200
added,N66001-25-RFPREQ-NP-41200-0229,pid,,,0378 Capability Based In-Service Engineering (CB-ISEA) Post Installation Training,,309,NP-41200
added,N66001-25-RFPREQ-NP-41200-0231,pid,,,"0383 Tactical Networks CBISEA Total Ship Readiness Assessment (TSRA) and Combat Systems, Command, Control, Communication",,312,NP-41200
added,N66001-25-RFPREQ-NP-41200-0232,pid,,,"0381 Consolidated Afloat Networks Enterprise Services (CANES), CASREP In-Service Engineering Agent (ISEA) Technical Supp",,313,NP-41200
added,N66001-25-RFPREQ-NP-41200-0233,pid,,,0385 Network Management System (NMS) Software and System Operational Verification Test (SOVT) support aboard MSC Ships,,314,NP-41200
added,N66001-25-RFPREQ-NP-41200-0236,pid,,,0384 Capabilities-Based ISEA (CB-ISEA) Integrated Logistics Support (ILS) - FY25,,315,NP-41200
added,N66001-25-RFPREQ-NP-41200-0237,pid,,,0368 Automated Digital Network System (ADNS) In-Service Engineering Agent (ISEA) Technical Assistance Support listed shi,,316,NP-41200
added,N66001-25-RFPREQ-NP-41200-0239,pid,,,336 Capability Based In-Service Engineering (CB-ISEA) Training Management Support,,489,NP-41200
added,N66001-25-RFPREQ-NP-41200-0245,pid,,,0374 Automated Digital Network System (ADNS) Post Installation Training (PIT) System In Support of Operational Turnover ,,492,NP-41200
added,N66001-25-RFPREQ-NP-41200-0246,pid,,,0386 Consolidated Afloat Networks Enterprise Services (CANES) Technical Integration Support for SharkCage,,493,NP-41200
added,N66001-25-RFPREQ-NP-41200-0247,pid,,,"0350 Consolidated Afloat Networks Enterprise Services (CANES), In-Service Engineering Agent (ISEA) Technical Support onb",,494,NP-41200
added,N66001-25-RFPREQ-NP-41200-0248,pid,,,"0371 Consolidated Afloat Networks Enterprise Services (CANES), In-Service Engineering Agent (ISEA) Technical Support onb",,495,NP-41200
added,N66001-25-RFPREQ-NP-41200-0249,pid,,,0332 Automated Digital Network System (ADNS) Post Installation Training (PIT) System In Support of Operational Turnover ,,499,NP-41200
added,N66001-25-RFPREQ-NP-41200-0252,pid,,,0347 - DELL/EMC TECH SUPPORT,,508,NP-41200
added,N66001-25-RFPREQ-NP-41200-0254,pid,,,"0382 Consolidated Afloat Networks Enterprise Services (CANES), CASREP In-Service Engineering Agent (ISEA) Technical Supp",,497,NP-41200
added,N66001-25-RFPREQ-NP-41200-0255,pid,,,0389 Tactical Networks Capabilities Based In-Service Engineering Agent (CBISEA) CANES,,498,NP-41200
added,N66001-25-RFPREQ-NP-41200-0256,pid,,,0376 Consolidated Afloat Networks Enterprise Services (CANES) Tactical Networks (TACNET) Fleet Integration and Testing S,,510,NP-41200
added,N66001-25-RFPREQ-NP-41200-0258,pid,,,0387 Tactical Networks In-Service Engineering Agent (ISEA) Configuration Management (CM) Support,,509,NP-41200
added,N66001-25-RFPREQ-NP-41200-0262,pid,,,"0393 Consolidated Afloat Networks Enterprise Services (CANES), CASREP In-Service Engineering Agent (ISEA) Technical Supp",,515,NP-41200
added,N66001-25-RFPREQ-NP-41200-0263,pid,,,"0394 Consolidated Afloat Networks Enterprise Services (CANES), CASREP In-Service Engineering Agent (ISEA) Technical Supp",,516,NP-41200
added,N66001-25-RFPREQ-NP-42100-0008,pid,,,Network Integration Engineering Facility (NIEF) Production Svcs Follow-On Action (C),,218,NP-42100
added,N66001-25-RFPREQ-NP-42100-0274,pid,,,GIC TORFP 5095: C4I Hardware Installations and SOVT support onboard USS KENTUCKY (SSBN-737) (C),,269,NP-42100
added,N66001-25-RFPREQ-NP-42100-0286,pid,,,Network Integration Engineering Facility (NIEF) Engineering Services Follow-On (C),,222,NP-42100
added,N66001-25-RFPREQ-NP-42100-0289,pid,,,"GIC TORFP 5129: Shore TO, AV/VTC Installation at COMLOG WESTPAC, Singapore (C)",,273,NP-42100
added,N66001-25-RFPREQ-NP-42100-0308,pid,,,GIC SE3 TORFP 5147 Hardware Installation of C4ISR and Network related systems onboard USS Somerset (LPD 25) (C),,282,NP-42100
added,N66001-25-RFPREQ-NP-42100-0310,pid,,,"GIC SE4 TORFP 5175 Shore TO, CENTRIXS-M Installation at COMUSNAVEUR-C6F, Naples, IT (C)",,283,NP-42100
added,N66001-25-RFPREQ-NP-42100-0317,pid,,,"GIC TORFP 5173: GCM J-038 ESS and AV System Installation at MCB CAMP BLAZ, Guam (C)",,281,NP-42100
added,N66001-25-RFPREQ-NP-42100-0326,pid,,,"GIC SE3 TORFP 5151 Hardware Installation of C4ISR and Network related systems onboard USS Savannah (LCS 28), San Diego C",,287,NP-42100
added,N66001-25-RFPREQ-NP-42100-0353,pid,,,GIC TORFP 5157: Hardware Installation of C4ISR and Network related systems onboard ships in San Diego CA (C),,294,NP-42100
added,N66001-25-RFPREQ-NP-42100-0375,pid,,,"GIC TORFP 5162: Hardware Installation of C4ISR and Network related systems onboard USS William P. Lawrence (DDG 110), Pe",,298,NP-42100
added,N66001-25-RFPREQ-NP-42100-0390,pid,,,Order to Contract #N6600121D0153: E2113: LA/SW/BN/GN HW1.2 AND HW2 TDP & ENGINEERING SUPPORT,,311,NP-42100
added,N66001-25-RFPREQ-NP-42100-0399,pid,,,"Order to contract # N6600121D0153: NIEF RFP E2568 - GAT, PITCO, and Delivery of ENCLAVE, AN/USQ-144M(V)2, ADNS, SP5 for ",,317,NP-42100
added,N66001-25-RFPREQ-NP-42100-0412,pid,,,GIC SE3 TORFP 5159 Hardware Installations onboard USS America (LHA 6) (C),,500,NP-42100
added,N66001-25-RFPREQ-NP-42100-0425,pid,,,"GIC SE4 TORFP 5171 GCM P-305 ESS and AV System Installation at MCB CAMP BLAZ, Guam (C)",,502,NP-42100
added,N66001-25-RFPREQ-NP-42100-0428,pid,,,"GIC SE4 TORFP 5191 GCM J-034 Electronic Security System (ESS) Installation at MCB CAMP BLAZ, Guam (C)",,513,NP-42100
added,N66001-25-RFPREQ-NP-42100-0436,pid,,,GIC SE3 TORFP 5164 Hardware Installation onboard USS Pearl Harbor (LSD 52) (C),,517,NP-42100
added,N66001-25-RFPREQ-NP-42100-0437,pid,,,GIC SE3 TORFP 5161 Hardware Installations onboard USS Curtis Wilbur (DDG 54) (C),,518,NP-42100
added,N66001-25-RFPREQ-NP-43100-0002,pid,,,"Reverse Engineering, Science, and Technology for Obsolescence, Repair, and Evaluation (RESTORE) Laboratory Engineering S",,220,NP-43100
added,N66001-25-RFPREQ-NP-43100-0015,pid,,,Training Services Group (TSG) Training Support Follow-On (C),,249,NP-43100
added,N66001-25-RFPREQ-NP-43100-0024,pid,,,Depot Systems Support Follow-On Action (C),,231,NP-43100
added,N66001-25-RFPREQ-NP-43100-0026,pid,,,Order to Contract # N6600123D0014 - Depot RFP 0029 - Calibration Lab-Direct/Fleet Support,,285,NP-43100
added,N66001-25-RFPREQ-NP-53000-0035,pid,,,COMMAND AND CONTROL PROCESSOR (C2P) SOFTWARE ENGINEERING SUPPORT (SES),,227,NP-53000
added,N66001-25-RFPREQ-NP-53000-0050,pid,,,RPA BOT Development Single Award IDIQ (C),,310,NP-53000
added,N66001-25-RFPREQ-NP-53200-0074,pid,,,"COSMOS Engineering, Maintenance, Sustainment, and Enhancement Support (C)",,268,NP-53200
added,N66001-25-RFPREQ-NP-53400-0001,pid,,,Navy Information Application Product Suite (NIAPS) Follow-On (C),,243,NP-53400
added,N66001-25-RFPREQ-NP-53500-0042,pid,,,Shipboard Advanced Tactical Data Link (ATDL) Engineering Support (C),,274,NP-53500
added,N66001-25-RFPREQ-NP-53500-0043,pid,,,Airborne Advanced Tactical Data Link (ATDL) Engineering Support (C),,275,NP-53500
added,N66001-25-RFPREQ-NP-53600-0021,pid,,,NC3 IT 8(a) Direct Award,,257,NP-53600
added,N66001-25-RFPREQ-NP-53600-0023,pid,,,C3F War Room and OPT Space Modernization (C),,255,NP-53600
added,N66001-25-RFPREQ-NP-55100-0102,pid,,,BFTN/BRSE TO (C),,307,NP-55100
added,N66001-25-RFPREQ-NP-55100-0134,pid,,,Lockheed Martin 5G Support Services,,511,NP-55100
added,N66001-25-RFPREQ-NP-55200-0095,pid,,,TO_SSA III (C),,271,NP-55200
added,N66001-25-RFPREQ-NP-55200-0136,pid,,,Hazardous Weather Detection and Display Capability (HWDDC) systems SBIR Phase III,,303,NP-55200
added,N66001-25-RFPREQ-NP-55200-0158,pid,,,ETTS SBIR Phase III (C),,514,NP-55200
added,N66001-25-RFPREQ-NP-55200-0160,pid,,,DMR Power Amplifiers (C),,520,NP-55200
added,N66001-25-RFPREQ-NP-55300-0011,pid,,,Naval Enterpise Networks Engineering Services (C),,235,NP-55300
added,N66001-25-RFPREQ-NP-55300-0029,pid,,,Omnissa DoD ESI (C),,252,NP-55300
added,N66001-25-RFPREQ-NP-55300-0041,pid,,,TFDS (Brandywine Follow-on),,245,NP-55300
added,N66001-25-RFPREQ-NP-55300-0097,pid,,,Navy Enterprise Networks (NEN) Engineering Support Services (C),,272,NP-55300
added,N66001-25-RFPREQ-NP-55300-0129,pid,,,Bistatic LiDAR for Meteorological and Oceanographic (METOC) Modeling,,304,NP-55300
added,N66001-25-RFPREQ-NP-55300-0132,pid,,,DoD Microsoft ESA II,,300,NP-55300
added,N66001-25-RFPREQ-NP-55700-0006,pid,,,Ocean Survey Program Survey System (OSPSS) Technical Documentation and related Engineering Services,,234,NP-55700
added,N66001-25-RFPREQ-NP-56000-0010,pid,,,Unmanned Maritime Systems Support (UMSS) (C),,248,NP-56000
added,N66001-25-RFPREQ-NP-56000-0037,pid,,,S2ISR MAC Follow-on (C),,265,NP-56000
added,N66001-25-RFPREQ-NP-56700-0028,pid,,,Platform Force Protection System (PFPS),,236,NP-56700
added,N66001-25-RFPREQ-NP-56700-0084,pid,,,Areté C Type,,258,NP-56700
added,N66001-25-RFPREQ-NP-56700-0153,pid,,,CABO VERDE_PFPS IDIQ 2N66001-1-D-0452_TO 24,,286,NP-56700
added,N66001-25-RFPREQ-NP-56700-0179,pid,,,MMP ENCL MNT,,288,NP-56700
added,N66001-25-RFPREQ-NP-56700-0238,pid,,,C4ISR - TO 0115 - NEPMU5C & OMTACGRU1 (CK) (C),,505,NP-56700
added,N66001-25-RFPREQ-NP-58100-0016,pid,,,"Code 58111 - CM, INE & CES (C)",,254,NP-58100
added,N66001-25-RFPREQ-NP-58400-0019,pid,,,Advanced Cyber Support Services (ACSS)  - Follow-on Action (C),,210,NP-58400
added,N66001-25-RFPREQ-NP-58400-0069,pid,,,Navy ERP Testers (C),,278,NP-58400
added,N66001-25-RFPREQ-NP-60000-0001,pid,,,"Program and project management, policy, and process support services  - Follow-on Action (C)",,211,NP-60000
added,N66001-25-RFPREQ-NP-70000-0003,pid,,,Cyber MAC  - Follow-on Action (C),,240,NP-70000
added,N66001-25-RFPREQ-NP-71700-0009,pid,,,Academic Research MAC  - Follow-on Action (C),,212,NP-71700
added,N66001-25-RFPREQ-NP-71700-0092,pid,,,Development of Miniaturized Power Source,,305,NP-71700
added,N66001-25-RFPREQ-NP-75200-0031,pid,,,Follow-on to task order N66001-20-F-1199 (C),,256,NP-75200
added,N66001-25-RFPREQ-NP-75200-0043,pid,,,VLF TO 32 Tower Inspections Cutler S-Jim Creek,,266,NP-75200
added,N66001-25-RFPREQ-NP-75200-0074,pid,,,VLF TO 34 Cutler Helix House Roof Repair,,296,NP-75200
added,N66001-25-RFPREQ-NP-75600-0021,pid,,,Radiant Mercury Follow-On,,251,NP-75600
added,N66001-25-RFPREQ-NP-75600-0090,pid,,,A3 Task order,,501,NP-75600
added,N66001-25-RFPREQ-NP-80000-0004,pid,,,X018 NBSD B-66 Electrical Upgrades,,261,NP-80000
added,N66001-25-RFPREQ-NP-80000-0005,pid,,,8(a) Sole Source B-609 Replace Chiller,,264,NP-80000
added,N66001-25-RFPREQ-NP-82000-0029,pid,,,IT Management Support Services - Seaport NxG (C),,267,NP-82000
added,N66001-25-RFPREQ-NP-83000-0089,pid,,,X076 B-111 Wet Lab Upgrades,,302,NP-83000
added,N66001-25-RFPREQ-NP-83000-0094,pid,,,X022 B-27 Reconfigure Emergency Power,,490,NP-83000
added,N66001-25-RFPREQ-NP-83000-0099,pid,,,B- A-1,,519,NP-83000
added,N66001-25-RFPREQ-NP-84000-0013,pid,,,1.0/81/84 Financial & Corporate Services Follow-on (C),,253,NP-84000
added,N66001-25-RFPREQ-NP-H4H00-0012,pid,,,Code H - FIO Installation Coordination (C),,250,NP-H4H00
added,N66001-25-RFPREQ-NP-H4H00-0034,pid,,,C4ISR - TO 0113 - KNOWLEDGE MANAGEMENT SUPPORT (KH) (C),,284,NP-H4H00
added,N66001-25-RFPREQ-NP-H4H00-0043,pid,,,C4ISR - TO 0114 - MILCON SCHEDULER SUPPORT (JR) (C),,504,NP-H4H00
added,N66001-25-RFPREQ-NP-H4H00-0044,pid,,,C4ISR - TO 0116 - WAREHOUSE AND LOGISTICAL SUPPORT (KH) (C),,506,NP-H4H00
added,N66001-25-RFPREQ-NP-H4H00-0045,pid,,,C4ISR - TO 0117 - ESG-3 AND NOSCC SUPPORT AND CNAP UPGRADES (DK) (C),,507,NP-H4H00
added,N66001-25-RFPREQ-NP-H5600-0015,pid,,,IST,,259,NP-H5600
added,N66001-25-RFPREQ-NP-H5600-0039,pid,,,UoH - HAWAII THRUST PROFESSIONAL SERVICES (P00010) - DEOBLIGATION,,503,NP-H5600
added,N66001-26-RFPREQ-NP-41100-0003,pid,,,Precision Approach Radar (PAR) Support Services Follow-On Action,,221,NP-41100
added,N66001-26-RFPREQ-NP-41100-0004,pid,,,Automated Vehicle Barrier (AVB) Follow-On Action (C),,233,NP-41100
added,N66001-26-RFPREQ-NP-41100-0005,pid,,,Tactical Data Link (TDL) Capabilities Based In-Service Engineering Agent (CB-ISE) Follow-On Action (C),,228,NP-41100
added,N66001-26-RFPREQ-NP-41200-0002,pid,,,Shore Navy Enterprise Networks (NEN)  In-Service Engineering Activity (ISEA) Follow-On Action (C),,232,NP-41200
added,N66001-26-RFPREQ-NP-41200-0003,pid,,,SATCOM CB-ISEA Antenna Restoration Follow-On Action (C),,230,NP-41200
added,N66001-26-RFPREQ-NP-41200-0007,pid,,,Tactical Networks (TACNET) In-Service Engineering Agent (ISEA) Follow-On Action (C),,217,NP-41200
added,N66001-26-RFPREQ-NP-53000-0033,pid,,,SEAPORT TO - DEVELOPMENT INTEGRATION CERTIFICATION ENVIRONMENT (DICE) SERVICE CENTER (SC) SUPPORT (C),,226,NP-53000
added,N66001-26-RFPREQ-NP-53400-0002,pid,,,534-xKA Follow-On,,318,NP-53400
added,N66001-26-RFPREQ-NP-53500-0001,pid,,,AP MLIU Software and System Engineering Support for the C2P Systems,,276,NP-53500
added,N66001-26-RFPREQ-NP-53500-0002,pid,,,DEVELOPMENT INTEGRATION CERTIFICATION ENVIRONMENT (DICE) SERVICE CENTER (SC) SUPPORT (C),,279,NP-53500
added,N66001-26-RFPREQ-NP-55200-0003,pid,,,BRSE Production Follow On,,512,NP-55200
added,N66001-26-RFPREQ-NP-58400-0022,pid,,,Cyber Operations Support (COS) III  - Follow-on Action (C),,215,NP-58400
added,N66001-26-RFPREQ-NP-72100-0001,pid,,,Chief Technology Officer (CTO) Engineering Support - Follow-on Action (C),,216,NP-72100
added,N66001-26-RFPREQ-NP-82000-0003,pid,,,SysAdmin Support Services  - Follow-on Action (C),,213,NP-82000
added,N66001-26-RFPREQ-NP-83000-0006,pid,,,Security Support Services  - Follow-on Action (C),,214,NP-83000
added,N66001-27-RFPREQ-NP-41100-0002,pid,,,Naval Physical Security System-Enterprise Architecture (PS2-EA) Follow-On (C),,229,NP-41100
added,N66001-27-RFPREQ-NP-53400-0001,pid,,,Fusion Suite Support Follow-On. (C),,241,NP-53400
added,N66001-27-RFPREQ-NP-53400-0002,pid,,,VH-92 CAMEO Follow-On. (C),,242,NP-53400
added,N66001-27-RFPREQ-NP-53400-0003,pid,,,Business Applications Follow-On. (C),,244,NP-53400
added,N66001-28-RFPREQ-NP-41100-0002,pid,,,High–Altitude Electromagnetic Pulse Shielded Systems (HEMPSS) ISEA Support Contract (C),,319,NP-41100
added,N66001-28-RFPREQ-NP-41200-0001,pid,,,Internal Communications Contract Follow-On (C),,488,NP-41200
added,N66001-28-RFPREQ-NP-41200-0002,pid,,,Satellite Communication (SATCOM) Capability-Base (CB) In-Service Engineering Activity (ISEA) (C),,491,NP-41200
added,N66001-29-RFPREQ-NP-41100-0001,pid,,,"Common Data Link (CDL) and distributed Intelligence, Surveillance and Reconnaissance (ISR) In-Service Engineering Agent ",,487,NP-41100
added,N66604-25-RFPREQ-NPT-34-0607,pid,,,34 - OE538 9-30MHz MATCH NETWORK - LACOMB,,522,NPT-34
added,N66604-25-RFPREQ-NPT-34-0634,pid,,,34 - OE538 VHF/UHF SWITCH - LACOMB,,521,NPT-34
removed,k:0168fe701783,title+office,,SATCOM,,682,,None
removed,k:063e2f61b6fb,title+office,,COMMAND AND CONTROL PROCESSOR (C2P) TEST ENGINEERING AND PROJECT MANAGEMENT SUPPORT,,721,,535
removed,k:0658d23ac830,title+office,,Engineering Support for the Enterprise Communcation and Networks 553 Division,,736,,None
removed,k:076bd1f9a206,title+office,,SATCOM CB-ISEA Antenna Restoration,,692,,None
removed,k:08ea66e1be4a,title+office,,Cross-Domain Solutions,,662,,None
removed,k:0a2097734134,title+office,,Enterprise Network Cyber Defense,,664,,Cyber Defense
removed,k:0c1e45b9fbc5,title+office,,Integrated Voice Networks (Telephony),,681,,None
removed,k:0d8e2ee04061,title+office,,Tactical Comand and Control Foreign Military Sales Engineering Technical Assistance (TAC-C2 FMS ETA),,706,,535
removed,k:0f95562a409d,title+office,,Naval Enterpise Networks Engineering Services,,737,,None
removed,k:13314ab65987,title+office,,Universal Naval Artificial Intelligence (AI) CORe eNvironment (UNACORN) Maritime Domain Awareness Cloud and Data Integra,,720,,535
removed,k:1373e5cb5e61,title+office,,Special Projects and Electronic Systems,,676,,None
removed,k:219013ac0c3a,title+office,,"Advanced Tactical Data Links Engineering, Test & Evaluation, and Sustainment",,707,,535
removed,k:24bac0f93a62,title+office,,SLDCADA,,119,,Pf007NERP
removed,k:25b0f16a8b68,title+office,,"Administrative support and engineering services for International Positioning, Navigation and Timing programs",,741,,None
removed,k:29d3e14ff663,title+office,,Joint Air Logistics Information System,,121,,Pf005NABS
removed,k:2f0722aa6432,title+office,,Tactical Data Link (TDL) Capabilities Based In-Service Engineering Agent (CB-ISE),,694,,None
removed,k:31e50e8ec761,title+office,,Advanced Cyber Support Services,,674,,Cyber Defense
removed,k:34d609a62e11,title+office,,Combat Survivor Evader Locator (CSEL),,740,,None
removed,k:34f30bc1e654,title+office,,"Tactical Air Navigation (TACAN), Air Traffic Control and Landing Systems (ATCALS), Air Command & Control, and Joint Tact",,679,,None
removed,k:3649ef0cbe03,title+office,,"US Space Command Shore-based Command, Control, Communications, Intelligence, Surveillance, Reconnaissance (C4ISR) and Co",,723,,536
removed,k:3af290b65f16,title+office,,PMO Specialized/Senior Consultant Support Services (Grey Beard) Follow On,,117,,Pf007NERP
removed,k:3e916e24494b,title+office,,Sierra Hotel Aviation Readiness Program (SHARP),,725,,534
removed,k:4242e99435df,title+office,,Precision Approach Radar Hardware,,687,,None
removed,k:45a9688ee4d1,title+office,,Engineering Logistics Support Services (ELSS) Follow On,,116,,Pf007NERP
removed,k:461196c9e30b,title+office,,Ocean Survey Program Survey System (OSPSS) Technical Documentation and related Engineering Services,,702,,None
removed,k:486d56a031fb,title+office,,"Mine Counter Measure Capable Platform (MCMP), Support Vector Machine (SVM) Upgrades",,661,,None
removed,k:4d483bee11f7,title+office,,Comprehensive Cyber Support Services,,665,,Cyber Defense
removed,k:513fa4abb78e,title+office,,C4ISR Training Products,,678,,None
removed,k:5201f20ef9bc,title+office,,"Meteorological and Oceanographic (METOC), Expeditionary and Joint Systems In-Service Engineering Agent (ISEA)",,677,,None
removed,k:55a15a589eac,title+office,,Personnel Accountability and Assessment System (PAAS),,726,,534
removed,k:57e0b0e446e3,title+office,,"Engineering Support on Tactical Networks Division, Code 551 Multiple Award Contract (MAC)",,699,,None
removed,k:5b6068010ceb,title+office,,Division 552 Technical and Engineering MAC,,735,,None
removed,k:5c7a0a8426c0,title+office,,xDMS Support,,697,,None
removed,k:634d60687f8b,title+office,,Cyber Training,,669,,Cyber Defense
removed,k:651696a2c09c,title+office,,Distributed Experimentation Environment (DE2) and Vanguard DevOps Environment (VFDE),,660,,None
removed,k:6c508be9b757,title+office,,"Systems Engineering and Lifcycle Support for Emerging Positioning, Navigation, and Timing (PNT) Technologies",,738,,None
removed,k:6fd90ef9de53,title+office,,"Command and Control Division
Maritime and Expeditionary Command and Control
Capability-Based In-Service Systems Engineer",,731,,532
removed,k:70170c1d4e56,title+office,,Platform Force Protection System,,659,,None
removed,k:70fda248758f,title+office,,AIRBORNE ADVANCED TACTICAL DATA LINK (ATDL) ENGINEERING AND TEST AND EVALUATION SUPPORT,,715,,535
removed,k:73eaedd75d8c,title+office,,Academic Research,,672,,None
removed,k:7c55660a6417,title+office,,Common Control System (CCS) Software Support Services (SSA),,728,,532
removed,k:7e2fa8722047,title+office,,Precision Approach Radar Support Services,,688,,None
removed,k:7e3b2f328d22,title+office,,TEST AND STANDARDS SUPPORT SERVICES (TSSS),,722,,535
removed,k:7e3f7a81d77a,title+office,,Administrative Support Services,,668,,None
removed,k:7f392ef9136d,title+office,,Relay Ground Stattion,,734,,None
removed,k:811bac3c1683,title+office,,Time and Frequency Distribution System,,696,,None
removed,k:840d01cdec2a,title+office,,"Command, Control, Communications, Computers, and Intelligence (C4I) Test and Evaluation, Independent Verification and Va",,727,,532
removed,k:89e184a09ec5,title+office,,"Development, Integration, and Certification Environment (DICE) and Naval Integrated
Live Virtual Constructive Environmen",,710,,535
removed,k:8a8212d77876,title+office,,Universal Naval AI CORe eNvironement (UNACORN) Data Engineering Pipeline,,718,,535
removed,k:8f880591fd37,title+office,,"Project Management Tools, Policy, and Processes Support Services",,673,,None
removed,k:928b2ad1439c,title+office,,High Performance Computing Modernization Program (HPCMP) Enterprise Network Support,,701,,HPCMP
removed,k:974a8b038cab,title+office,,"Vessel Operations, Maintenance, Upkeep & Repair of R/V Acoustic Explorer",,658,,None
removed,k:99628e7226ed,title+office,,"Position, Navigation and Timing (PNT) Division Laboratory Support",,703,,None
removed,k:9af242ba3e5f,title+office,,Network Integration Engineering Facility (NIEF) Production Svcs MAC,,684,,None
removed,k:9d7d22af69e1,title+office,,SHIPBOARD ADVANCED TACTICAL DATA LINK (ATDL) ENGINEERING SUPPORT,,714,,535
removed,k:9db8317401c3,title+office,,"Prototyping and Test and Evaluation for Emerging Positioning, Navigation, and Timing Technologies",,739,,None
removed,k:a14e9fb09d98,title+office,,US Space Command New Command and Control (C2) Facility (C2F) Audioo Visual (AV) Design and Installation Support,,724,,536
removed,k:a469d82046fb,title+office,,COMMAND AND CONTROL PROCESSOR (C2P) MODERNIZATION (MOD) SOFTWARE ENGINEERING SERVICES (SES),,711,,535
removed,k:a70f8b654ce6,title+office,,Tactical Networks (TACNET) In-Service Engineering Agent (ISEA),,683,,None
removed,k:ab23cd58a165,title+office,,"Joint Integrated Fires, Command, Control, Communications, Computers, Intelligence, Surveillance and Reconnaissance (C4IS",,709,,535
removed,k:ace0fca256c5,title+office,,CANES Engineering Support,,695,,None
removed,k:b16d2bbe60a7,title+office,,MODERNIZATION APPLICATION GROWTH AND INNOVATION CENTER (MAGIC) SUPPORT,,730,,532
removed,k:b394b50ed4a9,title+office,,NETSS Follow On,,118,,Pf007NERP
removed,k:b5e624bef7ff,title+office,,Missile Defense (MD) Engineering Operations & Maintenance,,705,,535
removed,k:b5edcf0ca3b0,title+office,,Unmanned Carrier Aviation (UCA) Engineering Support,,732,,None
removed,k:b6ca338217c8,title+office,,Cyber and Network Security Engineering Services,,670,,Cyber Defense
removed,k:b8f570b8f95d,title+office,,"NAVAL INFORMATION WARFARE CENTERS (NIWC) PACIFIC, CODE 53523, COMMAND AND CONTROL PROCESSOR (C2P) SOFTWARE ENGINEERING S",,713,,535
removed,k:ba858aaf652e,title+office,,"Reverse Engineering, Science, and Technology for Obsolescence, Repair, and Evaluation (RESTORE) Laboratory Engineering S",,686,,None
removed,k:bac02bccfc42,title+office,,Application Integration (AI) Process Support for Consolidated Afloat Networks and Enterprise Services (CANES) and Legacy,,700,,None
removed,k:be34a2e782ef,title+office,,Information Technology Management / NIWC Pacific Code 8.2,,667,,None
removed,k:c621187df856,title+office,,Ocean Survey Program Survey System (OSPSS) Central Depot Repair Facility,,698,,None
removed,k:c73e0e2a904d,title+office,,Global Positioning Sytem (GPS) User Equipment & Test Engineering (UET&E),,704,,MCPNT Directorate
removed,k:c77bb567eebf,title+office,,"DATA LINK TEST TOOL SYSTEMS ENGINEERING, ANALYSIS, TESTING, INTEGRATION AND TRAINING SUPPORT",,708,,535
removed,k:c9fe2b7fb2c5,title+office,,Key Management Infrastructure,,666,,Cyber Defense
removed,k:ce790268f2db,title+office,,"Cyberspace Science, Research, Engineering and Technology Integration",,671,,None
removed,k:d59987aa598a,title+office,,Centerwide Logistics & Warehouse Services,,685,,None
removed,k:d72f928e5ddc,title+office,,"SYSTEM ENGINEERING, SOFTWARE ENGINEERING, TEST ENGINEERING, LOGISTICS, AND PROJECT MGMT SUPPORT FOR DCGS-N INCE 2 AND AG",,729,,532
removed,k:d799605bb5d1,title+office,,"CNSC (Compute, Network, Storage, Consumption) Follow On",,115,,Pf007NERP
removed,k:dd82cc603b34,title+office,,Cybersecurity (CS) / Information Assurance Technical Authority (IA TA) Cybersecurity Technical & Engineering Services,,663,,None
removed,k:df8d9becc50f,title+office,,Depot Systems Support,,693,,None
removed,k:e40241cfd433,title+office,,Shore NEN ISEA,,690,,None
removed,k:e43760803aaa,title+office,,Network Integration Engineering Facility (NIEF) Engineering Services,,689,,None
removed,k:e5182bfc62e6,title+office,,"Naval Information Warfare Center Pacific
DLTT, GS and Mini Rack Development and Technical Support",,716,,535
removed,k:e9c79c1ca4a9,title+office,,"NAVAL INFORMATION WARFARE CENTER (NIWC) PACIFIC, CODE 53523, COMMON DATA LINK MANAGEMENT SYSTEM (CDLMS) ADJUST PROCESSOR",,717,,535
removed,k:eccb30c7cae6,title+office,,"Take Charge and Move Out (TACAMO) 
Ground Communications – Mobile ISEA Contract",,680,,None
removed,k:f39e779c0cba,title+office,,"Naval Information Warfare Center (NIWC) Pacific Computer Operation, Hardware Maintenance, and Support Services",,712,,535
removed,k:f3fa2d34b9df,title+office,,Automated Vechicle Barrier (AVB),,691,,None
removed,k:f8023164a52f,title+office,,DEVELOPMENT INTEGRATION CERTIFICATION ENVIRONMENT (DICE) SERVICE CENTER (SC) SUPPORT,,719,,535
removed,k:f87a46ada7fc,title+office,,Automated Digital Network Systems (ADNS),,733,,None
removed,k:f91ff29bfbef,title+office,,Naval Physical Security System-Enterprise Architecture (PS2-EA),,675,,None
