record_key,pid,row_number,join_type,method,key_used,target_id,evidence_ref,note
N00039-23-RFPREQ-PMW-740-0070,N00039-23-RFPREQ-PMW-740-0070,10,contact,explicit,"Ellis, Kimberly",cobs:lrae:pmw-740:elliskimberly,LRAE Annex 25!V10,secondary_poc on the row matches a contact observation for the same office
N00039-23-RFPREQ-PMW-740-0070,N00039-23-RFPREQ-PMW-740-0070,10,contact,explicit,"White, Kristin",cobs:lrae:pmw-740:whitekristin,LRAE Annex 25!T10,contracting_poc on the row matches a contact observation for the same office
N00039-23-RFPREQ-PMW-740-0070,N00039-23-RFPREQ-PMW-740-0070,10,notice,explicit,N00039-23-RFPREQ-PMW-740-0070,,sha256:81b72cdd8107443d70824837d2e5b1d6369cd4fcccda3a1fd5749dedfeed904b; sha256:fe1895f6274f8411e9ff3b807c05d37fded49b72bf7cd1d17317eabd47d65996,SAM.gov search returned no notice containing the key
N00039-23-RFPREQ-PMW-740-0070,N00039-23-RFPREQ-PMW-740-0070,10,office,explicit,PMW-740,pmw:740,LRAE Annex 25!C10; organization_seed.json alias table,requirement-office code matched an alias
N00039-24-RFPREQ-PMW-740-0052,N00039-24-RFPREQ-PMW-740-0052,14,contact,explicit,"Uriostigue, Magdalena",cobs:lrae:pmw-740:uriostiguemagdalena,LRAE Annex 25!V14,secondary_poc on the row matches a contact observation for the same office
N00039-24-RFPREQ-PMW-740-0052,N00039-24-RFPREQ-PMW-740-0052,14,contact,explicit,"White, Kristin",cobs:lrae:pmw-740:whitekristin,LRAE Annex 25!T14,contracting_poc on the row matches a contact observation for the same office
N00039-24-RFPREQ-PMW-740-0052,N00039-24-RFPREQ-PMW-740-0052,14,existing_contract,explicit,N0003920F3015,fpds:N0003920F3015,sha256:959dd6d6a616dd1b126445c207ff80fc87aebcbdd6578d6c1fe0523f5ca32836,FPDS entries=10; contracting N00039; funding N00039; vendor SCIENCE APPLICATIONS INTERNATIONAL CORPORATION; idv -; first signed 2020-08-12
N00039-24-RFPREQ-PMW-740-0052,N00039-24-RFPREQ-PMW-740-0052,14,existing_contract,explicit,N0017819D8470,fpds:N0017819D8470,sha256:30b089288ebd294fd7379d7e06cde16317f41927203e783280fdbaa137cb1981,FPDS entries=10; contracting N00178; funding N00178; vendor SCIENCE APPLICATIONS INTERNATIONAL CORPORATION; idv -; first signed 2018-12-03
N00039-24-RFPREQ-PMW-740-0052,N00039-24-RFPREQ-PMW-740-0052,14,notice,explicit,N00039-24-RFPREQ-PMW-740-0052,,sha256:f1a7818db7a6c3544d5c10a717818f2c74a4ae641250a8f0b2e6a355ddd6c5dc; sha256:ed259850a42a690aa43df02d5d8b34605aa6c623967a7f3b8dc6009bdd4e7263,SAM.gov search returned no notice containing the key
N00039-24-RFPREQ-PMW-740-0052,N00039-24-RFPREQ-PMW-740-0052,14,notice,explicit,N0003920F3015,,sha256:4725d2591f43a1294af2b25ec8b3ff1c73c4d16dcf27a1a4ed81320768b53c2d; sha256:be92f032d9e44c4d3c1b070eed57e6b41c79827bdefc44f6a361d7783280a0be,SAM.gov search returned no notice containing the key
N00039-24-RFPREQ-PMW-740-0052,N00039-24-RFPREQ-PMW-740-0052,14,notice,explicit,N0017819D8470,,sha256:3c62532cd9ec604e8951b23d588a2f906e14eda82a19102df853dc3843379cd9; sha256:7c9f3555331b002031b0f9de4b80eb6905806eef3d7f2bb067a625a18a835656,SAM.gov search returned no notice containing the key
N00039-24-RFPREQ-PMW-740-0052,N00039-24-RFPREQ-PMW-740-0052,14,notice,inferred,N00039-24-RFPREQ-PMW-740-0052,attribution:EX08,attribution_examples.json EX08,"forecast row linked to award N0003920F3015 by office, title and existing contract; 1 SAM.gov notice(s) cited on that award; evidence class inferred"
N00039-24-RFPREQ-PMW-740-0052,N00039-24-RFPREQ-PMW-740-0052,14,office,explicit,PMW-740,pmw:740,LRAE Annex 25!C14; organization_seed.json alias table,requirement-office code matched an alias
N00039-24-RFPREQ-PMW-740-0053,N00039-24-RFPREQ-PMW-740-0053,15,contact,explicit,"Lawson, Kyle L.",cobs:lrae:pmw-740:lawsonkylel,LRAE Annex 25!V15,secondary_poc on the row matches a contact observation for the same office
N00039-24-RFPREQ-PMW-740-0053,N00039-24-RFPREQ-PMW-740-0053,15,contact,explicit,"White, Kristin",cobs:lrae:pmw-740:whitekristin,LRAE Annex 25!T15,contracting_poc on the row matches a contact observation for the same office
N00039-24-RFPREQ-PMW-740-0053,N00039-24-RFPREQ-PMW-740-0053,15,existing_contract,explicit,N0003921F3001,fpds:N0003921F3001,sha256:1310f207aeff96d07fda67879e9e70901da14bc31b956d1844baa8a1cb522966,"FPDS entries=10; contracting N00039; funding N00039; vendor SALIENT CRGT, INC.; idv -; first signed 2020-10-06"
N00039-24-RFPREQ-PMW-740-0053,N00039-24-RFPREQ-PMW-740-0053,15,existing_contract,explicit,N0017819D8453,fpds:N0017819D8453,sha256:197f6545f8fb1e48cd256074a235ccc954cc50b20f5efbd5fe930b5a601d58cf,"FPDS entries=10; contracting N00178; funding N00178; vendor SALIENT CRGT, INC.; idv -; first signed 2018-12-03"
N00039-24-RFPREQ-PMW-740-0053,N00039-24-RFPREQ-PMW-740-0053,15,notice,explicit,N00039-24-RFPREQ-PMW-740-0053,,sha256:ee3227a4d44f275c6438e517a2b05cb4fbb897f3a72d3ae10b5fc2095c2d5905; sha256:7c55316546ba640d219ba973719e6c59e02c88b5a522a7f8cf051f7fce54d9d6,SAM.gov search returned no notice containing the key
N00039-24-RFPREQ-PMW-740-0053,N00039-24-RFPREQ-PMW-740-0053,15,notice,explicit,N0003921F3001,,sha256:88f4c3a7c4dfa3114e08de7f90d99d3e50097cddc158c14e1afacd8529618418; sha256:e718e19c5a212d2a19de7a82cb086aee0155affdd8685692fd475a19ae1e34fd,SAM.gov search returned no notice containing the key
N00039-24-RFPREQ-PMW-740-0053,N00039-24-RFPREQ-PMW-740-0053,15,notice,explicit,N0017819D8453,,sha256:0e64bdd125466796a8a9dc2634fbc3b968bf4bd7cd2cd9885554638c4188a392; sha256:743cd0bcae57f9fca3acdd6e6cb92baf2a1df105181da502110d1a6a465c9389,SAM.gov search returned no notice containing the key
N00039-24-RFPREQ-PMW-740-0053,N00039-24-RFPREQ-PMW-740-0053,15,office,explicit,PMW-740,pmw:740,LRAE Annex 25!C15; organization_seed.json alias table,requirement-office code matched an alias
N00039-25-RFPREQ-PMW-160-0001,N00039-25-RFPREQ-PMW-160-0001,16,contact,explicit,"Cohn, Andrea M.",cobs:lrae:pmw-160:cohnandream,LRAE Annex 25!V16,secondary_poc on the row matches a contact observation for the same office
N00039-25-RFPREQ-PMW-160-0001,N00039-25-RFPREQ-PMW-160-0001,16,contact,explicit,"Wiker, Susana",cobs:lrae:pmw-160:wikersusana,LRAE Annex 25!T16,contracting_poc on the row matches a contact observation for the same office
N00039-25-RFPREQ-PMW-160-0001,N00039-25-RFPREQ-PMW-160-0001,16,notice,explicit,N00039-25-RFPREQ-PMW-160-0001,,sha256:606e0ec68972eee0c6160c10bae90b9d63765a0dc5d1a2cb37b421037cd57fcb; sha256:a6f7bf0f3585baa408841909b6f39eacd5937e502f7b14fa754227af79a6d37c,SAM.gov search returned no notice containing the key
N00039-25-RFPREQ-PMW-160-0001,N00039-25-RFPREQ-PMW-160-0001,16,office,explicit,PMW-160,pmw:160,LRAE Annex 25!C16; organization_seed.json alias table,requirement-office code matched an alias
N00039-24-RFPREQ-PMW/A-170-0061,N00039-24-RFPREQ-PMW/A-170-0061,17,contact,explicit,"Erickson, Blake",cobs:lrae:pmw-170:ericksonblake,LRAE Annex 25!V17,secondary_poc on the row matches a contact observation for the same office
N00039-24-RFPREQ-PMW/A-170-0061,N00039-24-RFPREQ-PMW/A-170-0061,17,contact,explicit,"Murr, Christopher",cobs:lrae:pmw-170:murrchristopher,LRAE Annex 25!T17,contracting_poc on the row matches a contact observation for the same office
N00039-24-RFPREQ-PMW/A-170-0061,N00039-24-RFPREQ-PMW/A-170-0061,17,notice,explicit,N00039-24-RFPREQ-PMW/A-170-0061,,sha256:fc09360af2c3fea4016032d2a6ff1abe6149aa8b55505442ebecbc285e64dabe; sha256:75482757cee68165e92168d3321b1fd0919b94d798b8054fc10b393538095f74,SAM.gov search returned no notice containing the key
N00039-24-RFPREQ-PMW/A-170-0061,N00039-24-RFPREQ-PMW/A-170-0061,17,office,explicit,PMW/A-170,pmw:170,LRAE Annex 25!C17; organization_seed.json alias table,requirement-office code matched an alias
N00039-24-RFPREQ-PMW-770-0011,N00039-24-RFPREQ-PMW-770-0011,18,contact,explicit,"Ferlo, Michael",cobs:lrae:pmw-770:ferlomichael,LRAE Annex 25!V18,secondary_poc on the row matches a contact observation for the same office
N00039-24-RFPREQ-PMW-770-0011,N00039-24-RFPREQ-PMW-770-0011,18,contact,explicit,"Murr, Christopher",cobs:lrae:pmw-770:murrchristopher,LRAE Annex 25!T18,contracting_poc on the row matches a contact observation for the same office
N00039-24-RFPREQ-PMW-770-0011,N00039-24-RFPREQ-PMW-770-0011,18,notice,explicit,N00039-24-RFPREQ-PMW-770-0011,,sha256:3fcc88adf031f171106d2e66afd1624059fffc635cd25d3c16ecd489df9d4213; sha256:7082c7506c5fa6031cdf739fadd79b4ddea2e54e13da49b1dc03cf422ac70dd2,SAM.gov search returned no notice containing the key
N00039-24-RFPREQ-PMW-770-0011,N00039-24-RFPREQ-PMW-770-0011,18,office,explicit,PMW-770,pmw:770,LRAE Annex 25!C18; organization_seed.json alias table,requirement-office code matched an alias
N00039-24-RFPREQ-PMW/A-170-0170,N00039-24-RFPREQ-PMW/A-170-0170,19,contact,explicit,"Barker, Adam",cobs:lrae:pmw-170:barkeradam,LRAE Annex 25!V19,secondary_poc on the row matches a contact observation for the same office
N00039-24-RFPREQ-PMW/A-170-0170,N00039-24-RFPREQ-PMW/A-170-0170,19,contact,explicit,"Holtet, Alexander",cobs:lrae:pmw-170:holtetalexander,LRAE Annex 25!T19,contracting_poc on the row matches a contact observation for the same office
N00039-24-RFPREQ-PMW/A-170-0170,N00039-24-RFPREQ-PMW/A-170-0170,19,notice,explicit,N00039-24-RFPREQ-PMW/A-170-0170,,sha256:8854a5487c21ed69e560b222dd979198cdf195b13eff6ba455f240b8ce3b329c; sha256:8e24f11067384f2872fae7f2de9d374bd7c2139395d134fa4a7daeb7149fc4a4,SAM.gov search returned no notice containing the key
N00039-24-RFPREQ-PMW/A-170-0170,N00039-24-RFPREQ-PMW/A-170-0170,19,office,explicit,PMW/A-170,pmw:170,LRAE Annex 25!C19; organization_seed.json alias table,requirement-office code matched an alias
N00039-22-RFPREQ-PMW/A-170-0002,N00039-22-RFPREQ-PMW/A-170-0002,97,contact,explicit,"BECKER, STEFFANY A.",cobs:lrae:pmw-170:beckersteffanya,LRAE Annex 25!V97,secondary_poc on the row matches a contact observation for the same office
N00039-22-RFPREQ-PMW/A-170-0002,N00039-22-RFPREQ-PMW/A-170-0002,97,contact,explicit,"Ward, Julie",cobs:lrae:pmw-170:wardjulie,LRAE Annex 25!T97,contracting_poc on the row matches a contact observation for the same office
N00039-22-RFPREQ-PMW/A-170-0002,N00039-22-RFPREQ-PMW/A-170-0002,97,existing_contract,explicit,N0003914C00041,,LRAE Annex 25!O97,no contract identifier pattern recognised in the cell
N00039-22-RFPREQ-PMW/A-170-0002,N00039-22-RFPREQ-PMW/A-170-0002,97,notice,explicit,N00039-22-RFPREQ-PMW/A-170-0002,,sha256:3e55d3122dde8cd5ef692e5ce7e12c88d5d177c045225cc98590631a22cc19e6; sha256:5885ec570e2ee8f2e05a71c66868ea33d251bf8abf1e474510759770a078800f,SAM.gov search returned no notice containing the key
N00039-22-RFPREQ-PMW/A-170-0002,N00039-22-RFPREQ-PMW/A-170-0002,97,office,explicit,PMW/A-170,pmw:170,LRAE Annex 25!C97; organization_seed.json alias table,requirement-office code matched an alias
N00039-24-RFPREQ-PMW/A-170-0013,N00039-24-RFPREQ-PMW/A-170-0013,98,contact,explicit,"Holtet, Alexander",cobs:lrae:pmw-170:holtetalexander,LRAE Annex 25!T98,contracting_poc on the row matches a contact observation for the same office
N00039-24-RFPREQ-PMW/A-170-0013,N00039-24-RFPREQ-PMW/A-170-0013,98,contact,explicit,"Joworski, Tyler",cobs:lrae:pmw-170:joworskityler,LRAE Annex 25!V98,secondary_poc on the row matches a contact observation for the same office
N00039-24-RFPREQ-PMW/A-170-0013,N00039-24-RFPREQ-PMW/A-170-0013,98,notice,explicit,N00039-24-RFPREQ-PMW/A-170-0013,,sha256:25741ef3e043840e2810959996849bb82dc3b1b17577839f78bba59e9aef6231; sha256:40c5c542dd07186727a025150c61dafd2d891a68201bbe55959886bab001b9bd,SAM.gov search returned no notice containing the key
N00039-24-RFPREQ-PMW/A-170-0013,N00039-24-RFPREQ-PMW/A-170-0013,98,office,explicit,PMW/A-170,pmw:170,LRAE Annex 25!C98; organization_seed.json alias table,requirement-office code matched an alias
N00039-22-RFPREQ-PMW/A-170-0021,N00039-22-RFPREQ-PMW/A-170-0021,99,contact,explicit,"Barker, Adam",cobs:lrae:pmw-170:barkeradam,LRAE Annex 25!V99,secondary_poc on the row matches a contact observation for the same office
N00039-22-RFPREQ-PMW/A-170-0021,N00039-22-RFPREQ-PMW/A-170-0021,99,contact,explicit,"Nickel, Kenneth",cobs:lrae:pmw-170:nickelkenneth,LRAE Annex 25!T99,contracting_poc on the row matches a contact observation for the same office
N00039-22-RFPREQ-PMW/A-170-0021,N00039-22-RFPREQ-PMW/A-170-0021,99,existing_contract,explicit,N0003916C0050,fpds:N0003916C0050,sha256:0229a9640ee66cd74c7e15780168767a5cdef6aed6f327edd4acc98e80d875a9,FPDS entries=10; contracting N00039; funding N00039; vendor RAYTHEON COMPANY; idv -; first signed 2015-12-29
N00039-22-RFPREQ-PMW/A-170-0021,N00039-22-RFPREQ-PMW/A-170-0021,99,notice,explicit,N00039-22-RFPREQ-PMW/A-170-0021,,sha256:c99b923c4a7cc3a0f781adc27ee0e37adad3fe6c6e0981ef670375174d0dd681; sha256:2ed8c610fe6a438b9524594d3c345eaf3bc0ee08d67701b60b9ff0ed97405b60,SAM.gov search returned no notice containing the key
N00039-22-RFPREQ-PMW/A-170-0021,N00039-22-RFPREQ-PMW/A-170-0021,99,notice,explicit,N0003916C0050,,sha256:4006fa044a1585e0c9c3f803d14de43c614e911d746081ad6a9b632b763662ec; sha256:804495c9f4bddbc220c4f74d40868fe801a9f1123211fd65d3d1acb66d487f8a,SAM.gov search returned no notice containing the key
N00039-22-RFPREQ-PMW/A-170-0021,N00039-22-RFPREQ-PMW/A-170-0021,99,office,explicit,PMW/A-170,pmw:170,LRAE Annex 25!C99; organization_seed.json alias table,requirement-office code matched an alias
N00039-23-RFPREQ-PMW/A-170-0155,N00039-23-RFPREQ-PMW/A-170-0155,100,contact,explicit,"MUNIZ, BENJAMIN",cobs:lrae:pmw-170:munizbenjamin,LRAE Annex 25!V100,secondary_poc on the row matches a contact observation for the same office
N00039-23-RFPREQ-PMW/A-170-0155,N00039-23-RFPREQ-PMW/A-170-0155,100,contact,explicit,"Ward, Julie",cobs:lrae:pmw-170:wardjulie,LRAE Annex 25!T100,contracting_poc on the row matches a contact observation for the same office
N00039-23-RFPREQ-PMW/A-170-0155,N00039-23-RFPREQ-PMW/A-170-0155,100,notice,explicit,N00039-23-RFPREQ-PMW/A-170-0155,,sha256:309e7fd04b844fc5572d688648e64500be0d724ec81c31bd8d504ef52c5b80ac; sha256:5a740de980d1f1b5ccbe08e32d61ddb07cc9ebe51a202bd726166ce833c164b1,SAM.gov search returned no notice containing the key
N00039-23-RFPREQ-PMW/A-170-0155,N00039-23-RFPREQ-PMW/A-170-0155,100,office,explicit,PMW/A-170,pmw:170,LRAE Annex 25!C100; organization_seed.json alias table,requirement-office code matched an alias
N00039-23-RFPREQ-PMW/A-170-0173,N00039-23-RFPREQ-PMW/A-170-0173,101,contact,explicit,"Murr, Christopher",cobs:lrae:pmw-170:murrchristopher,LRAE Annex 25!T101,contracting_poc on the row matches a contact observation for the same office
N00039-23-RFPREQ-PMW/A-170-0173,N00039-23-RFPREQ-PMW/A-170-0173,101,contact,explicit,"REYES, MARC",cobs:lrae:pmw-170:reyesmarc,LRAE Annex 25!V101,secondary_poc on the row matches a contact observation for the same office
N00039-23-RFPREQ-PMW/A-170-0173,N00039-23-RFPREQ-PMW/A-170-0173,101,notice,explicit,N00039-23-RFPREQ-PMW/A-170-0173,,sha256:5433ffa10c51c433da789ad503e696d05ad9c7e8147577bf9ac85afa1ce8c628; sha256:e1c40e1d283e2c6c39f73dc91398f086c3388ba918cee06c56a09562998a123b,SAM.gov search returned no notice containing the key
N00039-23-RFPREQ-PMW/A-170-0173,N00039-23-RFPREQ-PMW/A-170-0173,101,office,explicit,PMW/A-170,pmw:170,LRAE Annex 25!C101; organization_seed.json alias table,requirement-office code matched an alias
N00039-24-RFPREQ-PMW-750-0001,N00039-24-RFPREQ-PMW-750-0001,103,contact,explicit,"Griffin, Brian",cobs:lrae:pmw-750:griffinbrian,LRAE Annex 25!T103,contracting_poc on the row matches a contact observation for the same office
N00039-24-RFPREQ-PMW-750-0001,N00039-24-RFPREQ-PMW-750-0001,103,contact,explicit,"Terrell, Kamilah A.",cobs:lrae:pmw-750:terrellkamilaha,LRAE Annex 25!V103,secondary_poc on the row matches a contact observation for the same office
N00039-24-RFPREQ-PMW-750-0001,N00039-24-RFPREQ-PMW-750-0001,103,notice,explicit,N00039-24-RFPREQ-PMW-750-0001,,sha256:c7d37aa73bc7955312beaac13113afbf78f73d1c386303d214426b4a58f7c83e; sha256:42d759e95ecb0c182cae85e67fc45249a3400f090f99877a0ff714a2f2b2d82c,SAM.gov search returned no notice containing the key
N00039-24-RFPREQ-PMW-750-0001,N00039-24-RFPREQ-PMW-750-0001,103,office,explicit,PMW-750,pmw:750,LRAE Annex 25!C103; organization_seed.json alias table,requirement-office code matched an alias
N00039-24-RFPREQ-PMW-750-0002,N00039-24-RFPREQ-PMW-750-0002,104,contact,explicit,"Griffin, Brian",cobs:lrae:pmw-750:griffinbrian,LRAE Annex 25!T104,contracting_poc on the row matches a contact observation for the same office
N00039-24-RFPREQ-PMW-750-0002,N00039-24-RFPREQ-PMW-750-0002,104,contact,explicit,"Terrell, Kamilah A.",cobs:lrae:pmw-750:terrellkamilaha,LRAE Annex 25!V104,secondary_poc on the row matches a contact observation for the same office
N00039-24-RFPREQ-PMW-750-0002,N00039-24-RFPREQ-PMW-750-0002,104,notice,explicit,N00039-24-RFPREQ-PMW-750-0002,,sha256:d928851818efc9ce92ff626473f699146a8df9a3e1eabdd08d81608d0033aea9; sha256:f5d41be81051bb105dd96f169511767e7416e0a96ad17e071b378ebc8d27756d,SAM.gov search returned no notice containing the key
N00039-24-RFPREQ-PMW-750-0002,N00039-24-RFPREQ-PMW-750-0002,104,office,explicit,PMW-750,pmw:750,LRAE Annex 25!C104; organization_seed.json alias table,requirement-office code matched an alias
N00039-24-RFPREQ-PMW-750-0003,N00039-24-RFPREQ-PMW-750-0003,105,contact,explicit,"Brewer, Lynette",cobs:lrae:pmw-750:brewerlynette,LRAE Annex 25!V105,secondary_poc on the row matches a contact observation for the same office
N00039-24-RFPREQ-PMW-750-0003,N00039-24-RFPREQ-PMW-750-0003,105,contact,explicit,"Griffin, Brian",cobs:lrae:pmw-750:griffinbrian,LRAE Annex 25!T105,contracting_poc on the row matches a contact observation for the same office
N00039-24-RFPREQ-PMW-750-0003,N00039-24-RFPREQ-PMW-750-0003,105,notice,explicit,N00039-24-RFPREQ-PMW-750-0003,,sha256:1c543ccef2dd129cf4e92df800075309dafabe90e82c015eb3ea85baaf3f9384; sha256:bad76dd5ae36da8f1cd0ea90d5c2a8519ce3956163ad298e1ce767042a6c3270,SAM.gov search returned no notice containing the key
N00039-24-RFPREQ-PMW-750-0003,N00039-24-RFPREQ-PMW-750-0003,105,office,explicit,PMW-750,pmw:750,LRAE Annex 25!C105; organization_seed.json alias table,requirement-office code matched an alias
N00039-24-RFPREQ-PMW-120-0001,N00039-24-RFPREQ-PMW-120-0001,106,contact,explicit,"Ashley, Megan",cobs:lrae:pmw-120:ashleymegan,LRAE Annex 25!V106,secondary_poc on the row matches a contact observation for the same office
N00039-24-RFPREQ-PMW-120-0001,N00039-24-RFPREQ-PMW-120-0001,106,contact,explicit,"Odonnell, Brian",cobs:lrae:pmw-120:odonnellbrian,LRAE Annex 25!T106,contracting_poc on the row matches a contact observation for the same office
N00039-24-RFPREQ-PMW-120-0001,N00039-24-RFPREQ-PMW-120-0001,106,existing_contract,explicit,N0003921F3003,fpds:N0003921F3003,sha256:b31ab988ae49bd5c1073226178906b999c7d7b886d4c3cd5944597af75377d0b,FPDS entries=10; contracting N00039; funding N00039; vendor BOOZ ALLEN HAMILTON INC.; idv -; first signed 2021-01-25
N00039-24-RFPREQ-PMW-120-0001,N00039-24-RFPREQ-PMW-120-0001,106,existing_contract,explicit,N0017819D7264,fpds:N0017819D7264,sha256:202314b8c6b6fd6bd30bec03aec13fb6df3baf75d5879fe50250a18801104e07,FPDS entries=10; contracting N00178; funding N00178; vendor BOOZ ALLEN HAMILTON INC.; idv -; first signed 2018-12-03
N00039-24-RFPREQ-PMW-120-0001,N00039-24-RFPREQ-PMW-120-0001,106,notice,explicit,N00039-24-RFPREQ-PMW-120-0001,,sha256:ccc6882129a236c872413e78f6561f904ceb395bf6ef3e9b19756caf30ad380a; sha256:44a25f53f5cf3790f888b70034d2c7c45807814eeb32eab808984c3da8860c2f,SAM.gov search returned no notice containing the key
N00039-24-RFPREQ-PMW-120-0001,N00039-24-RFPREQ-PMW-120-0001,106,notice,explicit,N0003921F3003,,sha256:e081bb84258658f5297f4ddb10e89743a689f18a63fd48e53562c2723723899f; sha256:a6636bc1ec897ca1a55fbdb0a6e3c20ec746f06cf34ae70f4e02363d582bcc89,SAM.gov search returned no notice containing the key
N00039-24-RFPREQ-PMW-120-0001,N00039-24-RFPREQ-PMW-120-0001,106,notice,explicit,N0017819D7264,,sha256:479a4af4e997b8b580bb7bcb4ce96a267bc444c2522f6c41f29115a9ff09a231; sha256:d3753c0612eafda23b7c29112df20ce42a793bfdf3cb69119830d3301e58f906,SAM.gov search returned no notice containing the key
N00039-24-RFPREQ-PMW-120-0001,N00039-24-RFPREQ-PMW-120-0001,106,notice,inferred,N00039-24-RFPREQ-PMW-120-0001,attribution:EX04,attribution_examples.json EX04,"forecast row linked to award N0003921F3003 by office, title and existing contract; 0 SAM.gov notice(s) cited on that award; evidence class directly_documented"
N00039-24-RFPREQ-PMW-120-0001,N00039-24-RFPREQ-PMW-120-0001,106,office,explicit,PMW-120,pmw:120,LRAE Annex 25!C106; organization_seed.json alias table,requirement-office code matched an alias
N00039-24-RFPREQ-PEO-C4I-0001,N00039-24-RFPREQ-PEO-C4I-0001,107,contact,explicit,"Ashley, Megan",cobs:lrae:peo-c4i:ashleymegan,LRAE Annex 25!V107,secondary_poc on the row matches a contact observation for the same office
N00039-24-RFPREQ-PEO-C4I-0001,N00039-24-RFPREQ-PEO-C4I-0001,107,contact,explicit,"Odonnell, Brian",cobs:lrae:peo-c4i:odonnellbrian,LRAE Annex 25!T107,contracting_poc on the row matches a contact observation for the same office
N00039-24-RFPREQ-PEO-C4I-0001,N00039-24-RFPREQ-PEO-C4I-0001,107,existing_contract,explicit,N0003920F3502,fpds:N0003920F3502,sha256:ef27acfd77488446d85c8b3b94d21875c49014b80680668fb53f72ed120ad6ee,FPDS entries=10; contracting N00039; funding N00039; vendor BOOZ ALLEN HAMILTON INC.; idv -; first signed 2020-03-12
N00039-24-RFPREQ-PEO-C4I-0001,N00039-24-RFPREQ-PEO-C4I-0001,107,notice,explicit,N00039-24-RFPREQ-PEO-C4I-0001,,sha256:058905addaf6ca80145e6ef6510424e2013aea2b7c93dcabfc6ec96890b0103f; sha256:d450703c76c848da0c371a6a941f33db5b6749237a94d08eaffd71cd5167538f,SAM.gov search returned no notice containing the key
N00039-24-RFPREQ-PEO-C4I-0001,N00039-24-RFPREQ-PEO-C4I-0001,107,notice,explicit,N0003920F3502,,sha256:eb361a9aef207eeafa158a5219ae835123969812def550b8fd385479dd8b0b64; sha256:48fd10d2f7fd446a0d446b96eeb3f641dac30fdc2ec81a3103c2871d6654049d,SAM.gov search returned no notice containing the key
N00039-24-RFPREQ-PEO-C4I-0001,N00039-24-RFPREQ-PEO-C4I-0001,107,office,explicit,C4IEXEC,peo:c4i,LRAE Annex 25!C107; organization_seed.json alias table,requirement-office code matched an alias
N00039-25-RFPREQ-PMW/A-170-0001,N00039-25-RFPREQ-PMW/A-170-0001,108,contact,explicit,"De Vera, Jennifer",cobs:lrae:pmw-170:deverajennifer,LRAE Annex 25!V108,secondary_poc on the row matches a contact observation for the same office
N00039-25-RFPREQ-PMW/A-170-0001,N00039-25-RFPREQ-PMW/A-170-0001,108,contact,explicit,"Nickel, Kenneth",cobs:lrae:pmw-170:nickelkenneth,LRAE Annex 25!T108,contracting_poc on the row matches a contact observation for the same office
N00039-25-RFPREQ-PMW/A-170-0001,N00039-25-RFPREQ-PMW/A-170-0001,108,existing_contract,explicit,N0003916C0087,fpds:N0003916C0087,sha256:e3b01f63b002c4526c1ec2b6364f7ca71dc8aeeb8396b04f5948adc65b9c7772,FPDS entries=10; contracting N00039; funding N00039; vendor BAE SYSTEMS INFORMATION AND ELECTRONIC SYSTEMS INTEGRATION INC.; idv -; first signed 2016-09-21
N00039-25-RFPREQ-PMW/A-170-0001,N00039-25-RFPREQ-PMW/A-170-0001,108,notice,explicit,N00039-25-RFPREQ-PMW/A-170-0001,,sha256:b13a01aa6aa9b71eea9461efbfb4c744e2fa8c4b55df8230b25dfe06ca841ceb; sha256:26a59204b1eb596be2bdfeb06fc1f269f224bc9db9d5449814e285a5e91917a1,SAM.gov search returned no notice containing the key
N00039-25-RFPREQ-PMW/A-170-0001,N00039-25-RFPREQ-PMW/A-170-0001,108,notice,explicit,N0003916C0087,sam:b37673f4bfdf481c8ecbfef82dd6ca6f,sha256:73f9f74876f26499faaa4369acedba0a4d7bf2e5c8726b8fc989356b0e5ce3d0; sha256:5b0f9c4f856fe6a9a2dd2347ed45de1a1b9084374d47186455ba9d7bb6fa0a93,notice text contains the key; title Sole Source Modification Award for the Network Tactical Common Data Link (NTCDL)
N00039-25-RFPREQ-PMW/A-170-0001,N00039-25-RFPREQ-PMW/A-170-0001,108,office,explicit,PMW/A-170,pmw:170,LRAE Annex 25!C108; organization_seed.json alias table,requirement-office code matched an alias
N00039-24-RFPREQ-PMW/A-170-0004,N00039-24-RFPREQ-PMW/A-170-0004,109,contact,explicit,"Erickson, Blake",cobs:lrae:pmw-170:ericksonblake,LRAE Annex 25!V109,secondary_poc on the row matches a contact observation for the same office
N00039-24-RFPREQ-PMW/A-170-0004,N00039-24-RFPREQ-PMW/A-170-0004,109,contact,explicit,"Nickel, Kenneth",cobs:lrae:pmw-170:nickelkenneth,LRAE Annex 25!T109,contracting_poc on the row matches a contact observation for the same office
N00039-24-RFPREQ-PMW/A-170-0004,N00039-24-RFPREQ-PMW/A-170-0004,109,notice,explicit,N00039-24-RFPREQ-PMW/A-170-0004,,sha256:b9f262a0359845eea976ff36966310f6b80d5d9e8204eed1e82594d237583f3f; sha256:af006a71a61b52ba79b05b4e6d1141a93142465316ddb783dc849601bf407068,SAM.gov search returned no notice containing the key
N00039-24-RFPREQ-PMW/A-170-0004,N00039-24-RFPREQ-PMW/A-170-0004,109,office,explicit,PMW/A-170,pmw:170,LRAE Annex 25!C109; organization_seed.json alias table,requirement-office code matched an alias
N00039-23-RFPREQ-PMA/PMW-101-0017,N00039-23-RFPREQ-PMA/PMW-101-0017,111,contact,explicit,"Bredesen, Editha Y.",cobs:lrae:pmw-101:bredesenedithay,LRAE Annex 25!T111,contracting_poc on the row matches a contact observation for the same office
N00039-23-RFPREQ-PMA/PMW-101-0017,N00039-23-RFPREQ-PMA/PMW-101-0017,111,contact,explicit,"PERAZA, RODRIGO",cobs:lrae:pmw-101:perazarodrigo,LRAE Annex 25!V111,secondary_poc on the row matches a contact observation for the same office
N00039-23-RFPREQ-PMA/PMW-101-0017,N00039-23-RFPREQ-PMA/PMW-101-0017,111,existing_contract,explicit,N0003915D0042,fpds:N0003915D0042,sha256:bc9df90b22fbe4dd534c017ffe8bc178e04b474333d20fa19c4e0b50d1010d20,FPDS entries=10; contracting N00039; funding N00039; vendor DATA LINK SOLUTIONS L.L.C.; idv -; first signed 2015-08-21
N00039-23-RFPREQ-PMA/PMW-101-0017,N00039-23-RFPREQ-PMA/PMW-101-0017,111,existing_contract,explicit,N0003915D0043,fpds:N0003915D0043,sha256:dcac1fe2fbc341136745ef21707b3aa43eb74183a5c48ebadc7b911b04d003dd,"FPDS entries=10; contracting N00039; funding N00039; vendor VIASAT, INC.; idv -; first signed 2015-08-21"
N00039-23-RFPREQ-PMA/PMW-101-0017,N00039-23-RFPREQ-PMA/PMW-101-0017,111,notice,explicit,N00039-23-RFPREQ-PMA/PMW-101-0017,,sha256:6a93c6778a4bb62c1c2067e47b14142fad5697dfa1cf9511383e36cf3ef5f905; sha256:5f03dd2f110c9bc0c966c8bb6063255f32d209fbe7331232b6fdb2a435c2d5f2,SAM.gov search returned no notice containing the key
N00039-23-RFPREQ-PMA/PMW-101-0017,N00039-23-RFPREQ-PMA/PMW-101-0017,111,notice,explicit,N0003915D0042,,sha256:77cfb633bbad6bc5ae55e7fc557f66f552f229b9c09164c8cb212533a63e195e; sha256:d8ec89b161a850d0c5a35fd017f6904f179b03147ab25be57294ece16ec5abf0,SAM.gov search returned no notice containing the key
N00039-23-RFPREQ-PMA/PMW-101-0017,N00039-23-RFPREQ-PMA/PMW-101-0017,111,notice,inferred,N00039-23-RFPREQ-PMA/PMW-101-0017,attribution:EX13,attribution_examples.json EX13,"forecast row linked to award N0003915D0042 by office, title and existing contract; 2 SAM.gov notice(s) cited on that award; evidence class directly_documented"
N00039-23-RFPREQ-PMA/PMW-101-0017,N00039-23-RFPREQ-PMA/PMW-101-0017,111,notice,inferred,N0003915D0043,sam:8b40812ae0ad4833a73f079b4e2b81a7,sha256:6984422db879a9effaf61a11077c4ff4760be32f781b8e6821c5c67e00fc42bc; sha256:b4aeee5cc5c9d4c13c4bde1394d9af8a3eb8804292ae05b8cbf06e5a589b6b96,"key is a shared vehicle (IDV or schedule); the notice cites the vehicle, which does not establish the same requirement; title Justification and Approval to Procure Other Than Full and Open Competition"
N00039-23-RFPREQ-PMA/PMW-101-0017,N00039-23-RFPREQ-PMA/PMW-101-0017,111,office,explicit,PMA/PMW-101,pmw:101,LRAE Annex 25!C111; organization_seed.json alias table,requirement-office code matched an alias
N00039-24-RFPREQ-PMW/A-170-0014,N00039-24-RFPREQ-PMW/A-170-0014,112,contact,explicit,"Erickson, Blake",cobs:lrae:pmw-170:ericksonblake,LRAE Annex 25!V112,secondary_poc on the row matches a contact observation for the same office
N00039-24-RFPREQ-PMW/A-170-0014,N00039-24-RFPREQ-PMW/A-170-0014,112,contact,explicit,"Murr, Christopher",cobs:lrae:pmw-170:murrchristopher,LRAE Annex 25!T112,contracting_poc on the row matches a contact observation for the same office
N00039-24-RFPREQ-PMW/A-170-0014,N00039-24-RFPREQ-PMW/A-170-0014,112,notice,explicit,N00039-24-RFPREQ-PMW/A-170-0014,,sha256:9dda8916a9ea93c9e950bcd6d47c60b0189f2cd3480ef2efc82d24094a7f0dac; sha256:e840d8bea2cc2e3c82c95068f55c8797d1986fa123e811f2cea5a0cbf2a3e7e8,SAM.gov search returned no notice containing the key
N00039-24-RFPREQ-PMW/A-170-0014,N00039-24-RFPREQ-PMW/A-170-0014,112,office,explicit,PMW/A-170,pmw:170,LRAE Annex 25!C112; organization_seed.json alias table,requirement-office code matched an alias
N00039-25-RFPREQ-PMW-740-0006,N00039-25-RFPREQ-PMW-740-0006,113,contact,explicit,"White, Kristin",cobs:lrae:pmw-740:whitekristin,LRAE Annex 25!T113,contracting_poc on the row matches a contact observation for the same office
N00039-25-RFPREQ-PMW-740-0006,N00039-25-RFPREQ-PMW-740-0006,113,notice,explicit,N00039-25-RFPREQ-PMW-740-0006,,sha256:79ec4bcedecf01978eca53f940f7f4c6c103dc8c67cbc1618835b4d6a93b0a2f; sha256:c9b6a50c06e4014187d49e1ca63dd095c1e1e02946f507ffffb2dfb1c2ff94b4,SAM.gov search returned no notice containing the key
N00039-25-RFPREQ-PMW-740-0006,N00039-25-RFPREQ-PMW-740-0006,113,office,explicit,PMW-740,pmw:740,LRAE Annex 25!C113; organization_seed.json alias table,requirement-office code matched an alias
N00039-24-RFPREQ-PMW-740-0005,N00039-24-RFPREQ-PMW-740-0005,114,contact,explicit,"Uriostigue, Magdalena",cobs:lrae:pmw-740:uriostiguemagdalena,LRAE Annex 25!V114,secondary_poc on the row matches a contact observation for the same office
N00039-24-RFPREQ-PMW-740-0005,N00039-24-RFPREQ-PMW-740-0005,114,contact,explicit,"White, Kristin",cobs:lrae:pmw-740:whitekristin,LRAE Annex 25!T114,contracting_poc on the row matches a contact observation for the same office
N00039-24-RFPREQ-PMW-740-0005,N00039-24-RFPREQ-PMW-740-0005,114,notice,explicit,N00039-24-RFPREQ-PMW-740-0005,,sha256:f84740e064df0492746cca94c7546610b08b90c026c42b1f6030be23c2e5ed1d; sha256:4122116e4c0acd8a1c84f82a791a47440c7826188e034bc431ff7bc0956ef85e,SAM.gov search returned no notice containing the key
N00039-24-RFPREQ-PMW-740-0005,N00039-24-RFPREQ-PMW-740-0005,114,office,explicit,PMW-740,pmw:740,LRAE Annex 25!C114; organization_seed.json alias table,requirement-office code matched an alias
N00039-26-RFPREQ-PMA/PMW-101-0003,N00039-26-RFPREQ-PMA/PMW-101-0003,115,contact,explicit,"Gonzales, Joseph",cobs:lrae:pmw-101:gonzalesjoseph,LRAE Annex 25!T115,contracting_poc on the row matches a contact observation for the same office
N00039-26-RFPREQ-PMA/PMW-101-0003,N00039-26-RFPREQ-PMA/PMW-101-0003,115,notice,explicit,N00039-26-RFPREQ-PMA/PMW-101-0003,,sha256:1a550f1752ca3cdb702e752a326c72f85408875c0d9f7ee2f757f1432e629614; sha256:e09317a08ccad2cc3ee0ef2833ad67dfa001df5d65b31b23bdd9c365a86d2d84,SAM.gov search returned no notice containing the key
N00039-26-RFPREQ-PMA/PMW-101-0003,N00039-26-RFPREQ-PMA/PMW-101-0003,115,office,explicit,PMA/PMW-101,pmw:101,LRAE Annex 25!C115; organization_seed.json alias table,requirement-office code matched an alias
N00039-24-RFPREQ-PMW-770-0008,N00039-24-RFPREQ-PMW-770-0008,116,contact,explicit,"Holtet, Alexander",cobs:lrae:pmw-770:holtetalexander,LRAE Annex 25!T116,contracting_poc on the row matches a contact observation for the same office
N00039-24-RFPREQ-PMW-770-0008,N00039-24-RFPREQ-PMW-770-0008,116,contact,explicit,"MUNIZ, BENJAMIN",cobs:lrae:pmw-770:munizbenjamin,LRAE Annex 25!V116,secondary_poc on the row matches a contact observation for the same office
N00039-24-RFPREQ-PMW-770-0008,N00039-24-RFPREQ-PMW-770-0008,116,notice,explicit,N00039-24-RFPREQ-PMW-770-0008,,sha256:6594a100582b4e78042aa00dd8f17838fe68089d7f2c7b39ee7ae2aefb374745; sha256:b628ac9fe5ce1147c02abb00a5270e2830b7267b3ed23e7e03a3ae5904e97d9a,SAM.gov search returned no notice containing the key
N00039-24-RFPREQ-PMW-770-0008,N00039-24-RFPREQ-PMW-770-0008,116,office,explicit,PMW-770,pmw:770,LRAE Annex 25!C116; organization_seed.json alias table,requirement-office code matched an alias
N00039-24-RFPREQ-PMW-770-0009,N00039-24-RFPREQ-PMW-770-0009,117,contact,explicit,"Ashley, Megan",cobs:lrae:pmw-770:ashleymegan,LRAE Annex 25!V117,secondary_poc on the row matches a contact observation for the same office
N00039-24-RFPREQ-PMW-770-0009,N00039-24-RFPREQ-PMW-770-0009,117,contact,explicit,"Odonnell, Brian",cobs:lrae:pmw-770:odonnellbrian,LRAE Annex 25!T117,contracting_poc on the row matches a contact observation for the same office
N00039-24-RFPREQ-PMW-770-0009,N00039-24-RFPREQ-PMW-770-0009,117,existing_contract,explicit,N0017819D7674,fpds:N0017819D7674,sha256:b700f76b3583bcc2b7f05ea8687ad386980e0e5ffab69c63ed7b09f81d4bef56,"FPDS entries=10; contracting N00178; funding N00178; vendor G2 OPS, INC.; idv -; first signed 2018-12-03"
N00039-24-RFPREQ-PMW-770-0009,N00039-24-RFPREQ-PMW-770-0009,117,notice,explicit,N00039-24-RFPREQ-PMW-770-0009,,sha256:54ad24e57939b7c10de89ad16993fc8ab03dc7e13820c3a3e719ea13dd99e914; sha256:d64834c856f625dd91a2a15d292e2e9dae1d864bddf791fb80e45c5ae125d0ab,SAM.gov search returned no notice containing the key
N00039-24-RFPREQ-PMW-770-0009,N00039-24-RFPREQ-PMW-770-0009,117,notice,explicit,N0017819D7674,,sha256:12050419d3c662afa35e870a12829cda5109b71b5a22a5fcd54ec7da540a89b0; sha256:ca6eb99050fa4b464e6dbf2df58f9528a9018dcb3100631ad582fc3c3b5acbf3,SAM.gov search returned no notice containing the key
N00039-24-RFPREQ-PMW-770-0009,N00039-24-RFPREQ-PMW-770-0009,117,office,explicit,PMW-770,pmw:770,LRAE Annex 25!C117; organization_seed.json alias table,requirement-office code matched an alias
N00039-26-RFPREQ-PMA/PMW-101-0005,N00039-26-RFPREQ-PMA/PMW-101-0005,120,contact,explicit,"Feliu, Maia C.",cobs:lrae:pmw-101:feliumaiac,LRAE Annex 25!V120,secondary_poc on the row matches a contact observation for the same office
N00039-26-RFPREQ-PMA/PMW-101-0005,N00039-26-RFPREQ-PMA/PMW-101-0005,120,existing_contract,explicit,N0017819D7675,fpds:N0017819D7675,sha256:639f12a42cef83cca115e79eb7f5c85a35fd9df0ad3c1b233571bdf47a687f39,"FPDS entries=10; contracting N00178; funding N00178; vendor G2 SOFTWARE SYSTEMS, INC.; idv -; first signed 2018-12-03"
N00039-26-RFPREQ-PMA/PMW-101-0005,N00039-26-RFPREQ-PMA/PMW-101-0005,120,notice,explicit,N00039-26-RFPREQ-PMA/PMW-101-0005,,sha256:60e08cb787456d4f8f7beba45e0a02e5e963899ae8d0b22f51346ca16eaeb486; sha256:cf5401dec533de4fb0566d6477c0f1e2ad79875f3eae0dd26313b91d98f445d0,SAM.gov search returned no notice containing the key
N00039-26-RFPREQ-PMA/PMW-101-0005,N00039-26-RFPREQ-PMA/PMW-101-0005,120,notice,explicit,N0017819D7675,,sha256:bbfe5137e8fe10851cf9aea3179425d830cf3db5cfd7a738d8a0cb9f456e223e; sha256:9f86b81cc9067fb1700a2eedfea8fc37c5cbb9e926ea0028617d9bd8e3548795,SAM.gov search returned no notice containing the key
N00039-26-RFPREQ-PMA/PMW-101-0005,N00039-26-RFPREQ-PMA/PMW-101-0005,120,office,explicit,PMA/PMW-101,pmw:101,LRAE Annex 25!C120; organization_seed.json alias table,requirement-office code matched an alias
N00039-25-RFPREQ-PMW-740-0005,N00039-25-RFPREQ-PMW-740-0005,121,contact,explicit,"White, Kristin",cobs:lrae:pmw-740:whitekristin,LRAE Annex 25!T121,contracting_poc on the row matches a contact observation for the same office
N00039-25-RFPREQ-PMW-740-0005,N00039-25-RFPREQ-PMW-740-0005,121,notice,explicit,N00039-25-RFPREQ-PMW-740-0005,,sha256:04cb2f3abd4b6bc05067c16d91e8e7e6f0d28e0211aceb2a6d7075d1f604a251; sha256:51e26b8eb50e5decfffb72d30896e24084b76e5d4906ca8bd36b065dc6cf092a,SAM.gov search returned no notice containing the key
N00039-25-RFPREQ-PMW-740-0005,N00039-25-RFPREQ-PMW-740-0005,121,office,explicit,PMW-740,pmw:740,LRAE Annex 25!C121; organization_seed.json alias table,requirement-office code matched an alias
N00039-24-RFPREQ-PMW-740-0055,N00039-24-RFPREQ-PMW-740-0055,122,contact,explicit,"Ellis, Kimberly",cobs:lrae:pmw-740:elliskimberly,LRAE Annex 25!V122,secondary_poc on the row matches a contact observation for the same office
N00039-24-RFPREQ-PMW-740-0055,N00039-24-RFPREQ-PMW-740-0055,122,contact,explicit,"White, Kristin",cobs:lrae:pmw-740:whitekristin,LRAE Annex 25!T122,contracting_poc on the row matches a contact observation for the same office
N00039-24-RFPREQ-PMW-740-0055,N00039-24-RFPREQ-PMW-740-0055,122,existing_contract,explicit,N0003919D0026,fpds:N0003919D0026,sha256:2fe7aff4a48196ac5e3909f384517be3b04492af75e9859fe30d19d57fd1d906,"FPDS entries=2; contracting N00039; funding N00039; vendor DAV-FORCE, INC.; idv -; first signed 2019-05-10"
N00039-24-RFPREQ-PMW-740-0055,N00039-24-RFPREQ-PMW-740-0055,122,notice,explicit,N00039-24-RFPREQ-PMW-740-0055,,sha256:4a179b660e5b9cfb4f10f089f93d0f89c676d6cee3b3efc724e9fc8a675cab60; sha256:8b101d5b3431370383f915084cdbcbc210515cd657da1713f348008320d93040,SAM.gov search returned no notice containing the key
N00039-24-RFPREQ-PMW-740-0055,N00039-24-RFPREQ-PMW-740-0055,122,notice,explicit,N0003919D0026,,sha256:c2c4c46177e7109fc4b9bc67ef858ffa830582499dd0e6fec7adfd9f0596b45a; sha256:82065f110be03a8146fe3758266e38f75b27652698c95145cc88269ad8b0c5b9,SAM.gov search returned no notice containing the key
N00039-24-RFPREQ-PMW-740-0055,N00039-24-RFPREQ-PMW-740-0055,122,office,explicit,PMW-740,pmw:740,LRAE Annex 25!C122; organization_seed.json alias table,requirement-office code matched an alias
N00039-24-RFPREQ-PMW-740-0007,N00039-24-RFPREQ-PMW-740-0007,123,contact,explicit,"White, Kristin",cobs:lrae:pmw-740:whitekristin,LRAE Annex 25!T123,contracting_poc on the row matches a contact observation for the same office
N00039-24-RFPREQ-PMW-740-0007,N00039-24-RFPREQ-PMW-740-0007,123,contact,explicit,"White, Kristin",cobs:lrae:pmw-740:whitekristin,LRAE Annex 25!V123,secondary_poc on the row matches a contact observation for the same office
N00039-24-RFPREQ-PMW-740-0007,N00039-24-RFPREQ-PMW-740-0007,123,existing_contract,explicit,N0003920D0060,fpds:N0003920D0060,sha256:dd17d6705b12116766e78c11dfa400bac143491d2cdccfb7cd0c6039505e2bf3,"FPDS entries=2; contracting N00039; funding N00039; vendor ADVANCED TECHNOLOGY SYSTEMS COMPANY, INC. (OF VIRGINIA); idv -; first signed 2020-07-30"
N00039-24-RFPREQ-PMW-740-0007,N00039-24-RFPREQ-PMW-740-0007,123,notice,explicit,N00039-24-RFPREQ-PMW-740-0007,,sha256:0b2a287bc606d7e303613fad3c66b1bd26ef6fbe51c7e69759d44bf8461bd367; sha256:5d6cdb41ba4043fa9eb42693e0a878d9d80efbdcc82a5dc8abd5ab694c30f44d,SAM.gov search returned no notice containing the key
N00039-24-RFPREQ-PMW-740-0007,N00039-24-RFPREQ-PMW-740-0007,123,notice,explicit,N0003920D0060,,sha256:a660c3eb4a2b058ab49d957a50581d6aa6096189b8ab411cfdc05beb559c83ef; sha256:9a4cf51449d9d2944f3ae70265d96fcd92abf2648ff0ccab175fad82e6572b06,SAM.gov search returned no notice containing the key
N00039-24-RFPREQ-PMW-740-0007,N00039-24-RFPREQ-PMW-740-0007,123,office,explicit,PMW-740,pmw:740,LRAE Annex 25!C123; organization_seed.json alias table,requirement-office code matched an alias
N00039-26-RFPREQ-PMW-740-0003,N00039-26-RFPREQ-PMW-740-0003,126,contact,explicit,"White, Kristin",cobs:lrae:pmw-740:whitekristin,LRAE Annex 25!T126,contracting_poc on the row matches a contact observation for the same office
N00039-26-RFPREQ-PMW-740-0003,N00039-26-RFPREQ-PMW-740-0003,126,notice,explicit,N00039-26-RFPREQ-PMW-740-0003,,sha256:1ca00f71c4090c99180f9bf64bfaf8ac1c8ff0113bed82c3b329d8577eda18e4; sha256:533e27c4dd96bc63c45c755da04863b4ba4baf75572ec070e468e7985ba4222a,SAM.gov search returned no notice containing the key
N00039-26-RFPREQ-PMW-740-0003,N00039-26-RFPREQ-PMW-740-0003,126,office,explicit,PMW-740,pmw:740,LRAE Annex 25!C126; organization_seed.json alias table,requirement-office code matched an alias
N00039-23-RFPREQ-PMW-160-0108,N00039-23-RFPREQ-PMW-160-0108,127,contact,explicit,"Cohn, Andrea M.",cobs:lrae:pmw-160:cohnandream,LRAE Annex 25!V127,secondary_poc on the row matches a contact observation for the same office
N00039-23-RFPREQ-PMW-160-0108,N00039-23-RFPREQ-PMW-160-0108,127,contact,explicit,"Wiker, Susana",cobs:lrae:pmw-160:wikersusana,LRAE Annex 25!T127,contracting_poc on the row matches a contact observation for the same office
N00039-23-RFPREQ-PMW-160-0108,N00039-23-RFPREQ-PMW-160-0108,127,notice,explicit,N00039-23-RFPREQ-PMW-160-0108,,sha256:9e498bb4ff8d84d5a38aae70fbb047f39f7b74e018480193005066c9e53d307e; sha256:bbc978c08f3ccffa67e052448ab4938ede413c96fb79e4e6c074b7498edcb7f0,SAM.gov search returned no notice containing the key
N00039-23-RFPREQ-PMW-160-0108,N00039-23-RFPREQ-PMW-160-0108,127,office,explicit,PMW-160,pmw:160,LRAE Annex 25!C127; organization_seed.json alias table,requirement-office code matched an alias
N00039-24-RFPREQ-PMW-160-0002,N00039-24-RFPREQ-PMW-160-0002,128,contact,explicit,"CRUZ, ROBERT P.",cobs:lrae:pmw-160:cruzrobertp,LRAE Annex 25!V128,secondary_poc on the row matches a contact observation for the same office
N00039-24-RFPREQ-PMW-160-0002,N00039-24-RFPREQ-PMW-160-0002,128,contact,explicit,"Pentzakoff, Anastasia",cobs:lrae:pmw-160:pentzakoffanastasia,LRAE Annex 25!T128,contracting_poc on the row matches a contact observation for the same office
N00039-24-RFPREQ-PMW-160-0002,N00039-24-RFPREQ-PMW-160-0002,128,existing_contract,explicit,N0017819D7264,fpds:N0017819D7264,sha256:202314b8c6b6fd6bd30bec03aec13fb6df3baf75d5879fe50250a18801104e07,FPDS entries=10; contracting N00178; funding N00178; vendor BOOZ ALLEN HAMILTON INC.; idv -; first signed 2018-12-03
N00039-24-RFPREQ-PMW-160-0002,N00039-24-RFPREQ-PMW-160-0002,128,notice,explicit,N00039-24-RFPREQ-PMW-160-0002,,sha256:19c4e4180d45428c0cc6142963f625e0a2ecad3269b2e9d4add5d9ac4543c153; sha256:a0aaffd117b47afbc9ce49f6839d2d8340f644620387872eb3ea7d6e1ee79bb7,SAM.gov search returned no notice containing the key
N00039-24-RFPREQ-PMW-160-0002,N00039-24-RFPREQ-PMW-160-0002,128,notice,explicit,N0017819D7264,,sha256:479a4af4e997b8b580bb7bcb4ce96a267bc444c2522f6c41f29115a9ff09a231; sha256:d3753c0612eafda23b7c29112df20ce42a793bfdf3cb69119830d3301e58f906,SAM.gov search returned no notice containing the key
N00039-24-RFPREQ-PMW-160-0002,N00039-24-RFPREQ-PMW-160-0002,128,notice,inferred,N00039-24-RFPREQ-PMW-160-0002,attribution:EX01,attribution_examples.json EX01,"forecast row linked to award N0003922F3000 by office, title and existing contract; 0 SAM.gov notice(s) cited on that award; evidence class directly_documented"
N00039-24-RFPREQ-PMW-160-0002,N00039-24-RFPREQ-PMW-160-0002,128,office,explicit,PMW-160,pmw:160,LRAE Annex 25!C128; organization_seed.json alias table,requirement-office code matched an alias
N00039-24-RFPREQ-PMW/A-170-0015,N00039-24-RFPREQ-PMW/A-170-0015,133,contact,explicit,"De Vera, Jennifer",cobs:lrae:pmw-170:deverajennifer,LRAE Annex 25!V133,secondary_poc on the row matches a contact observation for the same office
N00039-24-RFPREQ-PMW/A-170-0015,N00039-24-RFPREQ-PMW/A-170-0015,133,contact,explicit,"Nickel, Kenneth",cobs:lrae:pmw-170:nickelkenneth,LRAE Annex 25!T133,contracting_poc on the row matches a contact observation for the same office
N00039-24-RFPREQ-PMW/A-170-0015,N00039-24-RFPREQ-PMW/A-170-0015,133,existing_contract,explicit,N0003920D0025,fpds:N0003920D0025,sha256:106ededc9b638cef6c3515f7c6b5a3f9127b69425e90cd0ed80946b4ee2f854e,"FPDS entries=5; contracting N00039; funding N00039; vendor CUBIC DEFENSE APPLICATIONS, INC.; idv -; first signed 2020-09-29"
N00039-24-RFPREQ-PMW/A-170-0015,N00039-24-RFPREQ-PMW/A-170-0015,133,notice,explicit,N00039-24-RFPREQ-PMW/A-170-0015,,sha256:f5f063148bbac8b4520cfa2063b6dbb04c815dec88f8825b3786fbc0558494f2; sha256:f34c671302cadbf0c24ffffe2c4c27844da563aebcfe92af2d1649251add3a5e,SAM.gov search returned no notice containing the key
N00039-24-RFPREQ-PMW/A-170-0015,N00039-24-RFPREQ-PMW/A-170-0015,133,notice,explicit,N0003920D0025,,sha256:3c92bec0cbd1d8a84c98977090bfb383686d76a309032e8073b870c8a89c7210; sha256:79ede55c591c14c3344a263d91acd8a3c4e35ae6ea34f1f015619e7924e6a9e0,SAM.gov search returned no notice containing the key
N00039-24-RFPREQ-PMW/A-170-0015,N00039-24-RFPREQ-PMW/A-170-0015,133,office,explicit,PMW/A-170,pmw:170,LRAE Annex 25!C133; organization_seed.json alias table,requirement-office code matched an alias
N00039-25-RFPREQ-PMW-150-0067,N00039-25-RFPREQ-PMW-150-0067,139,contact,explicit,"Murr, Sarah",cobs:lrae:pmw-150:murrsarah,LRAE Annex 25!T139,contracting_poc on the row matches a contact observation for the same office
N00039-25-RFPREQ-PMW-150-0067,N00039-25-RFPREQ-PMW-150-0067,139,contact,explicit,"Papet, Marissa",cobs:lrae:pmw-150:papetmarissa,LRAE Annex 25!V139,secondary_poc on the row matches a contact observation for the same office
N00039-25-RFPREQ-PMW-150-0067,N00039-25-RFPREQ-PMW-150-0067,139,existing_contract,explicit,N0003922D1004,fpds:N0003922D1004,sha256:e85698be78c4a4b82d165c87494e416a1e20538fd8f2940a44b2f58dd5de2c16,FPDS entries=7; contracting N00039; funding N00039; vendor TECHNOLOGY UNLIMITED GROUP; idv -; first signed 2022-09-19
N00039-25-RFPREQ-PMW-150-0067,N00039-25-RFPREQ-PMW-150-0067,139,notice,explicit,N00039-25-RFPREQ-PMW-150-0067,,sha256:3f23dbe194d5ca60a813b8ba7294aa1b758dcb5a87be5b74e92c0952bd3dbf3b; sha256:9b603c439302dfd4426d316e89411290a5ce3bed29ee3618abb52afd9ef8bae0,SAM.gov search returned no notice containing the key
N00039-25-RFPREQ-PMW-150-0067,N00039-25-RFPREQ-PMW-150-0067,139,notice,explicit,N0003922D1004,,sha256:0f6824c7490c976e2a561d8b83f8321ce5d3d3488d263d9578516d689c58672c; sha256:ff13c4beee760defe360067509b7631c92948ccf833be9338249d1c9405cf043,SAM.gov search returned no notice containing the key
N00039-25-RFPREQ-PMW-150-0067,N00039-25-RFPREQ-PMW-150-0067,139,office,explicit,PMW-150,pmw:150,LRAE Annex 25!C139; organization_seed.json alias table,requirement-office code matched an alias
N00039-25-RFPREQ-PMW-150-0002,N00039-25-RFPREQ-PMW-150-0002,140,contact,explicit,"GONZALES, ALAN",cobs:lrae:pmw-150:gonzalesalan,LRAE Annex 25!V140,secondary_poc on the row matches a contact observation for the same office
N00039-25-RFPREQ-PMW-150-0002,N00039-25-RFPREQ-PMW-150-0002,140,contact,explicit,"Odonnell, Brian",cobs:lrae:pmw-150:odonnellbrian,LRAE Annex 25!T140,contracting_poc on the row matches a contact observation for the same office
N00039-25-RFPREQ-PMW-150-0002,N00039-25-RFPREQ-PMW-150-0002,140,notice,explicit,N00039-25-RFPREQ-PMW-150-0002,,sha256:a80fb671f560e5ad2bcfc98f81576cfe30dafd581f03f8127a99759272a15e38; sha256:e512c8467670e715b65d9ba34922e955f37cef5846d6542497c96b31d4c33e9a,SAM.gov search returned no notice containing the key
N00039-25-RFPREQ-PMW-150-0002,N00039-25-RFPREQ-PMW-150-0002,140,office,explicit,PMW-150,pmw:150,LRAE Annex 25!C140; organization_seed.json alias table,requirement-office code matched an alias
N00039-26-RFPREQ-PMW-740-0005,N00039-26-RFPREQ-PMW-740-0005,141,contact,explicit,"White, Kristin",cobs:lrae:pmw-740:whitekristin,LRAE Annex 25!T141,contracting_poc on the row matches a contact observation for the same office
N00039-26-RFPREQ-PMW-740-0005,N00039-26-RFPREQ-PMW-740-0005,141,notice,explicit,N00039-26-RFPREQ-PMW-740-0005,,sha256:775203f869d6b594823326045334e870c428b664545a3d0c01f243eeb37c1876; sha256:306e9a066e345904dff3139eb94bba07d3eb88c4a728d107268954cc1e6b19b8,SAM.gov search returned no notice containing the key
N00039-26-RFPREQ-PMW-740-0005,N00039-26-RFPREQ-PMW-740-0005,141,office,explicit,PMW-740,pmw:740,LRAE Annex 25!C141; organization_seed.json alias table,requirement-office code matched an alias
N00039-24-RFPREQ-PMW-160-0068,N00039-24-RFPREQ-PMW-160-0068,142,contact,explicit,"MIRANDA, BRYAN J.",cobs:lrae:pmw-160:mirandabryanj,LRAE Annex 25!V142,secondary_poc on the row matches a contact observation for the same office
N00039-24-RFPREQ-PMW-160-0068,N00039-24-RFPREQ-PMW-160-0068,142,contact,explicit,"Pentzakoff, Anastasia",cobs:lrae:pmw-160:pentzakoffanastasia,LRAE Annex 25!T142,contracting_poc on the row matches a contact observation for the same office
N00039-24-RFPREQ-PMW-160-0068,N00039-24-RFPREQ-PMW-160-0068,142,existing_contract,explicit,N0003920F3016,fpds:N0003920F3016,sha256:0f110391debdb11c68432b98ccb0c2b019b3ff40a23dc634a3117770004f2271,FPDS entries=10; contracting N00039; funding N00039; vendor ALPHA OMEGA GROUP; idv -; first signed 2020-09-17
N00039-24-RFPREQ-PMW-160-0068,N00039-24-RFPREQ-PMW-160-0068,142,notice,explicit,N00039-24-RFPREQ-PMW-160-0068,,sha256:c6f74e90970333911ea424f3b493ac0435d3d33b41db3e6fcb3536aa1021d1c5; sha256:b01f36c5a1e0596bcbef066956bcb2d4bc31b48a67fc7b4bf8b70a6705240d35,SAM.gov search returned no notice containing the key
N00039-24-RFPREQ-PMW-160-0068,N00039-24-RFPREQ-PMW-160-0068,142,notice,explicit,N0003920F3016,,sha256:1c220980c3ce9702291d3f6fa4025923553bf67254e12c02480d8400a7ffc67f; sha256:ecbc075bdd4e489a85677c069fd366462ee1f75e5abacc829e3ad01d561e84bf,SAM.gov search returned no notice containing the key
N00039-24-RFPREQ-PMW-160-0068,N00039-24-RFPREQ-PMW-160-0068,142,office,explicit,PMW-160,pmw:160,LRAE Annex 25!C142; organization_seed.json alias table,requirement-office code matched an alias
N00039-24-RFPREQ-C4IEXEC-0002,N00039-24-RFPREQ-C4IEXEC-0002,143,contact,explicit,"Khalife, Rema",cobs:lrae:peo-c4i:khaliferema,LRAE Annex 25!T143,contracting_poc on the row matches a contact observation for the same office
N00039-24-RFPREQ-C4IEXEC-0002,N00039-24-RFPREQ-C4IEXEC-0002,143,contact,explicit,"Tsui, Yvette",cobs:lrae:peo-c4i:tsuiyvette,LRAE Annex 25!V143,secondary_poc on the row matches a contact observation for the same office
N00039-24-RFPREQ-C4IEXEC-0002,N00039-24-RFPREQ-C4IEXEC-0002,143,notice,explicit,N00039-24-RFPREQ-C4IEXEC-0002,,sha256:a43a899e5e9b7907434cd9cc4f9be728c3f7bee3e76116a1f2adf410caac0e9d; sha256:eb0680118ba243908d2d0d48e0ad407c7234b09f814b8e1230388de4cb210e6b,SAM.gov search returned no notice containing the key
N00039-24-RFPREQ-C4IEXEC-0002,N00039-24-RFPREQ-C4IEXEC-0002,143,office,explicit,C4IEXEC,peo:c4i,LRAE Annex 25!C143; organization_seed.json alias table,requirement-office code matched an alias
N00039-24-RFPREQ-PEO-C4I-0012,N00039-24-RFPREQ-PEO-C4I-0012,145,contact,explicit,"GRIFFIN, DAMON",cobs:lrae:peo-c4i:griffindamon,LRAE Annex 25!V145,secondary_poc on the row matches a contact observation for the same office
N00039-24-RFPREQ-PEO-C4I-0012,N00039-24-RFPREQ-PEO-C4I-0012,145,contact,explicit,"Nickel, Lindsay",cobs:lrae:peo-c4i:nickellindsay,LRAE Annex 25!T145,contracting_poc on the row matches a contact observation for the same office
N00039-24-RFPREQ-PEO-C4I-0012,N00039-24-RFPREQ-PEO-C4I-0012,145,notice,explicit,N00039-24-RFPREQ-PEO-C4I-0012,,sha256:506c899691dfad2efcf74b29862816d327a89cac6d94a954796a15dc7fe9ef6b; sha256:4dccd83a8d2179d7955fa71632e7364b2d8335f3468679cdcf29954601b69ee8,SAM.gov search returned no notice containing the key
N00039-24-RFPREQ-PEO-C4I-0012,N00039-24-RFPREQ-PEO-C4I-0012,145,office,explicit,C4IEXEC,peo:c4i,LRAE Annex 25!C145; organization_seed.json alias table,requirement-office code matched an alias
N00039-24-RFPREQ-PMW/A-170-0413,N00039-24-RFPREQ-PMW/A-170-0413,147,contact,explicit,"Joworski, Tyler",cobs:lrae:pmw-170:joworskityler,LRAE Annex 25!V147,secondary_poc on the row matches a contact observation for the same office
N00039-24-RFPREQ-PMW/A-170-0413,N00039-24-RFPREQ-PMW/A-170-0413,147,contact,explicit,"Ward, Julie",cobs:lrae:pmw-170:wardjulie,LRAE Annex 25!T147,contracting_poc on the row matches a contact observation for the same office
N00039-24-RFPREQ-PMW/A-170-0413,N00039-24-RFPREQ-PMW/A-170-0413,147,notice,explicit,N00039-24-RFPREQ-PMW/A-170-0413,,sha256:dc8609ab045d6affd89398d47631ae4761d8d67ed4c138893478353ce0188c0b; sha256:fe812164cc34a51b3f8f9600c3b645292938bf9e7313ac64825a272269c68f89,SAM.gov search returned no notice containing the key
N00039-24-RFPREQ-PMW/A-170-0413,N00039-24-RFPREQ-PMW/A-170-0413,147,office,explicit,PMW/A-170,pmw:170,LRAE Annex 25!C147; organization_seed.json alias table,requirement-office code matched an alias
N00039-24-RFPREQ-PMW-740-0059,N00039-24-RFPREQ-PMW-740-0059,148,contact,explicit,"Ellis, Kimberly",cobs:lrae:pmw-740:elliskimberly,LRAE Annex 25!V148,secondary_poc on the row matches a contact observation for the same office
N00039-24-RFPREQ-PMW-740-0059,N00039-24-RFPREQ-PMW-740-0059,148,contact,explicit,"White, Kristin",cobs:lrae:pmw-740:whitekristin,LRAE Annex 25!T148,contracting_poc on the row matches a contact observation for the same office
N00039-24-RFPREQ-PMW-740-0059,N00039-24-RFPREQ-PMW-740-0059,148,notice,explicit,N00039-24-RFPREQ-PMW-740-0059,,sha256:b382b1b6dcc588ffdc74c0431b219556c40d5937c8854f1e40383cb361658a32; sha256:431856305cdb4b7b72772597f83b706a01f0448405818ca7e0c24d1255f47598,SAM.gov search returned no notice containing the key
N00039-24-RFPREQ-PMW-740-0059,N00039-24-RFPREQ-PMW-740-0059,148,office,explicit,PMW-740,pmw:740,LRAE Annex 25!C148; organization_seed.json alias table,requirement-office code matched an alias
N00039-25-RFPREQ-PMW-740-0061,N00039-25-RFPREQ-PMW-740-0061,149,contact,explicit,"White, Kristin",cobs:lrae:pmw-740:whitekristin,LRAE Annex 25!T149,contracting_poc on the row matches a contact observation for the same office
N00039-25-RFPREQ-PMW-740-0061,N00039-25-RFPREQ-PMW-740-0061,149,notice,explicit,N00039-25-RFPREQ-PMW-740-0061,,sha256:8d1dc05830b443e6f4512f1b877ef4617a204bed9943257d7375fe3fa1864f04; sha256:d416b1fa00faed6e9f8704de3121aae124dde6c0233827952c8482e05f0fe467,SAM.gov search returned no notice containing the key
N00039-25-RFPREQ-PMW-740-0061,N00039-25-RFPREQ-PMW-740-0061,149,office,explicit,PMW-740,pmw:740,LRAE Annex 25!C149; organization_seed.json alias table,requirement-office code matched an alias
N00039-24-RFPREQ-PMW-760-0052,N00039-24-RFPREQ-PMW-760-0052,153,contact,explicit,"Griffin, Brian",cobs:lrae:pmw-760:griffinbrian,LRAE Annex 25!T153,contracting_poc on the row matches a contact observation for the same office
N00039-24-RFPREQ-PMW-760-0052,N00039-24-RFPREQ-PMW-760-0052,153,contact,explicit,"Terrell, Kamilah A.",cobs:lrae:pmw-760:terrellkamilaha,LRAE Annex 25!V153,secondary_poc on the row matches a contact observation for the same office
N00039-24-RFPREQ-PMW-760-0052,N00039-24-RFPREQ-PMW-760-0052,153,notice,explicit,N00039-24-RFPREQ-PMW-760-0052,,sha256:293d24eed29f02e13ce47f8175539b728d3f8f2d80f58702c056671ca2a25ab0; sha256:8646e6a8a7f78bf963a8ef67f5a91a60b27cc74dcd7fa35bb54cc1bd4447e320,SAM.gov search returned no notice containing the key
N00039-24-RFPREQ-PMW-760-0052,N00039-24-RFPREQ-PMW-760-0052,153,office,explicit,PMW-760,pmw:760,LRAE Annex 25!C153; organization_seed.json alias table,requirement-office code matched an alias
N00039-24-RFPREQ-PMW-760-0055,N00039-24-RFPREQ-PMW-760-0055,156,contact,explicit,"BURT, AARON J.",cobs:lrae:pmw-760:burtaaronj,LRAE Annex 25!T156,contracting_poc on the row matches a contact observation for the same office
N00039-24-RFPREQ-PMW-760-0055,N00039-24-RFPREQ-PMW-760-0055,156,contact,explicit,"Doughty, Kristina A.",cobs:lrae:pmw-760:doughtykristinaa,LRAE Annex 25!V156,secondary_poc on the row matches a contact observation for the same office
N00039-24-RFPREQ-PMW-760-0055,N00039-24-RFPREQ-PMW-760-0055,156,notice,explicit,N00039-24-RFPREQ-PMW-760-0055,,sha256:d9cb6a918b6a361eab49433a11594e2ac8315bcbab831fda2e4c1bbac88696a0; sha256:d6fb31b2d0eb0a9d3bab2d4d7b7d965c5cae4c2bf2b008c39776d4fdb63a6722,SAM.gov search returned no notice containing the key
N00039-24-RFPREQ-PMW-760-0055,N00039-24-RFPREQ-PMW-760-0055,156,office,explicit,PMW-760,pmw:760,LRAE Annex 25!C156; organization_seed.json alias table,requirement-office code matched an alias
N00039-24-RFPREQ-PMA/PMW-101-0115,N00039-24-RFPREQ-PMA/PMW-101-0115,159,contact,explicit,"Gonzales, Joseph",cobs:lrae:pmw-101:gonzalesjoseph,LRAE Annex 25!T159,contracting_poc on the row matches a contact observation for the same office
N00039-24-RFPREQ-PMA/PMW-101-0115,N00039-24-RFPREQ-PMA/PMW-101-0115,159,contact,explicit,"Poncefeliu, Patricia",cobs:lrae:pmw-101:poncefeliupatricia,LRAE Annex 25!V159,secondary_poc on the row matches a contact observation for the same office
N00039-24-RFPREQ-PMA/PMW-101-0115,N00039-24-RFPREQ-PMA/PMW-101-0115,159,notice,explicit,N00039-24-RFPREQ-PMA/PMW-101-0115,,sha256:c9e24099c86d313e5d8b640f7632ea7d229faabd1dec61b67830f7a21fdda548; sha256:4e1d554f7a2bfe695f57e85751e2a0a6dbbad337f3e54905804a937b833cbb89,SAM.gov search returned no notice containing the key
N00039-24-RFPREQ-PMA/PMW-101-0115,N00039-24-RFPREQ-PMA/PMW-101-0115,159,office,explicit,PMA/PMW-101,pmw:101,LRAE Annex 25!C159; organization_seed.json alias table,requirement-office code matched an alias
N00039-24-RFPREQ-PMW-150-0157,N00039-24-RFPREQ-PMW-150-0157,160,contact,explicit,"CONRAD, RYAN S.",cobs:lrae:pmw-150:conradryans,LRAE Annex 25!V160,secondary_poc on the row matches a contact observation for the same office
N00039-24-RFPREQ-PMW-150-0157,N00039-24-RFPREQ-PMW-150-0157,160,contact,explicit,"Murr, Sarah",cobs:lrae:pmw-150:murrsarah,LRAE Annex 25!T160,contracting_poc on the row matches a contact observation for the same office
N00039-24-RFPREQ-PMW-150-0157,N00039-24-RFPREQ-PMW-150-0157,160,existing_contract,explicit,N0003916D0075,fpds:N0003916D0075,sha256:3a7591cd3a13f4496552247eea2454ec3c7d2f82a4e9ddeec16fab99ea6c5fe7,FPDS entries=10; contracting N00039; funding N00039; vendor RAYTHEON COMPANY; idv -; first signed 2016-09-15
N00039-24-RFPREQ-PMW-150-0157,N00039-24-RFPREQ-PMW-150-0157,160,notice,explicit,N00039-24-RFPREQ-PMW-150-0157,,sha256:0f5f4dbcea647f1170bb3c10268faadaf0a4b82e2077d8edb5aa2747dae392ef; sha256:f5140fb783c8b19f3a87c2482411d3c25d44ed1eecca8375581c6aa7bf0cdac2,SAM.gov search returned no notice containing the key
N00039-24-RFPREQ-PMW-150-0157,N00039-24-RFPREQ-PMW-150-0157,160,notice,inferred,N0003916D0075,sam:6f8a07183b664522ada1647bf0f717eb,sha256:8dc5f42481413d3ea6f7f8997285f0d3cf4d189a95dbeb2509ec42f5f7af788d; sha256:be2269994a1aa3b9753d73eee3f012ad5f0ba90c3615ede4564549d61243b624,"key is a shared vehicle (IDV or schedule); the notice cites the vehicle, which does not establish the same requirement; title NATO Improved Link Eleven (NILE) Link Level Communication (LLC) Procurment"
N00039-24-RFPREQ-PMW-150-0157,N00039-24-RFPREQ-PMW-150-0157,160,notice,inferred,N0003916D0075,sam:b3a52e0dce074bdd9fe6ceb858e0501a,sha256:8dc5f42481413d3ea6f7f8997285f0d3cf4d189a95dbeb2509ec42f5f7af788d; sha256:be2269994a1aa3b9753d73eee3f012ad5f0ba90c3615ede4564549d61243b624,"key is a shared vehicle (IDV or schedule); the notice cites the vehicle, which does not establish the same requirement; title Intent to Sole Source: Link 22 Modernized Link Level COMSEC (LLC 7M) devices"
N00039-24-RFPREQ-PMW-150-0157,N00039-24-RFPREQ-PMW-150-0157,160,office,explicit,PMW-150,pmw:150,LRAE Annex 25!C160; organization_seed.json alias table,requirement-office code matched an alias
N00039-24-RFPREQ-PMW-740-0078,N00039-24-RFPREQ-PMW-740-0078,161,contact,explicit,"Raigoza, Dominic",cobs:lrae:pmw-740:raigozadominic,LRAE Annex 25!V161,secondary_poc on the row matches a contact observation for the same office
N00039-24-RFPREQ-PMW-740-0078,N00039-24-RFPREQ-PMW-740-0078,161,contact,explicit,"White, Kristin",cobs:lrae:pmw-740:whitekristin,LRAE Annex 25!T161,contracting_poc on the row matches a contact observation for the same office
N00039-24-RFPREQ-PMW-740-0078,N00039-24-RFPREQ-PMW-740-0078,161,existing_contract,explicit,N0003920D0062,fpds:N0003920D0062,sha256:6025386a860ceb30fe8d968a6cae058bd8465f1656fafdfd2ce319940d010c07,FPDS entries=2; contracting N00039; funding N00039; vendor ITC DEFENSE CORP; idv -; first signed 2020-07-30
N00039-24-RFPREQ-PMW-740-0078,N00039-24-RFPREQ-PMW-740-0078,161,existing_contract,explicit,N0003921F4050,fpds:N0003921F4050,sha256:c40cf4487ea3a99481811d1e5c86ede19a56f228e8df6127c3c9f1be8210d727,FPDS entries=5; contracting N00039; funding N00039; vendor ITC DEFENSE CORP; idv -; first signed 2021-09-29
N00039-24-RFPREQ-PMW-740-0078,N00039-24-RFPREQ-PMW-740-0078,161,notice,explicit,N00039-24-RFPREQ-PMW-740-0078,,sha256:e28625e7b2acd9b8334e8900869fdcc311fc9d857f6cde6e7ded4448507c8716; sha256:abcadb7cb0cf7fbf13b034a10c224211120b43ba63ea72674b84d09c8a4e85c1,SAM.gov search returned no notice containing the key
N00039-24-RFPREQ-PMW-740-0078,N00039-24-RFPREQ-PMW-740-0078,161,notice,explicit,N0003920D0062,,sha256:c29ef44c1723286f2adc58dceb6d0d86d9aecf9fb3096f8eb8e8fcad76413375; sha256:662f6db2c1cee2ba422ce8f8831d318934ec305a96345c9dc12af3167193363e,SAM.gov search returned no notice containing the key
N00039-24-RFPREQ-PMW-740-0078,N00039-24-RFPREQ-PMW-740-0078,161,notice,explicit,N0003921F4050,,sha256:df24218ed2aa2319b2b793f6a2003dae2b1a756a4dc59551aa49a29614f19590; sha256:dd070a3a7d997d9de034bc641a3ae93ae46e6450d5d3508112dd281364e3d213,SAM.gov search returned no notice containing the key
N00039-24-RFPREQ-PMW-740-0078,N00039-24-RFPREQ-PMW-740-0078,161,office,explicit,PMW-740,pmw:740,LRAE Annex 25!C161; organization_seed.json alias table,requirement-office code matched an alias
N00039-24-RFPREQ-PMA/PMW-101-0267,N00039-24-RFPREQ-PMA/PMW-101-0267,162,contact,explicit,"Poncefeliu, Patricia",cobs:lrae:pmw-101:poncefeliupatricia,LRAE Annex 25!T162,contracting_poc on the row matches a contact observation for the same office
N00039-24-RFPREQ-PMA/PMW-101-0267,N00039-24-RFPREQ-PMA/PMW-101-0267,162,contact,explicit,"Poncefeliu, Patricia",cobs:lrae:pmw-101:poncefeliupatricia,LRAE Annex 25!V162,secondary_poc on the row matches a contact observation for the same office
N00039-24-RFPREQ-PMA/PMW-101-0267,N00039-24-RFPREQ-PMA/PMW-101-0267,162,notice,explicit,N00039-24-RFPREQ-PMA/PMW-101-0267,,sha256:4e68d44ba01e9ac82c1c8747a3c6d63437fe1b885936cd786e6e715c4534c8b9; sha256:2732b79443f6509d9224b3b404631dfb559047f777fd87191d4cec4bf806134d,SAM.gov search returned no notice containing the key
N00039-24-RFPREQ-PMA/PMW-101-0267,N00039-24-RFPREQ-PMA/PMW-101-0267,162,office,explicit,PMA/PMW-101,pmw:101,LRAE Annex 25!C162; organization_seed.json alias table,requirement-office code matched an alias
N00039-24-RFPREQ-PMW-770-0044,N00039-24-RFPREQ-PMW-770-0044,163,contact,explicit,"Ferlo, Michael",cobs:lrae:pmw-770:ferlomichael,LRAE Annex 25!V163,secondary_poc on the row matches a contact observation for the same office
N00039-24-RFPREQ-PMW-770-0044,N00039-24-RFPREQ-PMW-770-0044,163,contact,explicit,"Nickel, Kenneth",cobs:lrae:pmw-770:nickelkenneth,LRAE Annex 25!T163,contracting_poc on the row matches a contact observation for the same office
N00039-24-RFPREQ-PMW-770-0044,N00039-24-RFPREQ-PMW-770-0044,163,notice,explicit,N00039-24-RFPREQ-PMW-770-0044,,sha256:3b4bb1124035fd41d47f6266f6307787ff514214fc62885ab2fed5aca79cac50; sha256:052c9767feac9095fb4a885da8a684f10db8e791c55b358975f4fdc2e012be67,SAM.gov search returned no notice containing the key
N00039-24-RFPREQ-PMW-770-0044,N00039-24-RFPREQ-PMW-770-0044,163,office,explicit,PMW-770,pmw:770,LRAE Annex 25!C163; organization_seed.json alias table,requirement-office code matched an alias
N00039-24-RFPREQ-PMW-760-0068,N00039-24-RFPREQ-PMW-760-0068,165,contact,explicit,"Griffin, Brian",cobs:lrae:pmw-760:griffinbrian,LRAE Annex 25!T165,contracting_poc on the row matches a contact observation for the same office
N00039-24-RFPREQ-PMW-760-0068,N00039-24-RFPREQ-PMW-760-0068,165,contact,explicit,"Terrell, Kamilah A.",cobs:lrae:pmw-760:terrellkamilaha,LRAE Annex 25!V165,secondary_poc on the row matches a contact observation for the same office
N00039-24-RFPREQ-PMW-760-0068,N00039-24-RFPREQ-PMW-760-0068,165,notice,explicit,N00039-24-RFPREQ-PMW-760-0068,,sha256:f7c915ce0190231a08f0c4d37c42ebcc7a14c79c83e88c63871b581f11a8750f; sha256:58bad66f2dfbbbcf291f94b984b7c4eb5cfd4a9c5382f37030b6e4c7c4e1e6d1,SAM.gov search returned no notice containing the key
N00039-24-RFPREQ-PMW-760-0068,N00039-24-RFPREQ-PMW-760-0068,165,office,explicit,PMW-760,pmw:760,LRAE Annex 25!C165; organization_seed.json alias table,requirement-office code matched an alias
N00039-24-RFPREQ-PMW/A-170-0543,N00039-24-RFPREQ-PMW/A-170-0543,166,contact,explicit,"ERICKSON, DAYNA",cobs:lrae:pmw-170:ericksondayna,LRAE Annex 25!V166,secondary_poc on the row matches a contact observation for the same office
N00039-24-RFPREQ-PMW/A-170-0543,N00039-24-RFPREQ-PMW/A-170-0543,166,contact,explicit,"Holtet, Alexander",cobs:lrae:pmw-170:holtetalexander,LRAE Annex 25!T166,contracting_poc on the row matches a contact observation for the same office
N00039-24-RFPREQ-PMW/A-170-0543,N00039-24-RFPREQ-PMW/A-170-0543,166,notice,explicit,N00039-24-RFPREQ-PMW/A-170-0543,,sha256:ec3a2e49fbce54847da69b15e259853461cfca8e05c081281c1507fb6831742f; sha256:11b9ed664259ff5386c57f9f9a2648adbfd51c72ab985c8dcd7e3eb461501c34,SAM.gov search returned no notice containing the key
N00039-24-RFPREQ-PMW/A-170-0543,N00039-24-RFPREQ-PMW/A-170-0543,166,office,explicit,PMW/A-170,pmw:170,LRAE Annex 25!C166; organization_seed.json alias table,requirement-office code matched an alias
N00039-24-RFPREQ-PMW/A-170-0559,N00039-24-RFPREQ-PMW/A-170-0559,167,contact,explicit,"Erickson, Blake",cobs:lrae:pmw-170:ericksonblake,LRAE Annex 25!V167,secondary_poc on the row matches a contact observation for the same office
N00039-24-RFPREQ-PMW/A-170-0559,N00039-24-RFPREQ-PMW/A-170-0559,167,contact,explicit,"Murr, Christopher",cobs:lrae:pmw-170:murrchristopher,LRAE Annex 25!T167,contracting_poc on the row matches a contact observation for the same office
N00039-24-RFPREQ-PMW/A-170-0559,N00039-24-RFPREQ-PMW/A-170-0559,167,notice,explicit,N00039-24-RFPREQ-PMW/A-170-0559,,sha256:bc4e2e5b2b9c3acb21b86c39c79d649a60493234564a5f4b56dff38167c66838; sha256:51d5e4590c10ca09b351c4e679628d614f7b02083788fafc0cfab2a88880b3d7,SAM.gov search returned no notice containing the key
N00039-24-RFPREQ-PMW/A-170-0559,N00039-24-RFPREQ-PMW/A-170-0559,167,office,explicit,PMW/A-170,pmw:170,LRAE Annex 25!C167; organization_seed.json alias table,requirement-office code matched an alias
N00039-25-RFPREQ-PMW/A-170-0030,N00039-25-RFPREQ-PMW/A-170-0030,168,contact,explicit,"Murr, Christopher",cobs:lrae:pmw-170:murrchristopher,LRAE Annex 25!T168,contracting_poc on the row matches a contact observation for the same office
N00039-25-RFPREQ-PMW/A-170-0030,N00039-25-RFPREQ-PMW/A-170-0030,168,notice,explicit,N00039-25-RFPREQ-PMW/A-170-0030,,sha256:b678432a225846bba48ae842905bfb2c18e3f94e7b231c5584ae72e4c6c9f8bd; sha256:548845f19f8a3b76d3685690fd53659755d8adc03788325c7feaf787d2713ddd,SAM.gov search returned no notice containing the key
N00039-25-RFPREQ-PMW/A-170-0030,N00039-25-RFPREQ-PMW/A-170-0030,168,office,explicit,PMW/A-170,pmw:170,LRAE Annex 25!C168; organization_seed.json alias table,requirement-office code matched an alias
N00039-25-RFPREQ-PMW-790-0124,N00039-25-RFPREQ-PMW-790-0124,169,contact,explicit,"DANIELS, JESSICA",cobs:lrae:pmw-790:danielsjessica,LRAE Annex 25!V169,secondary_poc on the row matches a contact observation for the same office
N00039-25-RFPREQ-PMW-790-0124,N00039-25-RFPREQ-PMW-790-0124,169,contact,explicit,"Murr, Christopher",cobs:lrae:pmw-790:murrchristopher,LRAE Annex 25!T169,contracting_poc on the row matches a contact observation for the same office
N00039-25-RFPREQ-PMW-790-0124,N00039-25-RFPREQ-PMW-790-0124,169,existing_contract,explicit,N0003924F7827,fpds:N0003924F7827,sha256:b6f4ce4795b7625565dfcea4606c447ea9cc806a86e52709acd2ccc7fc538356,"FPDS entries=1; contracting N00039; funding N00039; vendor CMA TECHNOLOGY, INC.; idv -; first signed 2024-08-26"
N00039-25-RFPREQ-PMW-790-0124,N00039-25-RFPREQ-PMW-790-0124,169,existing_contract,explicit,NNG15SD71B,fpds:NNG15SD71B,sha256:9fe7f38dbef6588947f7e4fe6fb5933a1e241cd49e4ef68afb0a453dc8776a8b,"FPDS entries=10; contracting GSFC0; funding GSFC0; vendor COMPUTER MARKETING ASSOCIATES,INC.; idv -; first signed 2015-04-10"
N00039-25-RFPREQ-PMW-790-0124,N00039-25-RFPREQ-PMW-790-0124,169,notice,explicit,N00039-25-RFPREQ-PMW-790-0124,,sha256:5fdec5d6225782358961503ffc947e41329c42ea1e718b4eb72906c01c9d08ff; sha256:14886c9628bfde1272f683e0234df0475b70b4213677f92e97e0dcf82d909665,SAM.gov search returned no notice containing the key
N00039-25-RFPREQ-PMW-790-0124,N00039-25-RFPREQ-PMW-790-0124,169,notice,explicit,N0003924F7827,,sha256:64f9dbbe12c7c6fa9f116b89c67ba7c6cac947abc1fc10add120699490a1785f; sha256:1840cf6584d0efbd4b1c14571578feaa75b6ff594bacde230123be53e124c3c8,SAM.gov search returned no notice containing the key
N00039-25-RFPREQ-PMW-790-0124,N00039-25-RFPREQ-PMW-790-0124,169,notice,explicit,NNG15SD71B,,sha256:baabf4074e2ab2844ecc8cb76d8d3182fded3d62c8c824f214820df331b82a5f; sha256:aaa31771db090690cd2b7081cdef5bee94de9b8eb9d986e6f1afcbb0eecdb1f9,SAM.gov search returned no notice containing the key
N00039-25-RFPREQ-PMW-790-0124,N00039-25-RFPREQ-PMW-790-0124,169,office,explicit,PMW-790,pmw:790,LRAE Annex 25!C169; organization_seed.json alias table,requirement-office code matched an alias
N00039-24-RFPREQ-PMW-750-0032,N00039-24-RFPREQ-PMW-750-0032,170,contact,explicit,"Brewer, Lynette",cobs:lrae:pmw-750:brewerlynette,LRAE Annex 25!V170,secondary_poc on the row matches a contact observation for the same office
N00039-24-RFPREQ-PMW-750-0032,N00039-24-RFPREQ-PMW-750-0032,170,contact,explicit,"Griffin, Brian",cobs:lrae:pmw-750:griffinbrian,LRAE Annex 25!T170,contracting_poc on the row matches a contact observation for the same office
N00039-24-RFPREQ-PMW-750-0032,N00039-24-RFPREQ-PMW-750-0032,170,notice,explicit,N00039-24-RFPREQ-PMW-750-0032,,sha256:d2b997e060865bfc7a5149b82074dcd87bb67bd2b0fd77f3cd4252672e3328a3; sha256:88683f41f7f121759a6c2a45c81cd1ccd5eee7ad4c6218b25f1a7b16c15febb5,SAM.gov search returned no notice containing the key
N00039-24-RFPREQ-PMW-750-0032,N00039-24-RFPREQ-PMW-750-0032,170,office,explicit,PMW-750,pmw:750,LRAE Annex 25!C170; organization_seed.json alias table,requirement-office code matched an alias
N00039-25-RFPREQ-PMW-790-0157,N00039-25-RFPREQ-PMW-790-0157,171,contact,explicit,"DANIELS, JESSICA",cobs:lrae:pmw-790:danielsjessica,LRAE Annex 25!T171,contracting_poc on the row matches a contact observation for the same office
N00039-25-RFPREQ-PMW-790-0157,N00039-25-RFPREQ-PMW-790-0157,171,contact,explicit,"REYES, MARC",cobs:lrae:pmw-790:reyesmarc,LRAE Annex 25!V171,secondary_poc on the row matches a contact observation for the same office
N00039-25-RFPREQ-PMW-790-0157,N00039-25-RFPREQ-PMW-790-0157,171,notice,explicit,N00039-25-RFPREQ-PMW-790-0157,,sha256:1ded98bb854c3a7f470ee6846e002f2a9f0d32a6af73103988ecf50de04c9c06; sha256:4e1900f1bf6d96fada94c694c805d94f8661335a0d61620b4f18d995be391a6d,SAM.gov search returned no notice containing the key
N00039-25-RFPREQ-PMW-790-0157,N00039-25-RFPREQ-PMW-790-0157,171,office,explicit,PMW-790,pmw:790,LRAE Annex 25!C171; organization_seed.json alias table,requirement-office code matched an alias
N00039-25-RFPREQ-PMW-790-0153,N00039-25-RFPREQ-PMW-790-0153,172,contact,explicit,"BABOWICE, ZOE",cobs:lrae:pmw-790:babowicezoe,LRAE Annex 25!T172,contracting_poc on the row matches a contact observation for the same office
N00039-25-RFPREQ-PMW-790-0153,N00039-25-RFPREQ-PMW-790-0153,172,contact,explicit,"QUARLES, BRITTANY S.",cobs:lrae:pmw-790:quarlesbrittanys,LRAE Annex 25!V172,secondary_poc on the row matches a contact observation for the same office
N00039-25-RFPREQ-PMW-790-0153,N00039-25-RFPREQ-PMW-790-0153,172,existing_contract,explicit,N0003924F2167,fpds:N0003924F2167,sha256:ea4f22162876c1fbea9dd77caa66ddd7c8da9f562ab844aa0cc84ba17333d40b,"FPDS entries=1; contracting N00039; funding N00039; vendor NEW TECH SOLUTIONS, INC.; idv -; first signed 2024-09-11"
N00039-25-RFPREQ-PMW-790-0153,N00039-25-RFPREQ-PMW-790-0153,172,existing_contract,explicit,NNG15SC82B,fpds:NNG15SC82B,sha256:29c29b788fedecb061b7dd6706a2feb06c88395f2579941a17a3afecf9950ea4,"FPDS entries=10; contracting GSFC0; funding GSFC0; vendor NEW TECH SOLUTIONS, INC.; idv -; first signed 2014-10-10"
N00039-25-RFPREQ-PMW-790-0153,N00039-25-RFPREQ-PMW-790-0153,172,notice,explicit,N00039-25-RFPREQ-PMW-790-0153,,sha256:21a9db3cbfde775643266f02dcb4b59eb4bfe34e5f1cd0c373823f8138399846; sha256:337fb71f9a22ebaa1f6e093a1c33407a6d606cfbe559523f402b5dc376392d6c,SAM.gov search returned no notice containing the key
N00039-25-RFPREQ-PMW-790-0153,N00039-25-RFPREQ-PMW-790-0153,172,notice,explicit,N0003924F2167,,sha256:8a145880e364ffe229c539276c0d4a94508bc6524bb8220d7c5a2af73ff974ab; sha256:71eff67d67abd9609a38e1d4e6037866068a6cfafdfab5b86fbbbfe73743c887,SAM.gov search returned no notice containing the key
N00039-25-RFPREQ-PMW-790-0153,N00039-25-RFPREQ-PMW-790-0153,172,notice,inferred,NNG15SC82B,sam:4f3d35bfda1c4481ab4cf6dec2a13ca7,sha256:7f69b3f332deaef4955b723fa285bd50682e581498db78446676f1cd6a9fc604; sha256:cc9c795f1778560c4af977a00749e03de84fbe62b42cd794ae8b6aa0871a6fd7,"key is a shared vehicle (IDV or schedule); the notice cites the vehicle, which does not establish the same requirement; title RACKMOUNT SYSTEMS"
N00039-25-RFPREQ-PMW-790-0153,N00039-25-RFPREQ-PMW-790-0153,172,office,explicit,PMW-790,pmw:790,LRAE Annex 25!C172; organization_seed.json alias table,requirement-office code matched an alias
N00039-25-RFPREQ-PMW/A-170-0202,N00039-25-RFPREQ-PMW/A-170-0202,320,contact,explicit,"Joworski, Tyler",cobs:lrae:pmw-170:joworskityler,LRAE Annex 25!V320,secondary_poc on the row matches a contact observation for the same office
N00039-25-RFPREQ-PMW/A-170-0202,N00039-25-RFPREQ-PMW/A-170-0202,320,contact,explicit,"Ward, Julie",cobs:lrae:pmw-170:wardjulie,LRAE Annex 25!T320,contracting_poc on the row matches a contact observation for the same office
N00039-25-RFPREQ-PMW/A-170-0202,N00039-25-RFPREQ-PMW/A-170-0202,320,notice,explicit,N00039-25-RFPREQ-PMW/A-170-0202,,sha256:cd51ba8448ecb7a06477be74f2065b2a69c2dcf0ba97ef99ae06eff2c0134e29; sha256:de276171a6e4b65bf26f9cf08af9544596c42f07bc10148fddfe50235312e631,SAM.gov search returned no notice containing the key
N00039-25-RFPREQ-PMW/A-170-0202,N00039-25-RFPREQ-PMW/A-170-0202,320,office,explicit,PMW/A-170,pmw:170,LRAE Annex 25!C320; organization_seed.json alias table,requirement-office code matched an alias
N00039-25-RFPREQ-PMW/A-170-0204,N00039-25-RFPREQ-PMW/A-170-0204,321,contact,explicit,"Joworski, Tyler",cobs:lrae:pmw-170:joworskityler,LRAE Annex 25!T321,contracting_poc on the row matches a contact observation for the same office
N00039-25-RFPREQ-PMW/A-170-0204,N00039-25-RFPREQ-PMW/A-170-0204,321,contact,explicit,"REYES, MARC",cobs:lrae:pmw-170:reyesmarc,LRAE Annex 25!V321,secondary_poc on the row matches a contact observation for the same office
N00039-25-RFPREQ-PMW/A-170-0204,N00039-25-RFPREQ-PMW/A-170-0204,321,notice,explicit,N00039-25-RFPREQ-PMW/A-170-0204,,sha256:6480f68763027f8ea9f3b15a12278cb43745490ed65b0a86d78d5a0873a20b65; sha256:774a2c2f9e551fa64a2ef281cdfc587422d18269d01a6ad436009c246bb85de2,SAM.gov search returned no notice containing the key
N00039-25-RFPREQ-PMW/A-170-0204,N00039-25-RFPREQ-PMW/A-170-0204,321,office,explicit,PMW/A-170,pmw:170,LRAE Annex 25!C321; organization_seed.json alias table,requirement-office code matched an alias
N00039-25-RFPREQ-PMW/A-170-0240,N00039-25-RFPREQ-PMW/A-170-0240,322,contact,explicit,"BURT, AARON J.",cobs:lrae:pmw-170:burtaaronj,LRAE Annex 25!T322,contracting_poc on the row matches a contact observation for the same office
N00039-25-RFPREQ-PMW/A-170-0240,N00039-25-RFPREQ-PMW/A-170-0240,322,contact,explicit,"CRUZ, ROBERT P.",cobs:lrae:pmw-170:cruzrobertp,LRAE Annex 25!V322,secondary_poc on the row matches a contact observation for the same office
N00039-25-RFPREQ-PMW/A-170-0240,N00039-25-RFPREQ-PMW/A-170-0240,322,existing_contract,explicit,N0003921F3012,fpds:N0003921F3012,sha256:5f7b75c1ea372b8e497472e819865add54b882ae5920daeb7a1fd1dce678811a,FPDS entries=10; contracting N00039; funding N00039; vendor HIGHBURY DEFENSE GROUP; idv -; first signed 2021-08-13
N00039-25-RFPREQ-PMW/A-170-0240,N00039-25-RFPREQ-PMW/A-170-0240,322,existing_contract,explicit,N0017819D7769,fpds:N0017819D7769,sha256:a90dd1699fdc2d475da1e54e70c0c6f298090b81bbfee49afd8ea689686e0392,FPDS entries=10; contracting N00178; funding N00178; vendor HIGHBURY DEFENSE GROUP; idv -; first signed 2018-12-03
N00039-25-RFPREQ-PMW/A-170-0240,N00039-25-RFPREQ-PMW/A-170-0240,322,notice,explicit,N00039-25-RFPREQ-PMW/A-170-0240,,sha256:febce70e248d0013b9080c01e4523c1deb33518fe81e0a70581bba14798cac18; sha256:6881bf1c20e8abbd5e10e989007b6ab4e4a8633826074f08238f33f919bb8323,SAM.gov search returned no notice containing the key
N00039-25-RFPREQ-PMW/A-170-0240,N00039-25-RFPREQ-PMW/A-170-0240,322,notice,explicit,N0003921F3012,,sha256:1cba11f39ceebe660358705b95f25925b2b44e81c618d14a3058a68a4452d81d; sha256:1868f75bc44e8328bed3fa0d75102ca2509e612e3bc0bdf22d34c1ba1746c55a,SAM.gov search returned no notice containing the key
N00039-25-RFPREQ-PMW/A-170-0240,N00039-25-RFPREQ-PMW/A-170-0240,322,notice,explicit,N0017819D7769,,sha256:219dcfd22761b37fbc4924b208bee922dd6446d14be4b3a59f898ce163118b21; sha256:d341d98d7b1a54f28a919f83ac768726f3a276ab90ea64058be88b093008bb8e,SAM.gov search returned no notice containing the key
N00039-25-RFPREQ-PMW/A-170-0240,N00039-25-RFPREQ-PMW/A-170-0240,322,office,explicit,PMW/A-170,pmw:170,LRAE Annex 25!C322; organization_seed.json alias table,requirement-office code matched an alias
N00039-25-RFPREQ-PMW/A-170-0222,N00039-25-RFPREQ-PMW/A-170-0222,323,contact,explicit,"Joworski, Tyler",cobs:lrae:pmw-170:joworskityler,LRAE Annex 25!T323,contracting_poc on the row matches a contact observation for the same office
N00039-25-RFPREQ-PMW/A-170-0222,N00039-25-RFPREQ-PMW/A-170-0222,323,contact,explicit,"REYES, MARC",cobs:lrae:pmw-170:reyesmarc,LRAE Annex 25!V323,secondary_poc on the row matches a contact observation for the same office
N00039-25-RFPREQ-PMW/A-170-0222,N00039-25-RFPREQ-PMW/A-170-0222,323,notice,explicit,N00039-25-RFPREQ-PMW/A-170-0222,,sha256:e3b341a7f534af97dc279cdb2ed1b67f316d36dc9106a681ee76088c3cb10e0c; sha256:64af7ae31a02ea81b03fa67edd7f9fc33c466eac479df6393bab7867b39c3477,SAM.gov search returned no notice containing the key
N00039-25-RFPREQ-PMW/A-170-0222,N00039-25-RFPREQ-PMW/A-170-0222,323,office,explicit,PMW/A-170,pmw:170,LRAE Annex 25!C323; organization_seed.json alias table,requirement-office code matched an alias
N00039-25-RFPREQ-PMW/A-170-0223,N00039-25-RFPREQ-PMW/A-170-0223,324,contact,explicit,"Joworski, Tyler",cobs:lrae:pmw-170:joworskityler,LRAE Annex 25!T324,contracting_poc on the row matches a contact observation for the same office
N00039-25-RFPREQ-PMW/A-170-0223,N00039-25-RFPREQ-PMW/A-170-0223,324,contact,explicit,"REYES, MARC",cobs:lrae:pmw-170:reyesmarc,LRAE Annex 25!V324,secondary_poc on the row matches a contact observation for the same office
N00039-25-RFPREQ-PMW/A-170-0223,N00039-25-RFPREQ-PMW/A-170-0223,324,notice,explicit,N00039-25-RFPREQ-PMW/A-170-0223,,sha256:837686e6216cdfe7c6cc8738086bf001c60bed47fd5512196cdbfa57d90c504f; sha256:dd7be3b62c5ec824cd7658821683815c73f2b4ab883c79fa01b6ca10e742cd98,SAM.gov search returned no notice containing the key
N00039-25-RFPREQ-PMW/A-170-0223,N00039-25-RFPREQ-PMW/A-170-0223,324,office,explicit,PMW/A-170,pmw:170,LRAE Annex 25!C324; organization_seed.json alias table,requirement-office code matched an alias
N00039-25-RFPREQ-PMW-740-0013,N00039-25-RFPREQ-PMW-740-0013,325,contact,explicit,"White, Kristin",cobs:lrae:pmw-740:whitekristin,LRAE Annex 25!T325,contracting_poc on the row matches a contact observation for the same office
N00039-25-RFPREQ-PMW-740-0013,N00039-25-RFPREQ-PMW-740-0013,325,notice,explicit,N00039-25-RFPREQ-PMW-740-0013,,sha256:a73e34297a35858ad2db9beb51d26c25dd1a20553733c0d9415ac4e0513d5aa5; sha256:8e2a0aaaa94e57e88fc6b83870800da4fa28f191be5cf9c6d7cfae442fa8aad7,SAM.gov search returned no notice containing the key
N00039-25-RFPREQ-PMW-740-0013,N00039-25-RFPREQ-PMW-740-0013,325,office,explicit,PMW-740,pmw:740,LRAE Annex 25!C325; organization_seed.json alias table,requirement-office code matched an alias
N00039-25-RFPREQ-PMW/A-170-0239,N00039-25-RFPREQ-PMW/A-170-0239,326,contact,explicit,"BURT, AARON J.",cobs:lrae:pmw-170:burtaaronj,LRAE Annex 25!T326,contracting_poc on the row matches a contact observation for the same office
N00039-25-RFPREQ-PMW/A-170-0239,N00039-25-RFPREQ-PMW/A-170-0239,326,contact,explicit,"CRUZ, ROBERT P.",cobs:lrae:pmw-170:cruzrobertp,LRAE Annex 25!V326,secondary_poc on the row matches a contact observation for the same office
N00039-25-RFPREQ-PMW/A-170-0239,N00039-25-RFPREQ-PMW/A-170-0239,326,existing_contract,explicit,N0003921F3004,fpds:N0003921F3004,sha256:14d68ea4e770bed6aba4855104c50d18f5034cba14df88a5b88d3266c67dfd85,FPDS entries=10; contracting N00039; funding N00039; vendor HIGHBURY DEFENSE GROUP; idv -; first signed 2021-03-22
N00039-25-RFPREQ-PMW/A-170-0239,N00039-25-RFPREQ-PMW/A-170-0239,326,existing_contract,explicit,N0017819D7769,fpds:N0017819D7769,sha256:a90dd1699fdc2d475da1e54e70c0c6f298090b81bbfee49afd8ea689686e0392,FPDS entries=10; contracting N00178; funding N00178; vendor HIGHBURY DEFENSE GROUP; idv -; first signed 2018-12-03
N00039-25-RFPREQ-PMW/A-170-0239,N00039-25-RFPREQ-PMW/A-170-0239,326,notice,explicit,N00039-25-RFPREQ-PMW/A-170-0239,,sha256:6a48af4f89efeefba0d13628cf2b0df937c9efddf86eee7af593b635cdc3407a; sha256:629643c2434cc04aa2ad4f802f27daa5d2a1e9033d93f7f568745cb150276f7a,SAM.gov search returned no notice containing the key
N00039-25-RFPREQ-PMW/A-170-0239,N00039-25-RFPREQ-PMW/A-170-0239,326,notice,explicit,N0003921F3004,,sha256:527862bbfe4e07c1a24e49b27e1754aa4117a61093a81df7413eec1d0073c586; sha256:f9083cf02a0eea2a436627ae217fa43f00617713ab62de48aa75da4696427b97,SAM.gov search returned no notice containing the key
N00039-25-RFPREQ-PMW/A-170-0239,N00039-25-RFPREQ-PMW/A-170-0239,326,notice,explicit,N0017819D7769,,sha256:219dcfd22761b37fbc4924b208bee922dd6446d14be4b3a59f898ce163118b21; sha256:d341d98d7b1a54f28a919f83ac768726f3a276ab90ea64058be88b093008bb8e,SAM.gov search returned no notice containing the key
N00039-25-RFPREQ-PMW/A-170-0239,N00039-25-RFPREQ-PMW/A-170-0239,326,office,explicit,PMW/A-170,pmw:170,LRAE Annex 25!C326; organization_seed.json alias table,requirement-office code matched an alias
N00039-24-RFPREQ-PMW-750-0036,N00039-24-RFPREQ-PMW-750-0036,327,contact,explicit,"Griffin, Brian",cobs:lrae:pmw-750:griffinbrian,LRAE Annex 25!T327,contracting_poc on the row matches a contact observation for the same office
N00039-24-RFPREQ-PMW-750-0036,N00039-24-RFPREQ-PMW-750-0036,327,contact,explicit,"Terrell, Kamilah A.",cobs:lrae:pmw-750:terrellkamilaha,LRAE Annex 25!V327,secondary_poc on the row matches a contact observation for the same office
N00039-24-RFPREQ-PMW-750-0036,N00039-24-RFPREQ-PMW-750-0036,327,notice,explicit,N00039-24-RFPREQ-PMW-750-0036,,sha256:7c713f78602259787b4f8728b9cc55e0096494874847269e6e79cf4dabc77bc3; sha256:2fa5a548197755fa6f210d7a753614ca61064c7b81d51679fec763cbeb903eec,SAM.gov search returned no notice containing the key
N00039-24-RFPREQ-PMW-750-0036,N00039-24-RFPREQ-PMW-750-0036,327,office,explicit,PMW-750,pmw:750,LRAE Annex 25!C327; organization_seed.json alias table,requirement-office code matched an alias
N00039-25-RFPREQ-PMW-150-0027,N00039-25-RFPREQ-PMW-150-0027,329,contact,explicit,"Murr, Sarah",cobs:lrae:pmw-150:murrsarah,LRAE Annex 25!T329,contracting_poc on the row matches a contact observation for the same office
N00039-25-RFPREQ-PMW-150-0027,N00039-25-RFPREQ-PMW-150-0027,329,contact,explicit,"SMITH, ABIGAIL",cobs:lrae:pmw-150:smithabigail,LRAE Annex 25!V329,secondary_poc on the row matches a contact observation for the same office
N00039-25-RFPREQ-PMW-150-0027,N00039-25-RFPREQ-PMW-150-0027,329,notice,explicit,N00039-25-RFPREQ-PMW-150-0027,,sha256:1e7f0e4ddedd9dcad94e3705cb74895f009d18091e3579059d5ca5faa99bc5e3; sha256:8d5d9d399f09c410724461622fb1d1b3fd8e9219798c08706303e4416d2e1780,SAM.gov search returned no notice containing the key
N00039-25-RFPREQ-PMW-150-0027,N00039-25-RFPREQ-PMW-150-0027,329,office,explicit,PMW-150,pmw:150,LRAE Annex 25!C329; organization_seed.json alias table,requirement-office code matched an alias
N00039-25-RFPREQ-PMA/PMW-101-0022,N00039-25-RFPREQ-PMA/PMW-101-0022,332,contact,explicit,"Bredesen, Editha Y.",cobs:lrae:pmw-101:bredesenedithay,LRAE Annex 25!T332,contracting_poc on the row matches a contact observation for the same office
N00039-25-RFPREQ-PMA/PMW-101-0022,N00039-25-RFPREQ-PMA/PMW-101-0022,332,contact,explicit,"PERAZA, RODRIGO",cobs:lrae:pmw-101:perazarodrigo,LRAE Annex 25!V332,secondary_poc on the row matches a contact observation for the same office
N00039-25-RFPREQ-PMA/PMW-101-0022,N00039-25-RFPREQ-PMA/PMW-101-0022,332,notice,explicit,N00039-25-RFPREQ-PMA/PMW-101-0022,,sha256:5683aae244e4bea3d698221202f7f41dea0bf1e0f803544d80b710528704ba55; sha256:d2b1e05c49693d4d7fcad341fdc64941c4b36f73c8cdd87229905a3df8c5afc9,SAM.gov search returned no notice containing the key
N00039-25-RFPREQ-PMA/PMW-101-0022,N00039-25-RFPREQ-PMA/PMW-101-0022,332,office,explicit,PMA/PMW-101,pmw:101,LRAE Annex 25!C332; organization_seed.json alias table,requirement-office code matched an alias
N00039-25-RFPREQ-PMW-120-0013,N00039-25-RFPREQ-PMW-120-0013,333,contact,explicit,"Bagnani, Anthony",cobs:lrae:pmw-120:bagnanianthony,LRAE Annex 25!V333,secondary_poc on the row matches a contact observation for the same office
N00039-25-RFPREQ-PMW-120-0013,N00039-25-RFPREQ-PMW-120-0013,333,contact,explicit,"Jimenez, Rachel",cobs:lrae:pmw-120:jimenezrachel,LRAE Annex 25!T333,contracting_poc on the row matches a contact observation for the same office
N00039-25-RFPREQ-PMW-120-0013,N00039-25-RFPREQ-PMW-120-0013,333,notice,explicit,N00039-25-RFPREQ-PMW-120-0013,,sha256:4477fb83c54aece6c061bb097e475f8fc975ea77911eea5dd586702485e2a878; sha256:8390d105afe04932d8003f72addbf3dbc99220669326407c3ff287441a955679,SAM.gov search returned no notice containing the key
N00039-25-RFPREQ-PMW-120-0013,N00039-25-RFPREQ-PMW-120-0013,333,office,explicit,PMW-120,pmw:120,LRAE Annex 25!C333; organization_seed.json alias table,requirement-office code matched an alias
N00039-25-RFPREQ-PMW-750-0013,N00039-25-RFPREQ-PMW-750-0013,345,contact,explicit,"Griffin, Brian",cobs:lrae:pmw-750:griffinbrian,LRAE Annex 25!T345,contracting_poc on the row matches a contact observation for the same office
N00039-25-RFPREQ-PMW-750-0013,N00039-25-RFPREQ-PMW-750-0013,345,notice,explicit,N00039-25-RFPREQ-PMW-750-0013,,sha256:59286db7a2ed9c99de4f1aac7ceb604649073a2bf91a3bba5759b8f5d977bcd3; sha256:f42f351ceb656eacdce3684e0c3b2d607861d4169b02393b727d1f7be0acf9c1,SAM.gov search returned no notice containing the key
N00039-25-RFPREQ-PMW-750-0013,N00039-25-RFPREQ-PMW-750-0013,345,office,explicit,PMW-750,pmw:750,LRAE Annex 25!C345; organization_seed.json alias table,requirement-office code matched an alias
N00039-25-RFPREQ-PMW-770-0022,N00039-25-RFPREQ-PMW-770-0022,346,contact,explicit,"BECKER, STEFFANY A.",cobs:lrae:pmw-770:beckersteffanya,LRAE Annex 25!V346,secondary_poc on the row matches a contact observation for the same office
N00039-25-RFPREQ-PMW-770-0022,N00039-25-RFPREQ-PMW-770-0022,346,contact,explicit,"Joworski, Tyler",cobs:lrae:pmw-770:joworskityler,LRAE Annex 25!T346,contracting_poc on the row matches a contact observation for the same office
N00039-25-RFPREQ-PMW-770-0022,N00039-25-RFPREQ-PMW-770-0022,346,notice,explicit,N00039-25-RFPREQ-PMW-770-0022,,sha256:a3be6b430eb7bfd20163ca2034b62d4bc5368fa9c9308e68b136d723f47de947; sha256:022ceb35da0b475d26123541d4738efec31f650e0c17cd7257091c4fbb4d6858,SAM.gov search returned no notice containing the key
N00039-25-RFPREQ-PMW-770-0022,N00039-25-RFPREQ-PMW-770-0022,346,office,explicit,PMW-770,pmw:770,LRAE Annex 25!C346; organization_seed.json alias table,requirement-office code matched an alias
N00039-25-RFPREQ-PMA/PMW-101-0039,N00039-25-RFPREQ-PMA/PMW-101-0039,348,contact,explicit,"Gonzales, Joseph",cobs:lrae:pmw-101:gonzalesjoseph,LRAE Annex 25!T348,contracting_poc on the row matches a contact observation for the same office
N00039-25-RFPREQ-PMA/PMW-101-0039,N00039-25-RFPREQ-PMA/PMW-101-0039,348,contact,explicit,"Poncefeliu, Patricia",cobs:lrae:pmw-101:poncefeliupatricia,LRAE Annex 25!V348,secondary_poc on the row matches a contact observation for the same office
N00039-25-RFPREQ-PMA/PMW-101-0039,N00039-25-RFPREQ-PMA/PMW-101-0039,348,notice,explicit,N00039-25-RFPREQ-PMA/PMW-101-0039,,sha256:3615c8eeb8a32033e83a2d9c06ff8f96edca2f1e74e105a988b49e8a68be00db; sha256:53e6cf40851856b9de34bc35dfddef1ec8548c4195ef06119d31531ea593d799,SAM.gov search returned no notice containing the key
N00039-25-RFPREQ-PMA/PMW-101-0039,N00039-25-RFPREQ-PMA/PMW-101-0039,348,office,explicit,PMA/PMW-101,pmw:101,LRAE Annex 25!C348; organization_seed.json alias table,requirement-office code matched an alias
N00039-24-RFPREQ-PMA/PMW-101-0276,N00039-24-RFPREQ-PMA/PMW-101-0276,350,contact,explicit,"Nickel, Lindsay",cobs:lrae:pmw-101:nickellindsay,LRAE Annex 25!T350,contracting_poc on the row matches a contact observation for the same office
N00039-24-RFPREQ-PMA/PMW-101-0276,N00039-24-RFPREQ-PMA/PMW-101-0276,350,contact,explicit,"Raigoza, Dominic",cobs:lrae:pmw-101:raigozadominic,LRAE Annex 25!V350,secondary_poc on the row matches a contact observation for the same office
N00039-24-RFPREQ-PMA/PMW-101-0276,N00039-24-RFPREQ-PMA/PMW-101-0276,350,existing_contract,explicit,N0003920D0057,fpds:N0003920D0057,sha256:c3e4025f2ac213388816d2705b59e2331b2efde6f1611dbcddf276e49e479618,FPDS entries=10; contracting N00039; funding N00039; vendor DATA LINK SOLUTIONS L.L.C.; idv -; first signed 2020-05-19
N00039-24-RFPREQ-PMA/PMW-101-0276,N00039-24-RFPREQ-PMA/PMW-101-0276,350,existing_contract,explicit,N0003921F2189,fpds:N0003921F2189,sha256:deb98b0c5e09d3b61356cdbb44cc1761c5380cb6e7000e1ea018703e65614a49,FPDS entries=5; contracting N00039; funding N00039; vendor DATA LINK SOLUTIONS L.L.C.; idv -; first signed 2021-07-27
N00039-24-RFPREQ-PMA/PMW-101-0276,N00039-24-RFPREQ-PMA/PMW-101-0276,350,notice,explicit,N00039-24-RFPREQ-PMA/PMW-101-0276,,sha256:db34aa3ba5d8e34645b0ff9cde0d65211b24b84f2546d0242f4f3c70fe961885; sha256:facca2f54aeaf7d4a00bbda9f253507fea637cea88524ac5b8ea3793465e940b,SAM.gov search returned no notice containing the key
N00039-24-RFPREQ-PMA/PMW-101-0276,N00039-24-RFPREQ-PMA/PMW-101-0276,350,notice,explicit,N0003920D0057,,sha256:8efe015849ba09ba62e7399976f7883ebb37d9636caf831fe4545cefe5ba5dac; sha256:4e66e9a15801db6b04e28c27a3250a2ed4b59b468d1fe8fc62580ed1e27f155f,SAM.gov search returned no notice containing the key
N00039-24-RFPREQ-PMA/PMW-101-0276,N00039-24-RFPREQ-PMA/PMW-101-0276,350,notice,explicit,N0003921F2189,,sha256:cb8a9ae32df98f11a32672eb15540c52bd35457fa0e69d12f7265755ed40e7b0; sha256:fdd54855ef7287b94a73d8971f191670797ad2fc88ebca7b4ddf5a52bab18db5,SAM.gov search returned no notice containing the key
N00039-24-RFPREQ-PMA/PMW-101-0276,N00039-24-RFPREQ-PMA/PMW-101-0276,350,office,explicit,PMA/PMW-101,pmw:101,LRAE Annex 25!C350; organization_seed.json alias table,requirement-office code matched an alias
N00039-25-RFPREQ-PMW-760-0010,N00039-25-RFPREQ-PMW-760-0010,351,contact,explicit,"BABBITT, STAFFORD M.",cobs:lrae:pmw-760:babbittstaffordm,LRAE Annex 25!V351,secondary_poc on the row matches a contact observation for the same office
N00039-25-RFPREQ-PMW-760-0010,N00039-25-RFPREQ-PMW-760-0010,351,contact,explicit,"Griffin, Brian",cobs:lrae:pmw-760:griffinbrian,LRAE Annex 25!T351,contracting_poc on the row matches a contact observation for the same office
N00039-25-RFPREQ-PMW-760-0010,N00039-25-RFPREQ-PMW-760-0010,351,notice,explicit,N00039-25-RFPREQ-PMW-760-0010,,sha256:fffc659668f9d54413dc72b6fd7143eaef19e1fdca35efa0cbb14d7968e86d8d; sha256:b133d73b53bf035318af5558069034d1674aebfe0640ceb2321600e377b4a0b6,SAM.gov search returned no notice containing the key
N00039-25-RFPREQ-PMW-760-0010,N00039-25-RFPREQ-PMW-760-0010,351,office,explicit,PMW-760,pmw:760,LRAE Annex 25!C351; organization_seed.json alias table,requirement-office code matched an alias
N00039-25-RFPREQ-PMW-750-0010,N00039-25-RFPREQ-PMW-750-0010,352,contact,explicit,"Griffin, Brian",cobs:lrae:pmw-750:griffinbrian,LRAE Annex 25!T352,contracting_poc on the row matches a contact observation for the same office
N00039-25-RFPREQ-PMW-750-0010,N00039-25-RFPREQ-PMW-750-0010,352,contact,explicit,"Jimenez, Rachel",cobs:lrae:pmw-750:jimenezrachel,LRAE Annex 25!V352,secondary_poc on the row matches a contact observation for the same office
N00039-25-RFPREQ-PMW-750-0010,N00039-25-RFPREQ-PMW-750-0010,352,notice,explicit,N00039-25-RFPREQ-PMW-750-0010,,sha256:83e6176569ed40c91380f914d009b1eae0a462f2c0b95b6e080bc4ab570fc401; sha256:d409daa84018f0c74373246dfa8a5e1048f68b7fd5d777f902d7f63797d784b6,SAM.gov search returned no notice containing the key
N00039-25-RFPREQ-PMW-750-0010,N00039-25-RFPREQ-PMW-750-0010,352,office,explicit,PMW-750,pmw:750,LRAE Annex 25!C352; organization_seed.json alias table,requirement-office code matched an alias
N00039-25-RFPREQ-PMW-770-0019,N00039-25-RFPREQ-PMW-770-0019,354,contact,explicit,"DANIELS, JESSICA",cobs:lrae:pmw-770:danielsjessica,LRAE Annex 25!V354,secondary_poc on the row matches a contact observation for the same office
N00039-25-RFPREQ-PMW-770-0019,N00039-25-RFPREQ-PMW-770-0019,354,contact,explicit,"Ward, Julie",cobs:lrae:pmw-770:wardjulie,LRAE Annex 25!T354,contracting_poc on the row matches a contact observation for the same office
N00039-25-RFPREQ-PMW-770-0019,N00039-25-RFPREQ-PMW-770-0019,354,existing_contract,explicit,N0003921C5002,fpds:N0003921C5002,sha256:91631618bc742b63def127d713d6bbe93e0994e3b54a449d11637bae45f7d90c,FPDS entries=10; contracting N00039; funding N00039; vendor RAYTHEON COMPANY; idv -; first signed 2020-12-15
N00039-25-RFPREQ-PMW-770-0019,N00039-25-RFPREQ-PMW-770-0019,354,notice,explicit,N00039-25-RFPREQ-PMW-770-0019,,sha256:f1949cb5cabb68a21fff49d7e98e59049c8c7b517b0a39803aa2b4edeb74e83d; sha256:f5ba8480ee7eea3037fc90d8413df04f381d0443d82a302e66acaaf98554a408,SAM.gov search returned no notice containing the key
N00039-25-RFPREQ-PMW-770-0019,N00039-25-RFPREQ-PMW-770-0019,354,notice,explicit,N0003921C5002,,sha256:963ccd7d2ddfa6c34ab7bd73f3f8567e763006f33c4069f7038302f2756edd86; sha256:1d11664a52224245b9d9aa0fafcd560f4b41cb5d66b03aeec774794b0d236d8e,SAM.gov search returned no notice containing the key
N00039-25-RFPREQ-PMW-770-0019,N00039-25-RFPREQ-PMW-770-0019,354,office,explicit,PMW-770,pmw:770,LRAE Annex 25!C354; organization_seed.json alias table,requirement-office code matched an alias
N00039-25-RFPREQ-PMW-770-0048,N00039-25-RFPREQ-PMW-770-0048,355,contact,explicit,"Joworski, Tyler",cobs:lrae:pmw-770:joworskityler,LRAE Annex 25!T355,contracting_poc on the row matches a contact observation for the same office
N00039-25-RFPREQ-PMW-770-0048,N00039-25-RFPREQ-PMW-770-0048,355,contact,explicit,"Kaiser, Kimmerly",cobs:lrae:pmw-770:kaiserkimmerly,LRAE Annex 25!V355,secondary_poc on the row matches a contact observation for the same office
N00039-25-RFPREQ-PMW-770-0048,N00039-25-RFPREQ-PMW-770-0048,355,notice,explicit,N00039-25-RFPREQ-PMW-770-0048,,sha256:d434400b72ff72e1c1422f9392ef2d64e018eaf7d2a051165991739d14c9c46e; sha256:78e682c2cb41287f09ff84169f4ecc530fe4f047ee8e44fd22e528696fbaf433,SAM.gov search returned no notice containing the key
N00039-25-RFPREQ-PMW-770-0048,N00039-25-RFPREQ-PMW-770-0048,355,office,explicit,PMW-770,pmw:770,LRAE Annex 25!C355; organization_seed.json alias table,requirement-office code matched an alias
N00039-26-RFPREQ-PMW-770-0005,N00039-26-RFPREQ-PMW-770-0005,356,contact,explicit,"Joworski, Tyler",cobs:lrae:pmw-770:joworskityler,LRAE Annex 25!T356,contracting_poc on the row matches a contact observation for the same office
N00039-26-RFPREQ-PMW-770-0005,N00039-26-RFPREQ-PMW-770-0005,356,contact,explicit,"Kaiser, Kimmerly",cobs:lrae:pmw-770:kaiserkimmerly,LRAE Annex 25!V356,secondary_poc on the row matches a contact observation for the same office
N00039-26-RFPREQ-PMW-770-0005,N00039-26-RFPREQ-PMW-770-0005,356,notice,explicit,N00039-26-RFPREQ-PMW-770-0005,,sha256:dfe5299c4643539d967187d071a4b78c8695fe21ca37588ce6b34dc6b7201018; sha256:c13198f5a72395e7c5f7a880e4eb9e258fd43a395bcfd3881b769f3b75ad1338,SAM.gov search returned no notice containing the key
N00039-26-RFPREQ-PMW-770-0005,N00039-26-RFPREQ-PMW-770-0005,356,office,explicit,PMW-770,pmw:770,LRAE Annex 25!C356; organization_seed.json alias table,requirement-office code matched an alias
N00039-25-RFPREQ-PMA/PMW-101-0045,N00039-25-RFPREQ-PMA/PMW-101-0045,357,contact,explicit,"Gonzales, Joseph",cobs:lrae:pmw-101:gonzalesjoseph,LRAE Annex 25!V357,secondary_poc on the row matches a contact observation for the same office
N00039-25-RFPREQ-PMA/PMW-101-0045,N00039-25-RFPREQ-PMA/PMW-101-0045,357,contact,explicit,"Poncefeliu, Patricia",cobs:lrae:pmw-101:poncefeliupatricia,LRAE Annex 25!T357,contracting_poc on the row matches a contact observation for the same office
N00039-25-RFPREQ-PMA/PMW-101-0045,N00039-25-RFPREQ-PMA/PMW-101-0045,357,notice,explicit,N00039-25-RFPREQ-PMA/PMW-101-0045,,sha256:6c79520856a568488b13fc315fb9ceba40b49896e204682eb02fbd0ba02cd158; sha256:adf5961f48f905eb9b077c2b5f14ccb1545424d5045590605e72648e88293684,SAM.gov search returned no notice containing the key
N00039-25-RFPREQ-PMA/PMW-101-0045,N00039-25-RFPREQ-PMA/PMW-101-0045,357,office,explicit,PMA/PMW-101,pmw:101,LRAE Annex 25!C357; organization_seed.json alias table,requirement-office code matched an alias
N00039-25-RFPREQ-PMA/PMW-101-0046,N00039-25-RFPREQ-PMA/PMW-101-0046,358,contact,explicit,"GRIFFIN, DAMON",cobs:lrae:pmw-101:griffindamon,LRAE Annex 25!V358,secondary_poc on the row matches a contact observation for the same office
N00039-25-RFPREQ-PMA/PMW-101-0046,N00039-25-RFPREQ-PMA/PMW-101-0046,358,contact,explicit,"Nickel, Lindsay",cobs:lrae:pmw-101:nickellindsay,LRAE Annex 25!T358,contracting_poc on the row matches a contact observation for the same office
N00039-25-RFPREQ-PMA/PMW-101-0046,N00039-25-RFPREQ-PMA/PMW-101-0046,358,notice,explicit,N00039-25-RFPREQ-PMA/PMW-101-0046,,sha256:de2fc1454908ae56ccc59cabb4c6f4826fd0fd456f3dde28a4b9e25acf5a019d; sha256:26bd1f6ab33cdb975ee8cd70528b44519c2b2e47a75a45666bfed91ee01ead91,SAM.gov search returned no notice containing the key
N00039-25-RFPREQ-PMA/PMW-101-0046,N00039-25-RFPREQ-PMA/PMW-101-0046,358,office,explicit,PMA/PMW-101,pmw:101,LRAE Annex 25!C358; organization_seed.json alias table,requirement-office code matched an alias
N00039-26-RFPREQ-PMW-150-0003,N00039-26-RFPREQ-PMW-150-0003,359,contact,explicit,"Murr, Sarah",cobs:lrae:pmw-150:murrsarah,LRAE Annex 25!T359,contracting_poc on the row matches a contact observation for the same office
N00039-26-RFPREQ-PMW-150-0003,N00039-26-RFPREQ-PMW-150-0003,359,contact,explicit,"Papet, Marissa",cobs:lrae:pmw-150:papetmarissa,LRAE Annex 25!V359,secondary_poc on the row matches a contact observation for the same office
N00039-26-RFPREQ-PMW-150-0003,N00039-26-RFPREQ-PMW-150-0003,359,notice,explicit,N00039-26-RFPREQ-PMW-150-0003,,sha256:cbb7050a86993114cef868d7e2793965bf7bfe9c20d5f42d15422f543083c3c8; sha256:9f3dbaffdabcb8a72cd7361e610b24c198c3bd6ce92a2ef8645dfedaf1584ea4,SAM.gov search returned no notice containing the key
N00039-26-RFPREQ-PMW-150-0003,N00039-26-RFPREQ-PMW-150-0003,359,office,explicit,PMW-150,pmw:150,LRAE Annex 25!C359; organization_seed.json alias table,requirement-office code matched an alias
N00039-27-RFPREQ-PMW-150-0001,N00039-27-RFPREQ-PMW-150-0001,360,contact,explicit,"Murr, Sarah",cobs:lrae:pmw-150:murrsarah,LRAE Annex 25!T360,contracting_poc on the row matches a contact observation for the same office
N00039-27-RFPREQ-PMW-150-0001,N00039-27-RFPREQ-PMW-150-0001,360,contact,explicit,"Papet, Marissa",cobs:lrae:pmw-150:papetmarissa,LRAE Annex 25!V360,secondary_poc on the row matches a contact observation for the same office
N00039-27-RFPREQ-PMW-150-0001,N00039-27-RFPREQ-PMW-150-0001,360,notice,explicit,N00039-27-RFPREQ-PMW-150-0001,,sha256:8f122c3ed593081cda3f5961d7f0581f3d3849560ef69650b66993b50ab86285; sha256:f54dc4cd1d4eb02aace2ed2703b939144a7b8e20affa63f07d8ef16673eba19a,SAM.gov search returned no notice containing the key
N00039-27-RFPREQ-PMW-150-0001,N00039-27-RFPREQ-PMW-150-0001,360,office,explicit,PMW-150,pmw:150,LRAE Annex 25!C360; organization_seed.json alias table,requirement-office code matched an alias
N00039-25-RFPREQ-PMW-150-0050,N00039-25-RFPREQ-PMW-150-0050,361,contact,explicit,"CONRAD, RYAN S.",cobs:lrae:pmw-150:conradryans,LRAE Annex 25!T361,contracting_poc on the row matches a contact observation for the same office
N00039-25-RFPREQ-PMW-150-0050,N00039-25-RFPREQ-PMW-150-0050,361,contact,explicit,"SMITH, ABIGAIL",cobs:lrae:pmw-150:smithabigail,LRAE Annex 25!V361,secondary_poc on the row matches a contact observation for the same office
N00039-25-RFPREQ-PMW-150-0050,N00039-25-RFPREQ-PMW-150-0050,361,notice,explicit,N00039-25-RFPREQ-PMW-150-0050,,sha256:77685ddbb7eadeef08715fc895ae192a815e3360e0bdd2031d7a3a16d6010a63; sha256:87db2c007ece576137e89c7af7a092e367e7ab3722b2fc7502c90c5f70fbf73a,SAM.gov search returned no notice containing the key
N00039-25-RFPREQ-PMW-150-0050,N00039-25-RFPREQ-PMW-150-0050,361,office,explicit,PMW-150,pmw:150,LRAE Annex 25!C361; organization_seed.json alias table,requirement-office code matched an alias
N00039-24-RFPREQ-PMA/PMW-101-0278,N00039-24-RFPREQ-PMA/PMW-101-0278,362,contact,explicit,"James, Chalon D.",cobs:lrae:pmw-101:jameschalond,LRAE Annex 25!V362,secondary_poc on the row matches a contact observation for the same office
N00039-24-RFPREQ-PMA/PMW-101-0278,N00039-24-RFPREQ-PMA/PMW-101-0278,362,contact,explicit,"Nickel, Lindsay",cobs:lrae:pmw-101:nickellindsay,LRAE Annex 25!T362,contracting_poc on the row matches a contact observation for the same office
N00039-24-RFPREQ-PMA/PMW-101-0278,N00039-24-RFPREQ-PMA/PMW-101-0278,362,notice,explicit,N00039-24-RFPREQ-PMA/PMW-101-0278,,sha256:373230c0a5d287aa46cec152b4b0e250796498ded09f73ea7c3f01173679ec9c; sha256:f4ad56aee705fa349f1f988861dd76ee7736691e47e7b74ebb786e1d9149e523,SAM.gov search returned no notice containing the key
N00039-24-RFPREQ-PMA/PMW-101-0278,N00039-24-RFPREQ-PMA/PMW-101-0278,362,office,explicit,PMA/PMW-101,pmw:101,LRAE Annex 25!C362; organization_seed.json alias table,requirement-office code matched an alias
N00039-25-RFPREQ-PMW/A-170-0258,N00039-25-RFPREQ-PMW/A-170-0258,363,contact,explicit,"Erickson, Blake",cobs:lrae:pmw-170:ericksonblake,LRAE Annex 25!V363,secondary_poc on the row matches a contact observation for the same office
N00039-25-RFPREQ-PMW/A-170-0258,N00039-25-RFPREQ-PMW/A-170-0258,363,contact,explicit,"Nickel, Kenneth",cobs:lrae:pmw-170:nickelkenneth,LRAE Annex 25!T363,contracting_poc on the row matches a contact observation for the same office
N00039-25-RFPREQ-PMW/A-170-0258,N00039-25-RFPREQ-PMW/A-170-0258,363,notice,explicit,N00039-25-RFPREQ-PMW/A-170-0258,,sha256:c01d63aa85ab57f1c9c3638adf5c4087ebfe32d7da2a30120801af4565ca66b4; sha256:e859d59c7d64a2c4ca944a87c4d27bb459bdcca29d31388103950f8dd3d5b63c,SAM.gov search returned no notice containing the key
N00039-25-RFPREQ-PMW/A-170-0258,N00039-25-RFPREQ-PMW/A-170-0258,363,office,explicit,PMW/A-170,pmw:170,LRAE Annex 25!C363; organization_seed.json alias table,requirement-office code matched an alias
N00039-25-RFPREQ-PMW-160-0035,N00039-25-RFPREQ-PMW-160-0035,364,contact,explicit,"Cohn, Andrea M.",cobs:lrae:pmw-160:cohnandream,LRAE Annex 25!V364,secondary_poc on the row matches a contact observation for the same office
N00039-25-RFPREQ-PMW-160-0035,N00039-25-RFPREQ-PMW-160-0035,364,contact,explicit,"Wiker, Susana",cobs:lrae:pmw-160:wikersusana,LRAE Annex 25!T364,contracting_poc on the row matches a contact observation for the same office
N00039-25-RFPREQ-PMW-160-0035,N00039-25-RFPREQ-PMW-160-0035,364,notice,explicit,N00039-25-RFPREQ-PMW-160-0035,,sha256:a5df258cfd63ecbf6e24bc518ef6912aa0f2c1fd20ad6a3311ad13a148d3d711; sha256:d178ce00266c8a3d0e33b3a6f56e7e317f00ab1298a34ca6ab7f575318134483,SAM.gov search returned no notice containing the key
N00039-25-RFPREQ-PMW-160-0035,N00039-25-RFPREQ-PMW-160-0035,364,office,explicit,PMW-160,pmw:160,LRAE Annex 25!C364; organization_seed.json alias table,requirement-office code matched an alias
N00039-26-RFPREQ-PMW-160-0006,N00039-26-RFPREQ-PMW-160-0006,365,contact,explicit,"Cohn, Andrea M.",cobs:lrae:pmw-160:cohnandream,LRAE Annex 25!V365,secondary_poc on the row matches a contact observation for the same office
N00039-26-RFPREQ-PMW-160-0006,N00039-26-RFPREQ-PMW-160-0006,365,contact,explicit,"Wiker, Susana",cobs:lrae:pmw-160:wikersusana,LRAE Annex 25!T365,contracting_poc on the row matches a contact observation for the same office
N00039-26-RFPREQ-PMW-160-0006,N00039-26-RFPREQ-PMW-160-0006,365,notice,explicit,N00039-26-RFPREQ-PMW-160-0006,,sha256:6551701d484e8cd84453119d4af8deac5e684308dd0f0f0a23ef8c1f4051a83a; sha256:197ce0d1fa6df631cb476dfe37cfa07a1d819d9a3074e63d3e4ff0cac8ea046d,SAM.gov search returned no notice containing the key
N00039-26-RFPREQ-PMW-160-0006,N00039-26-RFPREQ-PMW-160-0006,365,office,explicit,PMW-160,pmw:160,LRAE Annex 25!C365; organization_seed.json alias table,requirement-office code matched an alias
N00039-26-RFPREQ-PMW-160-0007,N00039-26-RFPREQ-PMW-160-0007,366,contact,explicit,"Cohn, Andrea M.",cobs:lrae:pmw-160:cohnandream,LRAE Annex 25!V366,secondary_poc on the row matches a contact observation for the same office
N00039-26-RFPREQ-PMW-160-0007,N00039-26-RFPREQ-PMW-160-0007,366,contact,explicit,"Wiker, Susana",cobs:lrae:pmw-160:wikersusana,LRAE Annex 25!T366,contracting_poc on the row matches a contact observation for the same office
N00039-26-RFPREQ-PMW-160-0007,N00039-26-RFPREQ-PMW-160-0007,366,notice,explicit,N00039-26-RFPREQ-PMW-160-0007,,sha256:414867d35641ef23f4a0feed065d85061f64154d115d300eb3c7a799ddea794c; sha256:e4aa9982de6dbd6dad3ababfd86d1534efb6eb2f549c1c4ce25a5df2b30b0c60,SAM.gov search returned no notice containing the key
N00039-26-RFPREQ-PMW-160-0007,N00039-26-RFPREQ-PMW-160-0007,366,office,explicit,PMW-160,pmw:160,LRAE Annex 25!C366; organization_seed.json alias table,requirement-office code matched an alias
N00039-26-RFPREQ-PMW-160-0008,N00039-26-RFPREQ-PMW-160-0008,367,contact,explicit,"Cohn, Andrea M.",cobs:lrae:pmw-160:cohnandream,LRAE Annex 25!V367,secondary_poc on the row matches a contact observation for the same office
N00039-26-RFPREQ-PMW-160-0008,N00039-26-RFPREQ-PMW-160-0008,367,contact,explicit,"Wiker, Susana",cobs:lrae:pmw-160:wikersusana,LRAE Annex 25!T367,contracting_poc on the row matches a contact observation for the same office
N00039-26-RFPREQ-PMW-160-0008,N00039-26-RFPREQ-PMW-160-0008,367,notice,explicit,N00039-26-RFPREQ-PMW-160-0008,,sha256:c0e739624f698acd24b395c5e6bf70e14e177dfa578106b647aa906e48a1b669; sha256:9f352807d1661d69e8e4d9da93c026389f06d504c7d1009b6cf0b7ad20f3c2cb,SAM.gov search returned no notice containing the key
N00039-26-RFPREQ-PMW-160-0008,N00039-26-RFPREQ-PMW-160-0008,367,office,explicit,PMW-160,pmw:160,LRAE Annex 25!C367; organization_seed.json alias table,requirement-office code matched an alias
N00039-26-RFPREQ-PMW-160-0009,N00039-26-RFPREQ-PMW-160-0009,368,contact,explicit,"Cohn, Andrea M.",cobs:lrae:pmw-160:cohnandream,LRAE Annex 25!V368,secondary_poc on the row matches a contact observation for the same office
N00039-26-RFPREQ-PMW-160-0009,N00039-26-RFPREQ-PMW-160-0009,368,contact,explicit,"Wiker, Susana",cobs:lrae:pmw-160:wikersusana,LRAE Annex 25!T368,contracting_poc on the row matches a contact observation for the same office
N00039-26-RFPREQ-PMW-160-0009,N00039-26-RFPREQ-PMW-160-0009,368,notice,explicit,N00039-26-RFPREQ-PMW-160-0009,,sha256:6e4be5ddf09135eb7df64f06c26b7a54203cee8b4483feaa24809508f2fe0e41; sha256:9043789df004fe5e401f891c2f81212f659ea1e4f5c20887f35d06ecd1f70e8b,SAM.gov search returned no notice containing the key
N00039-26-RFPREQ-PMW-160-0009,N00039-26-RFPREQ-PMW-160-0009,368,office,explicit,PMW-160,pmw:160,LRAE Annex 25!C368; organization_seed.json alias table,requirement-office code matched an alias
N00039-26-RFPREQ-PMW-160-0010,N00039-26-RFPREQ-PMW-160-0010,369,contact,explicit,"Cohn, Andrea M.",cobs:lrae:pmw-160:cohnandream,LRAE Annex 25!V369,secondary_poc on the row matches a contact observation for the same office
N00039-26-RFPREQ-PMW-160-0010,N00039-26-RFPREQ-PMW-160-0010,369,contact,explicit,"Wiker, Susana",cobs:lrae:pmw-160:wikersusana,LRAE Annex 25!T369,contracting_poc on the row matches a contact observation for the same office
N00039-26-RFPREQ-PMW-160-0010,N00039-26-RFPREQ-PMW-160-0010,369,notice,explicit,N00039-26-RFPREQ-PMW-160-0010,,sha256:a87b431146d75640d78c7d46b6a67c680d874cde758854ddb8ba9beabcde89b1; sha256:167bef7a63ad4af66d82cbc7254138eeec74ca018f3835c271345f39b0953eb4,SAM.gov search returned no notice containing the key
N00039-26-RFPREQ-PMW-160-0010,N00039-26-RFPREQ-PMW-160-0010,369,office,explicit,PMW-160,pmw:160,LRAE Annex 25!C369; organization_seed.json alias table,requirement-office code matched an alias
N00039-27-RFPREQ-PMW-160-0005,N00039-27-RFPREQ-PMW-160-0005,370,contact,explicit,"Cohn, Andrea M.",cobs:lrae:pmw-160:cohnandream,LRAE Annex 25!V370,secondary_poc on the row matches a contact observation for the same office
N00039-27-RFPREQ-PMW-160-0005,N00039-27-RFPREQ-PMW-160-0005,370,contact,explicit,"Wiker, Susana",cobs:lrae:pmw-160:wikersusana,LRAE Annex 25!T370,contracting_poc on the row matches a contact observation for the same office
N00039-27-RFPREQ-PMW-160-0005,N00039-27-RFPREQ-PMW-160-0005,370,notice,explicit,N00039-27-RFPREQ-PMW-160-0005,,sha256:11e47e118288a363275a17756af3bcdcd1f6ff01979b2812a5ed2a75be95de14; sha256:a8988a0458d14ac031740e6c4dda65e8dc49861ba3f05afae75e914e1c3fcad1,SAM.gov search returned no notice containing the key
N00039-27-RFPREQ-PMW-160-0005,N00039-27-RFPREQ-PMW-160-0005,370,office,explicit,PMW-160,pmw:160,LRAE Annex 25!C370; organization_seed.json alias table,requirement-office code matched an alias
N00039-27-RFPREQ-PMW-160-0006,N00039-27-RFPREQ-PMW-160-0006,371,contact,explicit,"Cohn, Andrea M.",cobs:lrae:pmw-160:cohnandream,LRAE Annex 25!V371,secondary_poc on the row matches a contact observation for the same office
N00039-27-RFPREQ-PMW-160-0006,N00039-27-RFPREQ-PMW-160-0006,371,contact,explicit,"Wiker, Susana",cobs:lrae:pmw-160:wikersusana,LRAE Annex 25!T371,contracting_poc on the row matches a contact observation for the same office
N00039-27-RFPREQ-PMW-160-0006,N00039-27-RFPREQ-PMW-160-0006,371,notice,explicit,N00039-27-RFPREQ-PMW-160-0006,,sha256:f9d891077426e87e092a1b84d192d073fde1ffa482ed0f8d9033859da43278b9; sha256:30868e588aba11830ca4bd0b5b93d3c0667e58eb071c269366e7c7f106e376b9,SAM.gov search returned no notice containing the key
N00039-27-RFPREQ-PMW-160-0006,N00039-27-RFPREQ-PMW-160-0006,371,office,explicit,PMW-160,pmw:160,LRAE Annex 25!C371; organization_seed.json alias table,requirement-office code matched an alias
N00039-27-RFPREQ-PMW-160-0007,N00039-27-RFPREQ-PMW-160-0007,372,contact,explicit,"Cohn, Andrea M.",cobs:lrae:pmw-160:cohnandream,LRAE Annex 25!V372,secondary_poc on the row matches a contact observation for the same office
N00039-27-RFPREQ-PMW-160-0007,N00039-27-RFPREQ-PMW-160-0007,372,contact,explicit,"Wiker, Susana",cobs:lrae:pmw-160:wikersusana,LRAE Annex 25!T372,contracting_poc on the row matches a contact observation for the same office
N00039-27-RFPREQ-PMW-160-0007,N00039-27-RFPREQ-PMW-160-0007,372,notice,explicit,N00039-27-RFPREQ-PMW-160-0007,,sha256:8bd16520f9095bab6191bd5deeee85599121edda029e9db5639f73eac9f15f86; sha256:2bba9d65b338ba7551d863f989142ba25dc79b93e2693f12de36e6f912d26290,SAM.gov search returned no notice containing the key
N00039-27-RFPREQ-PMW-160-0007,N00039-27-RFPREQ-PMW-160-0007,372,office,explicit,PMW-160,pmw:160,LRAE Annex 25!C372; organization_seed.json alias table,requirement-office code matched an alias
N00039-25-RFPREQ-PMW-130-0015,N00039-25-RFPREQ-PMW-130-0015,373,contact,explicit,"Khalife, Rema",cobs:lrae:pmw-130:khaliferema,LRAE Annex 25!T373,contracting_poc on the row matches a contact observation for the same office
N00039-25-RFPREQ-PMW-130-0015,N00039-25-RFPREQ-PMW-130-0015,373,contact,explicit,"Tsui, Yvette",cobs:lrae:pmw-130:tsuiyvette,LRAE Annex 25!V373,secondary_poc on the row matches a contact observation for the same office
N00039-25-RFPREQ-PMW-130-0015,N00039-25-RFPREQ-PMW-130-0015,373,existing_contract,explicit,N0003921P1004,fpds:N0003921P1004,sha256:a8f7b5fe3f226dc5375548c71b2dc1bc722db1c40e007ebeb77e60011cbe285d,FPDS entries=8; contracting N00039; funding N0039B; vendor 90METER INC.; idv -; first signed 2021-02-25
N00039-25-RFPREQ-PMW-130-0015,N00039-25-RFPREQ-PMW-130-0015,373,notice,explicit,N00039-25-RFPREQ-PMW-130-0015,,sha256:0f86fb6e1fc5550db7e3031ea03686d4e163a5a190eb2460dea3003d4e9f5282; sha256:8b5f531b11d5101211718adaf6146e5f5f7f7397a73c9f17cc8c368d7a58680f,SAM.gov search returned no notice containing the key
N00039-25-RFPREQ-PMW-130-0015,N00039-25-RFPREQ-PMW-130-0015,373,notice,explicit,N0003921P1004,,sha256:84a4531fa9fea7c4abb330e89136de7ac679f9a6912e6b21345ffd8a5f6e7615; sha256:e87d58c6327ddef96955f705f0ff01733eb4358e3308e46f8ad497784ba07488,SAM.gov search returned no notice containing the key
N00039-25-RFPREQ-PMW-130-0015,N00039-25-RFPREQ-PMW-130-0015,373,office,explicit,PMW-130,pmw:130,LRAE Annex 25!C373; organization_seed.json alias table,requirement-office code matched an alias
N00039-25-RFPREQ-PMW-130-0030,N00039-25-RFPREQ-PMW-130-0030,374,contact,explicit,"Khalife, Rema",cobs:lrae:pmw-130:khaliferema,LRAE Annex 25!T374,contracting_poc on the row matches a contact observation for the same office
N00039-25-RFPREQ-PMW-130-0030,N00039-25-RFPREQ-PMW-130-0030,374,contact,explicit,"Tsui, Yvette",cobs:lrae:pmw-130:tsuiyvette,LRAE Annex 25!V374,secondary_poc on the row matches a contact observation for the same office
N00039-25-RFPREQ-PMW-130-0030,N00039-25-RFPREQ-PMW-130-0030,374,notice,explicit,N00039-25-RFPREQ-PMW-130-0030,,sha256:0a584b4b473bfc7bec61db12b68e3ef30ba6b2ff8f4f40758d10afa039dea91e; sha256:6a28c451556c4df6dad0c59fe8202b8c2692006587a1e87002141551d760a14a,SAM.gov search returned no notice containing the key
N00039-25-RFPREQ-PMW-130-0030,N00039-25-RFPREQ-PMW-130-0030,374,office,explicit,PMW-130,pmw:130,LRAE Annex 25!C374; organization_seed.json alias table,requirement-office code matched an alias
N00039-25-RFPREQ-PMW-750-0016,N00039-25-RFPREQ-PMW-750-0016,375,contact,explicit,"QUARLES, BRITTANY S.",cobs:lrae:pmw-750:quarlesbrittanys,LRAE Annex 25!V375,secondary_poc on the row matches a contact observation for the same office
N00039-25-RFPREQ-PMW-750-0016,N00039-25-RFPREQ-PMW-750-0016,375,contact,explicit,"Terrell, Kamilah A.",cobs:lrae:pmw-750:terrellkamilaha,LRAE Annex 25!T375,contracting_poc on the row matches a contact observation for the same office
N00039-25-RFPREQ-PMW-750-0016,N00039-25-RFPREQ-PMW-750-0016,375,notice,explicit,N00039-25-RFPREQ-PMW-750-0016,,sha256:dcc3a54e7a1a6168c01dbb7a5245444fd87fe489c19b041c5d20233fde15709f; sha256:f7b1dba12e8c89a4271095e9b415f2c7cda304a12faa078529fb873a8881c1bd,SAM.gov search returned no notice containing the key
N00039-25-RFPREQ-PMW-750-0016,N00039-25-RFPREQ-PMW-750-0016,375,office,explicit,PMW-750,pmw:750,LRAE Annex 25!C375; organization_seed.json alias table,requirement-office code matched an alias
N00039-25-RFPREQ-PMW-760-0014,N00039-25-RFPREQ-PMW-760-0014,376,contact,explicit,"BABBITT, STAFFORD M.",cobs:lrae:pmw-760:babbittstaffordm,LRAE Annex 25!V376,secondary_poc on the row matches a contact observation for the same office
N00039-25-RFPREQ-PMW-760-0014,N00039-25-RFPREQ-PMW-760-0014,376,contact,explicit,"Griffin, Brian",cobs:lrae:pmw-760:griffinbrian,LRAE Annex 25!T376,contracting_poc on the row matches a contact observation for the same office
N00039-25-RFPREQ-PMW-760-0014,N00039-25-RFPREQ-PMW-760-0014,376,notice,explicit,N00039-25-RFPREQ-PMW-760-0014,,sha256:256e5114fdff4dd5486094d72cced2eae730747176ce3551ec7b10b943b12ba0; sha256:e3293819dde9eb3ecb15df746bc1abc4d532957cfc49bae6e78e721e7e2834d8,SAM.gov search returned no notice containing the key
N00039-25-RFPREQ-PMW-760-0014,N00039-25-RFPREQ-PMW-760-0014,376,office,explicit,PMW-760,pmw:760,LRAE Annex 25!C376; organization_seed.json alias table,requirement-office code matched an alias
N00039-25-RFPREQ-PMW/A-170-0276,N00039-25-RFPREQ-PMW/A-170-0276,378,contact,explicit,"De Vera, Jennifer",cobs:lrae:pmw-170:deverajennifer,LRAE Annex 25!V378,secondary_poc on the row matches a contact observation for the same office
N00039-25-RFPREQ-PMW/A-170-0276,N00039-25-RFPREQ-PMW/A-170-0276,378,contact,explicit,"Nickel, Kenneth",cobs:lrae:pmw-170:nickelkenneth,LRAE Annex 25!T378,contracting_poc on the row matches a contact observation for the same office
N00039-25-RFPREQ-PMW/A-170-0276,N00039-25-RFPREQ-PMW/A-170-0276,378,notice,explicit,N00039-25-RFPREQ-PMW/A-170-0276,,sha256:2fabd30975049af0cdf3cef00632c26ef9e02c638cd7e28f1c5ac44e25195ca5; sha256:412adb40cdd143f512e3802dc04a8be1aed2b851b34c5fc995092f7041fc0c54,SAM.gov search returned no notice containing the key
N00039-25-RFPREQ-PMW/A-170-0276,N00039-25-RFPREQ-PMW/A-170-0276,378,office,explicit,PMW/A-170,pmw:170,LRAE Annex 25!C378; organization_seed.json alias table,requirement-office code matched an alias
N00039-25-RFPREQ-PMW-740-0028,N00039-25-RFPREQ-PMW-740-0028,379,contact,explicit,"Raigoza, Dominic",cobs:lrae:pmw-740:raigozadominic,LRAE Annex 25!V379,secondary_poc on the row matches a contact observation for the same office
N00039-25-RFPREQ-PMW-740-0028,N00039-25-RFPREQ-PMW-740-0028,379,contact,explicit,"White, Kristin",cobs:lrae:pmw-740:whitekristin,LRAE Annex 25!T379,contracting_poc on the row matches a contact observation for the same office
N00039-25-RFPREQ-PMW-740-0028,N00039-25-RFPREQ-PMW-740-0028,379,notice,explicit,N00039-25-RFPREQ-PMW-740-0028,,sha256:31702e8d1b1a3daa6c4f91752187d2e0712fe8c18efb29dace58e622f1163c22; sha256:847c48491170f081fbbe4901ea9db0d388ddbee17c1fd6658142b370573ed3e2,SAM.gov search returned no notice containing the key
N00039-25-RFPREQ-PMW-740-0028,N00039-25-RFPREQ-PMW-740-0028,379,office,explicit,PMW-740,pmw:740,LRAE Annex 25!C379; organization_seed.json alias table,requirement-office code matched an alias
N00039-25-RFPREQ-PMW/A-170-0277,N00039-25-RFPREQ-PMW/A-170-0277,380,contact,explicit,"Erickson, Blake",cobs:lrae:pmw-170:ericksonblake,LRAE Annex 25!V380,secondary_poc on the row matches a contact observation for the same office
N00039-25-RFPREQ-PMW/A-170-0277,N00039-25-RFPREQ-PMW/A-170-0277,380,contact,explicit,"Nickel, Kenneth",cobs:lrae:pmw-170:nickelkenneth,LRAE Annex 25!T380,contracting_poc on the row matches a contact observation for the same office
N00039-25-RFPREQ-PMW/A-170-0277,N00039-25-RFPREQ-PMW/A-170-0277,380,existing_contract,explicit,N0003922D0070,fpds:N0003922D0070,sha256:92860d61b1ee72f44c4dffa2f77a616efcc43dbc59728b077df8675b8138d94a,"FPDS entries=10; contracting N00039; funding N00039; vendor L3HARRIS TECHNOLOGIES, INC.; idv -; first signed 2022-02-28"
N00039-25-RFPREQ-PMW/A-170-0277,N00039-25-RFPREQ-PMW/A-170-0277,380,notice,explicit,N00039-25-RFPREQ-PMW/A-170-0277,,sha256:a6a442e8bc1196afd3b8729a12e08a38b86b4c2d53b442202d1490a10e6c9169; sha256:5dd052b3d7c0ac711430639d0c35e238b45694ca29cd8b7a88907aa58512ba12,SAM.gov search returned no notice containing the key
N00039-25-RFPREQ-PMW/A-170-0277,N00039-25-RFPREQ-PMW/A-170-0277,380,notice,explicit,N0003922D0070,,sha256:f9cce49468fc77106bb31390e988f32836a4c96db6ae99007916e6bcbff0cace; sha256:e428de2771b52b442fb353cc486b794e292443c422b37f9a38e3483222ff8f3c,SAM.gov search returned no notice containing the key
N00039-25-RFPREQ-PMW/A-170-0277,N00039-25-RFPREQ-PMW/A-170-0277,380,office,explicit,PMW/A-170,pmw:170,LRAE Annex 25!C380; organization_seed.json alias table,requirement-office code matched an alias
N00039-25-RFPREQ-PMA/PMW-101-0075,N00039-25-RFPREQ-PMA/PMW-101-0075,381,contact,explicit,"Nickel, Lindsay",cobs:lrae:pmw-101:nickellindsay,LRAE Annex 25!T381,contracting_poc on the row matches a contact observation for the same office
N00039-25-RFPREQ-PMA/PMW-101-0075,N00039-25-RFPREQ-PMA/PMW-101-0075,381,contact,explicit,"Raigoza, Dominic",cobs:lrae:pmw-101:raigozadominic,LRAE Annex 25!V381,secondary_poc on the row matches a contact observation for the same office
N00039-25-RFPREQ-PMA/PMW-101-0075,N00039-25-RFPREQ-PMA/PMW-101-0075,381,notice,explicit,N00039-25-RFPREQ-PMA/PMW-101-0075,,sha256:3731a98e83552d2298b6cd73fb72beedfa98917d66bdf0099fbb2c01f3f59e4d; sha256:4215625f5c32291a9db914ec07fafbd6147470250cd27c13befc0fc0017fc4dd,SAM.gov search returned no notice containing the key
N00039-25-RFPREQ-PMA/PMW-101-0075,N00039-25-RFPREQ-PMA/PMW-101-0075,381,office,explicit,PMA/PMW-101,pmw:101,LRAE Annex 25!C381; organization_seed.json alias table,requirement-office code matched an alias
N00039-25-RFPREQ-PMA/PMW-101-0077,N00039-25-RFPREQ-PMA/PMW-101-0077,382,contact,explicit,"Bredesen, Editha Y.",cobs:lrae:pmw-101:bredesenedithay,LRAE Annex 25!T382,contracting_poc on the row matches a contact observation for the same office
N00039-25-RFPREQ-PMA/PMW-101-0077,N00039-25-RFPREQ-PMA/PMW-101-0077,382,contact,explicit,"PERAZA, RODRIGO",cobs:lrae:pmw-101:perazarodrigo,LRAE Annex 25!V382,secondary_poc on the row matches a contact observation for the same office
N00039-25-RFPREQ-PMA/PMW-101-0077,N00039-25-RFPREQ-PMA/PMW-101-0077,382,notice,explicit,N00039-25-RFPREQ-PMA/PMW-101-0077,,sha256:525c57765e3573f566c8e879f41665998c3cfb1d518d6178b0364acebbd57fb2; sha256:ab88eb877bd8467c3f4ea2d9db380d0a33db4d86d2b53d11c887bc70491b9065,SAM.gov search returned no notice containing the key
N00039-25-RFPREQ-PMA/PMW-101-0077,N00039-25-RFPREQ-PMA/PMW-101-0077,382,office,explicit,PMA/PMW-101,pmw:101,LRAE Annex 25!C382; organization_seed.json alias table,requirement-office code matched an alias
N00039-25-RFPREQ-PMA/PMW-101-0078,N00039-25-RFPREQ-PMA/PMW-101-0078,383,contact,explicit,"Bredesen, Editha Y.",cobs:lrae:pmw-101:bredesenedithay,LRAE Annex 25!T383,contracting_poc on the row matches a contact observation for the same office
N00039-25-RFPREQ-PMA/PMW-101-0078,N00039-25-RFPREQ-PMA/PMW-101-0078,383,contact,explicit,"PERAZA, RODRIGO",cobs:lrae:pmw-101:perazarodrigo,LRAE Annex 25!V383,secondary_poc on the row matches a contact observation for the same office
N00039-25-RFPREQ-PMA/PMW-101-0078,N00039-25-RFPREQ-PMA/PMW-101-0078,383,notice,explicit,N00039-25-RFPREQ-PMA/PMW-101-0078,,sha256:e18e0a5ab75af56a89eb5fadf56cef90a847ddc7df73aab0ed786ee700e341c8; sha256:85e192c110788535c98f9558763238deb6a1c4c73042e4a07c2a8d54e2f7eefb,SAM.gov search returned no notice containing the key
N00039-25-RFPREQ-PMA/PMW-101-0078,N00039-25-RFPREQ-PMA/PMW-101-0078,383,office,explicit,PMA/PMW-101,pmw:101,LRAE Annex 25!C383; organization_seed.json alias table,requirement-office code matched an alias
N00039-25-RFPREQ-PMW-150-0072,N00039-25-RFPREQ-PMW-150-0072,384,contact,explicit,"Feliu, Maia C.",cobs:lrae:pmw-150:feliumaiac,LRAE Annex 25!V384,secondary_poc on the row matches a contact observation for the same office
N00039-25-RFPREQ-PMW-150-0072,N00039-25-RFPREQ-PMW-150-0072,384,contact,explicit,"Pentzakoff, Anastasia",cobs:lrae:pmw-150:pentzakoffanastasia,LRAE Annex 25!T384,contracting_poc on the row matches a contact observation for the same office
N00039-25-RFPREQ-PMW-150-0072,N00039-25-RFPREQ-PMW-150-0072,384,existing_contract,explicit,N0003921F3016,fpds:N0003921F3016,sha256:f70b13f34957cc6567ab5f109042436a9b65172534293e27332e757e22a9f48b,FPDS entries=10; contracting N00039; funding N00039; vendor BOOZ ALLEN HAMILTON INC.; idv -; first signed 2021-09-15
N00039-25-RFPREQ-PMW-150-0072,N00039-25-RFPREQ-PMW-150-0072,384,existing_contract,explicit,N0017819D7264,fpds:N0017819D7264,sha256:202314b8c6b6fd6bd30bec03aec13fb6df3baf75d5879fe50250a18801104e07,FPDS entries=10; contracting N00178; funding N00178; vendor BOOZ ALLEN HAMILTON INC.; idv -; first signed 2018-12-03
N00039-25-RFPREQ-PMW-150-0072,N00039-25-RFPREQ-PMW-150-0072,384,notice,explicit,N00039-25-RFPREQ-PMW-150-0072,,sha256:48442515628da4d13485e1b538574750739bc88d8e95cb119cbdf4a54ed0041a; sha256:b20d4d1d99aa53fe1f31a1fd658572b6707ee31f19b762452b51f176929889a3,SAM.gov search returned no notice containing the key
N00039-25-RFPREQ-PMW-150-0072,N00039-25-RFPREQ-PMW-150-0072,384,notice,explicit,N0003921F3016,,sha256:a42b9be08abdda29d44ae3d37e40871176eeaf5827cab83f454b2b80a84101d1; sha256:ad0817c7d43a7a849671919c483a1638be94c356091477c0944b3553877a3661,SAM.gov search returned no notice containing the key
N00039-25-RFPREQ-PMW-150-0072,N00039-25-RFPREQ-PMW-150-0072,384,notice,explicit,N0017819D7264,,sha256:479a4af4e997b8b580bb7bcb4ce96a267bc444c2522f6c41f29115a9ff09a231; sha256:d3753c0612eafda23b7c29112df20ce42a793bfdf3cb69119830d3301e58f906,SAM.gov search returned no notice containing the key
N00039-25-RFPREQ-PMW-150-0072,N00039-25-RFPREQ-PMW-150-0072,384,office,explicit,PMW-150,pmw:150,LRAE Annex 25!C384; organization_seed.json alias table,requirement-office code matched an alias
N00039-25-RFPREQ-PMW-740-0029,N00039-25-RFPREQ-PMW-740-0029,385,contact,explicit,"Ellis, Kimberly",cobs:lrae:pmw-740:elliskimberly,LRAE Annex 25!V385,secondary_poc on the row matches a contact observation for the same office
N00039-25-RFPREQ-PMW-740-0029,N00039-25-RFPREQ-PMW-740-0029,385,contact,explicit,"White, Kristin",cobs:lrae:pmw-740:whitekristin,LRAE Annex 25!T385,contracting_poc on the row matches a contact observation for the same office
N00039-25-RFPREQ-PMW-740-0029,N00039-25-RFPREQ-PMW-740-0029,385,notice,explicit,N00039-25-RFPREQ-PMW-740-0029,,sha256:23ae3b8e1b187e8c563db4e8d9b61a2816d4db92582d8895c7ce2ba22f093493; sha256:fafd4d9b8cb95b411f1ad8a9d9a48484cb3eb7a8a35715069e5e7cc4aac37b67,SAM.gov search returned no notice containing the key
N00039-25-RFPREQ-PMW-740-0029,N00039-25-RFPREQ-PMW-740-0029,385,office,explicit,PMW-740,pmw:740,LRAE Annex 25!C385; organization_seed.json alias table,requirement-office code matched an alias
N00039-25-RFPREQ-PMW-160-0068,N00039-25-RFPREQ-PMW-160-0068,390,contact,explicit,"ROCHE, PETER J.",cobs:lrae:pmw-160:rochepeterj,LRAE Annex 25!V390,secondary_poc on the row matches a contact observation for the same office
N00039-25-RFPREQ-PMW-160-0068,N00039-25-RFPREQ-PMW-160-0068,390,contact,explicit,"Wiker, Susana",cobs:lrae:pmw-160:wikersusana,LRAE Annex 25!T390,contracting_poc on the row matches a contact observation for the same office
N00039-25-RFPREQ-PMW-160-0068,N00039-25-RFPREQ-PMW-160-0068,390,notice,explicit,N00039-25-RFPREQ-PMW-160-0068,,sha256:871dc2b7f988d7a90e4d491b09a731e666327899761a4c3d0d16ba20653a7f86; sha256:c25824958b3fdc570b7d3b7aee8ae3642f9ee42017aff4239bb5231881d1aa50,SAM.gov search returned no notice containing the key
N00039-25-RFPREQ-PMW-160-0068,N00039-25-RFPREQ-PMW-160-0068,390,office,explicit,PMW-160,pmw:160,LRAE Annex 25!C390; organization_seed.json alias table,requirement-office code matched an alias
N00039-25-RFPREQ-PMW/A-170-0307,N00039-25-RFPREQ-PMW/A-170-0307,391,contact,explicit,"REYES, MARC",cobs:lrae:pmw-170:reyesmarc,LRAE Annex 25!V391,secondary_poc on the row matches a contact observation for the same office
N00039-25-RFPREQ-PMW/A-170-0307,N00039-25-RFPREQ-PMW/A-170-0307,391,contact,explicit,"Ward, Julie",cobs:lrae:pmw-170:wardjulie,LRAE Annex 25!T391,contracting_poc on the row matches a contact observation for the same office
N00039-25-RFPREQ-PMW/A-170-0307,N00039-25-RFPREQ-PMW/A-170-0307,391,notice,explicit,N00039-25-RFPREQ-PMW/A-170-0307,,sha256:8f9e1130fbe6b19c0c463b94400d4931dfa557f5ce0e6c0fb6ce5e21ae86005c; sha256:9627121770755fdb0fbf9cb278e7a289ea88aea57d4cd74353a0feb91543b37b,SAM.gov search returned no notice containing the key
N00039-25-RFPREQ-PMW/A-170-0307,N00039-25-RFPREQ-PMW/A-170-0307,391,office,explicit,PMW/A-170,pmw:170,LRAE Annex 25!C391; organization_seed.json alias table,requirement-office code matched an alias
N00039-25-RFPREQ-PMW/A-170-0302,N00039-25-RFPREQ-PMW/A-170-0302,394,contact,explicit,"Erickson, Blake",cobs:lrae:pmw-170:ericksonblake,LRAE Annex 25!V394,secondary_poc on the row matches a contact observation for the same office
N00039-25-RFPREQ-PMW/A-170-0302,N00039-25-RFPREQ-PMW/A-170-0302,394,contact,explicit,"Murr, Christopher",cobs:lrae:pmw-170:murrchristopher,LRAE Annex 25!T394,contracting_poc on the row matches a contact observation for the same office
N00039-25-RFPREQ-PMW/A-170-0302,N00039-25-RFPREQ-PMW/A-170-0302,394,notice,explicit,N00039-25-RFPREQ-PMW/A-170-0302,,sha256:9909930695ee0ce2c137692223c593699fcc6efc18fec4bf5a087f2a871fd0f8; sha256:58666c8f29952b09e278b97da55384a198059587aa3d00f9933df2ddc7f2693d,SAM.gov search returned no notice containing the key
N00039-25-RFPREQ-PMW/A-170-0302,N00039-25-RFPREQ-PMW/A-170-0302,394,office,explicit,PMW/A-170,pmw:170,LRAE Annex 25!C394; organization_seed.json alias table,requirement-office code matched an alias
N00039-25-RFPREQ-PMW/A-170-0304,N00039-25-RFPREQ-PMW/A-170-0304,395,contact,explicit,"Erickson, Blake",cobs:lrae:pmw-170:ericksonblake,LRAE Annex 25!V395,secondary_poc on the row matches a contact observation for the same office
N00039-25-RFPREQ-PMW/A-170-0304,N00039-25-RFPREQ-PMW/A-170-0304,395,contact,explicit,"Murr, Christopher",cobs:lrae:pmw-170:murrchristopher,LRAE Annex 25!T395,contracting_poc on the row matches a contact observation for the same office
N00039-25-RFPREQ-PMW/A-170-0304,N00039-25-RFPREQ-PMW/A-170-0304,395,notice,explicit,N00039-25-RFPREQ-PMW/A-170-0304,,sha256:2cf0a36c1f80de1ebc79fc6a25964f27275db5748a1e9c48d64445730b9313d1; sha256:1406ba22c2853defa0cfad31012aaebe664cbfc9f1650f2823fcbcea4e107638,SAM.gov search returned no notice containing the key
N00039-25-RFPREQ-PMW/A-170-0304,N00039-25-RFPREQ-PMW/A-170-0304,395,office,explicit,PMW/A-170,pmw:170,LRAE Annex 25!C395; organization_seed.json alias table,requirement-office code matched an alias
N00039-25-RFPREQ-PMA/PMW-101-0096,N00039-25-RFPREQ-PMA/PMW-101-0096,398,contact,explicit,"Gonzales, Joseph",cobs:lrae:pmw-101:gonzalesjoseph,LRAE Annex 25!T398,contracting_poc on the row matches a contact observation for the same office
N00039-25-RFPREQ-PMA/PMW-101-0096,N00039-25-RFPREQ-PMA/PMW-101-0096,398,contact,explicit,"Poncefeliu, Patricia",cobs:lrae:pmw-101:poncefeliupatricia,LRAE Annex 25!V398,secondary_poc on the row matches a contact observation for the same office
N00039-25-RFPREQ-PMA/PMW-101-0096,N00039-25-RFPREQ-PMA/PMW-101-0096,398,notice,explicit,N00039-25-RFPREQ-PMA/PMW-101-0096,,sha256:dbbd7ca831e6d1f7a167af7caff0c2292be1bab51db65f95dc88662d93bee507; sha256:72028e6dd47ef46947cacbce0d43eef748b7ce5b861c0e9042125639754b32d4,SAM.gov search returned no notice containing the key
N00039-25-RFPREQ-PMA/PMW-101-0096,N00039-25-RFPREQ-PMA/PMW-101-0096,398,office,explicit,PMA/PMW-101,pmw:101,LRAE Annex 25!C398; organization_seed.json alias table,requirement-office code matched an alias
N00039-25-RFPREQ-PMW-770-0034,N00039-25-RFPREQ-PMW-770-0034,399,contact,explicit,"Ferlo, Michael",cobs:lrae:pmw-770:ferlomichael,LRAE Annex 25!V399,secondary_poc on the row matches a contact observation for the same office
N00039-25-RFPREQ-PMW-770-0034,N00039-25-RFPREQ-PMW-770-0034,399,contact,explicit,"Nickel, Kenneth",cobs:lrae:pmw-770:nickelkenneth,LRAE Annex 25!T399,contracting_poc on the row matches a contact observation for the same office
N00039-25-RFPREQ-PMW-770-0034,N00039-25-RFPREQ-PMW-770-0034,399,notice,explicit,N00039-25-RFPREQ-PMW-770-0034,,sha256:1012e24d5dd169f8a72e13eb1e5afb519204ca7e69bfe80323e0d6caf068d4ef; sha256:e4a302fb5bf73b47c6b28dce41572b9a7f420246cee8dbe0e0a129e702c8a62b,SAM.gov search returned no notice containing the key
N00039-25-RFPREQ-PMW-770-0034,N00039-25-RFPREQ-PMW-770-0034,399,office,explicit,PMW-770,pmw:770,LRAE Annex 25!C399; organization_seed.json alias table,requirement-office code matched an alias
N00039-25-RFPREQ-PMW-150-0102,N00039-25-RFPREQ-PMW-150-0102,401,contact,explicit,"CONRAD, RYAN S.",cobs:lrae:pmw-150:conradryans,LRAE Annex 25!V401,secondary_poc on the row matches a contact observation for the same office
N00039-25-RFPREQ-PMW-150-0102,N00039-25-RFPREQ-PMW-150-0102,401,contact,explicit,"Murr, Sarah",cobs:lrae:pmw-150:murrsarah,LRAE Annex 25!T401,contracting_poc on the row matches a contact observation for the same office
N00039-25-RFPREQ-PMW-150-0102,N00039-25-RFPREQ-PMW-150-0102,401,notice,explicit,N00039-25-RFPREQ-PMW-150-0102,,sha256:660a786b9df5b8630f8cc0e7532e63d2bd5f23ca9548e51c35e304426139e148; sha256:4731012d2d09df57e9374f5112b23650e3e50f0a303b1fd8862b68fcab6fff79,SAM.gov search returned no notice containing the key
N00039-25-RFPREQ-PMW-150-0102,N00039-25-RFPREQ-PMW-150-0102,401,office,explicit,PMW-150,pmw:150,LRAE Annex 25!C401; organization_seed.json alias table,requirement-office code matched an alias
N00039-25-RFPREQ-PMW-150-0128,N00039-25-RFPREQ-PMW-150-0128,402,contact,explicit,"CONRAD, RYAN S.",cobs:lrae:pmw-150:conradryans,LRAE Annex 25!V402,secondary_poc on the row matches a contact observation for the same office
N00039-25-RFPREQ-PMW-150-0128,N00039-25-RFPREQ-PMW-150-0128,402,contact,explicit,"Murr, Sarah",cobs:lrae:pmw-150:murrsarah,LRAE Annex 25!T402,contracting_poc on the row matches a contact observation for the same office
N00039-25-RFPREQ-PMW-150-0128,N00039-25-RFPREQ-PMW-150-0128,402,notice,explicit,N00039-25-RFPREQ-PMW-150-0128,,sha256:23855baa7a8d2c185f01de5138b6afe156dee9f6c619362e4780dcd5d817adc7; sha256:92dd514f5fff3674108806a7331346d3d2e18425381324651f4b29b05990288c,SAM.gov search returned no notice containing the key
N00039-25-RFPREQ-PMW-150-0128,N00039-25-RFPREQ-PMW-150-0128,402,office,explicit,PMW-150,pmw:150,LRAE Annex 25!C402; organization_seed.json alias table,requirement-office code matched an alias
N00039-25-RFPREQ-PMW-150-0129,N00039-25-RFPREQ-PMW-150-0129,403,contact,explicit,"CONRAD, RYAN S.",cobs:lrae:pmw-150:conradryans,LRAE Annex 25!V403,secondary_poc on the row matches a contact observation for the same office
N00039-25-RFPREQ-PMW-150-0129,N00039-25-RFPREQ-PMW-150-0129,403,contact,explicit,"Murr, Sarah",cobs:lrae:pmw-150:murrsarah,LRAE Annex 25!T403,contracting_poc on the row matches a contact observation for the same office
N00039-25-RFPREQ-PMW-150-0129,N00039-25-RFPREQ-PMW-150-0129,403,notice,explicit,N00039-25-RFPREQ-PMW-150-0129,,sha256:9960911cc748150720958c8ab05b3efa8b8389b794d3e108a336523ced85a46f; sha256:60200614454b89a7c2f8ba5a5835e13dd09882e4672d69d43a612e606e4f7c30,SAM.gov search returned no notice containing the key
N00039-25-RFPREQ-PMW-150-0129,N00039-25-RFPREQ-PMW-150-0129,403,office,explicit,PMW-150,pmw:150,LRAE Annex 25!C403; organization_seed.json alias table,requirement-office code matched an alias
N00039-25-RFPREQ-C4IEXEC-0014,N00039-25-RFPREQ-C4IEXEC-0014,404,contact,explicit,"Ashley, Megan",cobs:lrae:peo-c4i:ashleymegan,LRAE Annex 25!V404,secondary_poc on the row matches a contact observation for the same office
N00039-25-RFPREQ-C4IEXEC-0014,N00039-25-RFPREQ-C4IEXEC-0014,404,contact,explicit,"Odonnell, Brian",cobs:lrae:peo-c4i:odonnellbrian,LRAE Annex 25!T404,contracting_poc on the row matches a contact observation for the same office
N00039-25-RFPREQ-C4IEXEC-0014,N00039-25-RFPREQ-C4IEXEC-0014,404,existing_contract,explicit,N0003921F3014,fpds:N0003921F3014,sha256:55495daa1a6b931bd0389f2ec2ebde750760402a6dcbcbe513b4ebcaeaacdd00,FPDS entries=10; contracting N00039; funding N00039; vendor XST INC.; idv -; first signed 2021-08-03
N00039-25-RFPREQ-C4IEXEC-0014,N00039-25-RFPREQ-C4IEXEC-0014,404,existing_contract,explicit,N0017819D8856,fpds:N0017819D8856,sha256:1ff5a045e8af1c83d3137354df9fd190f8cfe6286085b415214e7b9aa708ceba,FPDS entries=10; contracting N00178; funding N00178; vendor XST INC.; idv -; first signed 2018-12-03
N00039-25-RFPREQ-C4IEXEC-0014,N00039-25-RFPREQ-C4IEXEC-0014,404,notice,explicit,N00039-25-RFPREQ-C4IEXEC-0014,,sha256:d39684808b390f16cb720240d850cc8508adb9449c2f482ff80e75d3cc7f0ab5; sha256:3575c50f25689ad4ba8a14ed082d5f7aac5da80e6791b51a986a15da7f0f3f8b,SAM.gov search returned no notice containing the key
N00039-25-RFPREQ-C4IEXEC-0014,N00039-25-RFPREQ-C4IEXEC-0014,404,notice,explicit,N0003921F3014,,sha256:47f118132378622e3b57c0cf0b42c892052e1dacd028962bd4fec011c1d7ae73; sha256:0d2182aa3dd4f049ef21d783f72d59c1f3266db5ccd58f7c6521a56501228450,SAM.gov search returned no notice containing the key
N00039-25-RFPREQ-C4IEXEC-0014,N00039-25-RFPREQ-C4IEXEC-0014,404,notice,explicit,N0017819D8856,,sha256:f0d7fa1ebb200da4fff8b8ccdb874ffe137ef7beca7a23286a4acd37a0b7baa2; sha256:0efc4c520f8abcd91651971e8c7ad7f16b870a2044cb4f17a492211ed8daa3f7,SAM.gov search returned no notice containing the key
N00039-25-RFPREQ-C4IEXEC-0014,N00039-25-RFPREQ-C4IEXEC-0014,404,notice,inferred,N00039-25-RFPREQ-C4IEXEC-0014,attribution:EX17,attribution_examples.json EX17,"forecast row linked to award N0003921F3014 by office, title and existing contract; 0 SAM.gov notice(s) cited on that award; evidence class directly_documented"
N00039-25-RFPREQ-C4IEXEC-0014,N00039-25-RFPREQ-C4IEXEC-0014,404,office,explicit,C4IEXEC,peo:c4i,LRAE Annex 25!C404; organization_seed.json alias table,requirement-office code matched an alias
N00039-25-RFPREQ-PMA/PMW-101-0103,N00039-25-RFPREQ-PMA/PMW-101-0103,405,contact,explicit,"Gonzales, Joseph",cobs:lrae:pmw-101:gonzalesjoseph,LRAE Annex 25!V405,secondary_poc on the row matches a contact observation for the same office
N00039-25-RFPREQ-PMA/PMW-101-0103,N00039-25-RFPREQ-PMA/PMW-101-0103,405,contact,explicit,"Poncefeliu, Patricia",cobs:lrae:pmw-101:poncefeliupatricia,LRAE Annex 25!T405,contracting_poc on the row matches a contact observation for the same office
N00039-25-RFPREQ-PMA/PMW-101-0103,N00039-25-RFPREQ-PMA/PMW-101-0103,405,notice,explicit,N00039-25-RFPREQ-PMA/PMW-101-0103,,sha256:47b7ddcbc07f59e6fc9cfb6c0ee4dc2d6dbcaacfb843fb99900d31b66a1dd5a5; sha256:4d50089bb7d0d5efcff3e3ac7f33e45f7ae14c4a60220a83442501bb8b02c8bd,SAM.gov search returned no notice containing the key
N00039-25-RFPREQ-PMA/PMW-101-0103,N00039-25-RFPREQ-PMA/PMW-101-0103,405,office,explicit,PMA/PMW-101,pmw:101,LRAE Annex 25!C405; organization_seed.json alias table,requirement-office code matched an alias
N00039-25-RFPREQ-PMW-130-0026,N00039-25-RFPREQ-PMW-130-0026,407,contact,explicit,"Khalife, Rema",cobs:lrae:pmw-130:khaliferema,LRAE Annex 25!T407,contracting_poc on the row matches a contact observation for the same office
N00039-25-RFPREQ-PMW-130-0026,N00039-25-RFPREQ-PMW-130-0026,407,contact,explicit,"Tsui, Yvette",cobs:lrae:pmw-130:tsuiyvette,LRAE Annex 25!V407,secondary_poc on the row matches a contact observation for the same office
N00039-25-RFPREQ-PMW-130-0026,N00039-25-RFPREQ-PMW-130-0026,407,notice,explicit,N00039-25-RFPREQ-PMW-130-0026,,sha256:1bcf52d5956519eb7d941866fa8eb3d6f333c39f6322d1d0b79cb76449c19b61; sha256:698d6a9b3ad046b3998e6b1b27f8bd6cd85f53680cd4c05a3c88258dd43c9025,SAM.gov search returned no notice containing the key
N00039-25-RFPREQ-PMW-130-0026,N00039-25-RFPREQ-PMW-130-0026,407,office,explicit,PMW-130,pmw:130,LRAE Annex 25!C407; organization_seed.json alias table,requirement-office code matched an alias
N00039-25-RFPREQ-PMW-160-0103,N00039-25-RFPREQ-PMW-160-0103,408,contact,explicit,"ROCHE, PETER J.",cobs:lrae:pmw-160:rochepeterj,LRAE Annex 25!V408,secondary_poc on the row matches a contact observation for the same office
N00039-25-RFPREQ-PMW-160-0103,N00039-25-RFPREQ-PMW-160-0103,408,contact,explicit,"Wiker, Susana",cobs:lrae:pmw-160:wikersusana,LRAE Annex 25!T408,contracting_poc on the row matches a contact observation for the same office
N00039-25-RFPREQ-PMW-160-0103,N00039-25-RFPREQ-PMW-160-0103,408,notice,explicit,N00039-25-RFPREQ-PMW-160-0103,,sha256:ab75f86ab14f3651eb18fc1f355cc1e190b9a8a14be1ae5c29fcc6b88f2b9dc2; sha256:e1237eb70e08f6c20654b1555b8fe2e7191e8a97a1e1e906fc62c78e01c06aa6,SAM.gov search returned no notice containing the key
N00039-25-RFPREQ-PMW-160-0103,N00039-25-RFPREQ-PMW-160-0103,408,office,explicit,PMW-160,pmw:160,LRAE Annex 25!C408; organization_seed.json alias table,requirement-office code matched an alias
N00039-25-RFPREQ-PMW/A-170-0334,N00039-25-RFPREQ-PMW/A-170-0334,409,contact,explicit,"BECKER, STEFFANY A.",cobs:lrae:pmw-170:beckersteffanya,LRAE Annex 25!V409,secondary_poc on the row matches a contact observation for the same office
N00039-25-RFPREQ-PMW/A-170-0334,N00039-25-RFPREQ-PMW/A-170-0334,409,contact,explicit,"Ward, Julie",cobs:lrae:pmw-170:wardjulie,LRAE Annex 25!T409,contracting_poc on the row matches a contact observation for the same office
N00039-25-RFPREQ-PMW/A-170-0334,N00039-25-RFPREQ-PMW/A-170-0334,409,existing_contract,explicit,N0003914C00041,,LRAE Annex 25!O409,no contract identifier pattern recognised in the cell
N00039-25-RFPREQ-PMW/A-170-0334,N00039-25-RFPREQ-PMW/A-170-0334,409,notice,explicit,N00039-25-RFPREQ-PMW/A-170-0334,,sha256:64e23966a01aa9c6bb8add148a360bc74a21c46a6c0c4b78df56ff1ccb89722e; sha256:6b0c6b49fb2fafd278d7dedffb2c6a727afed9300c0d218807f999feb8f7ff20,SAM.gov search returned no notice containing the key
N00039-25-RFPREQ-PMW/A-170-0334,N00039-25-RFPREQ-PMW/A-170-0334,409,office,explicit,PMW/A-170,pmw:170,LRAE Annex 25!C409; organization_seed.json alias table,requirement-office code matched an alias
N00039-25-RFPREQ-PMW-740-0040,N00039-25-RFPREQ-PMW-740-0040,411,contact,explicit,"White, Kristin",cobs:lrae:pmw-740:whitekristin,LRAE Annex 25!T411,contracting_poc on the row matches a contact observation for the same office
N00039-25-RFPREQ-PMW-740-0040,N00039-25-RFPREQ-PMW-740-0040,411,notice,explicit,N00039-25-RFPREQ-PMW-740-0040,,sha256:2b86744dca35c371650214b934d8caf0e7a45fa43d6c17fb6cc1f2ea9ffdaa0a; sha256:68ba39ca0b8a2e682c093eec6195a979f0e18cd33bf4b2075f32e2ce2126070f,SAM.gov search returned no notice containing the key
N00039-25-RFPREQ-PMW-740-0040,N00039-25-RFPREQ-PMW-740-0040,411,office,explicit,PMW-740,pmw:740,LRAE Annex 25!C411; organization_seed.json alias table,requirement-office code matched an alias
N00039-25-RFPREQ-PMW-750-0037,N00039-25-RFPREQ-PMW-750-0037,413,contact,explicit,"Griffin, Brian",cobs:lrae:pmw-750:griffinbrian,LRAE Annex 25!T413,contracting_poc on the row matches a contact observation for the same office
N00039-25-RFPREQ-PMW-750-0037,N00039-25-RFPREQ-PMW-750-0037,413,notice,explicit,N00039-25-RFPREQ-PMW-750-0037,,sha256:4cf8885922e156aee2b84e1b464a934c4e166f816559dad8a19b5d1e9a784401; sha256:805692365f4ec58782ce2728158088c48625d5b5d52b33f13eb4336f286671c4,SAM.gov search returned no notice containing the key
N00039-25-RFPREQ-PMW-750-0037,N00039-25-RFPREQ-PMW-750-0037,413,office,explicit,PMW-750,pmw:750,LRAE Annex 25!C413; organization_seed.json alias table,requirement-office code matched an alias
N00039-25-RFPREQ-PMW/A-170-0342,N00039-25-RFPREQ-PMW/A-170-0342,415,contact,explicit,"DANIELS, JESSICA",cobs:lrae:pmw-170:danielsjessica,LRAE Annex 25!T415,contracting_poc on the row matches a contact observation for the same office
N00039-25-RFPREQ-PMW/A-170-0342,N00039-25-RFPREQ-PMW/A-170-0342,415,contact,explicit,"REYES, MARC",cobs:lrae:pmw-170:reyesmarc,LRAE Annex 25!V415,secondary_poc on the row matches a contact observation for the same office
N00039-25-RFPREQ-PMW/A-170-0342,N00039-25-RFPREQ-PMW/A-170-0342,415,notice,explicit,N00039-25-RFPREQ-PMW/A-170-0342,,sha256:f6a07d993ceda690d8266b1fcc1cc4b9735b7e9827fee0e02f865b276a72c975; sha256:dfb25dc4e7789c304db389f36820a9fff091ae26e3d1e45c54e6a9f88ca98fb6,SAM.gov search returned no notice containing the key
N00039-25-RFPREQ-PMW/A-170-0342,N00039-25-RFPREQ-PMW/A-170-0342,415,office,explicit,PMW/A-170,pmw:170,LRAE Annex 25!C415; organization_seed.json alias table,requirement-office code matched an alias
N00039-25-RFPREQ-PMW-750-0034,N00039-25-RFPREQ-PMW-750-0034,417,contact,explicit,"Griffin, Brian",cobs:lrae:pmw-750:griffinbrian,LRAE Annex 25!T417,contracting_poc on the row matches a contact observation for the same office
N00039-25-RFPREQ-PMW-750-0034,N00039-25-RFPREQ-PMW-750-0034,417,contact,explicit,"Griffin, Brian",cobs:lrae:pmw-750:griffinbrian,LRAE Annex 25!V417,secondary_poc on the row matches a contact observation for the same office
N00039-25-RFPREQ-PMW-750-0034,N00039-25-RFPREQ-PMW-750-0034,417,notice,explicit,N00039-25-RFPREQ-PMW-750-0034,,sha256:8a64ad3f4140ea404dba48465d21c1936dff4da22afe1adfbfda8b6694cdc085; sha256:ff3150b6a569aa960cd4807165be6e1dde094c051f6d9f9add7f46e524f110ae,SAM.gov search returned no notice containing the key
N00039-25-RFPREQ-PMW-750-0034,N00039-25-RFPREQ-PMW-750-0034,417,office,explicit,PMW-750,pmw:750,LRAE Annex 25!C417; organization_seed.json alias table,requirement-office code matched an alias
N00039-25-RFPREQ-PMW/A-170-0343,N00039-25-RFPREQ-PMW/A-170-0343,418,contact,explicit,"ERICKSON, DAYNA",cobs:lrae:pmw-170:ericksondayna,LRAE Annex 25!V418,secondary_poc on the row matches a contact observation for the same office
N00039-25-RFPREQ-PMW/A-170-0343,N00039-25-RFPREQ-PMW/A-170-0343,418,contact,explicit,"Holtet, Alexander",cobs:lrae:pmw-170:holtetalexander,LRAE Annex 25!T418,contracting_poc on the row matches a contact observation for the same office
N00039-25-RFPREQ-PMW/A-170-0343,N00039-25-RFPREQ-PMW/A-170-0343,418,notice,explicit,N00039-25-RFPREQ-PMW/A-170-0343,,sha256:cd0bc931e1a019fd311e634cf23b0d0eaec0d781cc044bc3ef650ff41f1778ef; sha256:04656505324034dae409522084c2235504e165151d804eaaf6e6ce5538d738ad,SAM.gov search returned no notice containing the key
N00039-25-RFPREQ-PMW/A-170-0343,N00039-25-RFPREQ-PMW/A-170-0343,418,office,explicit,PMW/A-170,pmw:170,LRAE Annex 25!C418; organization_seed.json alias table,requirement-office code matched an alias
N00039-25-RFPREQ-PMW-160-0110,N00039-25-RFPREQ-PMW-160-0110,421,contact,explicit,"KROKEE, JOHN",cobs:lrae:pmw-160:krokeejohn,LRAE Annex 25!T421,contracting_poc on the row matches a contact observation for the same office
N00039-25-RFPREQ-PMW-160-0110,N00039-25-RFPREQ-PMW-160-0110,421,contact,explicit,"ROCHE, PETER J.",cobs:lrae:pmw-160:rochepeterj,LRAE Annex 25!V421,secondary_poc on the row matches a contact observation for the same office
N00039-25-RFPREQ-PMW-160-0110,N00039-25-RFPREQ-PMW-160-0110,421,notice,explicit,N00039-25-RFPREQ-PMW-160-0110,,sha256:01b91cb6d28a2bd935779207603dd66bcc4fa3ff56c1b8aac504d9603a32c8bd; sha256:684180f6d45a8ecb662d36f129182e7b0347f7d4df3f464432787bafdc641dbc,SAM.gov search returned no notice containing the key
N00039-25-RFPREQ-PMW-160-0110,N00039-25-RFPREQ-PMW-160-0110,421,office,explicit,PMW-160,pmw:160,LRAE Annex 25!C421; organization_seed.json alias table,requirement-office code matched an alias
N00039-25-RFPREQ-PMW/A-170-0346,N00039-25-RFPREQ-PMW/A-170-0346,422,contact,explicit,"ERICKSON, DAYNA",cobs:lrae:pmw-170:ericksondayna,LRAE Annex 25!V422,secondary_poc on the row matches a contact observation for the same office
N00039-25-RFPREQ-PMW/A-170-0346,N00039-25-RFPREQ-PMW/A-170-0346,422,contact,explicit,"Holtet, Alexander",cobs:lrae:pmw-170:holtetalexander,LRAE Annex 25!T422,contracting_poc on the row matches a contact observation for the same office
N00039-25-RFPREQ-PMW/A-170-0346,N00039-25-RFPREQ-PMW/A-170-0346,422,notice,explicit,N00039-25-RFPREQ-PMW/A-170-0346,,sha256:03520ce622c602a0e268ce2f5f963ef0528c6e6300fe8166a818c3397f9fa79b; sha256:d87eac953d1d921d4cc5254123048d24977348d539ae7e8112de6ccf25195aa6,SAM.gov search returned no notice containing the key
N00039-25-RFPREQ-PMW/A-170-0346,N00039-25-RFPREQ-PMW/A-170-0346,422,office,explicit,PMW/A-170,pmw:170,LRAE Annex 25!C422; organization_seed.json alias table,requirement-office code matched an alias
N00039-26-RFPREQ-PMW-790-0022,N00039-26-RFPREQ-PMW-790-0022,423,contact,explicit,"GONZALES, ALAN",cobs:lrae:pmw-790:gonzalesalan,LRAE Annex 25!V423,secondary_poc on the row matches a contact observation for the same office
N00039-26-RFPREQ-PMW-790-0022,N00039-26-RFPREQ-PMW-790-0022,423,contact,explicit,"Odonnell, Brian",cobs:lrae:pmw-790:odonnellbrian,LRAE Annex 25!T423,contracting_poc on the row matches a contact observation for the same office
N00039-26-RFPREQ-PMW-790-0022,N00039-26-RFPREQ-PMW-790-0022,423,notice,explicit,N00039-26-RFPREQ-PMW-790-0022,,sha256:acacd251f9b8b83b90215af79d3e8c20f94618581cca87a2e9404cea24b77873; sha256:59b12e7383a9da4b943b15412b40e5878670a1c471fab3cca4f97f1e5882c101,SAM.gov search returned no notice containing the key
N00039-26-RFPREQ-PMW-790-0022,N00039-26-RFPREQ-PMW-790-0022,423,office,explicit,PMW-790,pmw:790,LRAE Annex 25!C423; organization_seed.json alias table,requirement-office code matched an alias
N00039-25-RFPREQ-PMW-150-0120,N00039-25-RFPREQ-PMW-150-0120,424,contact,explicit,"CONRAD, RYAN S.",cobs:lrae:pmw-150:conradryans,LRAE Annex 25!T424,contracting_poc on the row matches a contact observation for the same office
N00039-25-RFPREQ-PMW-150-0120,N00039-25-RFPREQ-PMW-150-0120,424,contact,explicit,"Papet, Marissa",cobs:lrae:pmw-150:papetmarissa,LRAE Annex 25!V424,secondary_poc on the row matches a contact observation for the same office
N00039-25-RFPREQ-PMW-150-0120,N00039-25-RFPREQ-PMW-150-0120,424,notice,explicit,N00039-25-RFPREQ-PMW-150-0120,,sha256:1f5ba66cf8d2d863c37c0facb720a21dbd71391ac1f2cfcffb11b8cd26203b8b; sha256:e3f6ff5bbdb5d3c6b50c9014067b74ffba98b825be3ed0bb75fca8a8eabdbe1d,SAM.gov search returned no notice containing the key
N00039-25-RFPREQ-PMW-150-0120,N00039-25-RFPREQ-PMW-150-0120,424,office,explicit,PMW-150,pmw:150,LRAE Annex 25!C424; organization_seed.json alias table,requirement-office code matched an alias
N00039-25-RFPREQ-PMW-150-0119,N00039-25-RFPREQ-PMW-150-0119,425,contact,explicit,"CONRAD, RYAN S.",cobs:lrae:pmw-150:conradryans,LRAE Annex 25!T425,contracting_poc on the row matches a contact observation for the same office
N00039-25-RFPREQ-PMW-150-0119,N00039-25-RFPREQ-PMW-150-0119,425,contact,explicit,"Papet, Marissa",cobs:lrae:pmw-150:papetmarissa,LRAE Annex 25!V425,secondary_poc on the row matches a contact observation for the same office
N00039-25-RFPREQ-PMW-150-0119,N00039-25-RFPREQ-PMW-150-0119,425,notice,explicit,N00039-25-RFPREQ-PMW-150-0119,,sha256:5eede305cf84a353407982f7d3832cbfa346ffa753334307f31b6b9bb8afb50c; sha256:648e142dfccd424119d7d56c8bbd22cd6e8b866a9f82176bef43a8a406ea3b57,SAM.gov search returned no notice containing the key
N00039-25-RFPREQ-PMW-150-0119,N00039-25-RFPREQ-PMW-150-0119,425,office,explicit,PMW-150,pmw:150,LRAE Annex 25!C425; organization_seed.json alias table,requirement-office code matched an alias
N00039-25-RFPREQ-PMW-150-0133,N00039-25-RFPREQ-PMW-150-0133,427,contact,explicit,"CONRAD, RYAN S.",cobs:lrae:pmw-150:conradryans,LRAE Annex 25!V427,secondary_poc on the row matches a contact observation for the same office
N00039-25-RFPREQ-PMW-150-0133,N00039-25-RFPREQ-PMW-150-0133,427,contact,explicit,"Murr, Sarah",cobs:lrae:pmw-150:murrsarah,LRAE Annex 25!T427,contracting_poc on the row matches a contact observation for the same office
N00039-25-RFPREQ-PMW-150-0133,N00039-25-RFPREQ-PMW-150-0133,427,notice,explicit,N00039-25-RFPREQ-PMW-150-0133,,sha256:299693517b4320f6a627a2640c27d23d3cbb6b6475373aeee12bc5589e12b4b9; sha256:8e5ef5688de863e4c179b616f49c13b9691b3405a09a645911057316a2531e01,SAM.gov search returned no notice containing the key
N00039-25-RFPREQ-PMW-150-0133,N00039-25-RFPREQ-PMW-150-0133,427,office,explicit,PMW-150,pmw:150,LRAE Annex 25!C427; organization_seed.json alias table,requirement-office code matched an alias
N00039-25-RFPREQ-PMW-150-0134,N00039-25-RFPREQ-PMW-150-0134,428,contact,explicit,"CONRAD, RYAN S.",cobs:lrae:pmw-150:conradryans,LRAE Annex 25!V428,secondary_poc on the row matches a contact observation for the same office
N00039-25-RFPREQ-PMW-150-0134,N00039-25-RFPREQ-PMW-150-0134,428,contact,explicit,"Murr, Sarah",cobs:lrae:pmw-150:murrsarah,LRAE Annex 25!T428,contracting_poc on the row matches a contact observation for the same office
N00039-25-RFPREQ-PMW-150-0134,N00039-25-RFPREQ-PMW-150-0134,428,notice,explicit,N00039-25-RFPREQ-PMW-150-0134,,sha256:01c36154b4785e78161e039e4491a8da4d28db6d574d6bf4b5cae416ded7f76d; sha256:2802846c197fcec2f1a3edc8d767e7269ec68175939346c5ff13632254498fee,SAM.gov search returned no notice containing the key
N00039-25-RFPREQ-PMW-150-0134,N00039-25-RFPREQ-PMW-150-0134,428,office,explicit,PMW-150,pmw:150,LRAE Annex 25!C428; organization_seed.json alias table,requirement-office code matched an alias
N00039-25-RFPREQ-PMA/PMW-101-0129,N00039-25-RFPREQ-PMA/PMW-101-0129,429,contact,explicit,"Nickel, Lindsay",cobs:lrae:pmw-101:nickellindsay,LRAE Annex 25!T429,contracting_poc on the row matches a contact observation for the same office
N00039-25-RFPREQ-PMA/PMW-101-0129,N00039-25-RFPREQ-PMA/PMW-101-0129,429,contact,explicit,"Raigoza, Dominic",cobs:lrae:pmw-101:raigozadominic,LRAE Annex 25!V429,secondary_poc on the row matches a contact observation for the same office
N00039-25-RFPREQ-PMA/PMW-101-0129,N00039-25-RFPREQ-PMA/PMW-101-0129,429,existing_contract,explicit,N0003920D0057,fpds:N0003920D0057,sha256:c3e4025f2ac213388816d2705b59e2331b2efde6f1611dbcddf276e49e479618,FPDS entries=10; contracting N00039; funding N00039; vendor DATA LINK SOLUTIONS L.L.C.; idv -; first signed 2020-05-19
N00039-25-RFPREQ-PMA/PMW-101-0129,N00039-25-RFPREQ-PMA/PMW-101-0129,429,existing_contract,explicit,N0003923F4013,fpds:N0003923F4013,sha256:1f57321b586ce01196f3919d07172992e40b76eace1f082585236b339c1edb63,FPDS entries=10; contracting N00039; funding N00039; vendor DATA LINK SOLUTIONS L.L.C.; idv -; first signed 2023-04-03
N00039-25-RFPREQ-PMA/PMW-101-0129,N00039-25-RFPREQ-PMA/PMW-101-0129,429,notice,explicit,N00039-25-RFPREQ-PMA/PMW-101-0129,,sha256:3682ead11deb053a77533d374e3dcac4263a17bf0373565cb5f705ef015c9368; sha256:c9b3f02564e80de13003b5508c283620ca6d963a6ba762c6833b229ee7655cd4,SAM.gov search returned no notice containing the key
N00039-25-RFPREQ-PMA/PMW-101-0129,N00039-25-RFPREQ-PMA/PMW-101-0129,429,notice,explicit,N0003920D0057,,sha256:8efe015849ba09ba62e7399976f7883ebb37d9636caf831fe4545cefe5ba5dac; sha256:4e66e9a15801db6b04e28c27a3250a2ed4b59b468d1fe8fc62580ed1e27f155f,SAM.gov search returned no notice containing the key
N00039-25-RFPREQ-PMA/PMW-101-0129,N00039-25-RFPREQ-PMA/PMW-101-0129,429,notice,explicit,N0003923F4013,,sha256:e1c1e2b9e9948d7c7b833c38b6dbd944fd3abc810c6af7c75c8ad8f120cdb65c; sha256:4a14227ef6a023b96d4730f2f75fa730df118380f1abf488ceb1839080e459c5,SAM.gov search returned no notice containing the key
N00039-25-RFPREQ-PMA/PMW-101-0129,N00039-25-RFPREQ-PMA/PMW-101-0129,429,office,explicit,PMA/PMW-101,pmw:101,LRAE Annex 25!C429; organization_seed.json alias table,requirement-office code matched an alias
N00039-25-RFPREQ-PMA/PMW-101-0130,N00039-25-RFPREQ-PMA/PMW-101-0130,430,contact,explicit,"James, Chalon D.",cobs:lrae:pmw-101:jameschalond,LRAE Annex 25!V430,secondary_poc on the row matches a contact observation for the same office
N00039-25-RFPREQ-PMA/PMW-101-0130,N00039-25-RFPREQ-PMA/PMW-101-0130,430,contact,explicit,"Nickel, Lindsay",cobs:lrae:pmw-101:nickellindsay,LRAE Annex 25!T430,contracting_poc on the row matches a contact observation for the same office
N00039-25-RFPREQ-PMA/PMW-101-0130,N00039-25-RFPREQ-PMA/PMW-101-0130,430,existing_contract,explicit,N0003920D0058,fpds:N0003920D0058,sha256:6b000d639293420dde9312d6f253a400cbe3f26f3a514dfa8034cb3ba7e83ad0,"FPDS entries=10; contracting N00039; funding N00039; vendor VIASAT, INC.; idv -; first signed 2020-05-19"
N00039-25-RFPREQ-PMA/PMW-101-0130,N00039-25-RFPREQ-PMA/PMW-101-0130,430,existing_contract,explicit,N0003923F4019,fpds:N0003923F4019,sha256:2cbc7a0162605ae6cc9dae417ba6c3720e2fd2a0ea005d249f3c58fc8c85b459,"FPDS entries=10; contracting N00039; funding N00039; vendor VIASAT, INC.; idv -; first signed 2023-04-27"
N00039-25-RFPREQ-PMA/PMW-101-0130,N00039-25-RFPREQ-PMA/PMW-101-0130,430,notice,explicit,N00039-25-RFPREQ-PMA/PMW-101-0130,,sha256:474bd90de5a188a216a22f6ae1961c82c874258fb9925488d0beeef2da540bd2; sha256:615483859e600e962adf03b59c07983e0219d74c8ca997ddf2441b55384f5a3b,SAM.gov search returned no notice containing the key
N00039-25-RFPREQ-PMA/PMW-101-0130,N00039-25-RFPREQ-PMA/PMW-101-0130,430,notice,explicit,N0003920D0058,,sha256:235a50f3df4ff40809723f130929de7a0671edfd406d641e8ad0653884aad5bc; sha256:50e174c2f66f8645c4c31bebb6c56856ef933fd32a8b6c4bf4d09c53ea35e1d5,SAM.gov search returned no notice containing the key
N00039-25-RFPREQ-PMA/PMW-101-0130,N00039-25-RFPREQ-PMA/PMW-101-0130,430,notice,explicit,N0003923F4019,,sha256:687a9292a523bf09201dc76ee1d6d0f16302c441b47216fb24b2e8e4dfbeee2a; sha256:fab87da60d916c60a9fd6772a8c2e015249536f9192ba0939eca0d78da5efa64,SAM.gov search returned no notice containing the key
N00039-25-RFPREQ-PMA/PMW-101-0130,N00039-25-RFPREQ-PMA/PMW-101-0130,430,office,explicit,PMA/PMW-101,pmw:101,LRAE Annex 25!C430; organization_seed.json alias table,requirement-office code matched an alias
N00039-25-RFPREQ-PMA/PMW-101-0133,N00039-25-RFPREQ-PMA/PMW-101-0133,431,contact,explicit,"Bredesen, Editha Y.",cobs:lrae:pmw-101:bredesenedithay,LRAE Annex 25!T431,contracting_poc on the row matches a contact observation for the same office
N00039-25-RFPREQ-PMA/PMW-101-0133,N00039-25-RFPREQ-PMA/PMW-101-0133,431,contact,explicit,"Bredesen, Editha Y.",cobs:lrae:pmw-101:bredesenedithay,LRAE Annex 25!V431,secondary_poc on the row matches a contact observation for the same office
N00039-25-RFPREQ-PMA/PMW-101-0133,N00039-25-RFPREQ-PMA/PMW-101-0133,431,notice,explicit,N00039-25-RFPREQ-PMA/PMW-101-0133,,sha256:bbc2f2199a3f85d6b279270ca326889ad5d2b1f196ac1f2f15359730de6f2e06; sha256:69da8cae361ef37f03779d1ccfdf9cb59799d076504967502144b2fa8013cdc9,SAM.gov search returned no notice containing the key
N00039-25-RFPREQ-PMA/PMW-101-0133,N00039-25-RFPREQ-PMA/PMW-101-0133,431,office,explicit,PMA/PMW-101,pmw:101,LRAE Annex 25!C431; organization_seed.json alias table,requirement-office code matched an alias
N00039-25-RFPREQ-PMW-150-0130,N00039-25-RFPREQ-PMW-150-0130,432,contact,explicit,"CONRAD, RYAN S.",cobs:lrae:pmw-150:conradryans,LRAE Annex 25!V432,secondary_poc on the row matches a contact observation for the same office
N00039-25-RFPREQ-PMW-150-0130,N00039-25-RFPREQ-PMW-150-0130,432,contact,explicit,"Murr, Sarah",cobs:lrae:pmw-150:murrsarah,LRAE Annex 25!T432,contracting_poc on the row matches a contact observation for the same office
N00039-25-RFPREQ-PMW-150-0130,N00039-25-RFPREQ-PMW-150-0130,432,notice,explicit,N00039-25-RFPREQ-PMW-150-0130,,sha256:46a88456a6a5539afd9c4cf7b3984f95aa1dae9716de24990ffce7a8a44440fa; sha256:752ea58a9985b98bdc733496d5c80a480e3cb88d5933ce7d64aa8e0ef28d8ca3,SAM.gov search returned no notice containing the key
N00039-25-RFPREQ-PMW-150-0130,N00039-25-RFPREQ-PMW-150-0130,432,office,explicit,PMW-150,pmw:150,LRAE Annex 25!C432; organization_seed.json alias table,requirement-office code matched an alias
N00039-25-RFPREQ-PMW-150-0132,N00039-25-RFPREQ-PMW-150-0132,433,contact,explicit,"Brewer, Lynette",cobs:lrae:pmw-150:brewerlynette,LRAE Annex 25!V433,secondary_poc on the row matches a contact observation for the same office
N00039-25-RFPREQ-PMW-150-0132,N00039-25-RFPREQ-PMW-150-0132,433,contact,explicit,"Griffin, Brian",cobs:lrae:pmw-150:griffinbrian,LRAE Annex 25!T433,contracting_poc on the row matches a contact observation for the same office
N00039-25-RFPREQ-PMW-150-0132,N00039-25-RFPREQ-PMW-150-0132,433,notice,explicit,N00039-25-RFPREQ-PMW-150-0132,,sha256:b8235baeead7e094778e1144295d1910f8bb3194d67e97134e180001f74f5459; sha256:3543979bbc5c94f79f161a9902bc036d2b977c1f5bd85166225459bedad44c05,SAM.gov search returned no notice containing the key
N00039-25-RFPREQ-PMW-150-0132,N00039-25-RFPREQ-PMW-150-0132,433,office,explicit,PMW-150,pmw:150,LRAE Annex 25!C433; organization_seed.json alias table,requirement-office code matched an alias
N00039-25-RFPREQ-PMW-160-0111,N00039-25-RFPREQ-PMW-160-0111,434,contact,explicit,"ROCHE, PETER J.",cobs:lrae:pmw-160:rochepeterj,LRAE Annex 25!V434,secondary_poc on the row matches a contact observation for the same office
N00039-25-RFPREQ-PMW-160-0111,N00039-25-RFPREQ-PMW-160-0111,434,contact,explicit,"Wiker, Susana",cobs:lrae:pmw-160:wikersusana,LRAE Annex 25!T434,contracting_poc on the row matches a contact observation for the same office
N00039-25-RFPREQ-PMW-160-0111,N00039-25-RFPREQ-PMW-160-0111,434,notice,explicit,N00039-25-RFPREQ-PMW-160-0111,,sha256:6196761d89f957be089f79822849624d49f6a293f0d8d8828fd21ad6aad25198; sha256:7d9003610ac266875c98eec84044ac9ad35fb152a7113c595feea7e431d8c3a7,SAM.gov search returned no notice containing the key
N00039-25-RFPREQ-PMW-160-0111,N00039-25-RFPREQ-PMW-160-0111,434,office,explicit,PMW-160,pmw:160,LRAE Annex 25!C434; organization_seed.json alias table,requirement-office code matched an alias
N00039-25-RFPREQ-PMW/A-170-0357,N00039-25-RFPREQ-PMW/A-170-0357,435,contact,explicit,"Ward, Julie",cobs:lrae:pmw-170:wardjulie,LRAE Annex 25!T435,contracting_poc on the row matches a contact observation for the same office
N00039-25-RFPREQ-PMW/A-170-0357,N00039-25-RFPREQ-PMW/A-170-0357,435,notice,explicit,N00039-25-RFPREQ-PMW/A-170-0357,,sha256:71589782183298fad5fabb40d5443b09239b076a71807e7124590eb013cefd6a; sha256:ce02e2f97b62b3db840d00539077670d67fe5433d2b69eb5a7e8ae6ae42fce60,SAM.gov search returned no notice containing the key
N00039-25-RFPREQ-PMW/A-170-0357,N00039-25-RFPREQ-PMW/A-170-0357,435,office,explicit,PMW/A-170,pmw:170,LRAE Annex 25!C435; organization_seed.json alias table,requirement-office code matched an alias
N00039-25-RFPREQ-PMW/A-170-0358,N00039-25-RFPREQ-PMW/A-170-0358,436,contact,explicit,"Ward, Julie",cobs:lrae:pmw-170:wardjulie,LRAE Annex 25!T436,contracting_poc on the row matches a contact observation for the same office
N00039-25-RFPREQ-PMW/A-170-0358,N00039-25-RFPREQ-PMW/A-170-0358,436,notice,explicit,N00039-25-RFPREQ-PMW/A-170-0358,,sha256:3664cde1c00eda265ebf728befe0930f07b1565e178c3742dfbe5699a319749c; sha256:aa3100e0658483fbdd7f95a78ad289fe1bc9ab2a67e1d4b84f9bf0144b4a994b,SAM.gov search returned no notice containing the key
N00039-25-RFPREQ-PMW/A-170-0358,N00039-25-RFPREQ-PMW/A-170-0358,436,office,explicit,PMW/A-170,pmw:170,LRAE Annex 25!C436; organization_seed.json alias table,requirement-office code matched an alias
N00039-25-RFPREQ-PMW-150-0138,N00039-25-RFPREQ-PMW-150-0138,437,contact,explicit,"Brewer, Lynette",cobs:lrae:pmw-150:brewerlynette,LRAE Annex 25!V437,secondary_poc on the row matches a contact observation for the same office
N00039-25-RFPREQ-PMW-150-0138,N00039-25-RFPREQ-PMW-150-0138,437,contact,explicit,"Griffin, Brian",cobs:lrae:pmw-150:griffinbrian,LRAE Annex 25!T437,contracting_poc on the row matches a contact observation for the same office
N00039-25-RFPREQ-PMW-150-0138,N00039-25-RFPREQ-PMW-150-0138,437,notice,explicit,N00039-25-RFPREQ-PMW-150-0138,,sha256:17f41ee110297a9669a0ce5457272c1b68d0a599b7ee54573b7cf1a4d653e530; sha256:18d86971f6b54a0754b02f1ec970061528546283e798c570c826a7446620f3e2,SAM.gov search returned no notice containing the key
N00039-25-RFPREQ-PMW-150-0138,N00039-25-RFPREQ-PMW-150-0138,437,office,explicit,PMW-150,pmw:150,LRAE Annex 25!C437; organization_seed.json alias table,requirement-office code matched an alias
N00039-25-RFPREQ-PMA/PMW-101-0155,N00039-25-RFPREQ-PMA/PMW-101-0155,438,contact,explicit,"Nickel, Lindsay",cobs:lrae:pmw-101:nickellindsay,LRAE Annex 25!T438,contracting_poc on the row matches a contact observation for the same office
N00039-25-RFPREQ-PMA/PMW-101-0155,N00039-25-RFPREQ-PMA/PMW-101-0155,438,notice,explicit,N00039-25-RFPREQ-PMA/PMW-101-0155,,sha256:4439aec73a5c7d61ffe681722973c2e68f97edc560794c4ca46704e3e23b8aac; sha256:e67ff3de7dbb175e3c1885b6308f073abe4b81e60a74a5fae3120bcd3a891221,SAM.gov search returned no notice containing the key
N00039-25-RFPREQ-PMA/PMW-101-0155,N00039-25-RFPREQ-PMA/PMW-101-0155,438,office,explicit,PMA/PMW-101,pmw:101,LRAE Annex 25!C438; organization_seed.json alias table,requirement-office code matched an alias
N00039-25-RFPREQ-PMA/PMW-101-0154,N00039-25-RFPREQ-PMA/PMW-101-0154,441,contact,explicit,"Nickel, Lindsay",cobs:lrae:pmw-101:nickellindsay,LRAE Annex 25!T441,contracting_poc on the row matches a contact observation for the same office
N00039-25-RFPREQ-PMA/PMW-101-0154,N00039-25-RFPREQ-PMA/PMW-101-0154,441,contact,explicit,"Raigoza, Dominic",cobs:lrae:pmw-101:raigozadominic,LRAE Annex 25!V441,secondary_poc on the row matches a contact observation for the same office
N00039-25-RFPREQ-PMA/PMW-101-0154,N00039-25-RFPREQ-PMA/PMW-101-0154,441,notice,explicit,N00039-25-RFPREQ-PMA/PMW-101-0154,,sha256:635b2eda7a086180fa7532fcd968ab0056c63fde2f28f24784c3fdc225149a94; sha256:a846bd0a37a4425f949807680fc4959626dd5aefdc67c46c6ecd2670624a782b,SAM.gov search returned no notice containing the key
N00039-25-RFPREQ-PMA/PMW-101-0154,N00039-25-RFPREQ-PMA/PMW-101-0154,441,office,explicit,PMA/PMW-101,pmw:101,LRAE Annex 25!C441; organization_seed.json alias table,requirement-office code matched an alias
N00039-26-RFPREQ-PMW/A-170-0005,N00039-26-RFPREQ-PMW/A-170-0005,442,contact,explicit,"ERICKSON, DAYNA",cobs:lrae:pmw-170:ericksondayna,LRAE Annex 25!V442,secondary_poc on the row matches a contact observation for the same office
N00039-26-RFPREQ-PMW/A-170-0005,N00039-26-RFPREQ-PMW/A-170-0005,442,contact,explicit,"Holtet, Alexander",cobs:lrae:pmw-170:holtetalexander,LRAE Annex 25!T442,contracting_poc on the row matches a contact observation for the same office
N00039-26-RFPREQ-PMW/A-170-0005,N00039-26-RFPREQ-PMW/A-170-0005,442,existing_contract,explicit,N652362290001,,LRAE Annex 25!O442,no contract identifier pattern recognised in the cell
N00039-26-RFPREQ-PMW/A-170-0005,N00039-26-RFPREQ-PMW/A-170-0005,442,notice,explicit,N00039-26-RFPREQ-PMW/A-170-0005,,sha256:6a560847632a2f8f44d1c642bf30dfc40c5fdabd29ba89ef1301e8605f0959df; sha256:02e928a9385693c30d42b93976eaa5b991b3511a46da291ccdcfa8939bdc2387,SAM.gov search returned no notice containing the key
N00039-26-RFPREQ-PMW/A-170-0005,N00039-26-RFPREQ-PMW/A-170-0005,442,office,explicit,PMW/A-170,pmw:170,LRAE Annex 25!C442; organization_seed.json alias table,requirement-office code matched an alias
N00039-25-RFPREQ-PMW/A-170-0372,N00039-25-RFPREQ-PMW/A-170-0372,443,contact,explicit,"Erickson, Blake",cobs:lrae:pmw-170:ericksonblake,LRAE Annex 25!V443,secondary_poc on the row matches a contact observation for the same office
N00039-25-RFPREQ-PMW/A-170-0372,N00039-25-RFPREQ-PMW/A-170-0372,443,contact,explicit,"Murr, Christopher",cobs:lrae:pmw-170:murrchristopher,LRAE Annex 25!T443,contracting_poc on the row matches a contact observation for the same office
N00039-25-RFPREQ-PMW/A-170-0372,N00039-25-RFPREQ-PMW/A-170-0372,443,notice,explicit,N00039-25-RFPREQ-PMW/A-170-0372,,sha256:376637d7424f635957f5710c8382b4797ed9bc66aedb7aa7a878d383be15f5ca; sha256:af05c72ffc2dbc4678bf165a3d92937e576cffd30ed75fd52921f098ebcee49f,SAM.gov search returned no notice containing the key
N00039-25-RFPREQ-PMW/A-170-0372,N00039-25-RFPREQ-PMW/A-170-0372,443,office,explicit,PMW/A-170,pmw:170,LRAE Annex 25!C443; organization_seed.json alias table,requirement-office code matched an alias
N00039-25-RFPREQ-PMW/A-170-0374,N00039-25-RFPREQ-PMW/A-170-0374,444,contact,explicit,"Ward, Julie",cobs:lrae:pmw-170:wardjulie,LRAE Annex 25!T444,contracting_poc on the row matches a contact observation for the same office
N00039-25-RFPREQ-PMW/A-170-0374,N00039-25-RFPREQ-PMW/A-170-0374,444,notice,explicit,N00039-25-RFPREQ-PMW/A-170-0374,,sha256:afa20c632c90f79517c5e9240a0f262e489a27767da352734fad8c100634a5af; sha256:43d217783f0192f69cab03e4a2ffb2c9f162f351b19568eab918683ac2bb0a68,SAM.gov search returned no notice containing the key
N00039-25-RFPREQ-PMW/A-170-0374,N00039-25-RFPREQ-PMW/A-170-0374,444,office,explicit,PMW/A-170,pmw:170,LRAE Annex 25!C444; organization_seed.json alias table,requirement-office code matched an alias
N00039-25-RFPREQ-PMA/PMW-101-0158,N00039-25-RFPREQ-PMA/PMW-101-0158,445,contact,explicit,"Bredesen, Editha Y.",cobs:lrae:pmw-101:bredesenedithay,LRAE Annex 25!T445,contracting_poc on the row matches a contact observation for the same office
N00039-25-RFPREQ-PMA/PMW-101-0158,N00039-25-RFPREQ-PMA/PMW-101-0158,445,contact,explicit,"PERAZA, RODRIGO",cobs:lrae:pmw-101:perazarodrigo,LRAE Annex 25!V445,secondary_poc on the row matches a contact observation for the same office
N00039-25-RFPREQ-PMA/PMW-101-0158,N00039-25-RFPREQ-PMA/PMW-101-0158,445,notice,explicit,N00039-25-RFPREQ-PMA/PMW-101-0158,,sha256:22a103f19c87f6fd7dcee2aea636dd8f83af798b79b9fdd077c0b0b82c7e0a68; sha256:7b9005b0b3796ae847ee75f690bfa9df88cc5bb0ccc6bc872b9cd457702f5062,SAM.gov search returned no notice containing the key
N00039-25-RFPREQ-PMA/PMW-101-0158,N00039-25-RFPREQ-PMA/PMW-101-0158,445,office,explicit,PMA/PMW-101,pmw:101,LRAE Annex 25!C445; organization_seed.json alias table,requirement-office code matched an alias
N00039-25-RFPREQ-PMW/A-170-0375,N00039-25-RFPREQ-PMW/A-170-0375,446,contact,explicit,"Ward, Julie",cobs:lrae:pmw-170:wardjulie,LRAE Annex 25!T446,contracting_poc on the row matches a contact observation for the same office
N00039-25-RFPREQ-PMW/A-170-0375,N00039-25-RFPREQ-PMW/A-170-0375,446,notice,explicit,N00039-25-RFPREQ-PMW/A-170-0375,,sha256:66c97cf9b6a1ca4f28f33ec8b276e924c5ee4a14df9bc5c3cf8c92c183b6f084; sha256:f0de157a94129e9cee8e77f89ff073ce2376cff8d131a01654171b3354409530,SAM.gov search returned no notice containing the key
N00039-25-RFPREQ-PMW/A-170-0375,N00039-25-RFPREQ-PMW/A-170-0375,446,office,explicit,PMW/A-170,pmw:170,LRAE Annex 25!C446; organization_seed.json alias table,requirement-office code matched an alias
