sheet,row_number,pid,office_code_string,office_code,code_family,office_id,include_decision,reason
LRAE Annex 25,9,4723BK-25-RFPREQ-PAS-0007,PAS - PAS - NAVWAR,PAS,peo_front_office_or_hq_code,,unresolved,family peo_front_office_or_hq_code recognised but code PAS has no alias-table entry
LRAE Annex 25,10,N00039-23-RFPREQ-PMW-740-0070,PMW-740 - PMW-740 - NAVWAR,PMW-740,peo_program_office,pmw:740,included,"code resolves to pmw:740, a PEO C4I office (alias table)"
LRAE Annex 25,11,N00039-23-RFPREQ-PMS-485-0038,PMS-485 - PMS-485 - NAVWAR,PMS-485,navsea_program_office,pms:485,excluded,"code resolves to pms:485 (program_office), outside the PEO C4I portfolio"
LRAE Annex 25,12,N00039-23-RFPREQ-PMS-485-0048,PMS-485 - PMS-485 - NAVWAR,PMS-485,navsea_program_office,pms:485,excluded,"code resolves to pms:485 (program_office), outside the PEO C4I portfolio"
LRAE Annex 25,13,N00039-23-RFPREQ-Pf004MNHR-0027,Pf004MNHR - Pf004MNHR - NAVWAR,Pf004MNHR,peo_mlb_portfolio_code,,unresolved,family peo_mlb_portfolio_code recognised but code Pf004MNHR has no alias-table entry
LRAE Annex 25,14,N00039-24-RFPREQ-PMW-740-0052,PMW-740 - PMW-740 - NAVWAR,PMW-740,peo_program_office,pmw:740,included,"code resolves to pmw:740, a PEO C4I office (alias table)"
LRAE Annex 25,15,N00039-24-RFPREQ-PMW-740-0053,PMW-740 - PMW-740 - NAVWAR,PMW-740,peo_program_office,pmw:740,included,"code resolves to pmw:740, a PEO C4I office (alias table)"
LRAE Annex 25,16,N00039-25-RFPREQ-PMW-160-0001,PMW-160 - PMW-160 - NAVWAR,PMW-160,peo_program_office,pmw:160,included,"code resolves to pmw:160, a PEO C4I office (alias table)"
LRAE Annex 25,17,N00039-24-RFPREQ-PMW/A-170-0061,PMW/A-170 - PMW/A-170 - NAVWAR,PMW/A-170,peo_program_office,pmw:170,included,"code resolves to pmw:170, a PEO C4I office (alias table)"
LRAE Annex 25,18,N00039-24-RFPREQ-PMW-770-0011,PMW-770 - PMW-770 - NAVWAR,PMW-770,peo_program_office,pmw:770,included,"code resolves to pmw:770, a PEO C4I office (alias table)"
LRAE Annex 25,19,N00039-24-RFPREQ-PMW/A-170-0170,PMW/A-170 - PMW/A-170 - NAVWAR,PMW/A-170,peo_program_office,pmw:170,included,"code resolves to pmw:170, a PEO C4I office (alias table)"
LRAE Annex 25,20,N00039-25-RFPREQ-Pf007NERP-0004,Pf007NERP - Pf007NERP - NAVWAR,Pf007NERP,peo_mlb_portfolio_code,,unresolved,family peo_mlb_portfolio_code recognised but code Pf007NERP has no alias-table entry
LRAE Annex 25,21,N65236-25-RFPREQ-LSUBP00082-0001,LSUBP00082 - LSUBP00082 - 5.0 Competency Division - NIWCLANT,LSUBP00082,niwc_atlantic_division,center:niwc-atlantic,excluded,"technical_center_division code of center:niwc-atlantic, outside the PEO C4I portfolio (division itself not in alias table)"
LRAE Annex 25,22,N65236-25-RFPREQ-LSUBP00063-0078,LSUBP00063 - LSUBP00063 - NAVY AFLOAT NETWORK DIV HEAD - NIWCLANT,LSUBP00063,niwc_atlantic_division,center:niwc-atlantic,excluded,"technical_center_division code of center:niwc-atlantic, outside the PEO C4I portfolio (division itself not in alias table)"
LRAE Annex 25,23,N65236-25-RFPREQ-LSUBP00015-0102,LSUBP00015 - LSUBP00015 - SHORE C4I INTEGRATION DIV HEAD - NIWCLANT,LSUBP00015,niwc_atlantic_division,center:niwc-atlantic,excluded,"technical_center_division code of center:niwc-atlantic, outside the PEO C4I portfolio (division itself not in alias table)"
LRAE Annex 25,24,N65236-25-RFPREQ-LSUBP00006-0127,LSUBP00006 - LSUBP00006 - FMS AIR INTEGRATION USCG DIV HEAD - NIWCLANT,LSUBP00006,niwc_atlantic_division,center:niwc-atlantic,excluded,"technical_center_division code of center:niwc-atlantic, outside the PEO C4I portfolio (division itself not in alias table)"
LRAE Annex 25,25,N65236-25-RFPREQ-LSUBP00095-0033,LSUBP00095 - LSUBP00095 - LOGISTICS BUSINESS SYSTEMS DIV HEAD - NIWCLANT,LSUBP00095,niwc_atlantic_division,center:niwc-atlantic,excluded,"technical_center_division code of center:niwc-atlantic, outside the PEO C4I portfolio (division itself not in alias table)"
LRAE Annex 25,26,N65236-25-RFPREQ-LSUBP00015-0103,LSUBP00015 - LSUBP00015 - SHORE C4I INTEGRATION DIV HEAD - NIWCLANT,LSUBP00015,niwc_atlantic_division,center:niwc-atlantic,excluded,"technical_center_division code of center:niwc-atlantic, outside the PEO C4I portfolio (division itself not in alias table)"
LRAE Annex 25,27,N65236-25-RFPREQ-LSUBP00034-0106,LSUBP00034 - LSUBP00034 - SURFACE SHIP INTEGRATION DIV HEAD - NIWCLANT,LSUBP00034,niwc_atlantic_division,center:niwc-atlantic,excluded,"technical_center_division code of center:niwc-atlantic, outside the PEO C4I portfolio (division itself not in alias table)"
LRAE Annex 25,28,N65236-25-RFPREQ-LSUBP00049-0194,LSUBP00049 - LSUBP00049 - S&T Division - NIWCLANT,LSUBP00049,niwc_atlantic_division,center:niwc-atlantic,excluded,"technical_center_division code of center:niwc-atlantic, outside the PEO C4I portfolio (division itself not in alias table)"
LRAE Annex 25,29,N65236-25-RFPREQ-LSUBP00094-0004,LSUBP00094 - LSUBP00094 - CYBER SECURITY SERVICE PROVIDER IPT - NIWCLANT,LSUBP00094,niwc_atlantic_division,center:niwc-atlantic,excluded,"technical_center_division code of center:niwc-atlantic, outside the PEO C4I portfolio (division itself not in alias table)"
LRAE Annex 25,30,N65236-25-RFPREQ-LSUBP00021-0180,LSUBP00021 - LSUBP00021 - EXPEDITIONARY INTEL SOLUTIONS DIV HEAD - NIWCLANT,LSUBP00021,niwc_atlantic_division,center:niwc-atlantic,excluded,"technical_center_division code of center:niwc-atlantic, outside the PEO C4I portfolio (division itself not in alias table)"
LRAE Annex 25,31,N65236-25-RFPREQ-LSUBP00011-0047,LSUBP00011 - LSUBP00011 - MANPWR PERS TRNG & EDU SYS DIV HEAD - NIWCLANT,LSUBP00011,niwc_atlantic_division,center:niwc-atlantic,excluded,"technical_center_division code of center:niwc-atlantic, outside the PEO C4I portfolio (division itself not in alias table)"
LRAE Annex 25,32,N65236-25-RFPREQ-LSUBP00034-0108,LSUBP00034 - LSUBP00034 - SURFACE SHIP INTEGRATION DIV HEAD - NIWCLANT,LSUBP00034,niwc_atlantic_division,center:niwc-atlantic,excluded,"technical_center_division code of center:niwc-atlantic, outside the PEO C4I portfolio (division itself not in alias table)"
LRAE Annex 25,33,N65236-25-RFPREQ-LSUBP00064-0101,LSUBP00064 - LSUBP00064 - EXPED ENTERPRISE SYS & SVS DIV HD - NIWCLANT,LSUBP00064,niwc_atlantic_division,center:niwc-atlantic,excluded,"technical_center_division code of center:niwc-atlantic, outside the PEO C4I portfolio (division itself not in alias table)"
LRAE Annex 25,34,N65236-25-RFPREQ-LSUBP00087-0038,LSUBP00087 - LSUBP00087 - Command Information Officer Division - NIWCLANT,LSUBP00087,niwc_atlantic_division,center:niwc-atlantic,excluded,"technical_center_division code of center:niwc-atlantic, outside the PEO C4I portfolio (division itself not in alias table)"
LRAE Annex 25,35,N65236-25-RFPREQ-LSUBP00006-0134,LSUBP00006 - LSUBP00006 - FMS AIR INTEGRATION USCG DIV HEAD - NIWCLANT,LSUBP00006,niwc_atlantic_division,center:niwc-atlantic,excluded,"technical_center_division code of center:niwc-atlantic, outside the PEO C4I portfolio (division itself not in alias table)"
LRAE Annex 25,36,N65236-25-RFPREQ-LSUBP00093-0033,LSUBP00093 - LSUBP00093 - 4.7 Competency Division - NIWCLANT,LSUBP00093,niwc_atlantic_division,center:niwc-atlantic,excluded,"technical_center_division code of center:niwc-atlantic, outside the PEO C4I portfolio (division itself not in alias table)"
LRAE Annex 25,37,N65236-25-RFPREQ-LSUBP00011-0040,LSUBP00011 - LSUBP00011 - MANPWR PERS TRNG & EDU SYS DIV HEAD - NIWCLANT,LSUBP00011,niwc_atlantic_division,center:niwc-atlantic,excluded,"technical_center_division code of center:niwc-atlantic, outside the PEO C4I portfolio (division itself not in alias table)"
LRAE Annex 25,38,N65236-25-RFPREQ-LSUBP00064-0104,LSUBP00064 - LSUBP00064 - EXPED ENTERPRISE SYS & SVS DIV HD - NIWCLANT,LSUBP00064,niwc_atlantic_division,center:niwc-atlantic,excluded,"technical_center_division code of center:niwc-atlantic, outside the PEO C4I portfolio (division itself not in alias table)"
LRAE Annex 25,39,N65236-25-RFPREQ-LSUBP00009-0134,LSUBP00009 - LSUBP00009 - DEFENSE HEALTH INFO TECH DIV HEAD - NIWCLANT,LSUBP00009,niwc_atlantic_division,center:niwc-atlantic,excluded,"technical_center_division code of center:niwc-atlantic, outside the PEO C4I portfolio (division itself not in alias table)"
LRAE Annex 25,40,N65236-25-RFPREQ-LSUBP00034-0100,LSUBP00034 - LSUBP00034 - SURFACE SHIP INTEGRATION DIV HEAD - NIWCLANT,LSUBP00034,niwc_atlantic_division,center:niwc-atlantic,excluded,"technical_center_division code of center:niwc-atlantic, outside the PEO C4I portfolio (division itself not in alias table)"
LRAE Annex 25,41,N65236-25-RFPREQ-LBUSP00030-0026,LBUSP00030 - LBUSP00030 - NL-8.0 - NIWCLANT,LBUSP00030,niwc_atlantic_division,center:niwc-atlantic,excluded,"technical_center_division code of center:niwc-atlantic, outside the PEO C4I portfolio (division itself not in alias table)"
LRAE Annex 25,42,N65236-25-RFPREQ-LSUBP00006-0124,LSUBP00006 - LSUBP00006 - FMS AIR INTEGRATION USCG DIV HEAD - NIWCLANT,LSUBP00006,niwc_atlantic_division,center:niwc-atlantic,excluded,"technical_center_division code of center:niwc-atlantic, outside the PEO C4I portfolio (division itself not in alias table)"
LRAE Annex 25,43,N65236-25-RFPREQ-LSUBP00021-0167,LSUBP00021 - LSUBP00021 - EXPEDITIONARY INTEL SOLUTIONS DIV HEAD - NIWCLANT,LSUBP00021,niwc_atlantic_division,center:niwc-atlantic,excluded,"technical_center_division code of center:niwc-atlantic, outside the PEO C4I portfolio (division itself not in alias table)"
LRAE Annex 25,44,N65236-25-RFPREQ-LSUBP00093-0030,LSUBP00093 - LSUBP00093 - 4.7 Competency Division - NIWCLANT,LSUBP00093,niwc_atlantic_division,center:niwc-atlantic,excluded,"technical_center_division code of center:niwc-atlantic, outside the PEO C4I portfolio (division itself not in alias table)"
LRAE Annex 25,45,N65236-25-RFPREQ-LSUBP00057-0230,LSUBP00057 - LSUBP00057 - FLEET INSTALLATION & READINESS DIV HD - NIWCLANT,LSUBP00057,niwc_atlantic_division,center:niwc-atlantic,excluded,"technical_center_division code of center:niwc-atlantic, outside the PEO C4I portfolio (division itself not in alias table)"
LRAE Annex 25,46,N65236-25-RFPREQ-LSUBP00057-0231,LSUBP00057 - LSUBP00057 - FLEET INSTALLATION & READINESS DIV HD - NIWCLANT,LSUBP00057,niwc_atlantic_division,center:niwc-atlantic,excluded,"technical_center_division code of center:niwc-atlantic, outside the PEO C4I portfolio (division itself not in alias table)"
LRAE Annex 25,47,N65236-25-RFPREQ-LSUBP00094-0003,LSUBP00094 - LSUBP00094 - CYBER SECURITY SERVICE PROVIDER IPT - NIWCLANT,LSUBP00094,niwc_atlantic_division,center:niwc-atlantic,excluded,"technical_center_division code of center:niwc-atlantic, outside the PEO C4I portfolio (division itself not in alias table)"
LRAE Annex 25,48,N65236-25-RFPREQ-LSUBP00021-0170,LSUBP00021 - LSUBP00021 - EXPEDITIONARY INTEL SOLUTIONS DIV HEAD - NIWCLANT,LSUBP00021,niwc_atlantic_division,center:niwc-atlantic,excluded,"technical_center_division code of center:niwc-atlantic, outside the PEO C4I portfolio (division itself not in alias table)"
LRAE Annex 25,49,N65236-25-RFPREQ-LSUBP00004-0071,LSUBP00004 - LSUBP00004 - EXPEDITIONARY C3 SOLUTIONS DIV HEAD - NIWCLANT,LSUBP00004,niwc_atlantic_division,center:niwc-atlantic,excluded,"technical_center_division code of center:niwc-atlantic, outside the PEO C4I portfolio (division itself not in alias table)"
LRAE Annex 25,50,N65236-25-RFPREQ-LSUBP00015-0101,LSUBP00015 - LSUBP00015 - SHORE C4I INTEGRATION DIV HEAD - NIWCLANT,LSUBP00015,niwc_atlantic_division,center:niwc-atlantic,excluded,"technical_center_division code of center:niwc-atlantic, outside the PEO C4I portfolio (division itself not in alias table)"
LRAE Annex 25,51,N65236-25-RFPREQ-LSUBP00057-0233,LSUBP00057 - LSUBP00057 - FLEET INSTALLATION & READINESS DIV HD - NIWCLANT,LSUBP00057,niwc_atlantic_division,center:niwc-atlantic,excluded,"technical_center_division code of center:niwc-atlantic, outside the PEO C4I portfolio (division itself not in alias table)"
LRAE Annex 25,52,N65236-25-RFPREQ-LSUBP00001-0098,LSUBP00001 - LSUBP00001 - AIR TRAFFIC CONTROL DIV HEAD - NIWCLANT,LSUBP00001,niwc_atlantic_division,center:niwc-atlantic,excluded,"technical_center_division code of center:niwc-atlantic, outside the PEO C4I portfolio (division itself not in alias table)"
LRAE Annex 25,53,N65236-25-RFPREQ-LSUBP00015-0096,LSUBP00015 - LSUBP00015 - SHORE C4I INTEGRATION DIV HEAD - NIWCLANT,LSUBP00015,niwc_atlantic_division,center:niwc-atlantic,excluded,"technical_center_division code of center:niwc-atlantic, outside the PEO C4I portfolio (division itself not in alias table)"
LRAE Annex 25,54,N65236-25-RFPREQ-LSUBP00009-0130,LSUBP00009 - LSUBP00009 - DEFENSE HEALTH INFO TECH DIV HEAD - NIWCLANT,LSUBP00009,niwc_atlantic_division,center:niwc-atlantic,excluded,"technical_center_division code of center:niwc-atlantic, outside the PEO C4I portfolio (division itself not in alias table)"
LRAE Annex 25,55,N65236-24-RFPREQ-LSUBP00007-0127,LSUBP00007 - LSUBP00007 - LAND SYSTEMS INTEGRATION DIV HEAD - NIWCLANT,LSUBP00007,niwc_atlantic_division,center:niwc-atlantic,excluded,"technical_center_division code of center:niwc-atlantic, outside the PEO C4I portfolio (division itself not in alias table)"
LRAE Annex 25,56,N65236-25-RFPREQ-LSUBP00024-0106,LSUBP00024 - LSUBP00024 - IA AND NAVY CYBER SECURITY DIV HEAD - NIWCLANT,LSUBP00024,niwc_atlantic_division,center:niwc-atlantic,excluded,"technical_center_division code of center:niwc-atlantic, outside the PEO C4I portfolio (division itself not in alias table)"
LRAE Annex 25,57,N65236-25-RFPREQ-LSUBP00057-0204,LSUBP00057 - LSUBP00057 - FLEET INSTALLATION & READINESS DIV HD - NIWCLANT,LSUBP00057,niwc_atlantic_division,center:niwc-atlantic,excluded,"technical_center_division code of center:niwc-atlantic, outside the PEO C4I portfolio (division itself not in alias table)"
LRAE Annex 25,58,N65236-25-RFPREQ-LSUBP00001-0087,LSUBP00001 - LSUBP00001 - AIR TRAFFIC CONTROL DIV HEAD - NIWCLANT,LSUBP00001,niwc_atlantic_division,center:niwc-atlantic,excluded,"technical_center_division code of center:niwc-atlantic, outside the PEO C4I portfolio (division itself not in alias table)"
LRAE Annex 25,59,N65236-25-RFPREQ-LSUBP00016-0157,LSUBP00016 - LSUBP00016 - NAVY AFLOAT TRANSPORT & NAVI DIV HD - NIWCLANT,LSUBP00016,niwc_atlantic_division,center:niwc-atlantic,excluded,"technical_center_division code of center:niwc-atlantic, outside the PEO C4I portfolio (division itself not in alias table)"
LRAE Annex 25,60,N65236-25-RFPREQ-LSUBP00015-0094,LSUBP00015 - LSUBP00015 - SHORE C4I INTEGRATION DIV HEAD - NIWCLANT,LSUBP00015,niwc_atlantic_division,center:niwc-atlantic,excluded,"technical_center_division code of center:niwc-atlantic, outside the PEO C4I portfolio (division itself not in alias table)"
LRAE Annex 25,61,N65236-25-RFPREQ-LSUBP00057-0198,LSUBP00057 - LSUBP00057 - FLEET INSTALLATION & READINESS DIV HD - NIWCLANT,LSUBP00057,niwc_atlantic_division,center:niwc-atlantic,excluded,"technical_center_division code of center:niwc-atlantic, outside the PEO C4I portfolio (division itself not in alias table)"
LRAE Annex 25,62,N65236-25-RFPREQ-LSUBP00087-0036,LSUBP00087 - LSUBP00087 - Command Information Officer Division - NIWCLANT,LSUBP00087,niwc_atlantic_division,center:niwc-atlantic,excluded,"technical_center_division code of center:niwc-atlantic, outside the PEO C4I portfolio (division itself not in alias table)"
LRAE Annex 25,63,N65236-25-RFPREQ-LSUBP00035-0119,LSUBP00035 - LSUBP00035 - SUBMARINE INTEGRATION DIV HEAD - NIWCLANT,LSUBP00035,niwc_atlantic_division,center:niwc-atlantic,excluded,"technical_center_division code of center:niwc-atlantic, outside the PEO C4I portfolio (division itself not in alias table)"
LRAE Annex 25,64,N65236-25-RFPREQ-LSUBP00004-0068,LSUBP00004 - LSUBP00004 - EXPEDITIONARY C3 SOLUTIONS DIV HEAD - NIWCLANT,LSUBP00004,niwc_atlantic_division,center:niwc-atlantic,excluded,"technical_center_division code of center:niwc-atlantic, outside the PEO C4I portfolio (division itself not in alias table)"
LRAE Annex 25,65,N65236-26-RFPREQ-LSUBP00001-0020,LSUBP00001 - LSUBP00001 - AIR TRAFFIC CONTROL DIV HEAD - NIWCLANT,LSUBP00001,niwc_atlantic_division,center:niwc-atlantic,excluded,"technical_center_division code of center:niwc-atlantic, outside the PEO C4I portfolio (division itself not in alias table)"
LRAE Annex 25,66,N65236-26-RFPREQ-LSUBP00001-0021,LSUBP00001 - LSUBP00001 - AIR TRAFFIC CONTROL DIV HEAD - NIWCLANT,LSUBP00001,niwc_atlantic_division,center:niwc-atlantic,excluded,"technical_center_division code of center:niwc-atlantic, outside the PEO C4I portfolio (division itself not in alias table)"
LRAE Annex 25,67,N65236-26-RFPREQ-LSUBP00001-0022,LSUBP00001 - LSUBP00001 - AIR TRAFFIC CONTROL DIV HEAD - NIWCLANT,LSUBP00001,niwc_atlantic_division,center:niwc-atlantic,excluded,"technical_center_division code of center:niwc-atlantic, outside the PEO C4I portfolio (division itself not in alias table)"
LRAE Annex 25,68,N65236-27-RFPREQ-LSUBP00001-0006,LSUBP00001 - LSUBP00001 - AIR TRAFFIC CONTROL DIV HEAD - NIWCLANT,LSUBP00001,niwc_atlantic_division,center:niwc-atlantic,excluded,"technical_center_division code of center:niwc-atlantic, outside the PEO C4I portfolio (division itself not in alias table)"
LRAE Annex 25,69,N65236-26-RFPREQ-LSUBP00001-0023,LSUBP00001 - LSUBP00001 - AIR TRAFFIC CONTROL DIV HEAD - NIWCLANT,LSUBP00001,niwc_atlantic_division,center:niwc-atlantic,excluded,"technical_center_division code of center:niwc-atlantic, outside the PEO C4I portfolio (division itself not in alias table)"
LRAE Annex 25,70,N65236-25-RFPREQ-LSUBP00034-0096,LSUBP00034 - LSUBP00034 - SURFACE SHIP INTEGRATION DIV HEAD - NIWCLANT,LSUBP00034,niwc_atlantic_division,center:niwc-atlantic,excluded,"technical_center_division code of center:niwc-atlantic, outside the PEO C4I portfolio (division itself not in alias table)"
LRAE Annex 25,71,N65236-25-RFPREQ-LSUBP00087-0034,LSUBP00087 - LSUBP00087 - Command Information Officer Division - NIWCLANT,LSUBP00087,niwc_atlantic_division,center:niwc-atlantic,excluded,"technical_center_division code of center:niwc-atlantic, outside the PEO C4I portfolio (division itself not in alias table)"
LRAE Annex 25,72,N65236-25-RFPREQ-LSUBP00006-0143,LSUBP00006 - LSUBP00006 - FMS AIR INTEGRATION USCG DIV HEAD - NIWCLANT,LSUBP00006,niwc_atlantic_division,center:niwc-atlantic,excluded,"technical_center_division code of center:niwc-atlantic, outside the PEO C4I portfolio (division itself not in alias table)"
LRAE Annex 25,73,N65236-25-RFPREQ-LSUBP00034-0090,LSUBP00034 - LSUBP00034 - SURFACE SHIP INTEGRATION DIV HEAD - NIWCLANT,LSUBP00034,niwc_atlantic_division,center:niwc-atlantic,excluded,"technical_center_division code of center:niwc-atlantic, outside the PEO C4I portfolio (division itself not in alias table)"
LRAE Annex 25,74,N65236-25-RFPREQ-LSUBP00024-0102,LSUBP00024 - LSUBP00024 - IA AND NAVY CYBER SECURITY DIV HEAD - NIWCLANT,LSUBP00024,niwc_atlantic_division,center:niwc-atlantic,excluded,"technical_center_division code of center:niwc-atlantic, outside the PEO C4I portfolio (division itself not in alias table)"
LRAE Annex 25,75,N65236-25-RFPREQ-LSUBP00024-0103,LSUBP00024 - LSUBP00024 - IA AND NAVY CYBER SECURITY DIV HEAD - NIWCLANT,LSUBP00024,niwc_atlantic_division,center:niwc-atlantic,excluded,"technical_center_division code of center:niwc-atlantic, outside the PEO C4I portfolio (division itself not in alias table)"
LRAE Annex 25,76,N65236-25-RFPREQ-LSUBP00049-0176,LSUBP00049 - LSUBP00049 - S&T Division - NIWCLANT,LSUBP00049,niwc_atlantic_division,center:niwc-atlantic,excluded,"technical_center_division code of center:niwc-atlantic, outside the PEO C4I portfolio (division itself not in alias table)"
LRAE Annex 25,77,N65236-25-RFPREQ-LSUBP00007-0055,LSUBP00007 - LSUBP00007 - LAND SYSTEMS INTEGRATION DIV HEAD - NIWCLANT,LSUBP00007,niwc_atlantic_division,center:niwc-atlantic,excluded,"technical_center_division code of center:niwc-atlantic, outside the PEO C4I portfolio (division itself not in alias table)"
LRAE Annex 25,78,N65236-25-RFPREQ-LSUBP00034-0093,LSUBP00034 - LSUBP00034 - SURFACE SHIP INTEGRATION DIV HEAD - NIWCLANT,LSUBP00034,niwc_atlantic_division,center:niwc-atlantic,excluded,"technical_center_division code of center:niwc-atlantic, outside the PEO C4I portfolio (division itself not in alias table)"
LRAE Annex 25,79,N65236-25-RFPREQ-LSUBP00049-0177,LSUBP00049 - LSUBP00049 - S&T Division - NIWCLANT,LSUBP00049,niwc_atlantic_division,center:niwc-atlantic,excluded,"technical_center_division code of center:niwc-atlantic, outside the PEO C4I portfolio (division itself not in alias table)"
LRAE Annex 25,80,N65236-25-RFPREQ-LSUBP00035-0110,LSUBP00035 - LSUBP00035 - SUBMARINE INTEGRATION DIV HEAD - NIWCLANT,LSUBP00035,niwc_atlantic_division,center:niwc-atlantic,excluded,"technical_center_division code of center:niwc-atlantic, outside the PEO C4I portfolio (division itself not in alias table)"
LRAE Annex 25,81,N65236-25-RFPREQ-LSUBP00007-0051,LSUBP00007 - LSUBP00007 - LAND SYSTEMS INTEGRATION DIV HEAD - NIWCLANT,LSUBP00007,niwc_atlantic_division,center:niwc-atlantic,excluded,"technical_center_division code of center:niwc-atlantic, outside the PEO C4I portfolio (division itself not in alias table)"
LRAE Annex 25,82,N65236-25-RFPREQ-LSUBP00063-0073,LSUBP00063 - LSUBP00063 - NAVY AFLOAT NETWORK DIV HEAD - NIWCLANT,LSUBP00063,niwc_atlantic_division,center:niwc-atlantic,excluded,"technical_center_division code of center:niwc-atlantic, outside the PEO C4I portfolio (division itself not in alias table)"
LRAE Annex 25,83,N65236-25-RFPREQ-LSUBP00023-0070,LSUBP00023 - LSUBP00023 - SPEC RECON SURVEIL & EXPLOIT DIV HD - NIWCLANT,LSUBP00023,niwc_atlantic_division,center:niwc-atlantic,excluded,"technical_center_division code of center:niwc-atlantic, outside the PEO C4I portfolio (division itself not in alias table)"
LRAE Annex 25,84,N65236-25-RFPREQ-LSUBP00016-0147,LSUBP00016 - LSUBP00016 - NAVY AFLOAT TRANSPORT & NAVI DIV HD - NIWCLANT,LSUBP00016,niwc_atlantic_division,center:niwc-atlantic,excluded,"technical_center_division code of center:niwc-atlantic, outside the PEO C4I portfolio (division itself not in alias table)"
LRAE Annex 25,85,N65236-25-RFPREQ-LSUBP00021-0148,LSUBP00021 - LSUBP00021 - EXPEDITIONARY INTEL SOLUTIONS DIV HEAD - NIWCLANT,LSUBP00021,niwc_atlantic_division,center:niwc-atlantic,excluded,"technical_center_division code of center:niwc-atlantic, outside the PEO C4I portfolio (division itself not in alias table)"
LRAE Annex 25,86,N65236-25-RFPREQ-LSUBP00087-0033,LSUBP00087 - LSUBP00087 - Command Information Officer Division - NIWCLANT,LSUBP00087,niwc_atlantic_division,center:niwc-atlantic,excluded,"technical_center_division code of center:niwc-atlantic, outside the PEO C4I portfolio (division itself not in alias table)"
LRAE Annex 25,87,N65236-25-RFPREQ-LSUBP00004-0054,LSUBP00004 - LSUBP00004 - EXPEDITIONARY C3 SOLUTIONS DIV HEAD - NIWCLANT,LSUBP00004,niwc_atlantic_division,center:niwc-atlantic,excluded,"technical_center_division code of center:niwc-atlantic, outside the PEO C4I portfolio (division itself not in alias table)"
LRAE Annex 25,88,N65236-25-RFPREQ-LSUBP00016-0144,LSUBP00016 - LSUBP00016 - NAVY AFLOAT TRANSPORT & NAVI DIV HD - NIWCLANT,LSUBP00016,niwc_atlantic_division,center:niwc-atlantic,excluded,"technical_center_division code of center:niwc-atlantic, outside the PEO C4I portfolio (division itself not in alias table)"
LRAE Annex 25,89,N65236-25-RFPREQ-LSUBP00049-0161,LSUBP00049 - LSUBP00049 - S&T Division - NIWCLANT,LSUBP00049,niwc_atlantic_division,center:niwc-atlantic,excluded,"technical_center_division code of center:niwc-atlantic, outside the PEO C4I portfolio (division itself not in alias table)"
LRAE Annex 25,90,N65236-25-RFPREQ-LSUBP00016-0142,LSUBP00016 - LSUBP00016 - NAVY AFLOAT TRANSPORT & NAVI DIV HD - NIWCLANT,LSUBP00016,niwc_atlantic_division,center:niwc-atlantic,excluded,"technical_center_division code of center:niwc-atlantic, outside the PEO C4I portfolio (division itself not in alias table)"
LRAE Annex 25,91,N65236-25-RFPREQ-LSUBP00004-0061,LSUBP00004 - LSUBP00004 - EXPEDITIONARY C3 SOLUTIONS DIV HEAD - NIWCLANT,LSUBP00004,niwc_atlantic_division,center:niwc-atlantic,excluded,"technical_center_division code of center:niwc-atlantic, outside the PEO C4I portfolio (division itself not in alias table)"
LRAE Annex 25,92,N65236-25-RFPREQ-LSUBP00015-0108,LSUBP00015 - LSUBP00015 - SHORE C4I INTEGRATION DIV HEAD - NIWCLANT,LSUBP00015,niwc_atlantic_division,center:niwc-atlantic,excluded,"technical_center_division code of center:niwc-atlantic, outside the PEO C4I portfolio (division itself not in alias table)"
LRAE Annex 25,93,N65236-25-RFPREQ-LSUBP00087-0026,LSUBP00087 - LSUBP00087 - Command Information Officer Division - NIWCLANT,LSUBP00087,niwc_atlantic_division,center:niwc-atlantic,excluded,"technical_center_division code of center:niwc-atlantic, outside the PEO C4I portfolio (division itself not in alias table)"
LRAE Annex 25,94,N65236-25-RFPREQ-LSUBP00034-0082,LSUBP00034 - LSUBP00034 - SURFACE SHIP INTEGRATION DIV HEAD - NIWCLANT,LSUBP00034,niwc_atlantic_division,center:niwc-atlantic,excluded,"technical_center_division code of center:niwc-atlantic, outside the PEO C4I portfolio (division itself not in alias table)"
LRAE Annex 25,95,N00039-27-RFPREQ-Pf007NERP-0004,Pf007NERP - Pf007NERP - NAVWAR,Pf007NERP,peo_mlb_portfolio_code,,unresolved,family peo_mlb_portfolio_code recognised but code Pf007NERP has no alias-table entry
LRAE Annex 25,96,N00039-26-RFPREQ-PMS-485-0002,PMS-485 - PMS-485 - NAVWAR,PMS-485,navsea_program_office,pms:485,excluded,"code resolves to pms:485 (program_office), outside the PEO C4I portfolio"
LRAE Annex 25,97,N00039-22-RFPREQ-PMW/A-170-0002,PMW/A-170 - PMW/A-170 - NAVWAR,PMW/A-170,peo_program_office,pmw:170,included,"code resolves to pmw:170, a PEO C4I office (alias table)"
LRAE Annex 25,98,N00039-24-RFPREQ-PMW/A-170-0013,PMW/A-170 - PMW/A-170 - NAVWAR,PMW/A-170,peo_program_office,pmw:170,included,"code resolves to pmw:170, a PEO C4I office (alias table)"
LRAE Annex 25,99,N00039-22-RFPREQ-PMW/A-170-0021,PMW/A-170 - PMW/A-170 - NAVWAR,PMW/A-170,peo_program_office,pmw:170,included,"code resolves to pmw:170, a PEO C4I office (alias table)"
LRAE Annex 25,100,N00039-23-RFPREQ-PMW/A-170-0155,PMW/A-170 - PMW/A-170 - NAVWAR,PMW/A-170,peo_program_office,pmw:170,included,"code resolves to pmw:170, a PEO C4I office (alias table)"
LRAE Annex 25,101,N00039-23-RFPREQ-PMW/A-170-0173,PMW/A-170 - PMW/A-170 - NAVWAR,PMW/A-170,peo_program_office,pmw:170,included,"code resolves to pmw:170, a PEO C4I office (alias table)"
LRAE Annex 25,102,N00039-23-RFPREQ-PMS-485-0037,PMS-485 - PMS-485 - NAVWAR,PMS-485,navsea_program_office,pms:485,excluded,"code resolves to pms:485 (program_office), outside the PEO C4I portfolio"
LRAE Annex 25,103,N00039-24-RFPREQ-PMW-750-0001,PMW-750 - PMW-750 - NAVWAR,PMW-750,peo_program_office,pmw:750,included,"code resolves to pmw:750, a PEO C4I office (alias table)"
LRAE Annex 25,104,N00039-24-RFPREQ-PMW-750-0002,PMW-750 - PMW-750 - NAVWAR,PMW-750,peo_program_office,pmw:750,included,"code resolves to pmw:750, a PEO C4I office (alias table)"
LRAE Annex 25,105,N00039-24-RFPREQ-PMW-750-0003,PMW-750 - PMW-750 - NAVWAR,PMW-750,peo_program_office,pmw:750,included,"code resolves to pmw:750, a PEO C4I office (alias table)"
LRAE Annex 25,106,N00039-24-RFPREQ-PMW-120-0001,PMW-120 - PMW-120 - NAVWAR,PMW-120,peo_program_office,pmw:120,included,"code resolves to pmw:120, a PEO C4I office (alias table)"
LRAE Annex 25,107,N00039-24-RFPREQ-PEO-C4I-0001,C4IEXEC - PEO C4I Front Office - NAVWAR,C4IEXEC,peo_front_office_or_hq_code,peo:c4i,included,"code resolves to peo:c4i, a PEO C4I office (alias table)"
LRAE Annex 25,108,N00039-25-RFPREQ-PMW/A-170-0001,PMW/A-170 - PMW/A-170 - NAVWAR,PMW/A-170,peo_program_office,pmw:170,included,"code resolves to pmw:170, a PEO C4I office (alias table)"
LRAE Annex 25,109,N00039-24-RFPREQ-PMW/A-170-0004,PMW/A-170 - PMW/A-170 - NAVWAR,PMW/A-170,peo_program_office,pmw:170,included,"code resolves to pmw:170, a PEO C4I office (alias table)"
LRAE Annex 25,110,N00039-27-RFPREQ-8.0-0003,8.0 - 8.0 - NAVWAR,8.0,navwar_hq_competency,command:navwar,excluded,"headquarters_competency code of command:navwar, outside the PEO C4I portfolio (division itself not in alias table)"
LRAE Annex 25,111,N00039-23-RFPREQ-PMA/PMW-101-0017,PMA/PMW-101 - PMA/PMW-101 - NAVWAR,PMA/PMW-101,peo_program_office,pmw:101,included,"code resolves to pmw:101, a PEO C4I office (alias table)"
LRAE Annex 25,112,N00039-24-RFPREQ-PMW/A-170-0014,PMW/A-170 - PMW/A-170 - NAVWAR,PMW/A-170,peo_program_office,pmw:170,included,"code resolves to pmw:170, a PEO C4I office (alias table)"
LRAE Annex 25,113,N00039-25-RFPREQ-PMW-740-0006,PMW-740 - PMW-740 - NAVWAR,PMW-740,peo_program_office,pmw:740,included,"code resolves to pmw:740, a PEO C4I office (alias table)"
LRAE Annex 25,114,N00039-24-RFPREQ-PMW-740-0005,PMW-740 - PMW-740 - NAVWAR,PMW-740,peo_program_office,pmw:740,included,"code resolves to pmw:740, a PEO C4I office (alias table)"
LRAE Annex 25,115,N00039-26-RFPREQ-PMA/PMW-101-0003,PMA/PMW-101 - PMA/PMW-101 - NAVWAR,PMA/PMW-101,peo_program_office,pmw:101,included,"code resolves to pmw:101, a PEO C4I office (alias table)"
LRAE Annex 25,116,N00039-24-RFPREQ-PMW-770-0008,PMW-770 - PMW-770 - NAVWAR,PMW-770,peo_program_office,pmw:770,included,"code resolves to pmw:770, a PEO C4I office (alias table)"
LRAE Annex 25,117,N00039-24-RFPREQ-PMW-770-0009,PMW-770 - PMW-770 - NAVWAR,PMW-770,peo_program_office,pmw:770,included,"code resolves to pmw:770, a PEO C4I office (alias table)"
LRAE Annex 25,118,N00039-24-RFPREQ-PMS-485-0103,PMS-485 - PMS-485 - NAVWAR,PMS-485,navsea_program_office,pms:485,excluded,"code resolves to pms:485 (program_office), outside the PEO C4I portfolio"
LRAE Annex 25,119,N00039-27-RFPREQ-PCE-0002,PCE - PCE - NAVWAR,PCE,peo_front_office_or_hq_code,,unresolved,family peo_front_office_or_hq_code recognised but code PCE has no alias-table entry
LRAE Annex 25,120,N00039-26-RFPREQ-PMA/PMW-101-0005,PMA/PMW-101 - PMA/PMW-101 - NAVWAR,PMA/PMW-101,peo_program_office,pmw:101,included,"code resolves to pmw:101, a PEO C4I office (alias table)"
LRAE Annex 25,121,N00039-25-RFPREQ-PMW-740-0005,PMW-740 - PMW-740 - NAVWAR,PMW-740,peo_program_office,pmw:740,included,"code resolves to pmw:740, a PEO C4I office (alias table)"
LRAE Annex 25,122,N00039-24-RFPREQ-PMW-740-0055,PMW-740 - PMW-740 - NAVWAR,PMW-740,peo_program_office,pmw:740,included,"code resolves to pmw:740, a PEO C4I office (alias table)"
LRAE Annex 25,123,N00039-24-RFPREQ-PMW-740-0007,PMW-740 - PMW-740 - NAVWAR,PMW-740,peo_program_office,pmw:740,included,"code resolves to pmw:740, a PEO C4I office (alias table)"
LRAE Annex 25,124,N00039-25-RFPREQ-PMS-485-0002,PMS-485 - PMS-485 - NAVWAR,PMS-485,navsea_program_office,pms:485,excluded,"code resolves to pms:485 (program_office), outside the PEO C4I portfolio"
LRAE Annex 25,125,N00039-25-RFPREQ-PMS-485-0003,PMS-485 - PMS-485 - NAVWAR,PMS-485,navsea_program_office,pms:485,excluded,"code resolves to pms:485 (program_office), outside the PEO C4I portfolio"
LRAE Annex 25,126,N00039-26-RFPREQ-PMW-740-0003,PMW-740 - PMW-740 - NAVWAR,PMW-740,peo_program_office,pmw:740,included,"code resolves to pmw:740, a PEO C4I office (alias table)"
LRAE Annex 25,127,N00039-23-RFPREQ-PMW-160-0108,PMW-160 - PMW-160 - NAVWAR,PMW-160,peo_program_office,pmw:160,included,"code resolves to pmw:160, a PEO C4I office (alias table)"
LRAE Annex 25,128,N00039-24-RFPREQ-PMW-160-0002,PMW-160 - PMW-160 - NAVWAR,PMW-160,peo_program_office,pmw:160,included,"code resolves to pmw:160, a PEO C4I office (alias table)"
LRAE Annex 25,129,N00039-28-RFPREQ-Pf007NERP-0001,Pf007NERP - Pf007NERP - NAVWAR,Pf007NERP,peo_mlb_portfolio_code,,unresolved,family peo_mlb_portfolio_code recognised but code Pf007NERP has no alias-table entry
LRAE Annex 25,130,N00039-28-RFPREQ-Pf007NERP-0003,Pf007NERP - Pf007NERP - NAVWAR,Pf007NERP,peo_mlb_portfolio_code,,unresolved,family peo_mlb_portfolio_code recognised but code Pf007NERP has no alias-table entry
LRAE Annex 25,131,N00039-29-RFPREQ-Pf007NERP-0001,Pf007NERP - Pf007NERP - NAVWAR,Pf007NERP,peo_mlb_portfolio_code,,unresolved,family peo_mlb_portfolio_code recognised but code Pf007NERP has no alias-table entry
LRAE Annex 25,132,N00039-30-RFPREQ-Pf007NERP-0002,Pf007NERP - Pf007NERP - NAVWAR,Pf007NERP,peo_mlb_portfolio_code,,unresolved,family peo_mlb_portfolio_code recognised but code Pf007NERP has no alias-table entry
LRAE Annex 25,133,N00039-24-RFPREQ-PMW/A-170-0015,PMW/A-170 - PMW/A-170 - NAVWAR,PMW/A-170,peo_program_office,pmw:170,included,"code resolves to pmw:170, a PEO C4I office (alias table)"
LRAE Annex 25,134,N00039-25-RFPREQ-Pf007NERP-0042,Pf007NERP - Pf007NERP - NAVWAR,Pf007NERP,peo_mlb_portfolio_code,,unresolved,family peo_mlb_portfolio_code recognised but code Pf007NERP has no alias-table entry
LRAE Annex 25,135,N00039-28-RFPREQ-Pf007NERP-0005,Pf007NERP - Pf007NERP - NAVWAR,Pf007NERP,peo_mlb_portfolio_code,,unresolved,family peo_mlb_portfolio_code recognised but code Pf007NERP has no alias-table entry
LRAE Annex 25,136,N00039-29-RFPREQ-Pf007NERP-0004,Pf007NERP - Pf007NERP - NAVWAR,Pf007NERP,peo_mlb_portfolio_code,,unresolved,family peo_mlb_portfolio_code recognised but code Pf007NERP has no alias-table entry
LRAE Annex 25,137,N00039-26-RFPREQ-PCE-0004,PCE - PCE - NAVWAR,PCE,peo_front_office_or_hq_code,,unresolved,family peo_front_office_or_hq_code recognised but code PCE has no alias-table entry
LRAE Annex 25,138,N00039-25-RFPREQ-Pf007NERP-0006,Pf007NERP - Pf007NERP - NAVWAR,Pf007NERP,peo_mlb_portfolio_code,,unresolved,family peo_mlb_portfolio_code recognised but code Pf007NERP has no alias-table entry
LRAE Annex 25,139,N00039-25-RFPREQ-PMW-150-0067,PMW-150 - PMW-150 - NAVWAR,PMW-150,peo_program_office,pmw:150,included,"code resolves to pmw:150, a PEO C4I office (alias table)"
LRAE Annex 25,140,N00039-25-RFPREQ-PMW-150-0002,PMW-150 - PMW-150 - NAVWAR,PMW-150,peo_program_office,pmw:150,included,"code resolves to pmw:150, a PEO C4I office (alias table)"
LRAE Annex 25,141,N00039-26-RFPREQ-PMW-740-0005,PMW-740 - PMW-740 - NAVWAR,PMW-740,peo_program_office,pmw:740,included,"code resolves to pmw:740, a PEO C4I office (alias table)"
LRAE Annex 25,142,N00039-24-RFPREQ-PMW-160-0068,PMW-160 - PMW-160 - NAVWAR,PMW-160,peo_program_office,pmw:160,included,"code resolves to pmw:160, a PEO C4I office (alias table)"
LRAE Annex 25,143,N00039-24-RFPREQ-C4IEXEC-0002,C4IEXEC - PEO C4I Front Office - NAVWAR,C4IEXEC,peo_front_office_or_hq_code,peo:c4i,included,"code resolves to peo:c4i, a PEO C4I office (alias table)"
LRAE Annex 25,144,N00039-24-RFPREQ-DRPM-NOA-0004,DRPM-NOA - Overmatch - NAVWAR,DRPM-NOA,peo_front_office_or_hq_code,drpm:overmatch,excluded,"code resolves to drpm:overmatch (portfolio_or_front_office), outside the PEO C4I portfolio"
LRAE Annex 25,145,N00039-24-RFPREQ-PEO-C4I-0012,C4IEXEC - PEO C4I Front Office - NAVWAR,C4IEXEC,peo_front_office_or_hq_code,peo:c4i,included,"code resolves to peo:c4i, a PEO C4I office (alias table)"
LRAE Annex 25,146,N00039-24-RFPREQ-1.0-0008,1.0 - 1.0 - NAVWAR,1.0,navwar_hq_competency,command:navwar,excluded,"headquarters_competency code of command:navwar, outside the PEO C4I portfolio (division itself not in alias table)"
LRAE Annex 25,147,N00039-24-RFPREQ-PMW/A-170-0413,PMW/A-170 - PMW/A-170 - NAVWAR,PMW/A-170,peo_program_office,pmw:170,included,"code resolves to pmw:170, a PEO C4I office (alias table)"
LRAE Annex 25,148,N00039-24-RFPREQ-PMW-740-0059,PMW-740 - PMW-740 - NAVWAR,PMW-740,peo_program_office,pmw:740,included,"code resolves to pmw:740, a PEO C4I office (alias table)"
LRAE Annex 25,149,N00039-25-RFPREQ-PMW-740-0061,PMW-740 - PMW-740 - NAVWAR,PMW-740,peo_program_office,pmw:740,included,"code resolves to pmw:740, a PEO C4I office (alias table)"
LRAE Annex 25,150,N00039-26-RFPREQ-4.0-0001,4.0 - 4.0 - NAVWAR,4.0,navwar_hq_competency,command:navwar,excluded,"headquarters_competency code of command:navwar, outside the PEO C4I portfolio (division itself not in alias table)"
LRAE Annex 25,151,N00039-25-RFPREQ-Pf007NERP-0055,Pf007NERP - Pf007NERP - NAVWAR,Pf007NERP,peo_mlb_portfolio_code,,unresolved,family peo_mlb_portfolio_code recognised but code Pf007NERP has no alias-table entry
LRAE Annex 25,152,N00039-24-RFPREQ-Pf007NERP-0153,Pf007NERP - Pf007NERP - NAVWAR,Pf007NERP,peo_mlb_portfolio_code,,unresolved,family peo_mlb_portfolio_code recognised but code Pf007NERP has no alias-table entry
LRAE Annex 25,153,N00039-24-RFPREQ-PMW-760-0052,PMW-760 - PMW-760 - NAVWAR,PMW-760,peo_program_office,pmw:760,included,"code resolves to pmw:760, a PEO C4I office (alias table)"
LRAE Annex 25,154,N00039-24-RFPREQ-4.0-0006,4.0 - 4.0 - NAVWAR,4.0,navwar_hq_competency,command:navwar,excluded,"headquarters_competency code of command:navwar, outside the PEO C4I portfolio (division itself not in alias table)"
LRAE Annex 25,155,N00039-27-RFPREQ-4.0-0001,4.0 - 4.0 - NAVWAR,4.0,navwar_hq_competency,command:navwar,excluded,"headquarters_competency code of command:navwar, outside the PEO C4I portfolio (division itself not in alias table)"
LRAE Annex 25,156,N00039-24-RFPREQ-PMW-760-0055,PMW-760 - PMW-760 - NAVWAR,PMW-760,peo_program_office,pmw:760,included,"code resolves to pmw:760, a PEO C4I office (alias table)"
LRAE Annex 25,157,N00039-25-RFPREQ-JTNC-0001,JTNC - JTNC - NAVWAR,JTNC,peo_front_office_or_hq_code,,unresolved,family peo_front_office_or_hq_code recognised but code JTNC has no alias-table entry
LRAE Annex 25,158,N00039-24-RFPREQ-8.0-0003,8.0 - 8.0 - NAVWAR,8.0,navwar_hq_competency,command:navwar,excluded,"headquarters_competency code of command:navwar, outside the PEO C4I portfolio (division itself not in alias table)"
LRAE Annex 25,159,N00039-24-RFPREQ-PMA/PMW-101-0115,PMA/PMW-101 - PMA/PMW-101 - NAVWAR,PMA/PMW-101,peo_program_office,pmw:101,included,"code resolves to pmw:101, a PEO C4I office (alias table)"
LRAE Annex 25,160,N00039-24-RFPREQ-PMW-150-0157,PMW-150 - PMW-150 - NAVWAR,PMW-150,peo_program_office,pmw:150,included,"code resolves to pmw:150, a PEO C4I office (alias table)"
LRAE Annex 25,161,N00039-24-RFPREQ-PMW-740-0078,PMW-740 - PMW-740 - NAVWAR,PMW-740,peo_program_office,pmw:740,included,"code resolves to pmw:740, a PEO C4I office (alias table)"
LRAE Annex 25,162,N00039-24-RFPREQ-PMA/PMW-101-0267,PMA/PMW-101 - PMA/PMW-101 - NAVWAR,PMA/PMW-101,peo_program_office,pmw:101,included,"code resolves to pmw:101, a PEO C4I office (alias table)"
LRAE Annex 25,163,N00039-24-RFPREQ-PMW-770-0044,PMW-770 - PMW-770 - NAVWAR,PMW-770,peo_program_office,pmw:770,included,"code resolves to pmw:770, a PEO C4I office (alias table)"
LRAE Annex 25,164,N00039-25-RFPREQ-Pf004MNHR-0001,Pf004MNHR - Pf004MNHR - NAVWAR,Pf004MNHR,peo_mlb_portfolio_code,,unresolved,family peo_mlb_portfolio_code recognised but code Pf004MNHR has no alias-table entry
LRAE Annex 25,165,N00039-24-RFPREQ-PMW-760-0068,PMW-760 - PMW-760 - NAVWAR,PMW-760,peo_program_office,pmw:760,included,"code resolves to pmw:760, a PEO C4I office (alias table)"
LRAE Annex 25,166,N00039-24-RFPREQ-PMW/A-170-0543,PMW/A-170 - PMW/A-170 - NAVWAR,PMW/A-170,peo_program_office,pmw:170,included,"code resolves to pmw:170, a PEO C4I office (alias table)"
LRAE Annex 25,167,N00039-24-RFPREQ-PMW/A-170-0559,PMW/A-170 - PMW/A-170 - NAVWAR,PMW/A-170,peo_program_office,pmw:170,included,"code resolves to pmw:170, a PEO C4I office (alias table)"
LRAE Annex 25,168,N00039-25-RFPREQ-PMW/A-170-0030,PMW/A-170 - PMW/A-170 - NAVWAR,PMW/A-170,peo_program_office,pmw:170,included,"code resolves to pmw:170, a PEO C4I office (alias table)"
LRAE Annex 25,169,N00039-25-RFPREQ-PMW-790-0124,PMW-790 - PMW-790 - NAVWAR,PMW-790,peo_program_office,pmw:790,included,"code resolves to pmw:790, a PEO C4I office (alias table)"
LRAE Annex 25,170,N00039-24-RFPREQ-PMW-750-0032,PMW-750 - PMW-750 - NAVWAR,PMW-750,peo_program_office,pmw:750,included,"code resolves to pmw:750, a PEO C4I office (alias table)"
LRAE Annex 25,171,N00039-25-RFPREQ-PMW-790-0157,PMW-790 - PMW-790 - NAVWAR,PMW-790,peo_program_office,pmw:790,included,"code resolves to pmw:790, a PEO C4I office (alias table)"
LRAE Annex 25,172,N00039-25-RFPREQ-PMW-790-0153,PMW-790 - PMW-790 - NAVWAR,PMW-790,peo_program_office,pmw:790,included,"code resolves to pmw:790, a PEO C4I office (alias table)"
LRAE Annex 25,173,N00039-25-RFPREQ-Pf007NERP-0043,Pf007NERP - Pf007NERP - NAVWAR,Pf007NERP,peo_mlb_portfolio_code,,unresolved,family peo_mlb_portfolio_code recognised but code Pf007NERP has no alias-table entry
LRAE Annex 25,174,N00039-24-RFPREQ-PMS-485-0110,PMS-485 - PMS-485 - NAVWAR,PMS-485,navsea_program_office,pms:485,excluded,"code resolves to pms:485 (program_office), outside the PEO C4I portfolio"
LRAE Annex 25,175,N00039-27-RFPREQ-PMS-485-0001,PMS-485 - PMS-485 - NAVWAR,PMS-485,navsea_program_office,pms:485,excluded,"code resolves to pms:485 (program_office), outside the PEO C4I portfolio"
LRAE Annex 25,176,N00039-28-RFPREQ-PMS-485-0001,PMS-485 - PMS-485 - NAVWAR,PMS-485,navsea_program_office,pms:485,excluded,"code resolves to pms:485 (program_office), outside the PEO C4I portfolio"
LRAE Annex 25,177,N00039-29-RFPREQ-PMS-485-0001,PMS-485 - PMS-485 - NAVWAR,PMS-485,navsea_program_office,pms:485,excluded,"code resolves to pms:485 (program_office), outside the PEO C4I portfolio"
LRAE Annex 25,178,N00039-29-RFPREQ-PMS-485-0002,PMS-485 - PMS-485 - NAVWAR,PMS-485,navsea_program_office,pms:485,excluded,"code resolves to pms:485 (program_office), outside the PEO C4I portfolio"
LRAE Annex 25,179,N65236-25-RFPREQ-Pf007NERP-0090,Pf007NERP - Pf007NERP - NAVWAR,Pf007NERP,peo_mlb_portfolio_code,,unresolved,family peo_mlb_portfolio_code recognised but code Pf007NERP has no alias-table entry
LRAE Annex 25,180,N65236-25-RFPREQ-LSUBP00001-0032,LSUBP00001 - LSUBP00001 - AIR TRAFFIC CONTROL DIV HEAD - NIWCLANT,LSUBP00001,niwc_atlantic_division,center:niwc-atlantic,excluded,"technical_center_division code of center:niwc-atlantic, outside the PEO C4I portfolio (division itself not in alias table)"
LRAE Annex 25,181,N65236-24-RFPREQ-LSUBP00016-0069,LSUBP00016 - LSUBP00016 - NAVY AFLOAT TRANSPORT & NAVI DIV HD - NIWCLANT,LSUBP00016,niwc_atlantic_division,center:niwc-atlantic,excluded,"technical_center_division code of center:niwc-atlantic, outside the PEO C4I portfolio (division itself not in alias table)"
LRAE Annex 25,182,N65236-23-RFPREQ-LSUBP00009-0166,LSUBP00009 - LSUBP00009 - DEFENSE HEALTH INFO TECH DIV HEAD - NIWCLANT,LSUBP00009,niwc_atlantic_division,center:niwc-atlantic,excluded,"technical_center_division code of center:niwc-atlantic, outside the PEO C4I portfolio (division itself not in alias table)"
LRAE Annex 25,183,N65236-23-RFPREQ-LSUBP00004-0052,LSUBP00004 - LSUBP00004 - EXPEDITIONARY C3 SOLUTIONS DIV HEAD - NIWCLANT,LSUBP00004,niwc_atlantic_division,center:niwc-atlantic,excluded,"technical_center_division code of center:niwc-atlantic, outside the PEO C4I portfolio (division itself not in alias table)"
LRAE Annex 25,184,N65236-23-RFPREQ-LSUBP00010-0002,LSUBP00010 - LSUBP00010 - FORCE PROTECTION SOLUTIONS DIV HEAD - NIWCLANT,LSUBP00010,niwc_atlantic_division,center:niwc-atlantic,excluded,"technical_center_division code of center:niwc-atlantic, outside the PEO C4I portfolio (division itself not in alias table)"
LRAE Annex 25,185,N65236-25-RFPREQ-LSUBP00010-0001,LSUBP00010 - LSUBP00010 - FORCE PROTECTION SOLUTIONS DIV HEAD - NIWCLANT,LSUBP00010,niwc_atlantic_division,center:niwc-atlantic,excluded,"technical_center_division code of center:niwc-atlantic, outside the PEO C4I portfolio (division itself not in alias table)"
LRAE Annex 25,186,N65236-23-RFPREQ-LSUBP00015-0002,LSUBP00015 - LSUBP00015 - SHORE C4I INTEGRATION DIV HEAD - NIWCLANT,LSUBP00015,niwc_atlantic_division,center:niwc-atlantic,excluded,"technical_center_division code of center:niwc-atlantic, outside the PEO C4I portfolio (division itself not in alias table)"
LRAE Annex 25,187,N65236-23-RFPREQ-LSUBP00001-0007,LSUBP00001 - LSUBP00001 - AIR TRAFFIC CONTROL DIV HEAD - NIWCLANT,LSUBP00001,niwc_atlantic_division,center:niwc-atlantic,excluded,"technical_center_division code of center:niwc-atlantic, outside the PEO C4I portfolio (division itself not in alias table)"
LRAE Annex 25,188,N65236-23-RFPREQ-LSUBP00022-0154,LSUBP00022 - LSUBP00022 - BATTLE SPACE AWARENESS DIV HEAD - NIWCLANT,LSUBP00022,niwc_atlantic_division,center:niwc-atlantic,excluded,"technical_center_division code of center:niwc-atlantic, outside the PEO C4I portfolio (division itself not in alias table)"
LRAE Annex 25,189,N65236-23-RFPREQ-LSUBP00022-0003,LSUBP00022 - LSUBP00022 - BATTLE SPACE AWARENESS DIV HEAD - NIWCLANT,LSUBP00022,niwc_atlantic_division,center:niwc-atlantic,excluded,"technical_center_division code of center:niwc-atlantic, outside the PEO C4I portfolio (division itself not in alias table)"
LRAE Annex 25,190,N65236-25-RFPREQ-LSUBP00022-0070,LSUBP00022 - LSUBP00022 - BATTLE SPACE AWARENESS DIV HEAD - NIWCLANT,LSUBP00022,niwc_atlantic_division,center:niwc-atlantic,excluded,"technical_center_division code of center:niwc-atlantic, outside the PEO C4I portfolio (division itself not in alias table)"
LRAE Annex 25,191,N65236-24-RFPREQ-LSUBP00016-0059,LSUBP00016 - LSUBP00016 - NAVY AFLOAT TRANSPORT & NAVI DIV HD - NIWCLANT,LSUBP00016,niwc_atlantic_division,center:niwc-atlantic,excluded,"technical_center_division code of center:niwc-atlantic, outside the PEO C4I portfolio (division itself not in alias table)"
LRAE Annex 25,192,N65236-24-RFPREQ-LSUBP00034-0031,LSUBP00034 - LSUBP00034 - SURFACE SHIP INTEGRATION DIV HEAD - NIWCLANT,LSUBP00034,niwc_atlantic_division,center:niwc-atlantic,excluded,"technical_center_division code of center:niwc-atlantic, outside the PEO C4I portfolio (division itself not in alias table)"
LRAE Annex 25,193,N65236-24-RFPREQ-LSUBP00009-0033,LSUBP00009 - LSUBP00009 - DEFENSE HEALTH INFO TECH DIV HEAD - NIWCLANT,LSUBP00009,niwc_atlantic_division,center:niwc-atlantic,excluded,"technical_center_division code of center:niwc-atlantic, outside the PEO C4I portfolio (division itself not in alias table)"
LRAE Annex 25,194,N65236-25-RFPREQ-LSUBP00006-0126,LSUBP00006 - LSUBP00006 - FMS AIR INTEGRATION USCG DIV HEAD - NIWCLANT,LSUBP00006,niwc_atlantic_division,center:niwc-atlantic,excluded,"technical_center_division code of center:niwc-atlantic, outside the PEO C4I portfolio (division itself not in alias table)"
LRAE Annex 25,195,N65236-24-RFPREQ-LSUBP00006-0003,LSUBP00006 - LSUBP00006 - FMS AIR INTEGRATION USCG DIV HEAD - NIWCLANT,LSUBP00006,niwc_atlantic_division,center:niwc-atlantic,excluded,"technical_center_division code of center:niwc-atlantic, outside the PEO C4I portfolio (division itself not in alias table)"
LRAE Annex 25,196,N65236-24-RFPREQ-LSUBP00016-0130,LSUBP00016 - LSUBP00016 - NAVY AFLOAT TRANSPORT & NAVI DIV HD - NIWCLANT,LSUBP00016,niwc_atlantic_division,center:niwc-atlantic,excluded,"technical_center_division code of center:niwc-atlantic, outside the PEO C4I portfolio (division itself not in alias table)"
LRAE Annex 25,197,N65236-24-RFPREQ-LSUBP00006-0098,LSUBP00006 - LSUBP00006 - FMS AIR INTEGRATION USCG DIV HEAD - NIWCLANT,LSUBP00006,niwc_atlantic_division,center:niwc-atlantic,excluded,"technical_center_division code of center:niwc-atlantic, outside the PEO C4I portfolio (division itself not in alias table)"
LRAE Annex 25,198,N65236-24-RFPREQ-LSUBP00077-0002,LBUSP00028 - LBUSP00028 - Service Center - NIWCLANT,LBUSP00028,niwc_atlantic_division,center:niwc-atlantic,excluded,"technical_center_division code of center:niwc-atlantic, outside the PEO C4I portfolio (division itself not in alias table)"
LRAE Annex 25,199,N65236-23-RFPREQ-LSUBP00006-0143,LSUBP00006 - LSUBP00006 - FMS AIR INTEGRATION USCG DIV HEAD - NIWCLANT,LSUBP00006,niwc_atlantic_division,center:niwc-atlantic,excluded,"technical_center_division code of center:niwc-atlantic, outside the PEO C4I portfolio (division itself not in alias table)"
LRAE Annex 25,200,N65236-23-RFPREQ-LSUBP00004-0128,LSUBP00004 - LSUBP00004 - EXPEDITIONARY C3 SOLUTIONS DIV HEAD - NIWCLANT,LSUBP00004,niwc_atlantic_division,center:niwc-atlantic,excluded,"technical_center_division code of center:niwc-atlantic, outside the PEO C4I portfolio (division itself not in alias table)"
LRAE Annex 25,201,N65236-24-RFPREQ-LSUBP00016-0028,LSUBP00016 - LSUBP00016 - NAVY AFLOAT TRANSPORT & NAVI DIV HD - NIWCLANT,LSUBP00016,niwc_atlantic_division,center:niwc-atlantic,excluded,"technical_center_division code of center:niwc-atlantic, outside the PEO C4I portfolio (division itself not in alias table)"
LRAE Annex 25,202,N65236-23-RFPREQ-LSUBP00006-0122,LSUBP00006 - LSUBP00006 - FMS AIR INTEGRATION USCG DIV HEAD - NIWCLANT,LSUBP00006,niwc_atlantic_division,center:niwc-atlantic,excluded,"technical_center_division code of center:niwc-atlantic, outside the PEO C4I portfolio (division itself not in alias table)"
LRAE Annex 25,203,N65236-23-RFPREQ-LBUSP00030-0044,LBUSP00030 - LBUSP00030 - NL-8.0 - NIWCLANT,LBUSP00030,niwc_atlantic_division,center:niwc-atlantic,excluded,"technical_center_division code of center:niwc-atlantic, outside the PEO C4I portfolio (division itself not in alias table)"
LRAE Annex 25,204,N65236-25-RFPREQ-LSUBP00002-0001,LSUBP00002 - LSUBP00002 - COMMAND OPERATIONS CENTERS DIV HEAD - NIWCLANT,LSUBP00002,niwc_atlantic_division,center:niwc-atlantic,excluded,"technical_center_division code of center:niwc-atlantic, outside the PEO C4I portfolio (division itself not in alias table)"
LRAE Annex 25,205,N65236-23-RFPREQ-LSUBP00010-0061,LSUBP00010 - LSUBP00010 - FORCE PROTECTION SOLUTIONS DIV HEAD - NIWCLANT,LSUBP00010,niwc_atlantic_division,center:niwc-atlantic,excluded,"technical_center_division code of center:niwc-atlantic, outside the PEO C4I portfolio (division itself not in alias table)"
LRAE Annex 25,206,N66001-23-RFPREQ-NP-20000-0087,NP-20000 - NP-20000 - Contracts - NIWCPAC,NP-20000,niwc_pacific_competency,center:niwc-pacific,excluded,"technical_center_division code of center:niwc-pacific, outside the PEO C4I portfolio (division itself not in alias table)"
LRAE Annex 25,207,N66001-23-RFPREQ-NP-55300-0279,NP-55300 - NP-55300 - Enterprise Communications & Networks - NIWCPAC,NP-55300,niwc_pacific_competency,center:niwc-pacific,excluded,"technical_center_division code of center:niwc-pacific, outside the PEO C4I portfolio (division itself not in alias table)"
LRAE Annex 25,208,N66001-25-RFPREQ-NP-41100-0003,NP-41100 - NP-41100 - C2ISR ISE - NIWCPAC,NP-41100,niwc_pacific_competency,center:niwc-pacific,excluded,"technical_center_division code of center:niwc-pacific, outside the PEO C4I portfolio (division itself not in alias table)"
LRAE Annex 25,209,N66001-24-RFPREQ-NP-41100-0041,NP-41100 - NP-41100 - C2ISR ISE - NIWCPAC,NP-41100,niwc_pacific_competency,center:niwc-pacific,excluded,"technical_center_division code of center:niwc-pacific, outside the PEO C4I portfolio (division itself not in alias table)"
LRAE Annex 25,210,N66001-25-RFPREQ-NP-58400-0019,NP-58400 - NP-58400 - Cyber Engineering & Integration - NIWCPAC,NP-58400,niwc_pacific_competency,center:niwc-pacific,excluded,"technical_center_division code of center:niwc-pacific, outside the PEO C4I portfolio (division itself not in alias table)"
LRAE Annex 25,211,N66001-25-RFPREQ-NP-60000-0001,NP-60000 - NP-60000 - Program & Project Management - NIWCPAC,NP-60000,niwc_pacific_competency,center:niwc-pacific,excluded,"technical_center_division code of center:niwc-pacific, outside the PEO C4I portfolio (division itself not in alias table)"
LRAE Annex 25,212,N66001-25-RFPREQ-NP-71700-0009,NP-71700 - NP-71700 - Basic & Applied Research - NIWCPAC,NP-71700,niwc_pacific_competency,center:niwc-pacific,excluded,"technical_center_division code of center:niwc-pacific, outside the PEO C4I portfolio (division itself not in alias table)"
LRAE Annex 25,213,N66001-26-RFPREQ-NP-82000-0003,NP-82000 - NP-82000 - IT Management - NIWCPAC,NP-82000,niwc_pacific_competency,center:niwc-pacific,excluded,"technical_center_division code of center:niwc-pacific, outside the PEO C4I portfolio (division itself not in alias table)"
LRAE Annex 25,214,N66001-26-RFPREQ-NP-83000-0006,NP-83000 - NP-83000 - Command Operations Support - NIWCPAC,NP-83000,niwc_pacific_competency,center:niwc-pacific,excluded,"technical_center_division code of center:niwc-pacific, outside the PEO C4I portfolio (division itself not in alias table)"
LRAE Annex 25,215,N66001-26-RFPREQ-NP-58400-0022,NP-58400 - NP-58400 - Cyber Engineering & Integration - NIWCPAC,NP-58400,niwc_pacific_competency,center:niwc-pacific,excluded,"technical_center_division code of center:niwc-pacific, outside the PEO C4I portfolio (division itself not in alias table)"
LRAE Annex 25,216,N66001-26-RFPREQ-NP-72100-0001,NP-72100 - NP-72100 - S&T Forecasting Investment & Transition - NIWCPAC,NP-72100,niwc_pacific_competency,center:niwc-pacific,excluded,"technical_center_division code of center:niwc-pacific, outside the PEO C4I portfolio (division itself not in alias table)"
LRAE Annex 25,217,N66001-26-RFPREQ-NP-41200-0007,"NP-41200 - NP-41200 - Comms, Networks & Cyber ISE - NIWCPAC",NP-41200,niwc_pacific_competency,center:niwc-pacific,excluded,"technical_center_division code of center:niwc-pacific, outside the PEO C4I portfolio (division itself not in alias table)"
LRAE Annex 25,218,N66001-25-RFPREQ-NP-42100-0008,NP-42100 - NP-42100 - Fleet Modernization & Installation - NIWCPAC,NP-42100,niwc_pacific_competency,center:niwc-pacific,excluded,"technical_center_division code of center:niwc-pacific, outside the PEO C4I portfolio (division itself not in alias table)"
LRAE Annex 25,219,N66001-24-RFPREQ-NP-43100-0054,NP-43100 - NP-43100 - Logistics & Lifecycle Support - NIWCPAC,NP-43100,niwc_pacific_competency,center:niwc-pacific,excluded,"technical_center_division code of center:niwc-pacific, outside the PEO C4I portfolio (division itself not in alias table)"
LRAE Annex 25,220,N66001-25-RFPREQ-NP-43100-0002,NP-43100 - NP-43100 - Logistics & Lifecycle Support - NIWCPAC,NP-43100,niwc_pacific_competency,center:niwc-pacific,excluded,"technical_center_division code of center:niwc-pacific, outside the PEO C4I portfolio (division itself not in alias table)"
LRAE Annex 25,221,N66001-26-RFPREQ-NP-41100-0003,NP-41100 - NP-41100 - C2ISR ISE - NIWCPAC,NP-41100,niwc_pacific_competency,center:niwc-pacific,excluded,"technical_center_division code of center:niwc-pacific, outside the PEO C4I portfolio (division itself not in alias table)"
LRAE Annex 25,222,N66001-25-RFPREQ-NP-42100-0286,NP-42100 - NP-42100 - Fleet Modernization & Installation - NIWCPAC,NP-42100,niwc_pacific_competency,center:niwc-pacific,excluded,"technical_center_division code of center:niwc-pacific, outside the PEO C4I portfolio (division itself not in alias table)"
LRAE Annex 25,223,N66001-24-RFPREQ-NP-55300-0005,NP-55300 - NP-55300 - Enterprise Communications & Networks - NIWCPAC,NP-55300,niwc_pacific_competency,center:niwc-pacific,excluded,"technical_center_division code of center:niwc-pacific, outside the PEO C4I portfolio (division itself not in alias table)"
LRAE Annex 25,224,N66001-24-RFPREQ-NP-55300-0006,NP-55300 - NP-55300 - Enterprise Communications & Networks - NIWCPAC,NP-55300,niwc_pacific_competency,center:niwc-pacific,excluded,"technical_center_division code of center:niwc-pacific, outside the PEO C4I portfolio (division itself not in alias table)"
LRAE Annex 25,225,N66001-24-RFPREQ-NP-53400-0013,NP-53400 - NP-53400 - Business & Enterprise Information Systems - NIWCPAC,NP-53400,niwc_pacific_competency,center:niwc-pacific,excluded,"technical_center_division code of center:niwc-pacific, outside the PEO C4I portfolio (division itself not in alias table)"
LRAE Annex 25,226,N66001-26-RFPREQ-NP-53000-0033,NP-53000 - NP-53000 - C2E2 - NIWCPAC,NP-53000,niwc_pacific_competency,center:niwc-pacific,excluded,"technical_center_division code of center:niwc-pacific, outside the PEO C4I portfolio (division itself not in alias table)"
LRAE Annex 25,227,N66001-25-RFPREQ-NP-53000-0035,NP-53000 - NP-53000 - C2E2 - NIWCPAC,NP-53000,niwc_pacific_competency,center:niwc-pacific,excluded,"technical_center_division code of center:niwc-pacific, outside the PEO C4I portfolio (division itself not in alias table)"
LRAE Annex 25,228,N66001-26-RFPREQ-NP-41100-0005,NP-41100 - NP-41100 - C2ISR ISE - NIWCPAC,NP-41100,niwc_pacific_competency,center:niwc-pacific,excluded,"technical_center_division code of center:niwc-pacific, outside the PEO C4I portfolio (division itself not in alias table)"
LRAE Annex 25,229,N66001-27-RFPREQ-NP-41100-0002,NP-41100 - NP-41100 - C2ISR ISE - NIWCPAC,NP-41100,niwc_pacific_competency,center:niwc-pacific,excluded,"technical_center_division code of center:niwc-pacific, outside the PEO C4I portfolio (division itself not in alias table)"
LRAE Annex 25,230,N66001-26-RFPREQ-NP-41200-0003,"NP-41200 - NP-41200 - Comms, Networks & Cyber ISE - NIWCPAC",NP-41200,niwc_pacific_competency,center:niwc-pacific,excluded,"technical_center_division code of center:niwc-pacific, outside the PEO C4I portfolio (division itself not in alias table)"
LRAE Annex 25,231,N66001-25-RFPREQ-NP-43100-0024,NP-43100 - NP-43100 - Logistics & Lifecycle Support - NIWCPAC,NP-43100,niwc_pacific_competency,center:niwc-pacific,excluded,"technical_center_division code of center:niwc-pacific, outside the PEO C4I portfolio (division itself not in alias table)"
LRAE Annex 25,232,N66001-26-RFPREQ-NP-41200-0002,"NP-41200 - NP-41200 - Comms, Networks & Cyber ISE - NIWCPAC",NP-41200,niwc_pacific_competency,center:niwc-pacific,excluded,"technical_center_division code of center:niwc-pacific, outside the PEO C4I portfolio (division itself not in alias table)"
LRAE Annex 25,233,N66001-26-RFPREQ-NP-41100-0004,NP-41100 - NP-41100 - C2ISR ISE - NIWCPAC,NP-41100,niwc_pacific_competency,center:niwc-pacific,excluded,"technical_center_division code of center:niwc-pacific, outside the PEO C4I portfolio (division itself not in alias table)"
LRAE Annex 25,234,N66001-25-RFPREQ-NP-55700-0006,"NP-55700 - NP-55700 - Position, Navigation & Timing - NIWCPAC",NP-55700,niwc_pacific_competency,center:niwc-pacific,excluded,"technical_center_division code of center:niwc-pacific, outside the PEO C4I portfolio (division itself not in alias table)"
LRAE Annex 25,235,N66001-25-RFPREQ-NP-55300-0011,NP-55300 - NP-55300 - Enterprise Communications & Networks - NIWCPAC,NP-55300,niwc_pacific_competency,center:niwc-pacific,excluded,"technical_center_division code of center:niwc-pacific, outside the PEO C4I portfolio (division itself not in alias table)"
LRAE Annex 25,236,N66001-25-RFPREQ-NP-56700-0028,NP-56700 - NP-56700 - Reconnaissance & Interdiction - NIWCPAC,NP-56700,niwc_pacific_competency,center:niwc-pacific,excluded,"technical_center_division code of center:niwc-pacific, outside the PEO C4I portfolio (division itself not in alias table)"
LRAE Annex 25,237,N66001-24-RFPREQ-NP-53500-0050,NP-53500 - NP-53500 - TACTICAL SYSTEMS I&I - NIWCPAC,NP-53500,niwc_pacific_competency,center:niwc-pacific,excluded,"technical_center_division code of center:niwc-pacific, outside the PEO C4I portfolio (division itself not in alias table)"
LRAE Annex 25,238,N66001-24-RFPREQ-NP-55300-0067,NP-55300 - NP-55300 - Enterprise Communications & Networks - NIWCPAC,NP-55300,niwc_pacific_competency,center:niwc-pacific,excluded,"technical_center_division code of center:niwc-pacific, outside the PEO C4I portfolio (division itself not in alias table)"
LRAE Annex 25,239,N66001-24-RFPREQ-NP-40000-0065,NP-40000 - NP-40000 - FIELD - NIWCPAC,NP-40000,niwc_pacific_competency,center:niwc-pacific,excluded,"technical_center_division code of center:niwc-pacific, outside the PEO C4I portfolio (division itself not in alias table)"
LRAE Annex 25,240,N66001-25-RFPREQ-NP-70000-0003,NP-70000 - NP-70000 - Cyber / S&T - NIWCPAC,NP-70000,niwc_pacific_competency,center:niwc-pacific,excluded,"technical_center_division code of center:niwc-pacific, outside the PEO C4I portfolio (division itself not in alias table)"
LRAE Annex 25,241,N66001-27-RFPREQ-NP-53400-0001,NP-53400 - NP-53400 - Business & Enterprise Information Systems - NIWCPAC,NP-53400,niwc_pacific_competency,center:niwc-pacific,excluded,"technical_center_division code of center:niwc-pacific, outside the PEO C4I portfolio (division itself not in alias table)"
LRAE Annex 25,242,N66001-27-RFPREQ-NP-53400-0002,NP-53400 - NP-53400 - Business & Enterprise Information Systems - NIWCPAC,NP-53400,niwc_pacific_competency,center:niwc-pacific,excluded,"technical_center_division code of center:niwc-pacific, outside the PEO C4I portfolio (division itself not in alias table)"
LRAE Annex 25,243,N66001-25-RFPREQ-NP-53400-0001,NP-53400 - NP-53400 - Business & Enterprise Information Systems - NIWCPAC,NP-53400,niwc_pacific_competency,center:niwc-pacific,excluded,"technical_center_division code of center:niwc-pacific, outside the PEO C4I portfolio (division itself not in alias table)"
LRAE Annex 25,244,N66001-27-RFPREQ-NP-53400-0003,NP-53400 - NP-53400 - Business & Enterprise Information Systems - NIWCPAC,NP-53400,niwc_pacific_competency,center:niwc-pacific,excluded,"technical_center_division code of center:niwc-pacific, outside the PEO C4I portfolio (division itself not in alias table)"
LRAE Annex 25,245,N66001-25-RFPREQ-NP-55300-0041,NP-55300 - NP-55300 - Enterprise Communications & Networks - NIWCPAC,NP-55300,niwc_pacific_competency,center:niwc-pacific,excluded,"technical_center_division code of center:niwc-pacific, outside the PEO C4I portfolio (division itself not in alias table)"
LRAE Annex 25,246,N66001-24-RFPREQ-NP-55300-0227,NP-55300 - NP-55300 - Enterprise Communications & Networks - NIWCPAC,NP-55300,niwc_pacific_competency,center:niwc-pacific,excluded,"technical_center_division code of center:niwc-pacific, outside the PEO C4I portfolio (division itself not in alias table)"
LRAE Annex 25,247,N66001-24-RFPREQ-NP-53500-0122,NP-53500 - NP-53500 - TACTICAL SYSTEMS I&I - NIWCPAC,NP-53500,niwc_pacific_competency,center:niwc-pacific,excluded,"technical_center_division code of center:niwc-pacific, outside the PEO C4I portfolio (division itself not in alias table)"
LRAE Annex 25,248,N66001-25-RFPREQ-NP-56000-0010,NP-56000 - NP-56000 - ISR - NIWCPAC,NP-56000,niwc_pacific_competency,center:niwc-pacific,excluded,"technical_center_division code of center:niwc-pacific, outside the PEO C4I portfolio (division itself not in alias table)"
LRAE Annex 25,249,N66001-25-RFPREQ-NP-43100-0015,NP-43100 - NP-43100 - Logistics & Lifecycle Support - NIWCPAC,NP-43100,niwc_pacific_competency,center:niwc-pacific,excluded,"technical_center_division code of center:niwc-pacific, outside the PEO C4I portfolio (division itself not in alias table)"
LRAE Annex 25,250,N66001-25-RFPREQ-NP-H4H00-0012,NP-H4H00 - NP-H4H00 - Engineering & Installation - NIWCPAC,NP-H4H00,niwc_pacific_competency,center:niwc-pacific,excluded,"technical_center_division code of center:niwc-pacific, outside the PEO C4I portfolio (division itself not in alias table)"
LRAE Annex 25,251,N66001-25-RFPREQ-NP-75600-0021,NP-75600 - NP-75600 - Information Operations - NIWCPAC,NP-75600,niwc_pacific_competency,center:niwc-pacific,excluded,"technical_center_division code of center:niwc-pacific, outside the PEO C4I portfolio (division itself not in alias table)"
LRAE Annex 25,252,N66001-25-RFPREQ-NP-55300-0029,NP-55300 - NP-55300 - Enterprise Communications & Networks - NIWCPAC,NP-55300,niwc_pacific_competency,center:niwc-pacific,excluded,"technical_center_division code of center:niwc-pacific, outside the PEO C4I portfolio (division itself not in alias table)"
LRAE Annex 25,253,N66001-25-RFPREQ-NP-84000-0013,NP-84000 - NP-84000 - Corporate Strategy - NIWCPAC,NP-84000,niwc_pacific_competency,center:niwc-pacific,excluded,"technical_center_division code of center:niwc-pacific, outside the PEO C4I portfolio (division itself not in alias table)"
LRAE Annex 25,254,N66001-25-RFPREQ-NP-58100-0016,NP-58100 - NP-58100 - Cybersecurity Engineering - NIWCPAC,NP-58100,niwc_pacific_competency,center:niwc-pacific,excluded,"technical_center_division code of center:niwc-pacific, outside the PEO C4I portfolio (division itself not in alias table)"
LRAE Annex 25,255,N66001-25-RFPREQ-NP-53600-0023,NP-53600 - NP-53600 - C2 Technology & Experimentation - NIWCPAC,NP-53600,niwc_pacific_competency,center:niwc-pacific,excluded,"technical_center_division code of center:niwc-pacific, outside the PEO C4I portfolio (division itself not in alias table)"
LRAE Annex 25,256,N66001-25-RFPREQ-NP-75200-0031,NP-75200 - NP-75200 - Electromagnetics & Advanced Technology - NIWCPAC,NP-75200,niwc_pacific_competency,center:niwc-pacific,excluded,"technical_center_division code of center:niwc-pacific, outside the PEO C4I portfolio (division itself not in alias table)"
LRAE Annex 25,257,N66001-25-RFPREQ-NP-53600-0021,NP-53600 - NP-53600 - C2 Technology & Experimentation - NIWCPAC,NP-53600,niwc_pacific_competency,center:niwc-pacific,excluded,"technical_center_division code of center:niwc-pacific, outside the PEO C4I portfolio (division itself not in alias table)"
LRAE Annex 25,258,N66001-25-RFPREQ-NP-56700-0084,NP-56700 - NP-56700 - Reconnaissance & Interdiction - NIWCPAC,NP-56700,niwc_pacific_competency,center:niwc-pacific,excluded,"technical_center_division code of center:niwc-pacific, outside the PEO C4I portfolio (division itself not in alias table)"
LRAE Annex 25,259,N66001-25-RFPREQ-NP-H5600-0015,NP-H5600 - NP-H5600 - ISR - NIWCPAC,NP-H5600,niwc_pacific_competency,center:niwc-pacific,excluded,"technical_center_division code of center:niwc-pacific, outside the PEO C4I portfolio (division itself not in alias table)"
LRAE Annex 25,260,N66001-25-RFPREQ-NP-41200-0112,"NP-41200 - NP-41200 - Comms, Networks & Cyber ISE - NIWCPAC",NP-41200,niwc_pacific_competency,center:niwc-pacific,excluded,"technical_center_division code of center:niwc-pacific, outside the PEO C4I portfolio (division itself not in alias table)"
LRAE Annex 25,261,N66001-25-RFPREQ-NP-80000-0004,NP-80000 - NP-80000 - Corporate Ops - NIWCPAC,NP-80000,niwc_pacific_competency,center:niwc-pacific,excluded,"technical_center_division code of center:niwc-pacific, outside the PEO C4I portfolio (division itself not in alias table)"
LRAE Annex 25,262,N66001-25-RFPREQ-NP-41200-0124,"NP-41200 - NP-41200 - Comms, Networks & Cyber ISE - NIWCPAC",NP-41200,niwc_pacific_competency,center:niwc-pacific,excluded,"technical_center_division code of center:niwc-pacific, outside the PEO C4I portfolio (division itself not in alias table)"
LRAE Annex 25,263,N66001-25-RFPREQ-NP-20000-0007,NP-20000 - NP-20000 - Contracts - NIWCPAC,NP-20000,niwc_pacific_competency,center:niwc-pacific,excluded,"technical_center_division code of center:niwc-pacific, outside the PEO C4I portfolio (division itself not in alias table)"
LRAE Annex 25,264,N66001-25-RFPREQ-NP-80000-0005,NP-80000 - NP-80000 - Corporate Ops - NIWCPAC,NP-80000,niwc_pacific_competency,center:niwc-pacific,excluded,"technical_center_division code of center:niwc-pacific, outside the PEO C4I portfolio (division itself not in alias table)"
LRAE Annex 25,265,N66001-25-RFPREQ-NP-56000-0037,NP-56000 - NP-56000 - ISR - NIWCPAC,NP-56000,niwc_pacific_competency,center:niwc-pacific,excluded,"technical_center_division code of center:niwc-pacific, outside the PEO C4I portfolio (division itself not in alias table)"
LRAE Annex 25,266,N66001-25-RFPREQ-NP-75200-0043,NP-75200 - NP-75200 - Electromagnetics & Advanced Technology - NIWCPAC,NP-75200,niwc_pacific_competency,center:niwc-pacific,excluded,"technical_center_division code of center:niwc-pacific, outside the PEO C4I portfolio (division itself not in alias table)"
LRAE Annex 25,267,N66001-25-RFPREQ-NP-82000-0029,NP-82000 - NP-82000 - IT Management - NIWCPAC,NP-82000,niwc_pacific_competency,center:niwc-pacific,excluded,"technical_center_division code of center:niwc-pacific, outside the PEO C4I portfolio (division itself not in alias table)"
LRAE Annex 25,268,N66001-25-RFPREQ-NP-53200-0074,NP-53200 - NP-53200 - Command and Control Systems - NIWCPAC,NP-53200,niwc_pacific_competency,center:niwc-pacific,excluded,"technical_center_division code of center:niwc-pacific, outside the PEO C4I portfolio (division itself not in alias table)"
LRAE Annex 25,269,N66001-25-RFPREQ-NP-42100-0274,NP-42100 - NP-42100 - Fleet Modernization & Installation - NIWCPAC,NP-42100,niwc_pacific_competency,center:niwc-pacific,excluded,"technical_center_division code of center:niwc-pacific, outside the PEO C4I portfolio (division itself not in alias table)"
LRAE Annex 25,270,N66001-25-RFPREQ-NP-41100-0138,NP-41100 - NP-41100 - C2ISR ISE - NIWCPAC,NP-41100,niwc_pacific_competency,center:niwc-pacific,excluded,"technical_center_division code of center:niwc-pacific, outside the PEO C4I portfolio (division itself not in alias table)"
LRAE Annex 25,271,N66001-25-RFPREQ-NP-55200-0095,NP-55200 - NP-55200 - Communications - NIWCPAC,NP-55200,niwc_pacific_competency,center:niwc-pacific,excluded,"technical_center_division code of center:niwc-pacific, outside the PEO C4I portfolio (division itself not in alias table)"
LRAE Annex 25,272,N66001-25-RFPREQ-NP-55300-0097,NP-55300 - NP-55300 - Enterprise Communications & Networks - NIWCPAC,NP-55300,niwc_pacific_competency,center:niwc-pacific,excluded,"technical_center_division code of center:niwc-pacific, outside the PEO C4I portfolio (division itself not in alias table)"
LRAE Annex 25,273,N66001-25-RFPREQ-NP-42100-0289,NP-42100 - NP-42100 - Fleet Modernization & Installation - NIWCPAC,NP-42100,niwc_pacific_competency,center:niwc-pacific,excluded,"technical_center_division code of center:niwc-pacific, outside the PEO C4I portfolio (division itself not in alias table)"
LRAE Annex 25,274,N66001-25-RFPREQ-NP-53500-0042,NP-53500 - NP-53500 - TACTICAL SYSTEMS I&I - NIWCPAC,NP-53500,niwc_pacific_competency,center:niwc-pacific,excluded,"technical_center_division code of center:niwc-pacific, outside the PEO C4I portfolio (division itself not in alias table)"
LRAE Annex 25,275,N66001-25-RFPREQ-NP-53500-0043,NP-53500 - NP-53500 - TACTICAL SYSTEMS I&I - NIWCPAC,NP-53500,niwc_pacific_competency,center:niwc-pacific,excluded,"technical_center_division code of center:niwc-pacific, outside the PEO C4I portfolio (division itself not in alias table)"
LRAE Annex 25,276,N66001-26-RFPREQ-NP-53500-0001,NP-53500 - NP-53500 - TACTICAL SYSTEMS I&I - NIWCPAC,NP-53500,niwc_pacific_competency,center:niwc-pacific,excluded,"technical_center_division code of center:niwc-pacific, outside the PEO C4I portfolio (division itself not in alias table)"
LRAE Annex 25,277,N66001-25-RFPREQ-NP-41200-0174,"NP-41200 - NP-41200 - Comms, Networks & Cyber ISE - NIWCPAC",NP-41200,niwc_pacific_competency,center:niwc-pacific,excluded,"technical_center_division code of center:niwc-pacific, outside the PEO C4I portfolio (division itself not in alias table)"
LRAE Annex 25,278,N66001-25-RFPREQ-NP-58400-0069,NP-58400 - NP-58400 - Cyber Engineering & Integration - NIWCPAC,NP-58400,niwc_pacific_competency,center:niwc-pacific,excluded,"technical_center_division code of center:niwc-pacific, outside the PEO C4I portfolio (division itself not in alias table)"
LRAE Annex 25,279,N66001-26-RFPREQ-NP-53500-0002,NP-53500 - NP-53500 - TACTICAL SYSTEMS I&I - NIWCPAC,NP-53500,niwc_pacific_competency,center:niwc-pacific,excluded,"technical_center_division code of center:niwc-pacific, outside the PEO C4I portfolio (division itself not in alias table)"
LRAE Annex 25,280,N66001-25-RFPREQ-NP-41200-0193,"NP-41200 - NP-41200 - Comms, Networks & Cyber ISE - NIWCPAC",NP-41200,niwc_pacific_competency,center:niwc-pacific,excluded,"technical_center_division code of center:niwc-pacific, outside the PEO C4I portfolio (division itself not in alias table)"
LRAE Annex 25,281,N66001-25-RFPREQ-NP-42100-0317,NP-42100 - NP-42100 - Fleet Modernization & Installation - NIWCPAC,NP-42100,niwc_pacific_competency,center:niwc-pacific,excluded,"technical_center_division code of center:niwc-pacific, outside the PEO C4I portfolio (division itself not in alias table)"
LRAE Annex 25,282,N66001-25-RFPREQ-NP-42100-0308,NP-42100 - NP-42100 - Fleet Modernization & Installation - NIWCPAC,NP-42100,niwc_pacific_competency,center:niwc-pacific,excluded,"technical_center_division code of center:niwc-pacific, outside the PEO C4I portfolio (division itself not in alias table)"
LRAE Annex 25,283,N66001-25-RFPREQ-NP-42100-0310,NP-42100 - NP-42100 - Fleet Modernization & Installation - NIWCPAC,NP-42100,niwc_pacific_competency,center:niwc-pacific,excluded,"technical_center_division code of center:niwc-pacific, outside the PEO C4I portfolio (division itself not in alias table)"
LRAE Annex 25,284,N66001-25-RFPREQ-NP-H4H00-0034,NP-H4H00 - NP-H4H00 - Engineering & Installation - NIWCPAC,NP-H4H00,niwc_pacific_competency,center:niwc-pacific,excluded,"technical_center_division code of center:niwc-pacific, outside the PEO C4I portfolio (division itself not in alias table)"
LRAE Annex 25,285,N66001-25-RFPREQ-NP-43100-0026,NP-43100 - NP-43100 - Logistics & Lifecycle Support - NIWCPAC,NP-43100,niwc_pacific_competency,center:niwc-pacific,excluded,"technical_center_division code of center:niwc-pacific, outside the PEO C4I portfolio (division itself not in alias table)"
LRAE Annex 25,286,N66001-25-RFPREQ-NP-56700-0153,NP-56700 - NP-56700 - Reconnaissance & Interdiction - NIWCPAC,NP-56700,niwc_pacific_competency,center:niwc-pacific,excluded,"technical_center_division code of center:niwc-pacific, outside the PEO C4I portfolio (division itself not in alias table)"
LRAE Annex 25,287,N66001-25-RFPREQ-NP-42100-0326,NP-42100 - NP-42100 - Fleet Modernization & Installation - NIWCPAC,NP-42100,niwc_pacific_competency,center:niwc-pacific,excluded,"technical_center_division code of center:niwc-pacific, outside the PEO C4I portfolio (division itself not in alias table)"
LRAE Annex 25,288,N66001-25-RFPREQ-NP-56700-0179,NP-56700 - NP-56700 - Reconnaissance & Interdiction - NIWCPAC,NP-56700,niwc_pacific_competency,center:niwc-pacific,excluded,"technical_center_division code of center:niwc-pacific, outside the PEO C4I portfolio (division itself not in alias table)"
LRAE Annex 25,289,N66001-25-RFPREQ-NP-41200-0202,"NP-41200 - NP-41200 - Comms, Networks & Cyber ISE - NIWCPAC",NP-41200,niwc_pacific_competency,center:niwc-pacific,excluded,"technical_center_division code of center:niwc-pacific, outside the PEO C4I portfolio (division itself not in alias table)"
LRAE Annex 25,290,N66001-25-RFPREQ-NP-41100-0158,NP-41100 - NP-41100 - C2ISR ISE - NIWCPAC,NP-41100,niwc_pacific_competency,center:niwc-pacific,excluded,"technical_center_division code of center:niwc-pacific, outside the PEO C4I portfolio (division itself not in alias table)"
LRAE Annex 25,291,N66001-25-RFPREQ-NP-41100-0159,NP-41100 - NP-41100 - C2ISR ISE - NIWCPAC,NP-41100,niwc_pacific_competency,center:niwc-pacific,excluded,"technical_center_division code of center:niwc-pacific, outside the PEO C4I portfolio (division itself not in alias table)"
LRAE Annex 25,292,N66001-25-RFPREQ-NP-41100-0160,NP-41100 - NP-41100 - C2ISR ISE - NIWCPAC,NP-41100,niwc_pacific_competency,center:niwc-pacific,excluded,"technical_center_division code of center:niwc-pacific, outside the PEO C4I portfolio (division itself not in alias table)"
LRAE Annex 25,293,N66001-25-RFPREQ-NP-41200-0212,"NP-41200 - NP-41200 - Comms, Networks & Cyber ISE - NIWCPAC",NP-41200,niwc_pacific_competency,center:niwc-pacific,excluded,"technical_center_division code of center:niwc-pacific, outside the PEO C4I portfolio (division itself not in alias table)"
LRAE Annex 25,294,N66001-25-RFPREQ-NP-42100-0353,NP-42100 - NP-42100 - Fleet Modernization & Installation - NIWCPAC,NP-42100,niwc_pacific_competency,center:niwc-pacific,excluded,"technical_center_division code of center:niwc-pacific, outside the PEO C4I portfolio (division itself not in alias table)"
LRAE Annex 25,295,N66001-25-RFPREQ-NIWCPAC-0024,NIWCPAC - NIWCPAC - NIWCPAC,NIWCPAC,,center:niwc-pacific,excluded,"code resolves to center:niwc-pacific (other organization), outside the PEO C4I portfolio"
LRAE Annex 25,296,N66001-25-RFPREQ-NP-75200-0074,NP-75200 - NP-75200 - Electromagnetics & Advanced Technology - NIWCPAC,NP-75200,niwc_pacific_competency,center:niwc-pacific,excluded,"technical_center_division code of center:niwc-pacific, outside the PEO C4I portfolio (division itself not in alias table)"
LRAE Annex 25,297,N66001-25-RFPREQ-NP-41200-0220,"NP-41200 - NP-41200 - Comms, Networks & Cyber ISE - NIWCPAC",NP-41200,niwc_pacific_competency,center:niwc-pacific,excluded,"technical_center_division code of center:niwc-pacific, outside the PEO C4I portfolio (division itself not in alias table)"
LRAE Annex 25,298,N66001-25-RFPREQ-NP-42100-0375,NP-42100 - NP-42100 - Fleet Modernization & Installation - NIWCPAC,NP-42100,niwc_pacific_competency,center:niwc-pacific,excluded,"technical_center_division code of center:niwc-pacific, outside the PEO C4I portfolio (division itself not in alias table)"
LRAE Annex 25,299,N66001-25-RFPREQ-NP-41200-0221,"NP-41200 - NP-41200 - Comms, Networks & Cyber ISE - NIWCPAC",NP-41200,niwc_pacific_competency,center:niwc-pacific,excluded,"technical_center_division code of center:niwc-pacific, outside the PEO C4I portfolio (division itself not in alias table)"
LRAE Annex 25,300,N66001-25-RFPREQ-NP-55300-0132,NP-55300 - NP-55300 - Enterprise Communications & Networks - NIWCPAC,NP-55300,niwc_pacific_competency,center:niwc-pacific,excluded,"technical_center_division code of center:niwc-pacific, outside the PEO C4I portfolio (division itself not in alias table)"
LRAE Annex 25,301,N66001-25-RFPREQ-NP-41100-0173,NP-41100 - NP-41100 - C2ISR ISE - NIWCPAC,NP-41100,niwc_pacific_competency,center:niwc-pacific,excluded,"technical_center_division code of center:niwc-pacific, outside the PEO C4I portfolio (division itself not in alias table)"
LRAE Annex 25,302,N66001-25-RFPREQ-NP-83000-0089,NP-83000 - NP-83000 - Command Operations Support - NIWCPAC,NP-83000,niwc_pacific_competency,center:niwc-pacific,excluded,"technical_center_division code of center:niwc-pacific, outside the PEO C4I portfolio (division itself not in alias table)"
LRAE Annex 25,303,N66001-25-RFPREQ-NP-55200-0136,NP-55200 - NP-55200 - Communications - NIWCPAC,NP-55200,niwc_pacific_competency,center:niwc-pacific,excluded,"technical_center_division code of center:niwc-pacific, outside the PEO C4I portfolio (division itself not in alias table)"
LRAE Annex 25,304,N66001-25-RFPREQ-NP-55300-0129,NP-55300 - NP-55300 - Enterprise Communications & Networks - NIWCPAC,NP-55300,niwc_pacific_competency,center:niwc-pacific,excluded,"technical_center_division code of center:niwc-pacific, outside the PEO C4I portfolio (division itself not in alias table)"
LRAE Annex 25,305,N66001-25-RFPREQ-NP-71700-0092,NP-71700 - NP-71700 - Basic & Applied Research - NIWCPAC,NP-71700,niwc_pacific_competency,center:niwc-pacific,excluded,"technical_center_division code of center:niwc-pacific, outside the PEO C4I portfolio (division itself not in alias table)"
LRAE Annex 25,306,N66001-25-RFPREQ-NP-41200-0225,"NP-41200 - NP-41200 - Comms, Networks & Cyber ISE - NIWCPAC",NP-41200,niwc_pacific_competency,center:niwc-pacific,excluded,"technical_center_division code of center:niwc-pacific, outside the PEO C4I portfolio (division itself not in alias table)"
LRAE Annex 25,307,N66001-25-RFPREQ-NP-55100-0102,NP-55100 - NP-55100 - Tactical Networks - NIWCPAC,NP-55100,niwc_pacific_competency,center:niwc-pacific,excluded,"technical_center_division code of center:niwc-pacific, outside the PEO C4I portfolio (division itself not in alias table)"
LRAE Annex 25,308,N66001-25-RFPREQ-NP-41200-0227,"NP-41200 - NP-41200 - Comms, Networks & Cyber ISE - NIWCPAC",NP-41200,niwc_pacific_competency,center:niwc-pacific,excluded,"technical_center_division code of center:niwc-pacific, outside the PEO C4I portfolio (division itself not in alias table)"
LRAE Annex 25,309,N66001-25-RFPREQ-NP-41200-0229,"NP-41200 - NP-41200 - Comms, Networks & Cyber ISE - NIWCPAC",NP-41200,niwc_pacific_competency,center:niwc-pacific,excluded,"technical_center_division code of center:niwc-pacific, outside the PEO C4I portfolio (division itself not in alias table)"
LRAE Annex 25,310,N66001-25-RFPREQ-NP-53000-0050,NP-53000 - NP-53000 - C2E2 - NIWCPAC,NP-53000,niwc_pacific_competency,center:niwc-pacific,excluded,"technical_center_division code of center:niwc-pacific, outside the PEO C4I portfolio (division itself not in alias table)"
LRAE Annex 25,311,N66001-25-RFPREQ-NP-42100-0390,NP-42100 - NP-42100 - Fleet Modernization & Installation - NIWCPAC,NP-42100,niwc_pacific_competency,center:niwc-pacific,excluded,"technical_center_division code of center:niwc-pacific, outside the PEO C4I portfolio (division itself not in alias table)"
LRAE Annex 25,312,N66001-25-RFPREQ-NP-41200-0231,"NP-41200 - NP-41200 - Comms, Networks & Cyber ISE - NIWCPAC",NP-41200,niwc_pacific_competency,center:niwc-pacific,excluded,"technical_center_division code of center:niwc-pacific, outside the PEO C4I portfolio (division itself not in alias table)"
LRAE Annex 25,313,N66001-25-RFPREQ-NP-41200-0232,"NP-41200 - NP-41200 - Comms, Networks & Cyber ISE - NIWCPAC",NP-41200,niwc_pacific_competency,center:niwc-pacific,excluded,"technical_center_division code of center:niwc-pacific, outside the PEO C4I portfolio (division itself not in alias table)"
LRAE Annex 25,314,N66001-25-RFPREQ-NP-41200-0233,"NP-41200 - NP-41200 - Comms, Networks & Cyber ISE - NIWCPAC",NP-41200,niwc_pacific_competency,center:niwc-pacific,excluded,"technical_center_division code of center:niwc-pacific, outside the PEO C4I portfolio (division itself not in alias table)"
LRAE Annex 25,315,N66001-25-RFPREQ-NP-41200-0236,"NP-41200 - NP-41200 - Comms, Networks & Cyber ISE - NIWCPAC",NP-41200,niwc_pacific_competency,center:niwc-pacific,excluded,"technical_center_division code of center:niwc-pacific, outside the PEO C4I portfolio (division itself not in alias table)"
LRAE Annex 25,316,N66001-25-RFPREQ-NP-41200-0237,"NP-41200 - NP-41200 - Comms, Networks & Cyber ISE - NIWCPAC",NP-41200,niwc_pacific_competency,center:niwc-pacific,excluded,"technical_center_division code of center:niwc-pacific, outside the PEO C4I portfolio (division itself not in alias table)"
LRAE Annex 25,317,N66001-25-RFPREQ-NP-42100-0399,NP-42100 - NP-42100 - Fleet Modernization & Installation - NIWCPAC,NP-42100,niwc_pacific_competency,center:niwc-pacific,excluded,"technical_center_division code of center:niwc-pacific, outside the PEO C4I portfolio (division itself not in alias table)"
LRAE Annex 25,318,N66001-26-RFPREQ-NP-53400-0002,NP-53400 - NP-53400 - Business & Enterprise Information Systems - NIWCPAC,NP-53400,niwc_pacific_competency,center:niwc-pacific,excluded,"technical_center_division code of center:niwc-pacific, outside the PEO C4I portfolio (division itself not in alias table)"
LRAE Annex 25,319,N66001-28-RFPREQ-NP-41100-0002,NP-41100 - NP-41100 - C2ISR ISE - NIWCPAC,NP-41100,niwc_pacific_competency,center:niwc-pacific,excluded,"technical_center_division code of center:niwc-pacific, outside the PEO C4I portfolio (division itself not in alias table)"
LRAE Annex 25,320,N00039-25-RFPREQ-PMW/A-170-0202,PMW/A-170 - PMW/A-170 - NAVWAR,PMW/A-170,peo_program_office,pmw:170,included,"code resolves to pmw:170, a PEO C4I office (alias table)"
LRAE Annex 25,321,N00039-25-RFPREQ-PMW/A-170-0204,PMW/A-170 - PMW/A-170 - NAVWAR,PMW/A-170,peo_program_office,pmw:170,included,"code resolves to pmw:170, a PEO C4I office (alias table)"
LRAE Annex 25,322,N00039-25-RFPREQ-PMW/A-170-0240,PMW/A-170 - PMW/A-170 - NAVWAR,PMW/A-170,peo_program_office,pmw:170,included,"code resolves to pmw:170, a PEO C4I office (alias table)"
LRAE Annex 25,323,N00039-25-RFPREQ-PMW/A-170-0222,PMW/A-170 - PMW/A-170 - NAVWAR,PMW/A-170,peo_program_office,pmw:170,included,"code resolves to pmw:170, a PEO C4I office (alias table)"
LRAE Annex 25,324,N00039-25-RFPREQ-PMW/A-170-0223,PMW/A-170 - PMW/A-170 - NAVWAR,PMW/A-170,peo_program_office,pmw:170,included,"code resolves to pmw:170, a PEO C4I office (alias table)"
LRAE Annex 25,325,N00039-25-RFPREQ-PMW-740-0013,PMW-740 - PMW-740 - NAVWAR,PMW-740,peo_program_office,pmw:740,included,"code resolves to pmw:740, a PEO C4I office (alias table)"
LRAE Annex 25,326,N00039-25-RFPREQ-PMW/A-170-0239,PMW/A-170 - PMW/A-170 - NAVWAR,PMW/A-170,peo_program_office,pmw:170,included,"code resolves to pmw:170, a PEO C4I office (alias table)"
LRAE Annex 25,327,N00039-24-RFPREQ-PMW-750-0036,PMW-750 - PMW-750 - NAVWAR,PMW-750,peo_program_office,pmw:750,included,"code resolves to pmw:750, a PEO C4I office (alias table)"
LRAE Annex 25,328,N00039-26-RFPREQ-Pf004MNHR-0005,Pf004MNHR - Pf004MNHR - NAVWAR,Pf004MNHR,peo_mlb_portfolio_code,,unresolved,family peo_mlb_portfolio_code recognised but code Pf004MNHR has no alias-table entry
LRAE Annex 25,329,N00039-25-RFPREQ-PMW-150-0027,PMW-150 - PMW-150 - NAVWAR,PMW-150,peo_program_office,pmw:150,included,"code resolves to pmw:150, a PEO C4I office (alias table)"
LRAE Annex 25,330,N00039-25-RFPREQ-Pf004MNHR-0020,Pf004MNHR - Pf004MNHR - NAVWAR,Pf004MNHR,peo_mlb_portfolio_code,,unresolved,family peo_mlb_portfolio_code recognised but code Pf004MNHR has no alias-table entry
LRAE Annex 25,331,N00039-25-RFPREQ-PMS-485-0011,PMS-485 - PMS-485 - NAVWAR,PMS-485,navsea_program_office,pms:485,excluded,"code resolves to pms:485 (program_office), outside the PEO C4I portfolio"
LRAE Annex 25,332,N00039-25-RFPREQ-PMA/PMW-101-0022,PMA/PMW-101 - PMA/PMW-101 - NAVWAR,PMA/PMW-101,peo_program_office,pmw:101,included,"code resolves to pmw:101, a PEO C4I office (alias table)"
LRAE Annex 25,333,N00039-25-RFPREQ-PMW-120-0013,PMW-120 - PMW-120 - NAVWAR,PMW-120,peo_program_office,pmw:120,included,"code resolves to pmw:120, a PEO C4I office (alias table)"
LRAE Annex 25,334,N00039-29-RFPREQ-Pf007NERP-0002,Pf007NERP - Pf007NERP - NAVWAR,Pf007NERP,peo_mlb_portfolio_code,,unresolved,family peo_mlb_portfolio_code recognised but code Pf007NERP has no alias-table entry
LRAE Annex 25,335,N00039-30-RFPREQ-Pf007NERP-0003,Pf007NERP - Pf007NERP - NAVWAR,Pf007NERP,peo_mlb_portfolio_code,,unresolved,family peo_mlb_portfolio_code recognised but code Pf007NERP has no alias-table entry
LRAE Annex 25,336,N00039-31-RFPREQ-Pf007NERP-0001,Pf007NERP - Pf007NERP - NAVWAR,Pf007NERP,peo_mlb_portfolio_code,,unresolved,family peo_mlb_portfolio_code recognised but code Pf007NERP has no alias-table entry
LRAE Annex 25,337,N00039-31-RFPREQ-Pf007NERP-0002,Pf007NERP - Pf007NERP - NAVWAR,Pf007NERP,peo_mlb_portfolio_code,,unresolved,family peo_mlb_portfolio_code recognised but code Pf007NERP has no alias-table entry
LRAE Annex 25,338,N00039-32-RFPREQ-Pf007NERP-0001,Pf007NERP - Pf007NERP - NAVWAR,Pf007NERP,peo_mlb_portfolio_code,,unresolved,family peo_mlb_portfolio_code recognised but code Pf007NERP has no alias-table entry
LRAE Annex 25,339,N00039-28-RFPREQ-Pf007NERP-0004,Pf007NERP - Pf007NERP - NAVWAR,Pf007NERP,peo_mlb_portfolio_code,,unresolved,family peo_mlb_portfolio_code recognised but code Pf007NERP has no alias-table entry
LRAE Annex 25,340,N00039-29-RFPREQ-Pf007NERP-0003,Pf007NERP - Pf007NERP - NAVWAR,Pf007NERP,peo_mlb_portfolio_code,,unresolved,family peo_mlb_portfolio_code recognised but code Pf007NERP has no alias-table entry
LRAE Annex 25,341,N00039-30-RFPREQ-Pf007NERP-0004,Pf007NERP - Pf007NERP - NAVWAR,Pf007NERP,peo_mlb_portfolio_code,,unresolved,family peo_mlb_portfolio_code recognised but code Pf007NERP has no alias-table entry
LRAE Annex 25,342,N00039-30-RFPREQ-Pf007NERP-0005,Pf007NERP - Pf007NERP - NAVWAR,Pf007NERP,peo_mlb_portfolio_code,,unresolved,family peo_mlb_portfolio_code recognised but code Pf007NERP has no alias-table entry
LRAE Annex 25,343,N00039-31-RFPREQ-Pf007NERP-0003,Pf007NERP - Pf007NERP - NAVWAR,Pf007NERP,peo_mlb_portfolio_code,,unresolved,family peo_mlb_portfolio_code recognised but code Pf007NERP has no alias-table entry
LRAE Annex 25,344,N00039-25-RFPREQ-DRPM-NOA-0017,DRPM-NOA - Overmatch - NAVWAR,DRPM-NOA,peo_front_office_or_hq_code,drpm:overmatch,excluded,"code resolves to drpm:overmatch (portfolio_or_front_office), outside the PEO C4I portfolio"
LRAE Annex 25,345,N00039-25-RFPREQ-PMW-750-0013,PMW-750 - PMW-750 - NAVWAR,PMW-750,peo_program_office,pmw:750,included,"code resolves to pmw:750, a PEO C4I office (alias table)"
LRAE Annex 25,346,N00039-25-RFPREQ-PMW-770-0022,PMW-770 - PMW-770 - NAVWAR,PMW-770,peo_program_office,pmw:770,included,"code resolves to pmw:770, a PEO C4I office (alias table)"
LRAE Annex 25,347,N00039-25-RFPREQ-Pf008MLBFO-0001,Pf008MLBFO - Pf008MLBFO - NAVWAR,Pf008MLBFO,peo_mlb_portfolio_code,peo:mlb,excluded,"code resolves to peo:mlb (portfolio_code), outside the PEO C4I portfolio"
LRAE Annex 25,348,N00039-25-RFPREQ-PMA/PMW-101-0039,PMA/PMW-101 - PMA/PMW-101 - NAVWAR,PMA/PMW-101,peo_program_office,pmw:101,included,"code resolves to pmw:101, a PEO C4I office (alias table)"
LRAE Annex 25,349,N00039-25-RFPREQ-DCE-0006,DCE - DCE - NAVWAR,DCE,peo_front_office_or_hq_code,,unresolved,family peo_front_office_or_hq_code recognised but code DCE has no alias-table entry
LRAE Annex 25,350,N00039-24-RFPREQ-PMA/PMW-101-0276,PMA/PMW-101 - PMA/PMW-101 - NAVWAR,PMA/PMW-101,peo_program_office,pmw:101,included,"code resolves to pmw:101, a PEO C4I office (alias table)"
LRAE Annex 25,351,N00039-25-RFPREQ-PMW-760-0010,PMW-760 - PMW-760 - NAVWAR,PMW-760,peo_program_office,pmw:760,included,"code resolves to pmw:760, a PEO C4I office (alias table)"
LRAE Annex 25,352,N00039-25-RFPREQ-PMW-750-0010,PMW-750 - PMW-750 - NAVWAR,PMW-750,peo_program_office,pmw:750,included,"code resolves to pmw:750, a PEO C4I office (alias table)"
LRAE Annex 25,353,N00039-25-RFPREQ-Digital TD-0005,Digital TD - TD - NAVWAR,Digital TD,peo_front_office_or_hq_code,,unresolved,family peo_front_office_or_hq_code recognised but code Digital TD has no alias-table entry
LRAE Annex 25,354,N00039-25-RFPREQ-PMW-770-0019,PMW-770 - PMW-770 - NAVWAR,PMW-770,peo_program_office,pmw:770,included,"code resolves to pmw:770, a PEO C4I office (alias table)"
LRAE Annex 25,355,N00039-25-RFPREQ-PMW-770-0048,PMW-770 - PMW-770 - NAVWAR,PMW-770,peo_program_office,pmw:770,included,"code resolves to pmw:770, a PEO C4I office (alias table)"
LRAE Annex 25,356,N00039-26-RFPREQ-PMW-770-0005,PMW-770 - PMW-770 - NAVWAR,PMW-770,peo_program_office,pmw:770,included,"code resolves to pmw:770, a PEO C4I office (alias table)"
LRAE Annex 25,357,N00039-25-RFPREQ-PMA/PMW-101-0045,PMA/PMW-101 - PMA/PMW-101 - NAVWAR,PMA/PMW-101,peo_program_office,pmw:101,included,"code resolves to pmw:101, a PEO C4I office (alias table)"
LRAE Annex 25,358,N00039-25-RFPREQ-PMA/PMW-101-0046,PMA/PMW-101 - PMA/PMW-101 - NAVWAR,PMA/PMW-101,peo_program_office,pmw:101,included,"code resolves to pmw:101, a PEO C4I office (alias table)"
LRAE Annex 25,359,N00039-26-RFPREQ-PMW-150-0003,PMW-150 - PMW-150 - NAVWAR,PMW-150,peo_program_office,pmw:150,included,"code resolves to pmw:150, a PEO C4I office (alias table)"
LRAE Annex 25,360,N00039-27-RFPREQ-PMW-150-0001,PMW-150 - PMW-150 - NAVWAR,PMW-150,peo_program_office,pmw:150,included,"code resolves to pmw:150, a PEO C4I office (alias table)"
LRAE Annex 25,361,N00039-25-RFPREQ-PMW-150-0050,PMW-150 - PMW-150 - NAVWAR,PMW-150,peo_program_office,pmw:150,included,"code resolves to pmw:150, a PEO C4I office (alias table)"
LRAE Annex 25,362,N00039-24-RFPREQ-PMA/PMW-101-0278,PMA/PMW-101 - PMA/PMW-101 - NAVWAR,PMA/PMW-101,peo_program_office,pmw:101,included,"code resolves to pmw:101, a PEO C4I office (alias table)"
LRAE Annex 25,363,N00039-25-RFPREQ-PMW/A-170-0258,PMW/A-170 - PMW/A-170 - NAVWAR,PMW/A-170,peo_program_office,pmw:170,included,"code resolves to pmw:170, a PEO C4I office (alias table)"
LRAE Annex 25,364,N00039-25-RFPREQ-PMW-160-0035,PMW-160 - PMW-160 - NAVWAR,PMW-160,peo_program_office,pmw:160,included,"code resolves to pmw:160, a PEO C4I office (alias table)"
LRAE Annex 25,365,N00039-26-RFPREQ-PMW-160-0006,PMW-160 - PMW-160 - NAVWAR,PMW-160,peo_program_office,pmw:160,included,"code resolves to pmw:160, a PEO C4I office (alias table)"
LRAE Annex 25,366,N00039-26-RFPREQ-PMW-160-0007,PMW-160 - PMW-160 - NAVWAR,PMW-160,peo_program_office,pmw:160,included,"code resolves to pmw:160, a PEO C4I office (alias table)"
LRAE Annex 25,367,N00039-26-RFPREQ-PMW-160-0008,PMW-160 - PMW-160 - NAVWAR,PMW-160,peo_program_office,pmw:160,included,"code resolves to pmw:160, a PEO C4I office (alias table)"
LRAE Annex 25,368,N00039-26-RFPREQ-PMW-160-0009,PMW-160 - PMW-160 - NAVWAR,PMW-160,peo_program_office,pmw:160,included,"code resolves to pmw:160, a PEO C4I office (alias table)"
LRAE Annex 25,369,N00039-26-RFPREQ-PMW-160-0010,PMW-160 - PMW-160 - NAVWAR,PMW-160,peo_program_office,pmw:160,included,"code resolves to pmw:160, a PEO C4I office (alias table)"
LRAE Annex 25,370,N00039-27-RFPREQ-PMW-160-0005,PMW-160 - PMW-160 - NAVWAR,PMW-160,peo_program_office,pmw:160,included,"code resolves to pmw:160, a PEO C4I office (alias table)"
LRAE Annex 25,371,N00039-27-RFPREQ-PMW-160-0006,PMW-160 - PMW-160 - NAVWAR,PMW-160,peo_program_office,pmw:160,included,"code resolves to pmw:160, a PEO C4I office (alias table)"
LRAE Annex 25,372,N00039-27-RFPREQ-PMW-160-0007,PMW-160 - PMW-160 - NAVWAR,PMW-160,peo_program_office,pmw:160,included,"code resolves to pmw:160, a PEO C4I office (alias table)"
LRAE Annex 25,373,N00039-25-RFPREQ-PMW-130-0015,PMW-130 - PMW-130 - NAVWAR,PMW-130,peo_program_office,pmw:130,included,"code resolves to pmw:130, a PEO C4I office (alias table)"
LRAE Annex 25,374,N00039-25-RFPREQ-PMW-130-0030,PMW-130 - PMW-130 - NAVWAR,PMW-130,peo_program_office,pmw:130,included,"code resolves to pmw:130, a PEO C4I office (alias table)"
LRAE Annex 25,375,N00039-25-RFPREQ-PMW-750-0016,PMW-750 - PMW-750 - NAVWAR,PMW-750,peo_program_office,pmw:750,included,"code resolves to pmw:750, a PEO C4I office (alias table)"
LRAE Annex 25,376,N00039-25-RFPREQ-PMW-760-0014,PMW-760 - PMW-760 - NAVWAR,PMW-760,peo_program_office,pmw:760,included,"code resolves to pmw:760, a PEO C4I office (alias table)"
LRAE Annex 25,377,N00039-25-RFPREQ-PAS-0009,PAS - PAS - NAVWAR,PAS,peo_front_office_or_hq_code,,unresolved,family peo_front_office_or_hq_code recognised but code PAS has no alias-table entry
LRAE Annex 25,378,N00039-25-RFPREQ-PMW/A-170-0276,PMW/A-170 - PMW/A-170 - NAVWAR,PMW/A-170,peo_program_office,pmw:170,included,"code resolves to pmw:170, a PEO C4I office (alias table)"
LRAE Annex 25,379,N00039-25-RFPREQ-PMW-740-0028,PMW-740 - PMW-740 - NAVWAR,PMW-740,peo_program_office,pmw:740,included,"code resolves to pmw:740, a PEO C4I office (alias table)"
LRAE Annex 25,380,N00039-25-RFPREQ-PMW/A-170-0277,PMW/A-170 - PMW/A-170 - NAVWAR,PMW/A-170,peo_program_office,pmw:170,included,"code resolves to pmw:170, a PEO C4I office (alias table)"
LRAE Annex 25,381,N00039-25-RFPREQ-PMA/PMW-101-0075,PMA/PMW-101 - PMA/PMW-101 - NAVWAR,PMA/PMW-101,peo_program_office,pmw:101,included,"code resolves to pmw:101, a PEO C4I office (alias table)"
LRAE Annex 25,382,N00039-25-RFPREQ-PMA/PMW-101-0077,PMA/PMW-101 - PMA/PMW-101 - NAVWAR,PMA/PMW-101,peo_program_office,pmw:101,included,"code resolves to pmw:101, a PEO C4I office (alias table)"
LRAE Annex 25,383,N00039-25-RFPREQ-PMA/PMW-101-0078,PMA/PMW-101 - PMA/PMW-101 - NAVWAR,PMA/PMW-101,peo_program_office,pmw:101,included,"code resolves to pmw:101, a PEO C4I office (alias table)"
LRAE Annex 25,384,N00039-25-RFPREQ-PMW-150-0072,PMW-150 - PMW-150 - NAVWAR,PMW-150,peo_program_office,pmw:150,included,"code resolves to pmw:150, a PEO C4I office (alias table)"
LRAE Annex 25,385,N00039-25-RFPREQ-PMW-740-0029,PMW-740 - PMW-740 - NAVWAR,PMW-740,peo_program_office,pmw:740,included,"code resolves to pmw:740, a PEO C4I office (alias table)"
LRAE Annex 25,386,N00039-25-RFPREQ-PMS-485-0028,PMS-485 - PMS-485 - NAVWAR,PMS-485,navsea_program_office,pms:485,excluded,"code resolves to pms:485 (program_office), outside the PEO C4I portfolio"
LRAE Annex 25,387,N00039-25-RFPREQ-Digital TD-0013,Digital TD - TD - NAVWAR,Digital TD,peo_front_office_or_hq_code,,unresolved,family peo_front_office_or_hq_code recognised but code Digital TD has no alias-table entry
LRAE Annex 25,388,N00039-25-RFPREQ-DRPM-NOA-0020,DRPM-NOA - Overmatch - NAVWAR,DRPM-NOA,peo_front_office_or_hq_code,drpm:overmatch,excluded,"code resolves to drpm:overmatch (portfolio_or_front_office), outside the PEO C4I portfolio"
LRAE Annex 25,389,N00039-25-RFPREQ-1.0-0005,1.0 - 1.0 - NAVWAR,1.0,navwar_hq_competency,command:navwar,excluded,"headquarters_competency code of command:navwar, outside the PEO C4I portfolio (division itself not in alias table)"
LRAE Annex 25,390,N00039-25-RFPREQ-PMW-160-0068,PMW-160 - PMW-160 - NAVWAR,PMW-160,peo_program_office,pmw:160,included,"code resolves to pmw:160, a PEO C4I office (alias table)"
LRAE Annex 25,391,N00039-25-RFPREQ-PMW/A-170-0307,PMW/A-170 - PMW/A-170 - NAVWAR,PMW/A-170,peo_program_office,pmw:170,included,"code resolves to pmw:170, a PEO C4I office (alias table)"
LRAE Annex 25,392,N00039-26-RFPREQ-8.0-0004,8.0 - 8.0 - NAVWAR,8.0,navwar_hq_competency,command:navwar,excluded,"headquarters_competency code of command:navwar, outside the PEO C4I portfolio (division itself not in alias table)"
LRAE Annex 25,393,N00039-25-RFPREQ-Digital TD-0015,Digital TD - TD - NAVWAR,Digital TD,peo_front_office_or_hq_code,,unresolved,family peo_front_office_or_hq_code recognised but code Digital TD has no alias-table entry
LRAE Annex 25,394,N00039-25-RFPREQ-PMW/A-170-0302,PMW/A-170 - PMW/A-170 - NAVWAR,PMW/A-170,peo_program_office,pmw:170,included,"code resolves to pmw:170, a PEO C4I office (alias table)"
LRAE Annex 25,395,N00039-25-RFPREQ-PMW/A-170-0304,PMW/A-170 - PMW/A-170 - NAVWAR,PMW/A-170,peo_program_office,pmw:170,included,"code resolves to pmw:170, a PEO C4I office (alias table)"
LRAE Annex 25,396,N00039-25-RFPREQ-Digital TD-0016,Digital TD - TD - NAVWAR,Digital TD,peo_front_office_or_hq_code,,unresolved,family peo_front_office_or_hq_code recognised but code Digital TD has no alias-table entry
LRAE Annex 25,397,N00039-25-RFPREQ-Pf004MNHR-0079,Pf004MNHR - Pf004MNHR - NAVWAR,Pf004MNHR,peo_mlb_portfolio_code,,unresolved,family peo_mlb_portfolio_code recognised but code Pf004MNHR has no alias-table entry
LRAE Annex 25,398,N00039-25-RFPREQ-PMA/PMW-101-0096,PMA/PMW-101 - PMA/PMW-101 - NAVWAR,PMA/PMW-101,peo_program_office,pmw:101,included,"code resolves to pmw:101, a PEO C4I office (alias table)"
LRAE Annex 25,399,N00039-25-RFPREQ-PMW-770-0034,PMW-770 - PMW-770 - NAVWAR,PMW-770,peo_program_office,pmw:770,included,"code resolves to pmw:770, a PEO C4I office (alias table)"
LRAE Annex 25,400,N00039-25-RFPREQ-6.0-0006,6.0 - 6.0 - NAVWAR,6.0,navwar_hq_competency,command:navwar,excluded,"headquarters_competency code of command:navwar, outside the PEO C4I portfolio (division itself not in alias table)"
LRAE Annex 25,401,N00039-25-RFPREQ-PMW-150-0102,PMW-150 - PMW-150 - NAVWAR,PMW-150,peo_program_office,pmw:150,included,"code resolves to pmw:150, a PEO C4I office (alias table)"
LRAE Annex 25,402,N00039-25-RFPREQ-PMW-150-0128,PMW-150 - PMW-150 - NAVWAR,PMW-150,peo_program_office,pmw:150,included,"code resolves to pmw:150, a PEO C4I office (alias table)"
LRAE Annex 25,403,N00039-25-RFPREQ-PMW-150-0129,PMW-150 - PMW-150 - NAVWAR,PMW-150,peo_program_office,pmw:150,included,"code resolves to pmw:150, a PEO C4I office (alias table)"
LRAE Annex 25,404,N00039-25-RFPREQ-C4IEXEC-0014,C4IEXEC - PEO C4I Front Office - NAVWAR,C4IEXEC,peo_front_office_or_hq_code,peo:c4i,included,"code resolves to peo:c4i, a PEO C4I office (alias table)"
LRAE Annex 25,405,N00039-25-RFPREQ-PMA/PMW-101-0103,PMA/PMW-101 - PMA/PMW-101 - NAVWAR,PMA/PMW-101,peo_program_office,pmw:101,included,"code resolves to pmw:101, a PEO C4I office (alias table)"
LRAE Annex 25,406,N00039-25-RFPREQ-Pf004MNHR-0086,Pf004MNHR - Pf004MNHR - NAVWAR,Pf004MNHR,peo_mlb_portfolio_code,,unresolved,family peo_mlb_portfolio_code recognised but code Pf004MNHR has no alias-table entry
LRAE Annex 25,407,N00039-25-RFPREQ-PMW-130-0026,PMW-130 - PMW-130 - NAVWAR,PMW-130,peo_program_office,pmw:130,included,"code resolves to pmw:130, a PEO C4I office (alias table)"
LRAE Annex 25,408,N00039-25-RFPREQ-PMW-160-0103,PMW-160 - PMW-160 - NAVWAR,PMW-160,peo_program_office,pmw:160,included,"code resolves to pmw:160, a PEO C4I office (alias table)"
LRAE Annex 25,409,N00039-25-RFPREQ-PMW/A-170-0334,PMW/A-170 - PMW/A-170 - NAVWAR,PMW/A-170,peo_program_office,pmw:170,included,"code resolves to pmw:170, a PEO C4I office (alias table)"
LRAE Annex 25,410,N00039-25-RFPREQ-DCE-0015,DCE - DCE - NAVWAR,DCE,peo_front_office_or_hq_code,,unresolved,family peo_front_office_or_hq_code recognised but code DCE has no alias-table entry
LRAE Annex 25,411,N00039-25-RFPREQ-PMW-740-0040,PMW-740 - PMW-740 - NAVWAR,PMW-740,peo_program_office,pmw:740,included,"code resolves to pmw:740, a PEO C4I office (alias table)"
LRAE Annex 25,412,N00039-25-RFPREQ-PCE-0037,PCE - PCE - NAVWAR,PCE,peo_front_office_or_hq_code,,unresolved,family peo_front_office_or_hq_code recognised but code PCE has no alias-table entry
LRAE Annex 25,413,N00039-25-RFPREQ-PMW-750-0037,PMW-750 - PMW-750 - NAVWAR,PMW-750,peo_program_office,pmw:750,included,"code resolves to pmw:750, a PEO C4I office (alias table)"
LRAE Annex 25,414,N00039-25-RFPREQ-Pf005NABS-0047,Pf005NABS - Pf005NABS - NAVWAR,Pf005NABS,peo_mlb_portfolio_code,,unresolved,family peo_mlb_portfolio_code recognised but code Pf005NABS has no alias-table entry
LRAE Annex 25,415,N00039-25-RFPREQ-PMW/A-170-0342,PMW/A-170 - PMW/A-170 - NAVWAR,PMW/A-170,peo_program_office,pmw:170,included,"code resolves to pmw:170, a PEO C4I office (alias table)"
LRAE Annex 25,416,N00039-29-RFPREQ-PMS-485-0005,PMS-485 - PMS-485 - NAVWAR,PMS-485,navsea_program_office,pms:485,excluded,"code resolves to pms:485 (program_office), outside the PEO C4I portfolio"
LRAE Annex 25,417,N00039-25-RFPREQ-PMW-750-0034,PMW-750 - PMW-750 - NAVWAR,PMW-750,peo_program_office,pmw:750,included,"code resolves to pmw:750, a PEO C4I office (alias table)"
LRAE Annex 25,418,N00039-25-RFPREQ-PMW/A-170-0343,PMW/A-170 - PMW/A-170 - NAVWAR,PMW/A-170,peo_program_office,pmw:170,included,"code resolves to pmw:170, a PEO C4I office (alias table)"
LRAE Annex 25,419,N00039-25-RFPREQ-PEO-MLB-0024,PEO-MLB - PEO-MLB - NAVWAR,PEO-MLB,peo_front_office_or_hq_code,peo:mlb,excluded,"code resolves to peo:mlb (portfolio_or_front_office), outside the PEO C4I portfolio"
LRAE Annex 25,420,N00039-25-RFPREQ-PMS-485-0057,PMS-485 - PMS-485 - NAVWAR,PMS-485,navsea_program_office,pms:485,excluded,"code resolves to pms:485 (program_office), outside the PEO C4I portfolio"
LRAE Annex 25,421,N00039-25-RFPREQ-PMW-160-0110,PMW-160 - PMW-160 - NAVWAR,PMW-160,peo_program_office,pmw:160,included,"code resolves to pmw:160, a PEO C4I office (alias table)"
LRAE Annex 25,422,N00039-25-RFPREQ-PMW/A-170-0346,PMW/A-170 - PMW/A-170 - NAVWAR,PMW/A-170,peo_program_office,pmw:170,included,"code resolves to pmw:170, a PEO C4I office (alias table)"
LRAE Annex 25,423,N00039-26-RFPREQ-PMW-790-0022,PMW-790 - PMW-790 - NAVWAR,PMW-790,peo_program_office,pmw:790,included,"code resolves to pmw:790, a PEO C4I office (alias table)"
LRAE Annex 25,424,N00039-25-RFPREQ-PMW-150-0120,PMW-150 - PMW-150 - NAVWAR,PMW-150,peo_program_office,pmw:150,included,"code resolves to pmw:150, a PEO C4I office (alias table)"
LRAE Annex 25,425,N00039-25-RFPREQ-PMW-150-0119,PMW-150 - PMW-150 - NAVWAR,PMW-150,peo_program_office,pmw:150,included,"code resolves to pmw:150, a PEO C4I office (alias table)"
LRAE Annex 25,426,N00039-25-RFPREQ-Pf005NABS-0049,Pf005NABS - Pf005NABS - NAVWAR,Pf005NABS,peo_mlb_portfolio_code,,unresolved,family peo_mlb_portfolio_code recognised but code Pf005NABS has no alias-table entry
LRAE Annex 25,427,N00039-25-RFPREQ-PMW-150-0133,PMW-150 - PMW-150 - NAVWAR,PMW-150,peo_program_office,pmw:150,included,"code resolves to pmw:150, a PEO C4I office (alias table)"
LRAE Annex 25,428,N00039-25-RFPREQ-PMW-150-0134,PMW-150 - PMW-150 - NAVWAR,PMW-150,peo_program_office,pmw:150,included,"code resolves to pmw:150, a PEO C4I office (alias table)"
LRAE Annex 25,429,N00039-25-RFPREQ-PMA/PMW-101-0129,PMA/PMW-101 - PMA/PMW-101 - NAVWAR,PMA/PMW-101,peo_program_office,pmw:101,included,"code resolves to pmw:101, a PEO C4I office (alias table)"
LRAE Annex 25,430,N00039-25-RFPREQ-PMA/PMW-101-0130,PMA/PMW-101 - PMA/PMW-101 - NAVWAR,PMA/PMW-101,peo_program_office,pmw:101,included,"code resolves to pmw:101, a PEO C4I office (alias table)"
LRAE Annex 25,431,N00039-25-RFPREQ-PMA/PMW-101-0133,PMA/PMW-101 - PMA/PMW-101 - NAVWAR,PMA/PMW-101,peo_program_office,pmw:101,included,"code resolves to pmw:101, a PEO C4I office (alias table)"
LRAE Annex 25,432,N00039-25-RFPREQ-PMW-150-0130,PMW-150 - PMW-150 - NAVWAR,PMW-150,peo_program_office,pmw:150,included,"code resolves to pmw:150, a PEO C4I office (alias table)"
LRAE Annex 25,433,N00039-25-RFPREQ-PMW-150-0132,PMW-150 - PMW-150 - NAVWAR,PMW-150,peo_program_office,pmw:150,included,"code resolves to pmw:150, a PEO C4I office (alias table)"
LRAE Annex 25,434,N00039-25-RFPREQ-PMW-160-0111,PMW-160 - PMW-160 - NAVWAR,PMW-160,peo_program_office,pmw:160,included,"code resolves to pmw:160, a PEO C4I office (alias table)"
LRAE Annex 25,435,N00039-25-RFPREQ-PMW/A-170-0357,PMW/A-170 - PMW/A-170 - NAVWAR,PMW/A-170,peo_program_office,pmw:170,included,"code resolves to pmw:170, a PEO C4I office (alias table)"
LRAE Annex 25,436,N00039-25-RFPREQ-PMW/A-170-0358,PMW/A-170 - PMW/A-170 - NAVWAR,PMW/A-170,peo_program_office,pmw:170,included,"code resolves to pmw:170, a PEO C4I office (alias table)"
LRAE Annex 25,437,N00039-25-RFPREQ-PMW-150-0138,PMW-150 - PMW-150 - NAVWAR,PMW-150,peo_program_office,pmw:150,included,"code resolves to pmw:150, a PEO C4I office (alias table)"
LRAE Annex 25,438,N00039-25-RFPREQ-PMA/PMW-101-0155,PMA/PMW-101 - PMA/PMW-101 - NAVWAR,PMA/PMW-101,peo_program_office,pmw:101,included,"code resolves to pmw:101, a PEO C4I office (alias table)"
LRAE Annex 25,439,N00039-25-RFPREQ-Pf004MNHR-0112,Pf004MNHR - Pf004MNHR - NAVWAR,Pf004MNHR,peo_mlb_portfolio_code,,unresolved,family peo_mlb_portfolio_code recognised but code Pf004MNHR has no alias-table entry
LRAE Annex 25,440,N00039-25-RFPREQ-8.0-0040,8.0 - 8.0 - NAVWAR,8.0,navwar_hq_competency,command:navwar,excluded,"headquarters_competency code of command:navwar, outside the PEO C4I portfolio (division itself not in alias table)"
LRAE Annex 25,441,N00039-25-RFPREQ-PMA/PMW-101-0154,PMA/PMW-101 - PMA/PMW-101 - NAVWAR,PMA/PMW-101,peo_program_office,pmw:101,included,"code resolves to pmw:101, a PEO C4I office (alias table)"
LRAE Annex 25,442,N00039-26-RFPREQ-PMW/A-170-0005,PMW/A-170 - PMW/A-170 - NAVWAR,PMW/A-170,peo_program_office,pmw:170,included,"code resolves to pmw:170, a PEO C4I office (alias table)"
LRAE Annex 25,443,N00039-25-RFPREQ-PMW/A-170-0372,PMW/A-170 - PMW/A-170 - NAVWAR,PMW/A-170,peo_program_office,pmw:170,included,"code resolves to pmw:170, a PEO C4I office (alias table)"
LRAE Annex 25,444,N00039-25-RFPREQ-PMW/A-170-0374,PMW/A-170 - PMW/A-170 - NAVWAR,PMW/A-170,peo_program_office,pmw:170,included,"code resolves to pmw:170, a PEO C4I office (alias table)"
LRAE Annex 25,445,N00039-25-RFPREQ-PMA/PMW-101-0158,PMA/PMW-101 - PMA/PMW-101 - NAVWAR,PMA/PMW-101,peo_program_office,pmw:101,included,"code resolves to pmw:101, a PEO C4I office (alias table)"
LRAE Annex 25,446,N00039-25-RFPREQ-PMW/A-170-0375,PMW/A-170 - PMW/A-170 - NAVWAR,PMW/A-170,peo_program_office,pmw:170,included,"code resolves to pmw:170, a PEO C4I office (alias table)"
LRAE Annex 25,447,N00039-25-RFPREQ-DRPM-NOA-0026,DRPM-NOA - Overmatch - NAVWAR,DRPM-NOA,peo_front_office_or_hq_code,drpm:overmatch,excluded,"code resolves to drpm:overmatch (portfolio_or_front_office), outside the PEO C4I portfolio"
LRAE Annex 25,448,N65236-25-RFPREQ-LBUSP00023-0052,LBUSP00023 - LBUSP00023 - C4ISR-01C - NIWCLANT,LBUSP00023,niwc_atlantic_division,center:niwc-atlantic,excluded,"technical_center_division code of center:niwc-atlantic, outside the PEO C4I portfolio (division itself not in alias table)"
LRAE Annex 25,449,N65236-25-RFPREQ-LSUBP00015-0129,LSUBP00015 - LSUBP00015 - SHORE C4I INTEGRATION DIV HEAD - NIWCLANT,LSUBP00015,niwc_atlantic_division,center:niwc-atlantic,excluded,"technical_center_division code of center:niwc-atlantic, outside the PEO C4I portfolio (division itself not in alias table)"
LRAE Annex 25,450,N65236-25-RFPREQ-LSUBP00095-0057,LSUBP00095 - LSUBP00095 - LOGISTICS BUSINESS SYSTEMS DIV HEAD - NIWCLANT,LSUBP00095,niwc_atlantic_division,center:niwc-atlantic,excluded,"technical_center_division code of center:niwc-atlantic, outside the PEO C4I portfolio (division itself not in alias table)"
LRAE Annex 25,451,N65236-25-RFPREQ-LSUBP00015-0128,LSUBP00015 - LSUBP00015 - SHORE C4I INTEGRATION DIV HEAD - NIWCLANT,LSUBP00015,niwc_atlantic_division,center:niwc-atlantic,excluded,"technical_center_division code of center:niwc-atlantic, outside the PEO C4I portfolio (division itself not in alias table)"
LRAE Annex 25,452,N65236-25-RFPREQ-LSUBP00023-0095,LSUBP00023 - LSUBP00023 - SPEC RECON SURVEIL & EXPLOIT DIV HD - NIWCLANT,LSUBP00023,niwc_atlantic_division,center:niwc-atlantic,excluded,"technical_center_division code of center:niwc-atlantic, outside the PEO C4I portfolio (division itself not in alias table)"
LRAE Annex 25,453,N65236-26-RFPREQ-LSUBP00022-0008,LSUBP00022 - LSUBP00022 - BATTLE SPACE AWARENESS DIV HEAD - NIWCLANT,LSUBP00022,niwc_atlantic_division,center:niwc-atlantic,excluded,"technical_center_division code of center:niwc-atlantic, outside the PEO C4I portfolio (division itself not in alias table)"
LRAE Annex 25,454,N65236-25-RFPREQ-LSUBP00095-0054,LSUBP00095 - LSUBP00095 - LOGISTICS BUSINESS SYSTEMS DIV HEAD - NIWCLANT,LSUBP00095,niwc_atlantic_division,center:niwc-atlantic,excluded,"technical_center_division code of center:niwc-atlantic, outside the PEO C4I portfolio (division itself not in alias table)"
LRAE Annex 25,455,N65236-25-RFPREQ-LSUBP00095-0055,LSUBP00095 - LSUBP00095 - LOGISTICS BUSINESS SYSTEMS DIV HEAD - NIWCLANT,LSUBP00095,niwc_atlantic_division,center:niwc-atlantic,excluded,"technical_center_division code of center:niwc-atlantic, outside the PEO C4I portfolio (division itself not in alias table)"
LRAE Annex 25,456,N65236-25-RFPREQ-LSUBP00034-0128,LSUBP00034 - LSUBP00034 - SURFACE SHIP INTEGRATION DIV HEAD - NIWCLANT,LSUBP00034,niwc_atlantic_division,center:niwc-atlantic,excluded,"technical_center_division code of center:niwc-atlantic, outside the PEO C4I portfolio (division itself not in alias table)"
LRAE Annex 25,457,N65236-25-RFPREQ-LSUBP00057-0331,LSUBP00057 - LSUBP00057 - FLEET INSTALLATION & READINESS DIV HD - NIWCLANT,LSUBP00057,niwc_atlantic_division,center:niwc-atlantic,excluded,"technical_center_division code of center:niwc-atlantic, outside the PEO C4I portfolio (division itself not in alias table)"
LRAE Annex 25,458,N65236-25-RFPREQ-Pf007NERP-0091,Pf007NERP - Pf007NERP - NAVWAR,Pf007NERP,peo_mlb_portfolio_code,,unresolved,family peo_mlb_portfolio_code recognised but code Pf007NERP has no alias-table entry
LRAE Annex 25,459,N65236-25-RFPREQ-LSUBP00004-0103,LSUBP00004 - LSUBP00004 - EXPEDITIONARY C3 SOLUTIONS DIV HEAD - NIWCLANT,LSUBP00004,niwc_atlantic_division,center:niwc-atlantic,excluded,"technical_center_division code of center:niwc-atlantic, outside the PEO C4I portfolio (division itself not in alias table)"
LRAE Annex 25,460,N65236-25-RFPREQ-LSUBP00022-0203,LSUBP00022 - LSUBP00022 - BATTLE SPACE AWARENESS DIV HEAD - NIWCLANT,LSUBP00022,niwc_atlantic_division,center:niwc-atlantic,excluded,"technical_center_division code of center:niwc-atlantic, outside the PEO C4I portfolio (division itself not in alias table)"
LRAE Annex 25,461,N65236-25-RFPREQ-LSUBP00022-0204,LSUBP00022 - LSUBP00022 - BATTLE SPACE AWARENESS DIV HEAD - NIWCLANT,LSUBP00022,niwc_atlantic_division,center:niwc-atlantic,excluded,"technical_center_division code of center:niwc-atlantic, outside the PEO C4I portfolio (division itself not in alias table)"
LRAE Annex 25,462,N65236-25-RFPREQ-LSUBP00016-0241,LSUBP00016 - LSUBP00016 - NAVY AFLOAT TRANSPORT & NAVI DIV HD - NIWCLANT,LSUBP00016,niwc_atlantic_division,center:niwc-atlantic,excluded,"technical_center_division code of center:niwc-atlantic, outside the PEO C4I portfolio (division itself not in alias table)"
LRAE Annex 25,463,N65236-25-RFPREQ-LSUBP00057-0328,LSUBP00057 - LSUBP00057 - FLEET INSTALLATION & READINESS DIV HD - NIWCLANT,LSUBP00057,niwc_atlantic_division,center:niwc-atlantic,excluded,"technical_center_division code of center:niwc-atlantic, outside the PEO C4I portfolio (division itself not in alias table)"
LRAE Annex 25,464,N65236-25-RFPREQ-LSUBP00095-0052,LSUBP00095 - LSUBP00095 - LOGISTICS BUSINESS SYSTEMS DIV HEAD - NIWCLANT,LSUBP00095,niwc_atlantic_division,center:niwc-atlantic,excluded,"technical_center_division code of center:niwc-atlantic, outside the PEO C4I portfolio (division itself not in alias table)"
LRAE Annex 25,465,N65236-25-RFPREQ-LSUBP00095-0053,LSUBP00095 - LSUBP00095 - LOGISTICS BUSINESS SYSTEMS DIV HEAD - NIWCLANT,LSUBP00095,niwc_atlantic_division,center:niwc-atlantic,excluded,"technical_center_division code of center:niwc-atlantic, outside the PEO C4I portfolio (division itself not in alias table)"
LRAE Annex 25,466,N65236-25-RFPREQ-LSUBP00006-0162,LSUBP00006 - LSUBP00006 - FMS AIR INTEGRATION USCG DIV HEAD - NIWCLANT,LSUBP00006,niwc_atlantic_division,center:niwc-atlantic,excluded,"technical_center_division code of center:niwc-atlantic, outside the PEO C4I portfolio (division itself not in alias table)"
LRAE Annex 25,467,N65236-25-RFPREQ-LSUBP00095-0050,LSUBP00095 - LSUBP00095 - LOGISTICS BUSINESS SYSTEMS DIV HEAD - NIWCLANT,LSUBP00095,niwc_atlantic_division,center:niwc-atlantic,excluded,"technical_center_division code of center:niwc-atlantic, outside the PEO C4I portfolio (division itself not in alias table)"
LRAE Annex 25,468,N65236-25-RFPREQ-LSUBP00095-0051,LSUBP00095 - LSUBP00095 - LOGISTICS BUSINESS SYSTEMS DIV HEAD - NIWCLANT,LSUBP00095,niwc_atlantic_division,center:niwc-atlantic,excluded,"technical_center_division code of center:niwc-atlantic, outside the PEO C4I portfolio (division itself not in alias table)"
LRAE Annex 25,469,N65236-25-RFPREQ-LSUBP00006-0161,LSUBP00006 - LSUBP00006 - FMS AIR INTEGRATION USCG DIV HEAD - NIWCLANT,LSUBP00006,niwc_atlantic_division,center:niwc-atlantic,excluded,"technical_center_division code of center:niwc-atlantic, outside the PEO C4I portfolio (division itself not in alias table)"
LRAE Annex 25,470,N65236-25-RFPREQ-LSUBP00049-0246,LSUBP00049 - LSUBP00049 - S&T Division - NIWCLANT,LSUBP00049,niwc_atlantic_division,center:niwc-atlantic,excluded,"technical_center_division code of center:niwc-atlantic, outside the PEO C4I portfolio (division itself not in alias table)"
LRAE Annex 25,471,N65236-25-RFPREQ-LSUBP00016-0226,LSUBP00016 - LSUBP00016 - NAVY AFLOAT TRANSPORT & NAVI DIV HD - NIWCLANT,LSUBP00016,niwc_atlantic_division,center:niwc-atlantic,excluded,"technical_center_division code of center:niwc-atlantic, outside the PEO C4I portfolio (division itself not in alias table)"
LRAE Annex 25,472,N65236-25-RFPREQ-LSUBP00021-0223,LSUBP00021 - LSUBP00021 - EXPEDITIONARY INTEL SOLUTIONS DIV HEAD - NIWCLANT,LSUBP00021,niwc_atlantic_division,center:niwc-atlantic,excluded,"technical_center_division code of center:niwc-atlantic, outside the PEO C4I portfolio (division itself not in alias table)"
LRAE Annex 25,473,N65236-25-RFPREQ-LSUBP00010-0150,LSUBP00010 - LSUBP00010 - FORCE PROTECTION SOLUTIONS DIV HEAD - NIWCLANT,LSUBP00010,niwc_atlantic_division,center:niwc-atlantic,excluded,"technical_center_division code of center:niwc-atlantic, outside the PEO C4I portfolio (division itself not in alias table)"
LRAE Annex 25,474,N65236-25-RFPREQ-LSUBP00010-0151,LSUBP00010 - LSUBP00010 - FORCE PROTECTION SOLUTIONS DIV HEAD - NIWCLANT,LSUBP00010,niwc_atlantic_division,center:niwc-atlantic,excluded,"technical_center_division code of center:niwc-atlantic, outside the PEO C4I portfolio (division itself not in alias table)"
LRAE Annex 25,475,N65236-25-RFPREQ-LSUBP00010-0152,LSUBP00010 - LSUBP00010 - FORCE PROTECTION SOLUTIONS DIV HEAD - NIWCLANT,LSUBP00010,niwc_atlantic_division,center:niwc-atlantic,excluded,"technical_center_division code of center:niwc-atlantic, outside the PEO C4I portfolio (division itself not in alias table)"
LRAE Annex 25,476,N65236-25-RFPREQ-LSUBP00095-0049,LSUBP00095 - LSUBP00095 - LOGISTICS BUSINESS SYSTEMS DIV HEAD - NIWCLANT,LSUBP00095,niwc_atlantic_division,center:niwc-atlantic,excluded,"technical_center_division code of center:niwc-atlantic, outside the PEO C4I portfolio (division itself not in alias table)"
LRAE Annex 25,477,N65236-25-RFPREQ-LSUBP00015-0125,LSUBP00015 - LSUBP00015 - SHORE C4I INTEGRATION DIV HEAD - NIWCLANT,LSUBP00015,niwc_atlantic_division,center:niwc-atlantic,excluded,"technical_center_division code of center:niwc-atlantic, outside the PEO C4I portfolio (division itself not in alias table)"
LRAE Annex 25,478,N65236-25-RFPREQ-LSUBP00063-0097,LSUBP00063 - LSUBP00063 - NAVY AFLOAT NETWORK DIV HEAD - NIWCLANT,LSUBP00063,niwc_atlantic_division,center:niwc-atlantic,excluded,"technical_center_division code of center:niwc-atlantic, outside the PEO C4I portfolio (division itself not in alias table)"
LRAE Annex 25,479,N65236-25-RFPREQ-LSUBP00015-0126,LSUBP00015 - LSUBP00015 - SHORE C4I INTEGRATION DIV HEAD - NIWCLANT,LSUBP00015,niwc_atlantic_division,center:niwc-atlantic,excluded,"technical_center_division code of center:niwc-atlantic, outside the PEO C4I portfolio (division itself not in alias table)"
LRAE Annex 25,480,N65236-25-RFPREQ-LSUBP00015-0127,LSUBP00015 - LSUBP00015 - SHORE C4I INTEGRATION DIV HEAD - NIWCLANT,LSUBP00015,niwc_atlantic_division,center:niwc-atlantic,excluded,"technical_center_division code of center:niwc-atlantic, outside the PEO C4I portfolio (division itself not in alias table)"
LRAE Annex 25,481,N65236-25-RFPREQ-LSUBP00021-0235,LSUBP00021 - LSUBP00021 - EXPEDITIONARY INTEL SOLUTIONS DIV HEAD - NIWCLANT,LSUBP00021,niwc_atlantic_division,center:niwc-atlantic,excluded,"technical_center_division code of center:niwc-atlantic, outside the PEO C4I portfolio (division itself not in alias table)"
LRAE Annex 25,482,N65236-25-RFPREQ-LSUBP00015-0123,LSUBP00015 - LSUBP00015 - SHORE C4I INTEGRATION DIV HEAD - NIWCLANT,LSUBP00015,niwc_atlantic_division,center:niwc-atlantic,excluded,"technical_center_division code of center:niwc-atlantic, outside the PEO C4I portfolio (division itself not in alias table)"
LRAE Annex 25,483,N65236-25-RFPREQ-LSUBP00057-0321,LSUBP00057 - LSUBP00057 - FLEET INSTALLATION & READINESS DIV HD - NIWCLANT,LSUBP00057,niwc_atlantic_division,center:niwc-atlantic,excluded,"technical_center_division code of center:niwc-atlantic, outside the PEO C4I portfolio (division itself not in alias table)"
LRAE Annex 25,484,N65236-25-RFPREQ-LBUSP00030-0028,LBUSP00030 - LBUSP00030 - NL-8.0 - NIWCLANT,LBUSP00030,niwc_atlantic_division,center:niwc-atlantic,excluded,"technical_center_division code of center:niwc-atlantic, outside the PEO C4I portfolio (division itself not in alias table)"
LRAE Annex 25,485,N65236-25-RFPREQ-LSUBP00007-0082,LSUBP00007 - LSUBP00007 - LAND SYSTEMS INTEGRATION DIV HEAD - NIWCLANT,LSUBP00007,niwc_atlantic_division,center:niwc-atlantic,excluded,"technical_center_division code of center:niwc-atlantic, outside the PEO C4I portfolio (division itself not in alias table)"
LRAE Annex 25,486,N65236-25-RFPREQ-LSUBP00049-0260,LSUBP00049 - LSUBP00049 - S&T Division - NIWCLANT,LSUBP00049,niwc_atlantic_division,center:niwc-atlantic,excluded,"technical_center_division code of center:niwc-atlantic, outside the PEO C4I portfolio (division itself not in alias table)"
LRAE Annex 25,487,N66001-29-RFPREQ-NP-41100-0001,NP-41100 - NP-41100 - C2ISR ISE - NIWCPAC,NP-41100,niwc_pacific_competency,center:niwc-pacific,excluded,"technical_center_division code of center:niwc-pacific, outside the PEO C4I portfolio (division itself not in alias table)"
LRAE Annex 25,488,N66001-28-RFPREQ-NP-41200-0001,"NP-41200 - NP-41200 - Comms, Networks & Cyber ISE - NIWCPAC",NP-41200,niwc_pacific_competency,center:niwc-pacific,excluded,"technical_center_division code of center:niwc-pacific, outside the PEO C4I portfolio (division itself not in alias table)"
LRAE Annex 25,489,N66001-25-RFPREQ-NP-41200-0239,"NP-41200 - NP-41200 - Comms, Networks & Cyber ISE - NIWCPAC",NP-41200,niwc_pacific_competency,center:niwc-pacific,excluded,"technical_center_division code of center:niwc-pacific, outside the PEO C4I portfolio (division itself not in alias table)"
LRAE Annex 25,490,N66001-25-RFPREQ-NP-83000-0094,NP-83000 - NP-83000 - Command Operations Support - NIWCPAC,NP-83000,niwc_pacific_competency,center:niwc-pacific,excluded,"technical_center_division code of center:niwc-pacific, outside the PEO C4I portfolio (division itself not in alias table)"
LRAE Annex 25,491,N66001-28-RFPREQ-NP-41200-0002,"NP-41200 - NP-41200 - Comms, Networks & Cyber ISE - NIWCPAC",NP-41200,niwc_pacific_competency,center:niwc-pacific,excluded,"technical_center_division code of center:niwc-pacific, outside the PEO C4I portfolio (division itself not in alias table)"
LRAE Annex 25,492,N66001-25-RFPREQ-NP-41200-0245,"NP-41200 - NP-41200 - Comms, Networks & Cyber ISE - NIWCPAC",NP-41200,niwc_pacific_competency,center:niwc-pacific,excluded,"technical_center_division code of center:niwc-pacific, outside the PEO C4I portfolio (division itself not in alias table)"
LRAE Annex 25,493,N66001-25-RFPREQ-NP-41200-0246,"NP-41200 - NP-41200 - Comms, Networks & Cyber ISE - NIWCPAC",NP-41200,niwc_pacific_competency,center:niwc-pacific,excluded,"technical_center_division code of center:niwc-pacific, outside the PEO C4I portfolio (division itself not in alias table)"
LRAE Annex 25,494,N66001-25-RFPREQ-NP-41200-0247,"NP-41200 - NP-41200 - Comms, Networks & Cyber ISE - NIWCPAC",NP-41200,niwc_pacific_competency,center:niwc-pacific,excluded,"technical_center_division code of center:niwc-pacific, outside the PEO C4I portfolio (division itself not in alias table)"
LRAE Annex 25,495,N66001-25-RFPREQ-NP-41200-0248,"NP-41200 - NP-41200 - Comms, Networks & Cyber ISE - NIWCPAC",NP-41200,niwc_pacific_competency,center:niwc-pacific,excluded,"technical_center_division code of center:niwc-pacific, outside the PEO C4I portfolio (division itself not in alias table)"
LRAE Annex 25,496,N66001-25-RFPREQ-NP-41100-0191,NP-41100 - NP-41100 - C2ISR ISE - NIWCPAC,NP-41100,niwc_pacific_competency,center:niwc-pacific,excluded,"technical_center_division code of center:niwc-pacific, outside the PEO C4I portfolio (division itself not in alias table)"
LRAE Annex 25,497,N66001-25-RFPREQ-NP-41200-0254,"NP-41200 - NP-41200 - Comms, Networks & Cyber ISE - NIWCPAC",NP-41200,niwc_pacific_competency,center:niwc-pacific,excluded,"technical_center_division code of center:niwc-pacific, outside the PEO C4I portfolio (division itself not in alias table)"
LRAE Annex 25,498,N66001-25-RFPREQ-NP-41200-0255,"NP-41200 - NP-41200 - Comms, Networks & Cyber ISE - NIWCPAC",NP-41200,niwc_pacific_competency,center:niwc-pacific,excluded,"technical_center_division code of center:niwc-pacific, outside the PEO C4I portfolio (division itself not in alias table)"
LRAE Annex 25,499,N66001-25-RFPREQ-NP-41200-0249,"NP-41200 - NP-41200 - Comms, Networks & Cyber ISE - NIWCPAC",NP-41200,niwc_pacific_competency,center:niwc-pacific,excluded,"technical_center_division code of center:niwc-pacific, outside the PEO C4I portfolio (division itself not in alias table)"
LRAE Annex 25,500,N66001-25-RFPREQ-NP-42100-0412,NP-42100 - NP-42100 - Fleet Modernization & Installation - NIWCPAC,NP-42100,niwc_pacific_competency,center:niwc-pacific,excluded,"technical_center_division code of center:niwc-pacific, outside the PEO C4I portfolio (division itself not in alias table)"
LRAE Annex 25,501,N66001-25-RFPREQ-NP-75600-0090,NP-75600 - NP-75600 - Information Operations - NIWCPAC,NP-75600,niwc_pacific_competency,center:niwc-pacific,excluded,"technical_center_division code of center:niwc-pacific, outside the PEO C4I portfolio (division itself not in alias table)"
LRAE Annex 25,502,N66001-25-RFPREQ-NP-42100-0425,NP-42100 - NP-42100 - Fleet Modernization & Installation - NIWCPAC,NP-42100,niwc_pacific_competency,center:niwc-pacific,excluded,"technical_center_division code of center:niwc-pacific, outside the PEO C4I portfolio (division itself not in alias table)"
LRAE Annex 25,503,N66001-25-RFPREQ-NP-H5600-0039,NP-H5600 - NP-H5600 - ISR - NIWCPAC,NP-H5600,niwc_pacific_competency,center:niwc-pacific,excluded,"technical_center_division code of center:niwc-pacific, outside the PEO C4I portfolio (division itself not in alias table)"
LRAE Annex 25,504,N66001-25-RFPREQ-NP-H4H00-0043,NP-H4H00 - NP-H4H00 - Engineering & Installation - NIWCPAC,NP-H4H00,niwc_pacific_competency,center:niwc-pacific,excluded,"technical_center_division code of center:niwc-pacific, outside the PEO C4I portfolio (division itself not in alias table)"
LRAE Annex 25,505,N66001-25-RFPREQ-NP-56700-0238,NP-56700 - NP-56700 - Reconnaissance & Interdiction - NIWCPAC,NP-56700,niwc_pacific_competency,center:niwc-pacific,excluded,"technical_center_division code of center:niwc-pacific, outside the PEO C4I portfolio (division itself not in alias table)"
LRAE Annex 25,506,N66001-25-RFPREQ-NP-H4H00-0044,NP-H4H00 - NP-H4H00 - Engineering & Installation - NIWCPAC,NP-H4H00,niwc_pacific_competency,center:niwc-pacific,excluded,"technical_center_division code of center:niwc-pacific, outside the PEO C4I portfolio (division itself not in alias table)"
LRAE Annex 25,507,N66001-25-RFPREQ-NP-H4H00-0045,NP-H4H00 - NP-H4H00 - Engineering & Installation - NIWCPAC,NP-H4H00,niwc_pacific_competency,center:niwc-pacific,excluded,"technical_center_division code of center:niwc-pacific, outside the PEO C4I portfolio (division itself not in alias table)"
LRAE Annex 25,508,N66001-25-RFPREQ-NP-41200-0252,"NP-41200 - NP-41200 - Comms, Networks & Cyber ISE - NIWCPAC",NP-41200,niwc_pacific_competency,center:niwc-pacific,excluded,"technical_center_division code of center:niwc-pacific, outside the PEO C4I portfolio (division itself not in alias table)"
LRAE Annex 25,509,N66001-25-RFPREQ-NP-41200-0258,"NP-41200 - NP-41200 - Comms, Networks & Cyber ISE - NIWCPAC",NP-41200,niwc_pacific_competency,center:niwc-pacific,excluded,"technical_center_division code of center:niwc-pacific, outside the PEO C4I portfolio (division itself not in alias table)"
LRAE Annex 25,510,N66001-25-RFPREQ-NP-41200-0256,"NP-41200 - NP-41200 - Comms, Networks & Cyber ISE - NIWCPAC",NP-41200,niwc_pacific_competency,center:niwc-pacific,excluded,"technical_center_division code of center:niwc-pacific, outside the PEO C4I portfolio (division itself not in alias table)"
LRAE Annex 25,511,N66001-25-RFPREQ-NP-55100-0134,NP-55100 - NP-55100 - Tactical Networks - NIWCPAC,NP-55100,niwc_pacific_competency,center:niwc-pacific,excluded,"technical_center_division code of center:niwc-pacific, outside the PEO C4I portfolio (division itself not in alias table)"
LRAE Annex 25,512,N66001-26-RFPREQ-NP-55200-0003,NP-55200 - NP-55200 - Communications - NIWCPAC,NP-55200,niwc_pacific_competency,center:niwc-pacific,excluded,"technical_center_division code of center:niwc-pacific, outside the PEO C4I portfolio (division itself not in alias table)"
LRAE Annex 25,513,N66001-25-RFPREQ-NP-42100-0428,NP-42100 - NP-42100 - Fleet Modernization & Installation - NIWCPAC,NP-42100,niwc_pacific_competency,center:niwc-pacific,excluded,"technical_center_division code of center:niwc-pacific, outside the PEO C4I portfolio (division itself not in alias table)"
LRAE Annex 25,514,N66001-25-RFPREQ-NP-55200-0158,NP-55200 - NP-55200 - Communications - NIWCPAC,NP-55200,niwc_pacific_competency,center:niwc-pacific,excluded,"technical_center_division code of center:niwc-pacific, outside the PEO C4I portfolio (division itself not in alias table)"
LRAE Annex 25,515,N66001-25-RFPREQ-NP-41200-0262,"NP-41200 - NP-41200 - Comms, Networks & Cyber ISE - NIWCPAC",NP-41200,niwc_pacific_competency,center:niwc-pacific,excluded,"technical_center_division code of center:niwc-pacific, outside the PEO C4I portfolio (division itself not in alias table)"
LRAE Annex 25,516,N66001-25-RFPREQ-NP-41200-0263,"NP-41200 - NP-41200 - Comms, Networks & Cyber ISE - NIWCPAC",NP-41200,niwc_pacific_competency,center:niwc-pacific,excluded,"technical_center_division code of center:niwc-pacific, outside the PEO C4I portfolio (division itself not in alias table)"
LRAE Annex 25,517,N66001-25-RFPREQ-NP-42100-0436,NP-42100 - NP-42100 - Fleet Modernization & Installation - NIWCPAC,NP-42100,niwc_pacific_competency,center:niwc-pacific,excluded,"technical_center_division code of center:niwc-pacific, outside the PEO C4I portfolio (division itself not in alias table)"
LRAE Annex 25,518,N66001-25-RFPREQ-NP-42100-0437,NP-42100 - NP-42100 - Fleet Modernization & Installation - NIWCPAC,NP-42100,niwc_pacific_competency,center:niwc-pacific,excluded,"technical_center_division code of center:niwc-pacific, outside the PEO C4I portfolio (division itself not in alias table)"
LRAE Annex 25,519,N66001-25-RFPREQ-NP-83000-0099,NP-83000 - NP-83000 - Command Operations Support - NIWCPAC,NP-83000,niwc_pacific_competency,center:niwc-pacific,excluded,"technical_center_division code of center:niwc-pacific, outside the PEO C4I portfolio (division itself not in alias table)"
LRAE Annex 25,520,N66001-25-RFPREQ-NP-55200-0160,NP-55200 - NP-55200 - Communications - NIWCPAC,NP-55200,niwc_pacific_competency,center:niwc-pacific,excluded,"technical_center_division code of center:niwc-pacific, outside the PEO C4I portfolio (division itself not in alias table)"
LRAE Annex 25,521,N66604-25-RFPREQ-NPT-34-0634,NPT-34 - NPT-34 - NUWCNPT,NPT-34,,,unresolved,code NPT-34 matches no code family
LRAE Annex 25,522,N66604-25-RFPREQ-NPT-34-0607,NPT-34 - NPT-34 - NUWCNPT,NPT-34,,,unresolved,code NPT-34 matches no code family
LRAE Annex 25,523,N65236-25-RFPREQ-LSUBP00087-0040,LSUBP00087 - LSUBP00087 - Command Information Officer Division - NIWCLANT,LSUBP00087,niwc_atlantic_division,center:niwc-atlantic,excluded,"technical_center_division code of center:niwc-atlantic, outside the PEO C4I portfolio (division itself not in alias table)"
LRAE Annex 25,524,N65236-25-RFPREQ-LSUBP00035-0153,LSUBP00035 - LSUBP00035 - SUBMARINE INTEGRATION DIV HEAD - NIWCLANT,LSUBP00035,niwc_atlantic_division,center:niwc-atlantic,excluded,"technical_center_division code of center:niwc-atlantic, outside the PEO C4I portfolio (division itself not in alias table)"
LRAE Annex 25,525,N65236-25-RFPREQ-LSUBP00016-0227,LSUBP00016 - LSUBP00016 - NAVY AFLOAT TRANSPORT & NAVI DIV HD - NIWCLANT,LSUBP00016,niwc_atlantic_division,center:niwc-atlantic,excluded,"technical_center_division code of center:niwc-atlantic, outside the PEO C4I portfolio (division itself not in alias table)"
LRAE Annex 25,526,N65236-25-RFPREQ-LSUBP00006-0159,LSUBP00006 - LSUBP00006 - FMS AIR INTEGRATION USCG DIV HEAD - NIWCLANT,LSUBP00006,niwc_atlantic_division,center:niwc-atlantic,excluded,"technical_center_division code of center:niwc-atlantic, outside the PEO C4I portfolio (division itself not in alias table)"
LRAE Annex 25,527,N65236-25-RFPREQ-LSUBP00016-0231,LSUBP00016 - LSUBP00016 - NAVY AFLOAT TRANSPORT & NAVI DIV HD - NIWCLANT,LSUBP00016,niwc_atlantic_division,center:niwc-atlantic,excluded,"technical_center_division code of center:niwc-atlantic, outside the PEO C4I portfolio (division itself not in alias table)"
LRAE Annex 25,528,N65236-25-RFPREQ-LSUBP00015-0121,LSUBP00015 - LSUBP00015 - SHORE C4I INTEGRATION DIV HEAD - NIWCLANT,LSUBP00015,niwc_atlantic_division,center:niwc-atlantic,excluded,"technical_center_division code of center:niwc-atlantic, outside the PEO C4I portfolio (division itself not in alias table)"
LRAE Annex 25,529,N65236-25-RFPREQ-LSUBP00011-0061,LSUBP00011 - LSUBP00011 - MANPWR PERS TRNG & EDU SYS DIV HEAD - NIWCLANT,LSUBP00011,niwc_atlantic_division,center:niwc-atlantic,excluded,"technical_center_division code of center:niwc-atlantic, outside the PEO C4I portfolio (division itself not in alias table)"
LRAE Annex 25,530,N65236-25-RFPREQ-LSUBP00010-0140,LSUBP00010 - LSUBP00010 - FORCE PROTECTION SOLUTIONS DIV HEAD - NIWCLANT,LSUBP00010,niwc_atlantic_division,center:niwc-atlantic,excluded,"technical_center_division code of center:niwc-atlantic, outside the PEO C4I portfolio (division itself not in alias table)"
LRAE Annex 25,531,N65236-25-RFPREQ-LSUBP00011-0060,LSUBP00011 - LSUBP00011 - MANPWR PERS TRNG & EDU SYS DIV HEAD - NIWCLANT,LSUBP00011,niwc_atlantic_division,center:niwc-atlantic,excluded,"technical_center_division code of center:niwc-atlantic, outside the PEO C4I portfolio (division itself not in alias table)"
LRAE Annex 25,532,N65236-25-RFPREQ-LSUBP00021-0216,LSUBP00021 - LSUBP00021 - EXPEDITIONARY INTEL SOLUTIONS DIV HEAD - NIWCLANT,LSUBP00021,niwc_atlantic_division,center:niwc-atlantic,excluded,"technical_center_division code of center:niwc-atlantic, outside the PEO C4I portfolio (division itself not in alias table)"
LRAE Annex 25,533,N65236-25-RFPREQ-LSUBP00105-0002,LSUBP00105 - LSUBP00105 - 4.3 SERVICE CENTER - NIWCLANT,LSUBP00105,niwc_atlantic_division,center:niwc-atlantic,excluded,"technical_center_division code of center:niwc-atlantic, outside the PEO C4I portfolio (division itself not in alias table)"
LRAE Annex 25,534,N65236-25-RFPREQ-LSUBP00057-0310,LSUBP00057 - LSUBP00057 - FLEET INSTALLATION & READINESS DIV HD - NIWCLANT,LSUBP00057,niwc_atlantic_division,center:niwc-atlantic,excluded,"technical_center_division code of center:niwc-atlantic, outside the PEO C4I portfolio (division itself not in alias table)"
LRAE Annex 25,535,N65236-25-RFPREQ-LSUBP00015-0120,LSUBP00015 - LSUBP00015 - SHORE C4I INTEGRATION DIV HEAD - NIWCLANT,LSUBP00015,niwc_atlantic_division,center:niwc-atlantic,excluded,"technical_center_division code of center:niwc-atlantic, outside the PEO C4I portfolio (division itself not in alias table)"
LRAE Annex 25,536,N65236-25-RFPREQ-LSUBP00057-0312,LSUBP00057 - LSUBP00057 - FLEET INSTALLATION & READINESS DIV HD - NIWCLANT,LSUBP00057,niwc_atlantic_division,center:niwc-atlantic,excluded,"technical_center_division code of center:niwc-atlantic, outside the PEO C4I portfolio (division itself not in alias table)"
LRAE Annex 25,537,N65236-25-RFPREQ-LSUBP00049-0238,LSUBP00049 - LSUBP00049 - S&T Division - NIWCLANT,LSUBP00049,niwc_atlantic_division,center:niwc-atlantic,excluded,"technical_center_division code of center:niwc-atlantic, outside the PEO C4I portfolio (division itself not in alias table)"
LRAE Annex 25,538,N65236-25-RFPREQ-LSUBP00021-0212,LSUBP00021 - LSUBP00021 - EXPEDITIONARY INTEL SOLUTIONS DIV HEAD - NIWCLANT,LSUBP00021,niwc_atlantic_division,center:niwc-atlantic,excluded,"technical_center_division code of center:niwc-atlantic, outside the PEO C4I portfolio (division itself not in alias table)"
LRAE Annex 25,539,N65236-25-RFPREQ-LSUBP00021-0213,LSUBP00021 - LSUBP00021 - EXPEDITIONARY INTEL SOLUTIONS DIV HEAD - NIWCLANT,LSUBP00021,niwc_atlantic_division,center:niwc-atlantic,excluded,"technical_center_division code of center:niwc-atlantic, outside the PEO C4I portfolio (division itself not in alias table)"
LRAE Annex 25,540,N65236-25-RFPREQ-LSUBP00023-0096,LSUBP00023 - LSUBP00023 - SPEC RECON SURVEIL & EXPLOIT DIV HD - NIWCLANT,LSUBP00023,niwc_atlantic_division,center:niwc-atlantic,excluded,"technical_center_division code of center:niwc-atlantic, outside the PEO C4I portfolio (division itself not in alias table)"
LRAE Annex 25,541,N65236-25-RFPREQ-LSUBP00007-0078,LSUBP00007 - LSUBP00007 - LAND SYSTEMS INTEGRATION DIV HEAD - NIWCLANT,LSUBP00007,niwc_atlantic_division,center:niwc-atlantic,excluded,"technical_center_division code of center:niwc-atlantic, outside the PEO C4I portfolio (division itself not in alias table)"
LRAE Annex 25,542,N65236-25-RFPREQ-LSUBP00006-0146,LSUBP00006 - LSUBP00006 - FMS AIR INTEGRATION USCG DIV HEAD - NIWCLANT,LSUBP00006,niwc_atlantic_division,center:niwc-atlantic,excluded,"technical_center_division code of center:niwc-atlantic, outside the PEO C4I portfolio (division itself not in alias table)"
LRAE Annex 25,543,N65236-25-RFPREQ-LSUBP00021-0208,LSUBP00021 - LSUBP00021 - EXPEDITIONARY INTEL SOLUTIONS DIV HEAD - NIWCLANT,LSUBP00021,niwc_atlantic_division,center:niwc-atlantic,excluded,"technical_center_division code of center:niwc-atlantic, outside the PEO C4I portfolio (division itself not in alias table)"
LRAE Annex 25,544,N65236-25-RFPREQ-LSUBP00004-0094,LSUBP00004 - LSUBP00004 - EXPEDITIONARY C3 SOLUTIONS DIV HEAD - NIWCLANT,LSUBP00004,niwc_atlantic_division,center:niwc-atlantic,excluded,"technical_center_division code of center:niwc-atlantic, outside the PEO C4I portfolio (division itself not in alias table)"
LRAE Annex 25,545,N65236-25-RFPREQ-LSUBP00004-0095,LSUBP00004 - LSUBP00004 - EXPEDITIONARY C3 SOLUTIONS DIV HEAD - NIWCLANT,LSUBP00004,niwc_atlantic_division,center:niwc-atlantic,excluded,"technical_center_division code of center:niwc-atlantic, outside the PEO C4I portfolio (division itself not in alias table)"
LRAE Annex 25,546,N65236-25-RFPREQ-LSUBP00049-0256,LSUBP00049 - LSUBP00049 - S&T Division - NIWCLANT,LSUBP00049,niwc_atlantic_division,center:niwc-atlantic,excluded,"technical_center_division code of center:niwc-atlantic, outside the PEO C4I portfolio (division itself not in alias table)"
LRAE Annex 25,547,N65236-25-RFPREQ-LSUBP00035-0142,LSUBP00035 - LSUBP00035 - SUBMARINE INTEGRATION DIV HEAD - NIWCLANT,LSUBP00035,niwc_atlantic_division,center:niwc-atlantic,excluded,"technical_center_division code of center:niwc-atlantic, outside the PEO C4I portfolio (division itself not in alias table)"
LRAE Annex 25,548,N65236-25-RFPREQ-LSUBP00095-0046,LSUBP00095 - LSUBP00095 - LOGISTICS BUSINESS SYSTEMS DIV HEAD - NIWCLANT,LSUBP00095,niwc_atlantic_division,center:niwc-atlantic,excluded,"technical_center_division code of center:niwc-atlantic, outside the PEO C4I portfolio (division itself not in alias table)"
LRAE Annex 25,549,N65236-25-RFPREQ-LSUBP00015-0117,LSUBP00015 - LSUBP00015 - SHORE C4I INTEGRATION DIV HEAD - NIWCLANT,LSUBP00015,niwc_atlantic_division,center:niwc-atlantic,excluded,"technical_center_division code of center:niwc-atlantic, outside the PEO C4I portfolio (division itself not in alias table)"
LRAE Annex 25,550,N65236-25-RFPREQ-LSUBP00010-0135,LSUBP00010 - LSUBP00010 - FORCE PROTECTION SOLUTIONS DIV HEAD - NIWCLANT,LSUBP00010,niwc_atlantic_division,center:niwc-atlantic,excluded,"technical_center_division code of center:niwc-atlantic, outside the PEO C4I portfolio (division itself not in alias table)"
LRAE Annex 25,551,N65236-25-RFPREQ-LSUBP00095-0044,LSUBP00095 - LSUBP00095 - LOGISTICS BUSINESS SYSTEMS DIV HEAD - NIWCLANT,LSUBP00095,niwc_atlantic_division,center:niwc-atlantic,excluded,"technical_center_division code of center:niwc-atlantic, outside the PEO C4I portfolio (division itself not in alias table)"
LRAE Annex 25,552,N65236-25-RFPREQ-LSUBP00095-0045,LSUBP00095 - LSUBP00095 - LOGISTICS BUSINESS SYSTEMS DIV HEAD - NIWCLANT,LSUBP00095,niwc_atlantic_division,center:niwc-atlantic,excluded,"technical_center_division code of center:niwc-atlantic, outside the PEO C4I portfolio (division itself not in alias table)"
LRAE Annex 25,553,N65236-25-RFPREQ-LSUBP00095-0042,LSUBP00095 - LSUBP00095 - LOGISTICS BUSINESS SYSTEMS DIV HEAD - NIWCLANT,LSUBP00095,niwc_atlantic_division,center:niwc-atlantic,excluded,"technical_center_division code of center:niwc-atlantic, outside the PEO C4I portfolio (division itself not in alias table)"
LRAE Annex 25,554,N65236-25-RFPREQ-LSUBP00021-0204,LSUBP00021 - LSUBP00021 - EXPEDITIONARY INTEL SOLUTIONS DIV HEAD - NIWCLANT,LSUBP00021,niwc_atlantic_division,center:niwc-atlantic,excluded,"technical_center_division code of center:niwc-atlantic, outside the PEO C4I portfolio (division itself not in alias table)"
LRAE Annex 25,555,N65236-25-RFPREQ-LSUBP00034-0118,LSUBP00034 - LSUBP00034 - SURFACE SHIP INTEGRATION DIV HEAD - NIWCLANT,LSUBP00034,niwc_atlantic_division,center:niwc-atlantic,excluded,"technical_center_division code of center:niwc-atlantic, outside the PEO C4I portfolio (division itself not in alias table)"
LRAE Annex 25,556,N65236-25-RFPREQ-LSUBP00063-0090,LSUBP00063 - LSUBP00063 - NAVY AFLOAT NETWORK DIV HEAD - NIWCLANT,LSUBP00063,niwc_atlantic_division,center:niwc-atlantic,excluded,"technical_center_division code of center:niwc-atlantic, outside the PEO C4I portfolio (division itself not in alias table)"
LRAE Annex 25,557,N65236-25-RFPREQ-LSUBP00049-0217,LSUBP00049 - LSUBP00049 - S&T Division - NIWCLANT,LSUBP00049,niwc_atlantic_division,center:niwc-atlantic,excluded,"technical_center_division code of center:niwc-atlantic, outside the PEO C4I portfolio (division itself not in alias table)"
LRAE Annex 25,558,N65236-25-RFPREQ-LSUBP00035-0139,LSUBP00035 - LSUBP00035 - SUBMARINE INTEGRATION DIV HEAD - NIWCLANT,LSUBP00035,niwc_atlantic_division,center:niwc-atlantic,excluded,"technical_center_division code of center:niwc-atlantic, outside the PEO C4I portfolio (division itself not in alias table)"
LRAE Annex 25,559,N65236-25-RFPREQ-LSUBP00016-0210,LSUBP00016 - LSUBP00016 - NAVY AFLOAT TRANSPORT & NAVI DIV HD - NIWCLANT,LSUBP00016,niwc_atlantic_division,center:niwc-atlantic,excluded,"technical_center_division code of center:niwc-atlantic, outside the PEO C4I portfolio (division itself not in alias table)"
LRAE Annex 25,560,N65236-25-RFPREQ-LSUBP00016-0211,LSUBP00016 - LSUBP00016 - NAVY AFLOAT TRANSPORT & NAVI DIV HD - NIWCLANT,LSUBP00016,niwc_atlantic_division,center:niwc-atlantic,excluded,"technical_center_division code of center:niwc-atlantic, outside the PEO C4I portfolio (division itself not in alias table)"
LRAE Annex 25,561,N65236-25-RFPREQ-LSUBP00001-0111,LSUBP00001 - LSUBP00001 - AIR TRAFFIC CONTROL DIV HEAD - NIWCLANT,LSUBP00001,niwc_atlantic_division,center:niwc-atlantic,excluded,"technical_center_division code of center:niwc-atlantic, outside the PEO C4I portfolio (division itself not in alias table)"
LRAE Annex 25,562,N65236-25-RFPREQ-LSUBP00063-0084,LSUBP00063 - LSUBP00063 - NAVY AFLOAT NETWORK DIV HEAD - NIWCLANT,LSUBP00063,niwc_atlantic_division,center:niwc-atlantic,excluded,"technical_center_division code of center:niwc-atlantic, outside the PEO C4I portfolio (division itself not in alias table)"
LRAE Annex 25,563,N65236-25-RFPREQ-LSUBP00004-0087,LSUBP00004 - LSUBP00004 - EXPEDITIONARY C3 SOLUTIONS DIV HEAD - NIWCLANT,LSUBP00004,niwc_atlantic_division,center:niwc-atlantic,excluded,"technical_center_division code of center:niwc-atlantic, outside the PEO C4I portfolio (division itself not in alias table)"
LRAE Annex 25,564,N65236-25-RFPREQ-LSUBP00063-0085,LSUBP00063 - LSUBP00063 - NAVY AFLOAT NETWORK DIV HEAD - NIWCLANT,LSUBP00063,niwc_atlantic_division,center:niwc-atlantic,excluded,"technical_center_division code of center:niwc-atlantic, outside the PEO C4I portfolio (division itself not in alias table)"
LRAE Annex 25,565,N65236-25-RFPREQ-LSUBP00015-0106,LSUBP00015 - LSUBP00015 - SHORE C4I INTEGRATION DIV HEAD - NIWCLANT,LSUBP00015,niwc_atlantic_division,center:niwc-atlantic,excluded,"technical_center_division code of center:niwc-atlantic, outside the PEO C4I portfolio (division itself not in alias table)"
LRAE Annex 25,566,N65236-25-RFPREQ-LSUBP00022-0182,LSUBP00022 - LSUBP00022 - BATTLE SPACE AWARENESS DIV HEAD - NIWCLANT,LSUBP00022,niwc_atlantic_division,center:niwc-atlantic,excluded,"technical_center_division code of center:niwc-atlantic, outside the PEO C4I portfolio (division itself not in alias table)"
LRAE Annex 25,567,N65236-25-RFPREQ-LSUBP00016-0207,LSUBP00016 - LSUBP00016 - NAVY AFLOAT TRANSPORT & NAVI DIV HD - NIWCLANT,LSUBP00016,niwc_atlantic_division,center:niwc-atlantic,excluded,"technical_center_division code of center:niwc-atlantic, outside the PEO C4I portfolio (division itself not in alias table)"
LRAE Annex 25,568,N65236-25-RFPREQ-LSUBP00035-0138,LSUBP00035 - LSUBP00035 - SUBMARINE INTEGRATION DIV HEAD - NIWCLANT,LSUBP00035,niwc_atlantic_division,center:niwc-atlantic,excluded,"technical_center_division code of center:niwc-atlantic, outside the PEO C4I portfolio (division itself not in alias table)"
LRAE Annex 25,569,N65236-25-RFPREQ-LSUBP00080-0009,LSUBP00080 - LSUBP00080 - 5.9 Service Center - NIWCLANT,LSUBP00080,niwc_atlantic_division,center:niwc-atlantic,excluded,"technical_center_division code of center:niwc-atlantic, outside the PEO C4I portfolio (division itself not in alias table)"
LRAE Annex 25,570,N65236-25-RFPREQ-LSUBP00002-0071,LSUBP00002 - LSUBP00002 - COMMAND OPERATIONS CENTERS DIV HEAD - NIWCLANT,LSUBP00002,niwc_atlantic_division,center:niwc-atlantic,excluded,"technical_center_division code of center:niwc-atlantic, outside the PEO C4I portfolio (division itself not in alias table)"
LRAE Annex 25,571,N65236-25-RFPREQ-LSUBP00002-0072,LSUBP00002 - LSUBP00002 - COMMAND OPERATIONS CENTERS DIV HEAD - NIWCLANT,LSUBP00002,niwc_atlantic_division,center:niwc-atlantic,excluded,"technical_center_division code of center:niwc-atlantic, outside the PEO C4I portfolio (division itself not in alias table)"
LRAE Annex 25,572,N65236-25-RFPREQ-LSUBP00034-0113,LSUBP00034 - LSUBP00034 - SURFACE SHIP INTEGRATION DIV HEAD - NIWCLANT,LSUBP00034,niwc_atlantic_division,center:niwc-atlantic,excluded,"technical_center_division code of center:niwc-atlantic, outside the PEO C4I portfolio (division itself not in alias table)"
LRAE Annex 25,573,N65236-25-RFPREQ-LSUBP00066-0031,LSUBP00066 - LSUBP00066 - DATA CENTER & CLOUD HOSTING SERVICES DIV HEAD - NIWCLANT,LSUBP00066,niwc_atlantic_division,center:niwc-atlantic,excluded,"technical_center_division code of center:niwc-atlantic, outside the PEO C4I portfolio (division itself not in alias table)"
LRAE Annex 25,574,N65236-25-RFPREQ-LSUBP00066-0032,LSUBP00066 - LSUBP00066 - DATA CENTER & CLOUD HOSTING SERVICES DIV HEAD - NIWCLANT,LSUBP00066,niwc_atlantic_division,center:niwc-atlantic,excluded,"technical_center_division code of center:niwc-atlantic, outside the PEO C4I portfolio (division itself not in alias table)"
LRAE Annex 25,575,N65236-25-RFPREQ-LSUBP00066-0033,LSUBP00066 - LSUBP00066 - DATA CENTER & CLOUD HOSTING SERVICES DIV HEAD - NIWCLANT,LSUBP00066,niwc_atlantic_division,center:niwc-atlantic,excluded,"technical_center_division code of center:niwc-atlantic, outside the PEO C4I portfolio (division itself not in alias table)"
LRAE Annex 25,576,N65236-25-RFPREQ-LSUBP00066-0034,LSUBP00066 - LSUBP00066 - DATA CENTER & CLOUD HOSTING SERVICES DIV HEAD - NIWCLANT,LSUBP00066,niwc_atlantic_division,center:niwc-atlantic,excluded,"technical_center_division code of center:niwc-atlantic, outside the PEO C4I portfolio (division itself not in alias table)"
LRAE Annex 25,577,N65236-25-RFPREQ-LSUBP00021-0200,LSUBP00021 - LSUBP00021 - EXPEDITIONARY INTEL SOLUTIONS DIV HEAD - NIWCLANT,LSUBP00021,niwc_atlantic_division,center:niwc-atlantic,excluded,"technical_center_division code of center:niwc-atlantic, outside the PEO C4I portfolio (division itself not in alias table)"
LRAE Annex 25,578,N65236-25-RFPREQ-LSUBP00095-0040,LSUBP00095 - LSUBP00095 - LOGISTICS BUSINESS SYSTEMS DIV HEAD - NIWCLANT,LSUBP00095,niwc_atlantic_division,center:niwc-atlantic,excluded,"technical_center_division code of center:niwc-atlantic, outside the PEO C4I portfolio (division itself not in alias table)"
LRAE Annex 25,579,N65236-25-RFPREQ-LSUBP00095-0038,LSUBP00095 - LSUBP00095 - LOGISTICS BUSINESS SYSTEMS DIV HEAD - NIWCLANT,LSUBP00095,niwc_atlantic_division,center:niwc-atlantic,excluded,"technical_center_division code of center:niwc-atlantic, outside the PEO C4I portfolio (division itself not in alias table)"
LRAE Annex 25,580,N65236-25-RFPREQ-LSUBP00095-0039,LSUBP00095 - LSUBP00095 - LOGISTICS BUSINESS SYSTEMS DIV HEAD - NIWCLANT,LSUBP00095,niwc_atlantic_division,center:niwc-atlantic,excluded,"technical_center_division code of center:niwc-atlantic, outside the PEO C4I portfolio (division itself not in alias table)"
LRAE Annex 25,581,N65236-25-RFPREQ-LSUBP00049-0209,LSUBP00049 - LSUBP00049 - S&T Division - NIWCLANT,LSUBP00049,niwc_atlantic_division,center:niwc-atlantic,excluded,"technical_center_division code of center:niwc-atlantic, outside the PEO C4I portfolio (division itself not in alias table)"
LRAE Annex 25,582,N65236-25-RFPREQ-LSUBP00004-0096,LSUBP00004 - LSUBP00004 - EXPEDITIONARY C3 SOLUTIONS DIV HEAD - NIWCLANT,LSUBP00004,niwc_atlantic_division,center:niwc-atlantic,excluded,"technical_center_division code of center:niwc-atlantic, outside the PEO C4I portfolio (division itself not in alias table)"
LRAE Annex 25,583,N65236-25-RFPREQ-LSUBP00016-0197,LSUBP00016 - LSUBP00016 - NAVY AFLOAT TRANSPORT & NAVI DIV HD - NIWCLANT,LSUBP00016,niwc_atlantic_division,center:niwc-atlantic,excluded,"technical_center_division code of center:niwc-atlantic, outside the PEO C4I portfolio (division itself not in alias table)"
LRAE Annex 25,584,N65236-25-RFPREQ-LSUBP00035-0133,LSUBP00035 - LSUBP00035 - SUBMARINE INTEGRATION DIV HEAD - NIWCLANT,LSUBP00035,niwc_atlantic_division,center:niwc-atlantic,excluded,"technical_center_division code of center:niwc-atlantic, outside the PEO C4I portfolio (division itself not in alias table)"
LRAE Annex 25,585,N65236-25-RFPREQ-LSUBP00095-0037,LSUBP00095 - LSUBP00095 - LOGISTICS BUSINESS SYSTEMS DIV HEAD - NIWCLANT,LSUBP00095,niwc_atlantic_division,center:niwc-atlantic,excluded,"technical_center_division code of center:niwc-atlantic, outside the PEO C4I portfolio (division itself not in alias table)"
LRAE Annex 25,586,N65236-25-RFPREQ-LSUBP00011-0052,LSUBP00011 - LSUBP00011 - MANPWR PERS TRNG & EDU SYS DIV HEAD - NIWCLANT,LSUBP00011,niwc_atlantic_division,center:niwc-atlantic,excluded,"technical_center_division code of center:niwc-atlantic, outside the PEO C4I portfolio (division itself not in alias table)"
LRAE Annex 25,587,N65236-25-RFPREQ-LSUBP00021-0186,LSUBP00021 - LSUBP00021 - EXPEDITIONARY INTEL SOLUTIONS DIV HEAD - NIWCLANT,LSUBP00021,niwc_atlantic_division,center:niwc-atlantic,excluded,"technical_center_division code of center:niwc-atlantic, outside the PEO C4I portfolio (division itself not in alias table)"
LRAE Annex 25,588,N65236-25-RFPREQ-LSUBP00011-0053,LSUBP00011 - LSUBP00011 - MANPWR PERS TRNG & EDU SYS DIV HEAD - NIWCLANT,LSUBP00011,niwc_atlantic_division,center:niwc-atlantic,excluded,"technical_center_division code of center:niwc-atlantic, outside the PEO C4I portfolio (division itself not in alias table)"
LRAE Annex 25,589,N65236-25-RFPREQ-LSUBP00021-0188,LSUBP00021 - LSUBP00021 - EXPEDITIONARY INTEL SOLUTIONS DIV HEAD - NIWCLANT,LSUBP00021,niwc_atlantic_division,center:niwc-atlantic,excluded,"technical_center_division code of center:niwc-atlantic, outside the PEO C4I portfolio (division itself not in alias table)"
LRAE Annex 25,590,N65236-25-RFPREQ-LSUBP00015-0105,LSUBP00015 - LSUBP00015 - SHORE C4I INTEGRATION DIV HEAD - NIWCLANT,LSUBP00015,niwc_atlantic_division,center:niwc-atlantic,excluded,"technical_center_division code of center:niwc-atlantic, outside the PEO C4I portfolio (division itself not in alias table)"
LRAE Annex 25,591,N65236-25-RFPREQ-LSUBP00021-0187,LSUBP00021 - LSUBP00021 - EXPEDITIONARY INTEL SOLUTIONS DIV HEAD - NIWCLANT,LSUBP00021,niwc_atlantic_division,center:niwc-atlantic,excluded,"technical_center_division code of center:niwc-atlantic, outside the PEO C4I portfolio (division itself not in alias table)"
LRAE Annex 25,592,N65236-25-RFPREQ-LSUBP00083-0038,LSUBP00083 - LSUBP00083 - 8.0 Competency Division - NIWCLANT,LSUBP00083,niwc_atlantic_division,center:niwc-atlantic,excluded,"technical_center_division code of center:niwc-atlantic, outside the PEO C4I portfolio (division itself not in alias table)"
LRAE Annex 25,593,N65236-25-RFPREQ-LSUBP00035-0131,LSUBP00035 - LSUBP00035 - SUBMARINE INTEGRATION DIV HEAD - NIWCLANT,LSUBP00035,niwc_atlantic_division,center:niwc-atlantic,excluded,"technical_center_division code of center:niwc-atlantic, outside the PEO C4I portfolio (division itself not in alias table)"
LRAE Annex 25,594,N65236-25-RFPREQ-LSUBP00006-0136,LSUBP00006 - LSUBP00006 - FMS AIR INTEGRATION USCG DIV HEAD - NIWCLANT,LSUBP00006,niwc_atlantic_division,center:niwc-atlantic,excluded,"technical_center_division code of center:niwc-atlantic, outside the PEO C4I portfolio (division itself not in alias table)"
LRAE Annex 25,595,N65236-25-RFPREQ-LSUBP00004-0082,LSUBP00004 - LSUBP00004 - EXPEDITIONARY C3 SOLUTIONS DIV HEAD - NIWCLANT,LSUBP00004,niwc_atlantic_division,center:niwc-atlantic,excluded,"technical_center_division code of center:niwc-atlantic, outside the PEO C4I portfolio (division itself not in alias table)"
LRAE Annex 25,596,N65236-25-RFPREQ-LSUBP00083-0036,LSUBP00083 - LSUBP00083 - 8.0 Competency Division - NIWCLANT,LSUBP00083,niwc_atlantic_division,center:niwc-atlantic,excluded,"technical_center_division code of center:niwc-atlantic, outside the PEO C4I portfolio (division itself not in alias table)"
LRAE Annex 25,597,N65236-25-RFPREQ-LSUBP00011-0048,LSUBP00011 - LSUBP00011 - MANPWR PERS TRNG & EDU SYS DIV HEAD - NIWCLANT,LSUBP00011,niwc_atlantic_division,center:niwc-atlantic,excluded,"technical_center_division code of center:niwc-atlantic, outside the PEO C4I portfolio (division itself not in alias table)"
LRAE Annex 25,598,N65236-25-RFPREQ-LSUBP00010-0120,LSUBP00010 - LSUBP00010 - FORCE PROTECTION SOLUTIONS DIV HEAD - NIWCLANT,LSUBP00010,niwc_atlantic_division,center:niwc-atlantic,excluded,"technical_center_division code of center:niwc-atlantic, outside the PEO C4I portfolio (division itself not in alias table)"
LRAE Annex 25,599,N65236-25-RFPREQ-LSUBP00057-0255,LSUBP00057 - LSUBP00057 - FLEET INSTALLATION & READINESS DIV HD - NIWCLANT,LSUBP00057,niwc_atlantic_division,center:niwc-atlantic,excluded,"technical_center_division code of center:niwc-atlantic, outside the PEO C4I portfolio (division itself not in alias table)"
LRAE Annex 25,600,N65236-25-RFPREQ-LSUBP00083-0019,LSUBP00083 - LSUBP00083 - 8.0 Competency Division - NIWCLANT,LSUBP00083,niwc_atlantic_division,center:niwc-atlantic,excluded,"technical_center_division code of center:niwc-atlantic, outside the PEO C4I portfolio (division itself not in alias table)"
LRAE Annex 25,601,N65236-25-RFPREQ-LSUBP00015-0082,LSUBP00015 - LSUBP00015 - SHORE C4I INTEGRATION DIV HEAD - NIWCLANT,LSUBP00015,niwc_atlantic_division,center:niwc-atlantic,excluded,"technical_center_division code of center:niwc-atlantic, outside the PEO C4I portfolio (division itself not in alias table)"
LRAE Annex 25,602,N65236-25-RFPREQ-LSUBP00011-0036,LSUBP00011 - LSUBP00011 - MANPWR PERS TRNG & EDU SYS DIV HEAD - NIWCLANT,LSUBP00011,niwc_atlantic_division,center:niwc-atlantic,excluded,"technical_center_division code of center:niwc-atlantic, outside the PEO C4I portfolio (division itself not in alias table)"
LRAE Annex 25,603,N65236-25-RFPREQ-LSUBP00066-0021,LSUBP00066 - LSUBP00066 - DATA CENTER & CLOUD HOSTING SERVICES DIV HEAD - NIWCLANT,LSUBP00066,niwc_atlantic_division,center:niwc-atlantic,excluded,"technical_center_division code of center:niwc-atlantic, outside the PEO C4I portfolio (division itself not in alias table)"
LRAE Annex 25,604,N65236-25-RFPREQ-LSUBP00023-0056,LSUBP00023 - LSUBP00023 - SPEC RECON SURVEIL & EXPLOIT DIV HD - NIWCLANT,LSUBP00023,niwc_atlantic_division,center:niwc-atlantic,excluded,"technical_center_division code of center:niwc-atlantic, outside the PEO C4I portfolio (division itself not in alias table)"
LRAE Annex 25,605,N65236-25-RFPREQ-LSUBP00009-0111,LSUBP00009 - LSUBP00009 - DEFENSE HEALTH INFO TECH DIV HEAD - NIWCLANT,LSUBP00009,niwc_atlantic_division,center:niwc-atlantic,excluded,"technical_center_division code of center:niwc-atlantic, outside the PEO C4I portfolio (division itself not in alias table)"
LRAE Annex 25,606,N65236-25-RFPREQ-LSUBP00035-0106,LSUBP00035 - LSUBP00035 - SUBMARINE INTEGRATION DIV HEAD - NIWCLANT,LSUBP00035,niwc_atlantic_division,center:niwc-atlantic,excluded,"technical_center_division code of center:niwc-atlantic, outside the PEO C4I portfolio (division itself not in alias table)"
LRAE Annex 25,607,N65236-25-RFPREQ-LSUBP00022-0147,LSUBP00022 - LSUBP00022 - BATTLE SPACE AWARENESS DIV HEAD - NIWCLANT,LSUBP00022,niwc_atlantic_division,center:niwc-atlantic,excluded,"technical_center_division code of center:niwc-atlantic, outside the PEO C4I portfolio (division itself not in alias table)"
LRAE Annex 25,608,N65236-28-RFPREQ-LSUBP00022-0007,LSUBP00022 - LSUBP00022 - BATTLE SPACE AWARENESS DIV HEAD - NIWCLANT,LSUBP00022,niwc_atlantic_division,center:niwc-atlantic,excluded,"technical_center_division code of center:niwc-atlantic, outside the PEO C4I portfolio (division itself not in alias table)"
LRAE Annex 25,609,N65236-25-RFPREQ-LSUBP00011-0034,LSUBP00011 - LSUBP00011 - MANPWR PERS TRNG & EDU SYS DIV HEAD - NIWCLANT,LSUBP00011,niwc_atlantic_division,center:niwc-atlantic,excluded,"technical_center_division code of center:niwc-atlantic, outside the PEO C4I portfolio (division itself not in alias table)"
LRAE Annex 25,610,N65236-25-RFPREQ-LSUBP00049-0153,LSUBP00049 - LSUBP00049 - S&T Division - NIWCLANT,LSUBP00049,niwc_atlantic_division,center:niwc-atlantic,excluded,"technical_center_division code of center:niwc-atlantic, outside the PEO C4I portfolio (division itself not in alias table)"
LRAE Annex 25,611,N65236-25-RFPREQ-LSUBP00049-0155,LSUBP00049 - LSUBP00049 - S&T Division - NIWCLANT,LSUBP00049,niwc_atlantic_division,center:niwc-atlantic,excluded,"technical_center_division code of center:niwc-atlantic, outside the PEO C4I portfolio (division itself not in alias table)"
LRAE Annex 25,612,N65236-28-RFPREQ-LSUBP00022-0006,LSUBP00022 - LSUBP00022 - BATTLE SPACE AWARENESS DIV HEAD - NIWCLANT,LSUBP00022,niwc_atlantic_division,center:niwc-atlantic,excluded,"technical_center_division code of center:niwc-atlantic, outside the PEO C4I portfolio (division itself not in alias table)"
LRAE Annex 25,613,N65236-25-RFPREQ-LSUBP00066-0018,LSUBP00066 - LSUBP00066 - DATA CENTER & CLOUD HOSTING SERVICES DIV HEAD - NIWCLANT,LSUBP00066,niwc_atlantic_division,center:niwc-atlantic,excluded,"technical_center_division code of center:niwc-atlantic, outside the PEO C4I portfolio (division itself not in alias table)"
LRAE Annex 25,614,N65236-25-RFPREQ-LSUBP00024-0091,LSUBP00024 - LSUBP00024 - IA AND NAVY CYBER SECURITY DIV HEAD - NIWCLANT,LSUBP00024,niwc_atlantic_division,center:niwc-atlantic,excluded,"technical_center_division code of center:niwc-atlantic, outside the PEO C4I portfolio (division itself not in alias table)"
LRAE Annex 25,615,N65236-25-RFPREQ-LSUBP00035-0145,LSUBP00035 - LSUBP00035 - SUBMARINE INTEGRATION DIV HEAD - NIWCLANT,LSUBP00035,niwc_atlantic_division,center:niwc-atlantic,excluded,"technical_center_division code of center:niwc-atlantic, outside the PEO C4I portfolio (division itself not in alias table)"
LRAE Annex 25,616,N65236-25-RFPREQ-LBUSP00033-0009,LBUSP00033 - LBUSP00033 - OCIO - NIWCLANT,LBUSP00033,niwc_atlantic_division,center:niwc-atlantic,excluded,"technical_center_division code of center:niwc-atlantic, outside the PEO C4I portfolio (division itself not in alias table)"
LRAE Annex 25,617,N65236-25-RFPREQ-LSUBP00035-0098,LSUBP00035 - LSUBP00035 - SUBMARINE INTEGRATION DIV HEAD - NIWCLANT,LSUBP00035,niwc_atlantic_division,center:niwc-atlantic,excluded,"technical_center_division code of center:niwc-atlantic, outside the PEO C4I portfolio (division itself not in alias table)"
LRAE Annex 25,618,N65236-25-RFPREQ-LSUBP00024-0094,LSUBP00024 - LSUBP00024 - IA AND NAVY CYBER SECURITY DIV HEAD - NIWCLANT,LSUBP00024,niwc_atlantic_division,center:niwc-atlantic,excluded,"technical_center_division code of center:niwc-atlantic, outside the PEO C4I portfolio (division itself not in alias table)"
LRAE Annex 25,619,N65236-25-RFPREQ-LSUBP00034-0081,LSUBP00034 - LSUBP00034 - SURFACE SHIP INTEGRATION DIV HEAD - NIWCLANT,LSUBP00034,niwc_atlantic_division,center:niwc-atlantic,excluded,"technical_center_division code of center:niwc-atlantic, outside the PEO C4I portfolio (division itself not in alias table)"
LRAE Annex 25,620,N65236-25-RFPREQ-LSUBP00016-0118,LSUBP00016 - LSUBP00016 - NAVY AFLOAT TRANSPORT & NAVI DIV HD - NIWCLANT,LSUBP00016,niwc_atlantic_division,center:niwc-atlantic,excluded,"technical_center_division code of center:niwc-atlantic, outside the PEO C4I portfolio (division itself not in alias table)"
LRAE Annex 25,621,N65236-25-RFPREQ-LSUBP00011-0032,LSUBP00011 - LSUBP00011 - MANPWR PERS TRNG & EDU SYS DIV HEAD - NIWCLANT,LSUBP00011,niwc_atlantic_division,center:niwc-atlantic,excluded,"technical_center_division code of center:niwc-atlantic, outside the PEO C4I portfolio (division itself not in alias table)"
LRAE Annex 25,622,N65236-25-RFPREQ-LSUBP00006-0094,LSUBP00006 - LSUBP00006 - FMS AIR INTEGRATION USCG DIV HEAD - NIWCLANT,LSUBP00006,niwc_atlantic_division,center:niwc-atlantic,excluded,"technical_center_division code of center:niwc-atlantic, outside the PEO C4I portfolio (division itself not in alias table)"
LRAE Annex 25,623,N65236-25-RFPREQ-LSUBP00006-0095,LSUBP00006 - LSUBP00006 - FMS AIR INTEGRATION USCG DIV HEAD - NIWCLANT,LSUBP00006,niwc_atlantic_division,center:niwc-atlantic,excluded,"technical_center_division code of center:niwc-atlantic, outside the PEO C4I portfolio (division itself not in alias table)"
LRAE Annex 25,624,N65236-25-RFPREQ-LSUBP00049-0131,LSUBP00049 - LSUBP00049 - S&T Division - NIWCLANT,LSUBP00049,niwc_atlantic_division,center:niwc-atlantic,excluded,"technical_center_division code of center:niwc-atlantic, outside the PEO C4I portfolio (division itself not in alias table)"
LRAE Annex 25,625,N65236-25-RFPREQ-LSUBP00049-0132,LSUBP00049 - LSUBP00049 - S&T Division - NIWCLANT,LSUBP00049,niwc_atlantic_division,center:niwc-atlantic,excluded,"technical_center_division code of center:niwc-atlantic, outside the PEO C4I portfolio (division itself not in alias table)"
LRAE Annex 25,626,N65236-25-RFPREQ-LSUBP00083-0014,LSUBP00083 - LSUBP00083 - 8.0 Competency Division - NIWCLANT,LSUBP00083,niwc_atlantic_division,center:niwc-atlantic,excluded,"technical_center_division code of center:niwc-atlantic, outside the PEO C4I portfolio (division itself not in alias table)"
LRAE Annex 25,627,N65236-25-RFPREQ-LSUBP00049-0133,LSUBP00049 - LSUBP00049 - S&T Division - NIWCLANT,LSUBP00049,niwc_atlantic_division,center:niwc-atlantic,excluded,"technical_center_division code of center:niwc-atlantic, outside the PEO C4I portfolio (division itself not in alias table)"
LRAE Annex 25,628,N65236-25-RFPREQ-LSUBP00034-0080,LSUBP00034 - LSUBP00034 - SURFACE SHIP INTEGRATION DIV HEAD - NIWCLANT,LSUBP00034,niwc_atlantic_division,center:niwc-atlantic,excluded,"technical_center_division code of center:niwc-atlantic, outside the PEO C4I portfolio (division itself not in alias table)"
LRAE Annex 25,629,N65236-25-RFPREQ-LSUBP00035-0103,LSUBP00035 - LSUBP00035 - SUBMARINE INTEGRATION DIV HEAD - NIWCLANT,LSUBP00035,niwc_atlantic_division,center:niwc-atlantic,excluded,"technical_center_division code of center:niwc-atlantic, outside the PEO C4I portfolio (division itself not in alias table)"
LRAE Annex 25,630,N65236-25-RFPREQ-LSUBP00016-0123,LSUBP00016 - LSUBP00016 - NAVY AFLOAT TRANSPORT & NAVI DIV HD - NIWCLANT,LSUBP00016,niwc_atlantic_division,center:niwc-atlantic,excluded,"technical_center_division code of center:niwc-atlantic, outside the PEO C4I portfolio (division itself not in alias table)"
LRAE Annex 25,631,N65236-25-RFPREQ-LSUBP00016-0124,LSUBP00016 - LSUBP00016 - NAVY AFLOAT TRANSPORT & NAVI DIV HD - NIWCLANT,LSUBP00016,niwc_atlantic_division,center:niwc-atlantic,excluded,"technical_center_division code of center:niwc-atlantic, outside the PEO C4I portfolio (division itself not in alias table)"
LRAE Annex 25,632,N65236-25-RFPREQ-LSUBP00004-0051,LSUBP00004 - LSUBP00004 - EXPEDITIONARY C3 SOLUTIONS DIV HEAD - NIWCLANT,LSUBP00004,niwc_atlantic_division,center:niwc-atlantic,excluded,"technical_center_division code of center:niwc-atlantic, outside the PEO C4I portfolio (division itself not in alias table)"
LRAE Annex 25,633,N65236-25-RFPREQ-LSUBP00024-0096,LSUBP00024 - LSUBP00024 - IA AND NAVY CYBER SECURITY DIV HEAD - NIWCLANT,LSUBP00024,niwc_atlantic_division,center:niwc-atlantic,excluded,"technical_center_division code of center:niwc-atlantic, outside the PEO C4I portfolio (division itself not in alias table)"
LRAE Annex 25,634,N65236-25-RFPREQ-LSUBP00006-0100,LSUBP00006 - LSUBP00006 - FMS AIR INTEGRATION USCG DIV HEAD - NIWCLANT,LSUBP00006,niwc_atlantic_division,center:niwc-atlantic,excluded,"technical_center_division code of center:niwc-atlantic, outside the PEO C4I portfolio (division itself not in alias table)"
LRAE Annex 25,635,N65236-25-RFPREQ-LSUBP00035-0109,LSUBP00035 - LSUBP00035 - SUBMARINE INTEGRATION DIV HEAD - NIWCLANT,LSUBP00035,niwc_atlantic_division,center:niwc-atlantic,excluded,"technical_center_division code of center:niwc-atlantic, outside the PEO C4I portfolio (division itself not in alias table)"
LRAE Annex 25,636,N65236-25-RFPREQ-LSUBP00035-0092,LSUBP00035 - LSUBP00035 - SUBMARINE INTEGRATION DIV HEAD - NIWCLANT,LSUBP00035,niwc_atlantic_division,center:niwc-atlantic,excluded,"technical_center_division code of center:niwc-atlantic, outside the PEO C4I portfolio (division itself not in alias table)"
LRAE Annex 25,637,N65236-26-RFPREQ-LSUBP00024-0010,LSUBP00024 - LSUBP00024 - IA AND NAVY CYBER SECURITY DIV HEAD - NIWCLANT,LSUBP00024,niwc_atlantic_division,center:niwc-atlantic,excluded,"technical_center_division code of center:niwc-atlantic, outside the PEO C4I portfolio (division itself not in alias table)"
LRAE Annex 25,638,N65236-25-RFPREQ-LBUSP00026-0014,LBUSP00026 - LBUSP00026 - SC2ISR/I-01J - NIWCLANT,LBUSP00026,niwc_atlantic_division,center:niwc-atlantic,excluded,"technical_center_division code of center:niwc-atlantic, outside the PEO C4I portfolio (division itself not in alias table)"
LRAE Annex 25,639,N65236-25-RFPREQ-LSUBP00004-0046,LSUBP00004 - LSUBP00004 - EXPEDITIONARY C3 SOLUTIONS DIV HEAD - NIWCLANT,LSUBP00004,niwc_atlantic_division,center:niwc-atlantic,excluded,"technical_center_division code of center:niwc-atlantic, outside the PEO C4I portfolio (division itself not in alias table)"
LRAE Annex 25,640,N65236-25-RFPREQ-LSUBP00034-0071,LSUBP00034 - LSUBP00034 - SURFACE SHIP INTEGRATION DIV HEAD - NIWCLANT,LSUBP00034,niwc_atlantic_division,center:niwc-atlantic,excluded,"technical_center_division code of center:niwc-atlantic, outside the PEO C4I portfolio (division itself not in alias table)"
LRAE Annex 25,641,N65236-25-RFPREQ-LSUBP00016-0115,LSUBP00016 - LSUBP00016 - NAVY AFLOAT TRANSPORT & NAVI DIV HD - NIWCLANT,LSUBP00016,niwc_atlantic_division,center:niwc-atlantic,excluded,"technical_center_division code of center:niwc-atlantic, outside the PEO C4I portfolio (division itself not in alias table)"
LRAE Annex 25,642,N65236-25-RFPREQ-LSUBP00016-0116,LSUBP00016 - LSUBP00016 - NAVY AFLOAT TRANSPORT & NAVI DIV HD - NIWCLANT,LSUBP00016,niwc_atlantic_division,center:niwc-atlantic,excluded,"technical_center_division code of center:niwc-atlantic, outside the PEO C4I portfolio (division itself not in alias table)"
LRAE Annex 25,643,N65236-25-RFPREQ-LSUBP00009-0093,LSUBP00009 - LSUBP00009 - DEFENSE HEALTH INFO TECH DIV HEAD - NIWCLANT,LSUBP00009,niwc_atlantic_division,center:niwc-atlantic,excluded,"technical_center_division code of center:niwc-atlantic, outside the PEO C4I portfolio (division itself not in alias table)"
LRAE Annex 25,644,N65236-25-RFPREQ-LSUBP00016-0094,LSUBP00016 - LSUBP00016 - NAVY AFLOAT TRANSPORT & NAVI DIV HD - NIWCLANT,LSUBP00016,niwc_atlantic_division,center:niwc-atlantic,excluded,"technical_center_division code of center:niwc-atlantic, outside the PEO C4I portfolio (division itself not in alias table)"
LRAE Annex 25,645,N65236-25-RFPREQ-LSUBP00016-0095,LSUBP00016 - LSUBP00016 - NAVY AFLOAT TRANSPORT & NAVI DIV HD - NIWCLANT,LSUBP00016,niwc_atlantic_division,center:niwc-atlantic,excluded,"technical_center_division code of center:niwc-atlantic, outside the PEO C4I portfolio (division itself not in alias table)"
LRAE Annex 25,646,N65236-25-RFPREQ-LSUBP00035-0075,LSUBP00035 - LSUBP00035 - SUBMARINE INTEGRATION DIV HEAD - NIWCLANT,LSUBP00035,niwc_atlantic_division,center:niwc-atlantic,excluded,"technical_center_division code of center:niwc-atlantic, outside the PEO C4I portfolio (division itself not in alias table)"
LRAE Annex 25,647,N65236-27-RFPREQ-LSUBP00063-0005,LSUBP00063 - LSUBP00063 - NAVY AFLOAT NETWORK DIV HEAD - NIWCLANT,LSUBP00063,niwc_atlantic_division,center:niwc-atlantic,excluded,"technical_center_division code of center:niwc-atlantic, outside the PEO C4I portfolio (division itself not in alias table)"
LRAE Annex 25,648,N65236-25-RFPREQ-LSUBP00024-0080,LSUBP00024 - LSUBP00024 - IA AND NAVY CYBER SECURITY DIV HEAD - NIWCLANT,LSUBP00024,niwc_atlantic_division,center:niwc-atlantic,excluded,"technical_center_division code of center:niwc-atlantic, outside the PEO C4I portfolio (division itself not in alias table)"
LRAE Annex 25,649,N65236-25-RFPREQ-LSUBP00087-0019,LSUBP00087 - LSUBP00087 - Command Information Officer Division - NIWCLANT,LSUBP00087,niwc_atlantic_division,center:niwc-atlantic,excluded,"technical_center_division code of center:niwc-atlantic, outside the PEO C4I portfolio (division itself not in alias table)"
LRAE Annex 25,650,N65236-25-RFPREQ-LSUBP00035-0064,LSUBP00035 - LSUBP00035 - SUBMARINE INTEGRATION DIV HEAD - NIWCLANT,LSUBP00035,niwc_atlantic_division,center:niwc-atlantic,excluded,"technical_center_division code of center:niwc-atlantic, outside the PEO C4I portfolio (division itself not in alias table)"
LRAE Annex 25,651,N65236-25-RFPREQ-LSUBP00024-0055,LSUBP00024 - LSUBP00024 - IA AND NAVY CYBER SECURITY DIV HEAD - NIWCLANT,LSUBP00024,niwc_atlantic_division,center:niwc-atlantic,excluded,"technical_center_division code of center:niwc-atlantic, outside the PEO C4I portfolio (division itself not in alias table)"
LRAE Annex 25,652,N65236-25-RFPREQ-LSUBP00035-0065,LSUBP00035 - LSUBP00035 - SUBMARINE INTEGRATION DIV HEAD - NIWCLANT,LSUBP00035,niwc_atlantic_division,center:niwc-atlantic,excluded,"technical_center_division code of center:niwc-atlantic, outside the PEO C4I portfolio (division itself not in alias table)"
LRAE Annex 25,653,N65236-25-RFPREQ-LSUBP00024-0057,LSUBP00024 - LSUBP00024 - IA AND NAVY CYBER SECURITY DIV HEAD - NIWCLANT,LSUBP00024,niwc_atlantic_division,center:niwc-atlantic,excluded,"technical_center_division code of center:niwc-atlantic, outside the PEO C4I portfolio (division itself not in alias table)"
LRAE Annex 25,654,N65236-25-RFPREQ-LSUBP00024-0060,LSUBP00024 - LSUBP00024 - IA AND NAVY CYBER SECURITY DIV HEAD - NIWCLANT,LSUBP00024,niwc_atlantic_division,center:niwc-atlantic,excluded,"technical_center_division code of center:niwc-atlantic, outside the PEO C4I portfolio (division itself not in alias table)"
LRAE Annex 25,655,N65236-25-RFPREQ-LSUBP00024-0061,LSUBP00024 - LSUBP00024 - IA AND NAVY CYBER SECURITY DIV HEAD - NIWCLANT,LSUBP00024,niwc_atlantic_division,center:niwc-atlantic,excluded,"technical_center_division code of center:niwc-atlantic, outside the PEO C4I portfolio (division itself not in alias table)"
LRAE Annex 25,656,N65236-25-RFPREQ-LSUBP00024-0064,LSUBP00024 - LSUBP00024 - IA AND NAVY CYBER SECURITY DIV HEAD - NIWCLANT,LSUBP00024,niwc_atlantic_division,center:niwc-atlantic,excluded,"technical_center_division code of center:niwc-atlantic, outside the PEO C4I portfolio (division itself not in alias table)"
LRAE Annex 25,657,N65236-25-RFPREQ-LSUBP00024-0067,LSUBP00024 - LSUBP00024 - IA AND NAVY CYBER SECURITY DIV HEAD - NIWCLANT,LSUBP00024,niwc_atlantic_division,center:niwc-atlantic,excluded,"technical_center_division code of center:niwc-atlantic, outside the PEO C4I portfolio (division itself not in alias table)"
LRAE Annex 25,658,N65236-25-RFPREQ-LSUBP00024-0068,LSUBP00024 - LSUBP00024 - IA AND NAVY CYBER SECURITY DIV HEAD - NIWCLANT,LSUBP00024,niwc_atlantic_division,center:niwc-atlantic,excluded,"technical_center_division code of center:niwc-atlantic, outside the PEO C4I portfolio (division itself not in alias table)"
LRAE Annex 25,659,N65236-25-RFPREQ-LSUBP00063-0067,LSUBP00063 - LSUBP00063 - NAVY AFLOAT NETWORK DIV HEAD - NIWCLANT,LSUBP00063,niwc_atlantic_division,center:niwc-atlantic,excluded,"technical_center_division code of center:niwc-atlantic, outside the PEO C4I portfolio (division itself not in alias table)"
LRAE Annex 25,660,N65236-25-RFPREQ-LSUBP00021-0092,LSUBP00021 - LSUBP00021 - EXPEDITIONARY INTEL SOLUTIONS DIV HEAD - NIWCLANT,LSUBP00021,niwc_atlantic_division,center:niwc-atlantic,excluded,"technical_center_division code of center:niwc-atlantic, outside the PEO C4I portfolio (division itself not in alias table)"
LRAE Annex 25,661,N65236-25-RFPREQ-LSUBP00034-0056,LSUBP00034 - LSUBP00034 - SURFACE SHIP INTEGRATION DIV HEAD - NIWCLANT,LSUBP00034,niwc_atlantic_division,center:niwc-atlantic,excluded,"technical_center_division code of center:niwc-atlantic, outside the PEO C4I portfolio (division itself not in alias table)"
LRAE Annex 25,662,N65236-25-RFPREQ-LSUBP00034-0057,LSUBP00034 - LSUBP00034 - SURFACE SHIP INTEGRATION DIV HEAD - NIWCLANT,LSUBP00034,niwc_atlantic_division,center:niwc-atlantic,excluded,"technical_center_division code of center:niwc-atlantic, outside the PEO C4I portfolio (division itself not in alias table)"
LRAE Annex 25,663,N65236-25-RFPREQ-LSUBP00034-0058,LSUBP00034 - LSUBP00034 - SURFACE SHIP INTEGRATION DIV HEAD - NIWCLANT,LSUBP00034,niwc_atlantic_division,center:niwc-atlantic,excluded,"technical_center_division code of center:niwc-atlantic, outside the PEO C4I portfolio (division itself not in alias table)"
LRAE Annex 25,664,N65236-25-RFPREQ-LSUBP00034-0059,LSUBP00034 - LSUBP00034 - SURFACE SHIP INTEGRATION DIV HEAD - NIWCLANT,LSUBP00034,niwc_atlantic_division,center:niwc-atlantic,excluded,"technical_center_division code of center:niwc-atlantic, outside the PEO C4I portfolio (division itself not in alias table)"
LRAE Annex 25,665,N65236-25-RFPREQ-LSUBP00034-0060,LSUBP00034 - LSUBP00034 - SURFACE SHIP INTEGRATION DIV HEAD - NIWCLANT,LSUBP00034,niwc_atlantic_division,center:niwc-atlantic,excluded,"technical_center_division code of center:niwc-atlantic, outside the PEO C4I portfolio (division itself not in alias table)"
LRAE Annex 25,666,N65236-27-RFPREQ-LSUBP00063-0006,LSUBP00063 - LSUBP00063 - NAVY AFLOAT NETWORK DIV HEAD - NIWCLANT,LSUBP00063,niwc_atlantic_division,center:niwc-atlantic,excluded,"technical_center_division code of center:niwc-atlantic, outside the PEO C4I portfolio (division itself not in alias table)"
LRAE Annex 25,667,N65236-25-RFPREQ-LSUBP00016-0232,LSUBP00016 - LSUBP00016 - NAVY AFLOAT TRANSPORT & NAVI DIV HD - NIWCLANT,LSUBP00016,niwc_atlantic_division,center:niwc-atlantic,excluded,"technical_center_division code of center:niwc-atlantic, outside the PEO C4I portfolio (division itself not in alias table)"
LRAE Annex 25,668,N65236-25-RFPREQ-LSUBP00083-0005,LSUBP00083 - LSUBP00083 - 8.0 Competency Division - NIWCLANT,LSUBP00083,niwc_atlantic_division,center:niwc-atlantic,excluded,"technical_center_division code of center:niwc-atlantic, outside the PEO C4I portfolio (division itself not in alias table)"
LRAE Annex 25,669,N65236-25-RFPREQ-LSUBP00093-0010,LSUBP00093 - LSUBP00093 - 4.7 Competency Division - NIWCLANT,LSUBP00093,niwc_atlantic_division,center:niwc-atlantic,excluded,"technical_center_division code of center:niwc-atlantic, outside the PEO C4I portfolio (division itself not in alias table)"
LRAE Annex 25,670,N65236-25-RFPREQ-LSUBP00035-0071,LSUBP00035 - LSUBP00035 - SUBMARINE INTEGRATION DIV HEAD - NIWCLANT,LSUBP00035,niwc_atlantic_division,center:niwc-atlantic,excluded,"technical_center_division code of center:niwc-atlantic, outside the PEO C4I portfolio (division itself not in alias table)"
LRAE Annex 25,671,N65236-25-RFPREQ-LSUBP00093-0011,LSUBP00093 - LSUBP00093 - 4.7 Competency Division - NIWCLANT,LSUBP00093,niwc_atlantic_division,center:niwc-atlantic,excluded,"technical_center_division code of center:niwc-atlantic, outside the PEO C4I portfolio (division itself not in alias table)"
LRAE Annex 25,672,N65236-25-RFPREQ-LSUBP00010-0082,LSUBP00010 - LSUBP00010 - FORCE PROTECTION SOLUTIONS DIV HEAD - NIWCLANT,LSUBP00010,niwc_atlantic_division,center:niwc-atlantic,excluded,"technical_center_division code of center:niwc-atlantic, outside the PEO C4I portfolio (division itself not in alias table)"
LRAE Annex 25,673,N65236-25-RFPREQ-LSUBP00006-0087,LSUBP00006 - LSUBP00006 - FMS AIR INTEGRATION USCG DIV HEAD - NIWCLANT,LSUBP00006,niwc_atlantic_division,center:niwc-atlantic,excluded,"technical_center_division code of center:niwc-atlantic, outside the PEO C4I portfolio (division itself not in alias table)"
LRAE Annex 25,674,N65236-25-RFPREQ-LSUBP00083-0010,LSUBP00083 - LSUBP00083 - 8.0 Competency Division - NIWCLANT,LSUBP00083,niwc_atlantic_division,center:niwc-atlantic,excluded,"technical_center_division code of center:niwc-atlantic, outside the PEO C4I portfolio (division itself not in alias table)"
LRAE Annex 25,675,N65236-25-RFPREQ-LSUBP00024-0087,LSUBP00024 - LSUBP00024 - IA AND NAVY CYBER SECURITY DIV HEAD - NIWCLANT,LSUBP00024,niwc_atlantic_division,center:niwc-atlantic,excluded,"technical_center_division code of center:niwc-atlantic, outside the PEO C4I portfolio (division itself not in alias table)"
LRAE Annex 25,676,N65236-25-RFPREQ-LBUSP00025-0007,LBUSP00025 - LBUSP00025 - ExW-01X - NIWCLANT,LBUSP00025,niwc_atlantic_division,center:niwc-atlantic,excluded,"technical_center_division code of center:niwc-atlantic, outside the PEO C4I portfolio (division itself not in alias table)"
LRAE Annex 25,677,N65236-25-RFPREQ-LSUBP00056-0027,LSUBP00056 - LSUBP00056 - ENTERPRISE BUSINESS SYSTEMS DIV HEAD - NIWCLANT,LSUBP00056,niwc_atlantic_division,center:niwc-atlantic,excluded,"technical_center_division code of center:niwc-atlantic, outside the PEO C4I portfolio (division itself not in alias table)"
LRAE Annex 25,678,N65236-25-RFPREQ-LSUBP00001-0074,LSUBP00001 - LSUBP00001 - AIR TRAFFIC CONTROL DIV HEAD - NIWCLANT,LSUBP00001,niwc_atlantic_division,center:niwc-atlantic,excluded,"technical_center_division code of center:niwc-atlantic, outside the PEO C4I portfolio (division itself not in alias table)"
LRAE Annex 25,679,N65236-25-RFPREQ-LSUBP00035-0086,LSUBP00035 - LSUBP00035 - SUBMARINE INTEGRATION DIV HEAD - NIWCLANT,LSUBP00035,niwc_atlantic_division,center:niwc-atlantic,excluded,"technical_center_division code of center:niwc-atlantic, outside the PEO C4I portfolio (division itself not in alias table)"
LRAE Annex 25,680,N65236-25-RFPREQ-LSUBP00011-0023,LSUBP00011 - LSUBP00011 - MANPWR PERS TRNG & EDU SYS DIV HEAD - NIWCLANT,LSUBP00011,niwc_atlantic_division,center:niwc-atlantic,excluded,"technical_center_division code of center:niwc-atlantic, outside the PEO C4I portfolio (division itself not in alias table)"
LRAE Annex 25,681,N65236-25-RFPREQ-LSUBP00011-0024,LSUBP00011 - LSUBP00011 - MANPWR PERS TRNG & EDU SYS DIV HEAD - NIWCLANT,LSUBP00011,niwc_atlantic_division,center:niwc-atlantic,excluded,"technical_center_division code of center:niwc-atlantic, outside the PEO C4I portfolio (division itself not in alias table)"
LRAE Annex 25,682,N65236-25-RFPREQ-LSUBP00049-0096,LSUBP00049 - LSUBP00049 - S&T Division - NIWCLANT,LSUBP00049,niwc_atlantic_division,center:niwc-atlantic,excluded,"technical_center_division code of center:niwc-atlantic, outside the PEO C4I portfolio (division itself not in alias table)"
LRAE Annex 25,683,N65236-25-RFPREQ-LSUBP00087-0020,LSUBP00087 - LSUBP00087 - Command Information Officer Division - NIWCLANT,LSUBP00087,niwc_atlantic_division,center:niwc-atlantic,excluded,"technical_center_division code of center:niwc-atlantic, outside the PEO C4I portfolio (division itself not in alias table)"
LRAE Annex 25,684,N65236-25-RFPREQ-LSUBP00093-0019,LSUBP00093 - LSUBP00093 - 4.7 Competency Division - NIWCLANT,LSUBP00093,niwc_atlantic_division,center:niwc-atlantic,excluded,"technical_center_division code of center:niwc-atlantic, outside the PEO C4I portfolio (division itself not in alias table)"
LRAE Annex 25,685,N65236-25-RFPREQ-LSUBP00083-0009,LSUBP00083 - LSUBP00083 - 8.0 Competency Division - NIWCLANT,LSUBP00083,niwc_atlantic_division,center:niwc-atlantic,excluded,"technical_center_division code of center:niwc-atlantic, outside the PEO C4I portfolio (division itself not in alias table)"
LRAE Annex 25,686,N65236-25-RFPREQ-LSUBP00006-0084,LSUBP00006 - LSUBP00006 - FMS AIR INTEGRATION USCG DIV HEAD - NIWCLANT,LSUBP00006,niwc_atlantic_division,center:niwc-atlantic,excluded,"technical_center_division code of center:niwc-atlantic, outside the PEO C4I portfolio (division itself not in alias table)"
LRAE Annex 25,687,N65236-25-RFPREQ-LSUBP00004-0019,LSUBP00004 - LSUBP00004 - EXPEDITIONARY C3 SOLUTIONS DIV HEAD - NIWCLANT,LSUBP00004,niwc_atlantic_division,center:niwc-atlantic,excluded,"technical_center_division code of center:niwc-atlantic, outside the PEO C4I portfolio (division itself not in alias table)"
LRAE Annex 25,688,N65236-25-RFPREQ-LSUBP00024-0043,LSUBP00024 - LSUBP00024 - IA AND NAVY CYBER SECURITY DIV HEAD - NIWCLANT,LSUBP00024,niwc_atlantic_division,center:niwc-atlantic,excluded,"technical_center_division code of center:niwc-atlantic, outside the PEO C4I portfolio (division itself not in alias table)"
LRAE Annex 25,689,N65236-25-RFPREQ-LSUBP00024-0044,LSUBP00024 - LSUBP00024 - IA AND NAVY CYBER SECURITY DIV HEAD - NIWCLANT,LSUBP00024,niwc_atlantic_division,center:niwc-atlantic,excluded,"technical_center_division code of center:niwc-atlantic, outside the PEO C4I portfolio (division itself not in alias table)"
LRAE Annex 25,690,N65236-25-RFPREQ-LSUBP00024-0046,LSUBP00024 - LSUBP00024 - IA AND NAVY CYBER SECURITY DIV HEAD - NIWCLANT,LSUBP00024,niwc_atlantic_division,center:niwc-atlantic,excluded,"technical_center_division code of center:niwc-atlantic, outside the PEO C4I portfolio (division itself not in alias table)"
LRAE Annex 25,691,N65236-25-RFPREQ-LSUBP00024-0047,LSUBP00024 - LSUBP00024 - IA AND NAVY CYBER SECURITY DIV HEAD - NIWCLANT,LSUBP00024,niwc_atlantic_division,center:niwc-atlantic,excluded,"technical_center_division code of center:niwc-atlantic, outside the PEO C4I portfolio (division itself not in alias table)"
LRAE Annex 25,692,N65236-25-RFPREQ-LSUBP00024-0049,LSUBP00024 - LSUBP00024 - IA AND NAVY CYBER SECURITY DIV HEAD - NIWCLANT,LSUBP00024,niwc_atlantic_division,center:niwc-atlantic,excluded,"technical_center_division code of center:niwc-atlantic, outside the PEO C4I portfolio (division itself not in alias table)"
LRAE Annex 25,693,N65236-25-RFPREQ-LSUBP00024-0050,LSUBP00024 - LSUBP00024 - IA AND NAVY CYBER SECURITY DIV HEAD - NIWCLANT,LSUBP00024,niwc_atlantic_division,center:niwc-atlantic,excluded,"technical_center_division code of center:niwc-atlantic, outside the PEO C4I portfolio (division itself not in alias table)"
LRAE Annex 25,694,N65236-25-RFPREQ-LSUBP00035-0063,LSUBP00035 - LSUBP00035 - SUBMARINE INTEGRATION DIV HEAD - NIWCLANT,LSUBP00035,niwc_atlantic_division,center:niwc-atlantic,excluded,"technical_center_division code of center:niwc-atlantic, outside the PEO C4I portfolio (division itself not in alias table)"
LRAE Annex 25,695,N65236-25-RFPREQ-LSUBP00063-0035,LSUBP00063 - LSUBP00063 - NAVY AFLOAT NETWORK DIV HEAD - NIWCLANT,LSUBP00063,niwc_atlantic_division,center:niwc-atlantic,excluded,"technical_center_division code of center:niwc-atlantic, outside the PEO C4I portfolio (division itself not in alias table)"
LRAE Annex 25,696,N65236-25-RFPREQ-LSUBP00063-0036,LSUBP00063 - LSUBP00063 - NAVY AFLOAT NETWORK DIV HEAD - NIWCLANT,LSUBP00063,niwc_atlantic_division,center:niwc-atlantic,excluded,"technical_center_division code of center:niwc-atlantic, outside the PEO C4I portfolio (division itself not in alias table)"
LRAE Annex 25,697,N65236-25-RFPREQ-LSUBP00024-0053,LSUBP00024 - LSUBP00024 - IA AND NAVY CYBER SECURITY DIV HEAD - NIWCLANT,LSUBP00024,niwc_atlantic_division,center:niwc-atlantic,excluded,"technical_center_division code of center:niwc-atlantic, outside the PEO C4I portfolio (division itself not in alias table)"
LRAE Annex 25,698,N65236-25-RFPREQ-LSUBP00006-0067,LSUBP00006 - LSUBP00006 - FMS AIR INTEGRATION USCG DIV HEAD - NIWCLANT,LSUBP00006,niwc_atlantic_division,center:niwc-atlantic,excluded,"technical_center_division code of center:niwc-atlantic, outside the PEO C4I portfolio (division itself not in alias table)"
LRAE Annex 25,699,N65236-27-RFPREQ-LSUBP00022-0002,LSUBP00022 - LSUBP00022 - BATTLE SPACE AWARENESS DIV HEAD - NIWCLANT,LSUBP00022,niwc_atlantic_division,center:niwc-atlantic,excluded,"technical_center_division code of center:niwc-atlantic, outside the PEO C4I portfolio (division itself not in alias table)"
LRAE Annex 25,700,N65236-25-RFPREQ-LSUBP00035-0055,LSUBP00035 - LSUBP00035 - SUBMARINE INTEGRATION DIV HEAD - NIWCLANT,LSUBP00035,niwc_atlantic_division,center:niwc-atlantic,excluded,"technical_center_division code of center:niwc-atlantic, outside the PEO C4I portfolio (division itself not in alias table)"
LRAE Annex 25,701,N65236-26-RFPREQ-Pf004MNHR-0004,Pf004MNHR - Pf004MNHR - NAVWAR,Pf004MNHR,peo_mlb_portfolio_code,,unresolved,family peo_mlb_portfolio_code recognised but code Pf004MNHR has no alias-table entry
LRAE Annex 25,702,N65236-25-RFPREQ-LSUBP00006-0061,LSUBP00006 - LSUBP00006 - FMS AIR INTEGRATION USCG DIV HEAD - NIWCLANT,LSUBP00006,niwc_atlantic_division,center:niwc-atlantic,excluded,"technical_center_division code of center:niwc-atlantic, outside the PEO C4I portfolio (division itself not in alias table)"
LRAE Annex 25,703,N65236-25-RFPREQ-LSUBP00035-0053,LSUBP00035 - LSUBP00035 - SUBMARINE INTEGRATION DIV HEAD - NIWCLANT,LSUBP00035,niwc_atlantic_division,center:niwc-atlantic,excluded,"technical_center_division code of center:niwc-atlantic, outside the PEO C4I portfolio (division itself not in alias table)"
LRAE Annex 25,704,N65236-25-RFPREQ-LSUBP00087-0022,LSUBP00087 - LSUBP00087 - Command Information Officer Division - NIWCLANT,LSUBP00087,niwc_atlantic_division,center:niwc-atlantic,excluded,"technical_center_division code of center:niwc-atlantic, outside the PEO C4I portfolio (division itself not in alias table)"
LRAE Annex 25,705,N65236-25-RFPREQ-LSUBP00034-0027,LSUBP00034 - LSUBP00034 - SURFACE SHIP INTEGRATION DIV HEAD - NIWCLANT,LSUBP00034,niwc_atlantic_division,center:niwc-atlantic,excluded,"technical_center_division code of center:niwc-atlantic, outside the PEO C4I portfolio (division itself not in alias table)"
LRAE Annex 25,706,N65236-25-RFPREQ-LSUBP00034-0028,LSUBP00034 - LSUBP00034 - SURFACE SHIP INTEGRATION DIV HEAD - NIWCLANT,LSUBP00034,niwc_atlantic_division,center:niwc-atlantic,excluded,"technical_center_division code of center:niwc-atlantic, outside the PEO C4I portfolio (division itself not in alias table)"
LRAE Annex 25,707,N65236-25-RFPREQ-LSUBP00021-0059,LSUBP00021 - LSUBP00021 - EXPEDITIONARY INTEL SOLUTIONS DIV HEAD - NIWCLANT,LSUBP00021,niwc_atlantic_division,center:niwc-atlantic,excluded,"technical_center_division code of center:niwc-atlantic, outside the PEO C4I portfolio (division itself not in alias table)"
LRAE Annex 25,708,N65236-25-RFPREQ-LSUBP00021-0060,LSUBP00021 - LSUBP00021 - EXPEDITIONARY INTEL SOLUTIONS DIV HEAD - NIWCLANT,LSUBP00021,niwc_atlantic_division,center:niwc-atlantic,excluded,"technical_center_division code of center:niwc-atlantic, outside the PEO C4I portfolio (division itself not in alias table)"
LRAE Annex 25,709,N65236-25-RFPREQ-LSUBP00021-0061,LSUBP00021 - LSUBP00021 - EXPEDITIONARY INTEL SOLUTIONS DIV HEAD - NIWCLANT,LSUBP00021,niwc_atlantic_division,center:niwc-atlantic,excluded,"technical_center_division code of center:niwc-atlantic, outside the PEO C4I portfolio (division itself not in alias table)"
LRAE Annex 25,710,N65236-25-RFPREQ-LSUBP00021-0062,LSUBP00021 - LSUBP00021 - EXPEDITIONARY INTEL SOLUTIONS DIV HEAD - NIWCLANT,LSUBP00021,niwc_atlantic_division,center:niwc-atlantic,excluded,"technical_center_division code of center:niwc-atlantic, outside the PEO C4I portfolio (division itself not in alias table)"
LRAE Annex 25,711,N65236-25-RFPREQ-LSUBP00010-0048,LSUBP00010 - LSUBP00010 - FORCE PROTECTION SOLUTIONS DIV HEAD - NIWCLANT,LSUBP00010,niwc_atlantic_division,center:niwc-atlantic,excluded,"technical_center_division code of center:niwc-atlantic, outside the PEO C4I portfolio (division itself not in alias table)"
LRAE Annex 25,712,N65236-25-RFPREQ-LSUBP00009-0033,LSUBP00009 - LSUBP00009 - DEFENSE HEALTH INFO TECH DIV HEAD - NIWCLANT,LSUBP00009,niwc_atlantic_division,center:niwc-atlantic,excluded,"technical_center_division code of center:niwc-atlantic, outside the PEO C4I portfolio (division itself not in alias table)"
LRAE Annex 25,713,N65236-25-RFPREQ-LSUBP00009-0035,LSUBP00009 - LSUBP00009 - DEFENSE HEALTH INFO TECH DIV HEAD - NIWCLANT,LSUBP00009,niwc_atlantic_division,center:niwc-atlantic,excluded,"technical_center_division code of center:niwc-atlantic, outside the PEO C4I portfolio (division itself not in alias table)"
LRAE Annex 25,714,N65236-25-RFPREQ-LSUBP00001-0053,LSUBP00001 - LSUBP00001 - AIR TRAFFIC CONTROL DIV HEAD - NIWCLANT,LSUBP00001,niwc_atlantic_division,center:niwc-atlantic,excluded,"technical_center_division code of center:niwc-atlantic, outside the PEO C4I portfolio (division itself not in alias table)"
LRAE Annex 25,715,N65236-27-RFPREQ-LSUBP00001-0005,LSUBP00001 - LSUBP00001 - AIR TRAFFIC CONTROL DIV HEAD - NIWCLANT,LSUBP00001,niwc_atlantic_division,center:niwc-atlantic,excluded,"technical_center_division code of center:niwc-atlantic, outside the PEO C4I portfolio (division itself not in alias table)"
LRAE Annex 25,716,N65236-28-RFPREQ-LSUBP00001-0002,LSUBP00001 - LSUBP00001 - AIR TRAFFIC CONTROL DIV HEAD - NIWCLANT,LSUBP00001,niwc_atlantic_division,center:niwc-atlantic,excluded,"technical_center_division code of center:niwc-atlantic, outside the PEO C4I portfolio (division itself not in alias table)"
LRAE Annex 25,717,N65236-25-RFPREQ-LSUBP00001-0054,LSUBP00001 - LSUBP00001 - AIR TRAFFIC CONTROL DIV HEAD - NIWCLANT,LSUBP00001,niwc_atlantic_division,center:niwc-atlantic,excluded,"technical_center_division code of center:niwc-atlantic, outside the PEO C4I portfolio (division itself not in alias table)"
LRAE Annex 25,718,N65236-25-RFPREQ-LSUBP00009-0041,LSUBP00009 - LSUBP00009 - DEFENSE HEALTH INFO TECH DIV HEAD - NIWCLANT,LSUBP00009,niwc_atlantic_division,center:niwc-atlantic,excluded,"technical_center_division code of center:niwc-atlantic, outside the PEO C4I portfolio (division itself not in alias table)"
LRAE Annex 25,719,N65236-25-RFPREQ-LSUBP00009-0042,LSUBP00009 - LSUBP00009 - DEFENSE HEALTH INFO TECH DIV HEAD - NIWCLANT,LSUBP00009,niwc_atlantic_division,center:niwc-atlantic,excluded,"technical_center_division code of center:niwc-atlantic, outside the PEO C4I portfolio (division itself not in alias table)"
LRAE Annex 25,720,N65236-25-RFPREQ-LSUBP00009-0043,LSUBP00009 - LSUBP00009 - DEFENSE HEALTH INFO TECH DIV HEAD - NIWCLANT,LSUBP00009,niwc_atlantic_division,center:niwc-atlantic,excluded,"technical_center_division code of center:niwc-atlantic, outside the PEO C4I portfolio (division itself not in alias table)"
LRAE Annex 25,721,N65236-25-RFPREQ-LSUBP00009-0044,LSUBP00009 - LSUBP00009 - DEFENSE HEALTH INFO TECH DIV HEAD - NIWCLANT,LSUBP00009,niwc_atlantic_division,center:niwc-atlantic,excluded,"technical_center_division code of center:niwc-atlantic, outside the PEO C4I portfolio (division itself not in alias table)"
LRAE Annex 25,722,N65236-25-RFPREQ-LSUBP00009-0045,LSUBP00009 - LSUBP00009 - DEFENSE HEALTH INFO TECH DIV HEAD - NIWCLANT,LSUBP00009,niwc_atlantic_division,center:niwc-atlantic,excluded,"technical_center_division code of center:niwc-atlantic, outside the PEO C4I portfolio (division itself not in alias table)"
LRAE Annex 25,723,N65236-25-RFPREQ-LSUBP00009-0046,LSUBP00009 - LSUBP00009 - DEFENSE HEALTH INFO TECH DIV HEAD - NIWCLANT,LSUBP00009,niwc_atlantic_division,center:niwc-atlantic,excluded,"technical_center_division code of center:niwc-atlantic, outside the PEO C4I portfolio (division itself not in alias table)"
LRAE Annex 25,724,N65236-25-RFPREQ-LSUBP00009-0047,LSUBP00009 - LSUBP00009 - DEFENSE HEALTH INFO TECH DIV HEAD - NIWCLANT,LSUBP00009,niwc_atlantic_division,center:niwc-atlantic,excluded,"technical_center_division code of center:niwc-atlantic, outside the PEO C4I portfolio (division itself not in alias table)"
LRAE Annex 25,725,N65236-25-RFPREQ-LSUBP00009-0048,LSUBP00009 - LSUBP00009 - DEFENSE HEALTH INFO TECH DIV HEAD - NIWCLANT,LSUBP00009,niwc_atlantic_division,center:niwc-atlantic,excluded,"technical_center_division code of center:niwc-atlantic, outside the PEO C4I portfolio (division itself not in alias table)"
LRAE Annex 25,726,N65236-25-RFPREQ-LSUBP00009-0049,LSUBP00009 - LSUBP00009 - DEFENSE HEALTH INFO TECH DIV HEAD - NIWCLANT,LSUBP00009,niwc_atlantic_division,center:niwc-atlantic,excluded,"technical_center_division code of center:niwc-atlantic, outside the PEO C4I portfolio (division itself not in alias table)"
LRAE Annex 25,727,N65236-25-RFPREQ-LSUBP00009-0050,LSUBP00009 - LSUBP00009 - DEFENSE HEALTH INFO TECH DIV HEAD - NIWCLANT,LSUBP00009,niwc_atlantic_division,center:niwc-atlantic,excluded,"technical_center_division code of center:niwc-atlantic, outside the PEO C4I portfolio (division itself not in alias table)"
LRAE Annex 25,728,N65236-25-RFPREQ-LSUBP00009-0051,LSUBP00009 - LSUBP00009 - DEFENSE HEALTH INFO TECH DIV HEAD - NIWCLANT,LSUBP00009,niwc_atlantic_division,center:niwc-atlantic,excluded,"technical_center_division code of center:niwc-atlantic, outside the PEO C4I portfolio (division itself not in alias table)"
LRAE Annex 25,729,N65236-25-RFPREQ-LSUBP00009-0052,LSUBP00009 - LSUBP00009 - DEFENSE HEALTH INFO TECH DIV HEAD - NIWCLANT,LSUBP00009,niwc_atlantic_division,center:niwc-atlantic,excluded,"technical_center_division code of center:niwc-atlantic, outside the PEO C4I portfolio (division itself not in alias table)"
LRAE Annex 25,730,N65236-25-RFPREQ-LSUBP00009-0053,LSUBP00009 - LSUBP00009 - DEFENSE HEALTH INFO TECH DIV HEAD - NIWCLANT,LSUBP00009,niwc_atlantic_division,center:niwc-atlantic,excluded,"technical_center_division code of center:niwc-atlantic, outside the PEO C4I portfolio (division itself not in alias table)"
LRAE Annex 25,731,N65236-25-RFPREQ-LSUBP00009-0054,LSUBP00009 - LSUBP00009 - DEFENSE HEALTH INFO TECH DIV HEAD - NIWCLANT,LSUBP00009,niwc_atlantic_division,center:niwc-atlantic,excluded,"technical_center_division code of center:niwc-atlantic, outside the PEO C4I portfolio (division itself not in alias table)"
LRAE Annex 25,732,N65236-25-RFPREQ-LSUBP00009-0055,LSUBP00009 - LSUBP00009 - DEFENSE HEALTH INFO TECH DIV HEAD - NIWCLANT,LSUBP00009,niwc_atlantic_division,center:niwc-atlantic,excluded,"technical_center_division code of center:niwc-atlantic, outside the PEO C4I portfolio (division itself not in alias table)"
LRAE Annex 25,733,N65236-25-RFPREQ-LSUBP00009-0056,LSUBP00009 - LSUBP00009 - DEFENSE HEALTH INFO TECH DIV HEAD - NIWCLANT,LSUBP00009,niwc_atlantic_division,center:niwc-atlantic,excluded,"technical_center_division code of center:niwc-atlantic, outside the PEO C4I portfolio (division itself not in alias table)"
LRAE Annex 25,734,N65236-25-RFPREQ-LSUBP00009-0057,LSUBP00009 - LSUBP00009 - DEFENSE HEALTH INFO TECH DIV HEAD - NIWCLANT,LSUBP00009,niwc_atlantic_division,center:niwc-atlantic,excluded,"technical_center_division code of center:niwc-atlantic, outside the PEO C4I portfolio (division itself not in alias table)"
LRAE Annex 25,735,N65236-25-RFPREQ-LSUBP00009-0058,LSUBP00009 - LSUBP00009 - DEFENSE HEALTH INFO TECH DIV HEAD - NIWCLANT,LSUBP00009,niwc_atlantic_division,center:niwc-atlantic,excluded,"technical_center_division code of center:niwc-atlantic, outside the PEO C4I portfolio (division itself not in alias table)"
LRAE Annex 25,736,N65236-25-RFPREQ-LSUBP00009-0059,LSUBP00009 - LSUBP00009 - DEFENSE HEALTH INFO TECH DIV HEAD - NIWCLANT,LSUBP00009,niwc_atlantic_division,center:niwc-atlantic,excluded,"technical_center_division code of center:niwc-atlantic, outside the PEO C4I portfolio (division itself not in alias table)"
LRAE Annex 25,737,N65236-25-RFPREQ-LSUBP00009-0060,LSUBP00009 - LSUBP00009 - DEFENSE HEALTH INFO TECH DIV HEAD - NIWCLANT,LSUBP00009,niwc_atlantic_division,center:niwc-atlantic,excluded,"technical_center_division code of center:niwc-atlantic, outside the PEO C4I portfolio (division itself not in alias table)"
LRAE Annex 25,738,N65236-25-RFPREQ-LSUBP00009-0061,LSUBP00009 - LSUBP00009 - DEFENSE HEALTH INFO TECH DIV HEAD - NIWCLANT,LSUBP00009,niwc_atlantic_division,center:niwc-atlantic,excluded,"technical_center_division code of center:niwc-atlantic, outside the PEO C4I portfolio (division itself not in alias table)"
LRAE Annex 25,739,N65236-25-RFPREQ-LSUBP00010-0046,LSUBP00010 - LSUBP00010 - FORCE PROTECTION SOLUTIONS DIV HEAD - NIWCLANT,LSUBP00010,niwc_atlantic_division,center:niwc-atlantic,excluded,"technical_center_division code of center:niwc-atlantic, outside the PEO C4I portfolio (division itself not in alias table)"
LRAE Annex 25,740,N65236-25-RFPREQ-LSUBP00023-0022,LSUBP00023 - LSUBP00023 - SPEC RECON SURVEIL & EXPLOIT DIV HD - NIWCLANT,LSUBP00023,niwc_atlantic_division,center:niwc-atlantic,excluded,"technical_center_division code of center:niwc-atlantic, outside the PEO C4I portfolio (division itself not in alias table)"
LRAE Annex 25,741,N65236-25-RFPREQ-LSUBP00002-0014,LSUBP00002 - LSUBP00002 - COMMAND OPERATIONS CENTERS DIV HEAD - NIWCLANT,LSUBP00002,niwc_atlantic_division,center:niwc-atlantic,excluded,"technical_center_division code of center:niwc-atlantic, outside the PEO C4I portfolio (division itself not in alias table)"
LRAE Annex 25,742,N65236-25-RFPREQ-LSUBP00002-0015,LSUBP00002 - LSUBP00002 - COMMAND OPERATIONS CENTERS DIV HEAD - NIWCLANT,LSUBP00002,niwc_atlantic_division,center:niwc-atlantic,excluded,"technical_center_division code of center:niwc-atlantic, outside the PEO C4I portfolio (division itself not in alias table)"
LRAE Annex 25,743,N65236-25-RFPREQ-LSUBP00010-0049,LSUBP00010 - LSUBP00010 - FORCE PROTECTION SOLUTIONS DIV HEAD - NIWCLANT,LSUBP00010,niwc_atlantic_division,center:niwc-atlantic,excluded,"technical_center_division code of center:niwc-atlantic, outside the PEO C4I portfolio (division itself not in alias table)"
LRAE Annex 25,744,N65236-25-RFPREQ-LSUBP00010-0050,LSUBP00010 - LSUBP00010 - FORCE PROTECTION SOLUTIONS DIV HEAD - NIWCLANT,LSUBP00010,niwc_atlantic_division,center:niwc-atlantic,excluded,"technical_center_division code of center:niwc-atlantic, outside the PEO C4I portfolio (division itself not in alias table)"
LRAE Annex 25,745,N65236-25-RFPREQ-LSUBP00021-0071,LSUBP00021 - LSUBP00021 - EXPEDITIONARY INTEL SOLUTIONS DIV HEAD - NIWCLANT,LSUBP00021,niwc_atlantic_division,center:niwc-atlantic,excluded,"technical_center_division code of center:niwc-atlantic, outside the PEO C4I portfolio (division itself not in alias table)"
LRAE Annex 25,746,N65236-25-RFPREQ-LSUBP00021-0072,LSUBP00021 - LSUBP00021 - EXPEDITIONARY INTEL SOLUTIONS DIV HEAD - NIWCLANT,LSUBP00021,niwc_atlantic_division,center:niwc-atlantic,excluded,"technical_center_division code of center:niwc-atlantic, outside the PEO C4I portfolio (division itself not in alias table)"
LRAE Annex 25,747,N65236-25-RFPREQ-LSUBP00049-0053,LSUBP00049 - LSUBP00049 - S&T Division - NIWCLANT,LSUBP00049,niwc_atlantic_division,center:niwc-atlantic,excluded,"technical_center_division code of center:niwc-atlantic, outside the PEO C4I portfolio (division itself not in alias table)"
LRAE Annex 25,748,N65236-25-RFPREQ-LSUBP00049-0054,LSUBP00049 - LSUBP00049 - S&T Division - NIWCLANT,LSUBP00049,niwc_atlantic_division,center:niwc-atlantic,excluded,"technical_center_division code of center:niwc-atlantic, outside the PEO C4I portfolio (division itself not in alias table)"
LRAE Annex 25,749,N65236-25-RFPREQ-LSUBP00049-0055,LSUBP00049 - LSUBP00049 - S&T Division - NIWCLANT,LSUBP00049,niwc_atlantic_division,center:niwc-atlantic,excluded,"technical_center_division code of center:niwc-atlantic, outside the PEO C4I portfolio (division itself not in alias table)"
LRAE Annex 25,750,N65236-25-RFPREQ-LSUBP00049-0056,LSUBP00049 - LSUBP00049 - S&T Division - NIWCLANT,LSUBP00049,niwc_atlantic_division,center:niwc-atlantic,excluded,"technical_center_division code of center:niwc-atlantic, outside the PEO C4I portfolio (division itself not in alias table)"
LRAE Annex 25,751,N65236-25-RFPREQ-LSUBP00002-0019,LSUBP00002 - LSUBP00002 - COMMAND OPERATIONS CENTERS DIV HEAD - NIWCLANT,LSUBP00002,niwc_atlantic_division,center:niwc-atlantic,excluded,"technical_center_division code of center:niwc-atlantic, outside the PEO C4I portfolio (division itself not in alias table)"
LRAE Annex 25,752,N65236-25-RFPREQ-LSUBP00002-0020,LSUBP00002 - LSUBP00002 - COMMAND OPERATIONS CENTERS DIV HEAD - NIWCLANT,LSUBP00002,niwc_atlantic_division,center:niwc-atlantic,excluded,"technical_center_division code of center:niwc-atlantic, outside the PEO C4I portfolio (division itself not in alias table)"
LRAE Annex 25,753,N65236-25-RFPREQ-LSUBP00002-0021,LSUBP00002 - LSUBP00002 - COMMAND OPERATIONS CENTERS DIV HEAD - NIWCLANT,LSUBP00002,niwc_atlantic_division,center:niwc-atlantic,excluded,"technical_center_division code of center:niwc-atlantic, outside the PEO C4I portfolio (division itself not in alias table)"
LRAE Annex 25,754,N65236-25-RFPREQ-LSUBP00002-0022,LSUBP00002 - LSUBP00002 - COMMAND OPERATIONS CENTERS DIV HEAD - NIWCLANT,LSUBP00002,niwc_atlantic_division,center:niwc-atlantic,excluded,"technical_center_division code of center:niwc-atlantic, outside the PEO C4I portfolio (division itself not in alias table)"
LRAE Annex 25,755,N65236-25-RFPREQ-LSUBP00049-0057,LSUBP00049 - LSUBP00049 - S&T Division - NIWCLANT,LSUBP00049,niwc_atlantic_division,center:niwc-atlantic,excluded,"technical_center_division code of center:niwc-atlantic, outside the PEO C4I portfolio (division itself not in alias table)"
LRAE Annex 25,756,N65236-25-RFPREQ-LSUBP00002-0024,LSUBP00002 - LSUBP00002 - COMMAND OPERATIONS CENTERS DIV HEAD - NIWCLANT,LSUBP00002,niwc_atlantic_division,center:niwc-atlantic,excluded,"technical_center_division code of center:niwc-atlantic, outside the PEO C4I portfolio (division itself not in alias table)"
LRAE Annex 25,757,N65236-25-RFPREQ-LSUBP00049-0058,LSUBP00049 - LSUBP00049 - S&T Division - NIWCLANT,LSUBP00049,niwc_atlantic_division,center:niwc-atlantic,excluded,"technical_center_division code of center:niwc-atlantic, outside the PEO C4I portfolio (division itself not in alias table)"
LRAE Annex 25,758,N65236-25-RFPREQ-LSUBP00010-0069,LSUBP00010 - LSUBP00010 - FORCE PROTECTION SOLUTIONS DIV HEAD - NIWCLANT,LSUBP00010,niwc_atlantic_division,center:niwc-atlantic,excluded,"technical_center_division code of center:niwc-atlantic, outside the PEO C4I portfolio (division itself not in alias table)"
LRAE Annex 25,759,N65236-25-RFPREQ-LSUBP00002-0026,LSUBP00002 - LSUBP00002 - COMMAND OPERATIONS CENTERS DIV HEAD - NIWCLANT,LSUBP00002,niwc_atlantic_division,center:niwc-atlantic,excluded,"technical_center_division code of center:niwc-atlantic, outside the PEO C4I portfolio (division itself not in alias table)"
LRAE Annex 25,760,N65236-25-RFPREQ-LBUSP00030-0013,LBUSP00030 - LBUSP00030 - NL-8.0 - NIWCLANT,LBUSP00030,niwc_atlantic_division,center:niwc-atlantic,excluded,"technical_center_division code of center:niwc-atlantic, outside the PEO C4I portfolio (division itself not in alias table)"
LRAE Annex 25,761,N65236-25-RFPREQ-LSUBP00034-0019,LSUBP00034 - LSUBP00034 - SURFACE SHIP INTEGRATION DIV HEAD - NIWCLANT,LSUBP00034,niwc_atlantic_division,center:niwc-atlantic,excluded,"technical_center_division code of center:niwc-atlantic, outside the PEO C4I portfolio (division itself not in alias table)"
LRAE Annex 25,762,N65236-25-RFPREQ-LSUBP00034-0022,LSUBP00034 - LSUBP00034 - SURFACE SHIP INTEGRATION DIV HEAD - NIWCLANT,LSUBP00034,niwc_atlantic_division,center:niwc-atlantic,excluded,"technical_center_division code of center:niwc-atlantic, outside the PEO C4I portfolio (division itself not in alias table)"
LRAE Annex 25,763,N65236-25-RFPREQ-LSUBP00016-0052,LSUBP00016 - LSUBP00016 - NAVY AFLOAT TRANSPORT & NAVI DIV HD - NIWCLANT,LSUBP00016,niwc_atlantic_division,center:niwc-atlantic,excluded,"technical_center_division code of center:niwc-atlantic, outside the PEO C4I portfolio (division itself not in alias table)"
LRAE Annex 25,764,N65236-25-RFPREQ-LSUBP00035-0041,LSUBP00035 - LSUBP00035 - SUBMARINE INTEGRATION DIV HEAD - NIWCLANT,LSUBP00035,niwc_atlantic_division,center:niwc-atlantic,excluded,"technical_center_division code of center:niwc-atlantic, outside the PEO C4I portfolio (division itself not in alias table)"
LRAE Annex 25,765,N65236-25-RFPREQ-LSUBP00035-0045,LSUBP00035 - LSUBP00035 - SUBMARINE INTEGRATION DIV HEAD - NIWCLANT,LSUBP00035,niwc_atlantic_division,center:niwc-atlantic,excluded,"technical_center_division code of center:niwc-atlantic, outside the PEO C4I portfolio (division itself not in alias table)"
LRAE Annex 25,766,N65236-25-RFPREQ-LSUBP00035-0046,LSUBP00035 - LSUBP00035 - SUBMARINE INTEGRATION DIV HEAD - NIWCLANT,LSUBP00035,niwc_atlantic_division,center:niwc-atlantic,excluded,"technical_center_division code of center:niwc-atlantic, outside the PEO C4I portfolio (division itself not in alias table)"
LRAE Annex 25,767,N65236-25-RFPREQ-LSUBP00035-0047,LSUBP00035 - LSUBP00035 - SUBMARINE INTEGRATION DIV HEAD - NIWCLANT,LSUBP00035,niwc_atlantic_division,center:niwc-atlantic,excluded,"technical_center_division code of center:niwc-atlantic, outside the PEO C4I portfolio (division itself not in alias table)"
LRAE Annex 25,768,N65236-25-RFPREQ-LSUBP00035-0048,LSUBP00035 - LSUBP00035 - SUBMARINE INTEGRATION DIV HEAD - NIWCLANT,LSUBP00035,niwc_atlantic_division,center:niwc-atlantic,excluded,"technical_center_division code of center:niwc-atlantic, outside the PEO C4I portfolio (division itself not in alias table)"
LRAE Annex 25,769,N65236-25-RFPREQ-LSUBP00035-0049,LSUBP00035 - LSUBP00035 - SUBMARINE INTEGRATION DIV HEAD - NIWCLANT,LSUBP00035,niwc_atlantic_division,center:niwc-atlantic,excluded,"technical_center_division code of center:niwc-atlantic, outside the PEO C4I portfolio (division itself not in alias table)"
LRAE Annex 25,770,N65236-25-RFPREQ-LSUBP00016-0053,LSUBP00016 - LSUBP00016 - NAVY AFLOAT TRANSPORT & NAVI DIV HD - NIWCLANT,LSUBP00016,niwc_atlantic_division,center:niwc-atlantic,excluded,"technical_center_division code of center:niwc-atlantic, outside the PEO C4I portfolio (division itself not in alias table)"
LRAE Annex 25,771,N65236-25-RFPREQ-LSUBP00016-0011,LSUBP00016 - LSUBP00016 - NAVY AFLOAT TRANSPORT & NAVI DIV HD - NIWCLANT,LSUBP00016,niwc_atlantic_division,center:niwc-atlantic,excluded,"technical_center_division code of center:niwc-atlantic, outside the PEO C4I portfolio (division itself not in alias table)"
LRAE Annex 25,772,N65236-25-RFPREQ-LSUBP00035-0022,LSUBP00035 - LSUBP00035 - SUBMARINE INTEGRATION DIV HEAD - NIWCLANT,LSUBP00035,niwc_atlantic_division,center:niwc-atlantic,excluded,"technical_center_division code of center:niwc-atlantic, outside the PEO C4I portfolio (division itself not in alias table)"
LRAE Annex 25,773,N65236-25-RFPREQ-LSUBP00035-0025,LSUBP00035 - LSUBP00035 - SUBMARINE INTEGRATION DIV HEAD - NIWCLANT,LSUBP00035,niwc_atlantic_division,center:niwc-atlantic,excluded,"technical_center_division code of center:niwc-atlantic, outside the PEO C4I portfolio (division itself not in alias table)"
LRAE Annex 25,774,N65236-25-RFPREQ-LSUBP00035-0102,LSUBP00035 - LSUBP00035 - SUBMARINE INTEGRATION DIV HEAD - NIWCLANT,LSUBP00035,niwc_atlantic_division,center:niwc-atlantic,excluded,"technical_center_division code of center:niwc-atlantic, outside the PEO C4I portfolio (division itself not in alias table)"
LRAE Annex 25,775,N65236-25-RFPREQ-LSUBP00021-0029,LSUBP00021 - LSUBP00021 - EXPEDITIONARY INTEL SOLUTIONS DIV HEAD - NIWCLANT,LSUBP00021,niwc_atlantic_division,center:niwc-atlantic,excluded,"technical_center_division code of center:niwc-atlantic, outside the PEO C4I portfolio (division itself not in alias table)"
LRAE Annex 25,776,N65236-27-RFPREQ-LSUBP00024-0005,LSUBP00024 - LSUBP00024 - IA AND NAVY CYBER SECURITY DIV HEAD - NIWCLANT,LSUBP00024,niwc_atlantic_division,center:niwc-atlantic,excluded,"technical_center_division code of center:niwc-atlantic, outside the PEO C4I portfolio (division itself not in alias table)"
LRAE Annex 25,777,N65236-25-RFPREQ-LSUBP00087-0007,LSUBP00087 - LSUBP00087 - Command Information Officer Division - NIWCLANT,LSUBP00087,niwc_atlantic_division,center:niwc-atlantic,excluded,"technical_center_division code of center:niwc-atlantic, outside the PEO C4I portfolio (division itself not in alias table)"
LRAE Annex 25,778,N65236-25-RFPREQ-LSUBP00034-0017,LSUBP00034 - LSUBP00034 - SURFACE SHIP INTEGRATION DIV HEAD - NIWCLANT,LSUBP00034,niwc_atlantic_division,center:niwc-atlantic,excluded,"technical_center_division code of center:niwc-atlantic, outside the PEO C4I portfolio (division itself not in alias table)"
LRAE Annex 25,779,N65236-25-RFPREQ-LSUBP00035-0028,LSUBP00035 - LSUBP00035 - SUBMARINE INTEGRATION DIV HEAD - NIWCLANT,LSUBP00035,niwc_atlantic_division,center:niwc-atlantic,excluded,"technical_center_division code of center:niwc-atlantic, outside the PEO C4I portfolio (division itself not in alias table)"
LRAE Annex 25,780,N65236-25-RFPREQ-LSUBP00035-0029,LSUBP00035 - LSUBP00035 - SUBMARINE INTEGRATION DIV HEAD - NIWCLANT,LSUBP00035,niwc_atlantic_division,center:niwc-atlantic,excluded,"technical_center_division code of center:niwc-atlantic, outside the PEO C4I portfolio (division itself not in alias table)"
LRAE Annex 25,781,N65236-25-RFPREQ-LSUBP00035-0030,LSUBP00035 - LSUBP00035 - SUBMARINE INTEGRATION DIV HEAD - NIWCLANT,LSUBP00035,niwc_atlantic_division,center:niwc-atlantic,excluded,"technical_center_division code of center:niwc-atlantic, outside the PEO C4I portfolio (division itself not in alias table)"
LRAE Annex 25,782,N65236-25-RFPREQ-LSUBP00035-0031,LSUBP00035 - LSUBP00035 - SUBMARINE INTEGRATION DIV HEAD - NIWCLANT,LSUBP00035,niwc_atlantic_division,center:niwc-atlantic,excluded,"technical_center_division code of center:niwc-atlantic, outside the PEO C4I portfolio (division itself not in alias table)"
LRAE Annex 25,783,N65236-25-RFPREQ-LSUBP00035-0032,LSUBP00035 - LSUBP00035 - SUBMARINE INTEGRATION DIV HEAD - NIWCLANT,LSUBP00035,niwc_atlantic_division,center:niwc-atlantic,excluded,"technical_center_division code of center:niwc-atlantic, outside the PEO C4I portfolio (division itself not in alias table)"
LRAE Annex 25,784,N65236-25-RFPREQ-LSUBP00035-0033,LSUBP00035 - LSUBP00035 - SUBMARINE INTEGRATION DIV HEAD - NIWCLANT,LSUBP00035,niwc_atlantic_division,center:niwc-atlantic,excluded,"technical_center_division code of center:niwc-atlantic, outside the PEO C4I portfolio (division itself not in alias table)"
LRAE Annex 25,785,N65236-25-RFPREQ-LSUBP00087-0004,LSUBP00087 - LSUBP00087 - Command Information Officer Division - NIWCLANT,LSUBP00087,niwc_atlantic_division,center:niwc-atlantic,excluded,"technical_center_division code of center:niwc-atlantic, outside the PEO C4I portfolio (division itself not in alias table)"
LRAE Annex 25,786,N65236-25-RFPREQ-LSUBP00022-0069,LSUBP00022 - LSUBP00022 - BATTLE SPACE AWARENESS DIV HEAD - NIWCLANT,LSUBP00022,niwc_atlantic_division,center:niwc-atlantic,excluded,"technical_center_division code of center:niwc-atlantic, outside the PEO C4I portfolio (division itself not in alias table)"
LRAE Annex 25,787,N65236-25-RFPREQ-LSUBP00022-0072,LSUBP00022 - LSUBP00022 - BATTLE SPACE AWARENESS DIV HEAD - NIWCLANT,LSUBP00022,niwc_atlantic_division,center:niwc-atlantic,excluded,"technical_center_division code of center:niwc-atlantic, outside the PEO C4I portfolio (division itself not in alias table)"
LRAE Annex 25,788,N65236-25-RFPREQ-LSUBP00022-0073,LSUBP00022 - LSUBP00022 - BATTLE SPACE AWARENESS DIV HEAD - NIWCLANT,LSUBP00022,niwc_atlantic_division,center:niwc-atlantic,excluded,"technical_center_division code of center:niwc-atlantic, outside the PEO C4I portfolio (division itself not in alias table)"
LRAE Annex 25,789,N65236-26-RFPREQ-LSUBP00024-0008,LSUBP00024 - LSUBP00024 - IA AND NAVY CYBER SECURITY DIV HEAD - NIWCLANT,LSUBP00024,niwc_atlantic_division,center:niwc-atlantic,excluded,"technical_center_division code of center:niwc-atlantic, outside the PEO C4I portfolio (division itself not in alias table)"
LRAE Annex 25,790,N65236-25-RFPREQ-LSUBP00022-0078,LSUBP00022 - LSUBP00022 - BATTLE SPACE AWARENESS DIV HEAD - NIWCLANT,LSUBP00022,niwc_atlantic_division,center:niwc-atlantic,excluded,"technical_center_division code of center:niwc-atlantic, outside the PEO C4I portfolio (division itself not in alias table)"
LRAE Annex 25,791,N65236-25-RFPREQ-LSUBP00001-0020,LSUBP00001 - LSUBP00001 - AIR TRAFFIC CONTROL DIV HEAD - NIWCLANT,LSUBP00001,niwc_atlantic_division,center:niwc-atlantic,excluded,"technical_center_division code of center:niwc-atlantic, outside the PEO C4I portfolio (division itself not in alias table)"
LRAE Annex 25,792,N65236-25-RFPREQ-LSUBP00001-0022,LSUBP00001 - LSUBP00001 - AIR TRAFFIC CONTROL DIV HEAD - NIWCLANT,LSUBP00001,niwc_atlantic_division,center:niwc-atlantic,excluded,"technical_center_division code of center:niwc-atlantic, outside the PEO C4I portfolio (division itself not in alias table)"
LRAE Annex 25,793,N65236-25-RFPREQ-LSUBP00006-0004,LSUBP00006 - LSUBP00006 - FMS AIR INTEGRATION USCG DIV HEAD - NIWCLANT,LSUBP00006,niwc_atlantic_division,center:niwc-atlantic,excluded,"technical_center_division code of center:niwc-atlantic, outside the PEO C4I portfolio (division itself not in alias table)"
LRAE Annex 25,794,N65236-24-RFPREQ-LSUBP00021-0344,LSUBP00021 - LSUBP00021 - EXPEDITIONARY INTEL SOLUTIONS DIV HEAD - NIWCLANT,LSUBP00021,niwc_atlantic_division,center:niwc-atlantic,excluded,"technical_center_division code of center:niwc-atlantic, outside the PEO C4I portfolio (division itself not in alias table)"
LRAE Annex 25,795,N65236-25-RFPREQ-LSUBP00022-0046,LSUBP00022 - LSUBP00022 - BATTLE SPACE AWARENESS DIV HEAD - NIWCLANT,LSUBP00022,niwc_atlantic_division,center:niwc-atlantic,excluded,"technical_center_division code of center:niwc-atlantic, outside the PEO C4I portfolio (division itself not in alias table)"
LRAE Annex 25,796,N65236-25-RFPREQ-LSUBP00022-0053,LSUBP00022 - LSUBP00022 - BATTLE SPACE AWARENESS DIV HEAD - NIWCLANT,LSUBP00022,niwc_atlantic_division,center:niwc-atlantic,excluded,"technical_center_division code of center:niwc-atlantic, outside the PEO C4I portfolio (division itself not in alias table)"
LRAE Annex 25,797,N65236-25-RFPREQ-LSUBP00022-0060,LSUBP00022 - LSUBP00022 - BATTLE SPACE AWARENESS DIV HEAD - NIWCLANT,LSUBP00022,niwc_atlantic_division,center:niwc-atlantic,excluded,"technical_center_division code of center:niwc-atlantic, outside the PEO C4I portfolio (division itself not in alias table)"
LRAE Annex 25,798,N65236-24-RFPREQ-LSUBP00064-0132,LSUBP00064 - LSUBP00064 - EXPED ENTERPRISE SYS & SVS DIV HD - NIWCLANT,LSUBP00064,niwc_atlantic_division,center:niwc-atlantic,excluded,"technical_center_division code of center:niwc-atlantic, outside the PEO C4I portfolio (division itself not in alias table)"
LRAE Annex 25,799,N65236-24-RFPREQ-LSUBP00009-0270,LSUBP00009 - LSUBP00009 - DEFENSE HEALTH INFO TECH DIV HEAD - NIWCLANT,LSUBP00009,niwc_atlantic_division,center:niwc-atlantic,excluded,"technical_center_division code of center:niwc-atlantic, outside the PEO C4I portfolio (division itself not in alias table)"
LRAE Annex 25,800,N65236-24-RFPREQ-LSUBP00083-0029,LSUBP00083 - LSUBP00083 - 8.0 Competency Division - NIWCLANT,LSUBP00083,niwc_atlantic_division,center:niwc-atlantic,excluded,"technical_center_division code of center:niwc-atlantic, outside the PEO C4I portfolio (division itself not in alias table)"
LRAE Annex 25,801,N65236-25-RFPREQ-LSUBP00022-0013,LSUBP00022 - LSUBP00022 - BATTLE SPACE AWARENESS DIV HEAD - NIWCLANT,LSUBP00022,niwc_atlantic_division,center:niwc-atlantic,excluded,"technical_center_division code of center:niwc-atlantic, outside the PEO C4I portfolio (division itself not in alias table)"
LRAE Annex 25,802,N65236-25-RFPREQ-LSUBP00022-0014,LSUBP00022 - LSUBP00022 - BATTLE SPACE AWARENESS DIV HEAD - NIWCLANT,LSUBP00022,niwc_atlantic_division,center:niwc-atlantic,excluded,"technical_center_division code of center:niwc-atlantic, outside the PEO C4I portfolio (division itself not in alias table)"
LRAE Annex 25,803,N65236-25-RFPREQ-LSUBP00022-0015,LSUBP00022 - LSUBP00022 - BATTLE SPACE AWARENESS DIV HEAD - NIWCLANT,LSUBP00022,niwc_atlantic_division,center:niwc-atlantic,excluded,"technical_center_division code of center:niwc-atlantic, outside the PEO C4I portfolio (division itself not in alias table)"
LRAE Annex 25,804,N65236-25-RFPREQ-LSUBP00022-0018,LSUBP00022 - LSUBP00022 - BATTLE SPACE AWARENESS DIV HEAD - NIWCLANT,LSUBP00022,niwc_atlantic_division,center:niwc-atlantic,excluded,"technical_center_division code of center:niwc-atlantic, outside the PEO C4I portfolio (division itself not in alias table)"
LRAE Annex 25,805,N65236-25-RFPREQ-LSUBP00022-0019,LSUBP00022 - LSUBP00022 - BATTLE SPACE AWARENESS DIV HEAD - NIWCLANT,LSUBP00022,niwc_atlantic_division,center:niwc-atlantic,excluded,"technical_center_division code of center:niwc-atlantic, outside the PEO C4I portfolio (division itself not in alias table)"
LRAE Annex 25,806,N65236-25-RFPREQ-LSUBP00022-0020,LSUBP00022 - LSUBP00022 - BATTLE SPACE AWARENESS DIV HEAD - NIWCLANT,LSUBP00022,niwc_atlantic_division,center:niwc-atlantic,excluded,"technical_center_division code of center:niwc-atlantic, outside the PEO C4I portfolio (division itself not in alias table)"
LRAE Annex 25,807,N65236-25-RFPREQ-LSUBP00022-0021,LSUBP00022 - LSUBP00022 - BATTLE SPACE AWARENESS DIV HEAD - NIWCLANT,LSUBP00022,niwc_atlantic_division,center:niwc-atlantic,excluded,"technical_center_division code of center:niwc-atlantic, outside the PEO C4I portfolio (division itself not in alias table)"
LRAE Annex 25,808,N65236-25-RFPREQ-LSUBP00022-0022,LSUBP00022 - LSUBP00022 - BATTLE SPACE AWARENESS DIV HEAD - NIWCLANT,LSUBP00022,niwc_atlantic_division,center:niwc-atlantic,excluded,"technical_center_division code of center:niwc-atlantic, outside the PEO C4I portfolio (division itself not in alias table)"
LRAE Annex 25,809,N65236-25-RFPREQ-LSUBP00022-0028,LSUBP00022 - LSUBP00022 - BATTLE SPACE AWARENESS DIV HEAD - NIWCLANT,LSUBP00022,niwc_atlantic_division,center:niwc-atlantic,excluded,"technical_center_division code of center:niwc-atlantic, outside the PEO C4I portfolio (division itself not in alias table)"
LRAE Annex 25,810,N65236-25-RFPREQ-LSUBP00022-0032,LSUBP00022 - LSUBP00022 - BATTLE SPACE AWARENESS DIV HEAD - NIWCLANT,LSUBP00022,niwc_atlantic_division,center:niwc-atlantic,excluded,"technical_center_division code of center:niwc-atlantic, outside the PEO C4I portfolio (division itself not in alias table)"
LRAE Annex 25,811,N65236-24-RFPREQ-LSUBP00021-0339,LSUBP00021 - LSUBP00021 - EXPEDITIONARY INTEL SOLUTIONS DIV HEAD - NIWCLANT,LSUBP00021,niwc_atlantic_division,center:niwc-atlantic,excluded,"technical_center_division code of center:niwc-atlantic, outside the PEO C4I portfolio (division itself not in alias table)"
LRAE Annex 25,812,N65236-24-RFPREQ-LSUBP00009-0087,LSUBP00009 - LSUBP00009 - DEFENSE HEALTH INFO TECH DIV HEAD - NIWCLANT,LSUBP00009,niwc_atlantic_division,center:niwc-atlantic,excluded,"technical_center_division code of center:niwc-atlantic, outside the PEO C4I portfolio (division itself not in alias table)"
LRAE Annex 25,813,N65236-24-RFPREQ-LSUBP00034-0185,LSUBP00034 - LSUBP00034 - SURFACE SHIP INTEGRATION DIV HEAD - NIWCLANT,LSUBP00034,niwc_atlantic_division,center:niwc-atlantic,excluded,"technical_center_division code of center:niwc-atlantic, outside the PEO C4I portfolio (division itself not in alias table)"
LRAE Annex 25,814,N65236-24-RFPREQ-LSUBP00023-0102,LSUBP00023 - LSUBP00023 - SPEC RECON SURVEIL & EXPLOIT DIV HD - NIWCLANT,LSUBP00023,niwc_atlantic_division,center:niwc-atlantic,excluded,"technical_center_division code of center:niwc-atlantic, outside the PEO C4I portfolio (division itself not in alias table)"
LRAE Annex 25,815,N65236-25-RFPREQ-LSUBP00022-0171,LSUBP00022 - LSUBP00022 - BATTLE SPACE AWARENESS DIV HEAD - NIWCLANT,LSUBP00022,niwc_atlantic_division,center:niwc-atlantic,excluded,"technical_center_division code of center:niwc-atlantic, outside the PEO C4I portfolio (division itself not in alias table)"
LRAE Annex 25,816,N65236-25-RFPREQ-LSUBP00035-0002,LSUBP00035 - LSUBP00035 - SUBMARINE INTEGRATION DIV HEAD - NIWCLANT,LSUBP00035,niwc_atlantic_division,center:niwc-atlantic,excluded,"technical_center_division code of center:niwc-atlantic, outside the PEO C4I portfolio (division itself not in alias table)"
LRAE Annex 25,817,N65236-24-RFPREQ-LSUBP00077-0009,LSUBP00077 - LSUBP00077 - 4.7 Service Center - NIWCLANT,LSUBP00077,niwc_atlantic_division,center:niwc-atlantic,excluded,"technical_center_division code of center:niwc-atlantic, outside the PEO C4I portfolio (division itself not in alias table)"
LRAE Annex 25,818,N65236-24-RFPREQ-LSUBP00010-0102,LSUBP00010 - LSUBP00010 - FORCE PROTECTION SOLUTIONS DIV HEAD - NIWCLANT,LSUBP00010,niwc_atlantic_division,center:niwc-atlantic,excluded,"technical_center_division code of center:niwc-atlantic, outside the PEO C4I portfolio (division itself not in alias table)"
LRAE Annex 25,819,N65236-24-RFPREQ-LSUBP00035-0190,LSUBP00035 - LSUBP00035 - SUBMARINE INTEGRATION DIV HEAD - NIWCLANT,LSUBP00035,niwc_atlantic_division,center:niwc-atlantic,excluded,"technical_center_division code of center:niwc-atlantic, outside the PEO C4I portfolio (division itself not in alias table)"
LRAE Annex 25,820,N65236-24-RFPREQ-LSUBP00083-0026,LSUBP00083 - LSUBP00083 - 8.0 Competency Division - NIWCLANT,LSUBP00083,niwc_atlantic_division,center:niwc-atlantic,excluded,"technical_center_division code of center:niwc-atlantic, outside the PEO C4I portfolio (division itself not in alias table)"
LRAE Annex 25,821,N65236-24-RFPREQ-LSUBP00034-0176,LSUBP00034 - LSUBP00034 - SURFACE SHIP INTEGRATION DIV HEAD - NIWCLANT,LSUBP00034,niwc_atlantic_division,center:niwc-atlantic,excluded,"technical_center_division code of center:niwc-atlantic, outside the PEO C4I portfolio (division itself not in alias table)"
LRAE Annex 25,822,N65236-24-RFPREQ-LSUBP00049-0003,LSUBP00049 - LSUBP00049 - S&T Division - NIWCLANT,LSUBP00049,niwc_atlantic_division,center:niwc-atlantic,excluded,"technical_center_division code of center:niwc-atlantic, outside the PEO C4I portfolio (division itself not in alias table)"
LRAE Annex 25,823,N65236-26-RFPREQ-LSUBP00049-0354,LSUBP00049 - LSUBP00049 - S&T Division - NIWCLANT,LSUBP00049,niwc_atlantic_division,center:niwc-atlantic,excluded,"technical_center_division code of center:niwc-atlantic, outside the PEO C4I portfolio (division itself not in alias table)"
LRAE Annex 25,824,N65236-27-RFPREQ-LSUBP00049-0001,LSUBP00049 - LSUBP00049 - S&T Division - NIWCLANT,LSUBP00049,niwc_atlantic_division,center:niwc-atlantic,excluded,"technical_center_division code of center:niwc-atlantic, outside the PEO C4I portfolio (division itself not in alias table)"
LRAE Annex 25,825,N65236-24-RFPREQ-LSUBP00022-0217,LSUBP00022 - LSUBP00022 - BATTLE SPACE AWARENESS DIV HEAD - NIWCLANT,LSUBP00022,niwc_atlantic_division,center:niwc-atlantic,excluded,"technical_center_division code of center:niwc-atlantic, outside the PEO C4I portfolio (division itself not in alias table)"
LRAE Annex 25,826,N65236-24-RFPREQ-LSUBP00049-0282,LSUBP00049 - LSUBP00049 - S&T Division - NIWCLANT,LSUBP00049,niwc_atlantic_division,center:niwc-atlantic,excluded,"technical_center_division code of center:niwc-atlantic, outside the PEO C4I portfolio (division itself not in alias table)"
LRAE Annex 25,827,N65236-25-RFPREQ-LSUBP00035-0001,LSUBP00035 - LSUBP00035 - SUBMARINE INTEGRATION DIV HEAD - NIWCLANT,LSUBP00035,niwc_atlantic_division,center:niwc-atlantic,excluded,"technical_center_division code of center:niwc-atlantic, outside the PEO C4I portfolio (division itself not in alias table)"
LRAE Annex 25,828,N65236-25-RFPREQ-LSUBP00087-0001,LSUBP00087 - LSUBP00087 - Command Information Officer Division - NIWCLANT,LSUBP00087,niwc_atlantic_division,center:niwc-atlantic,excluded,"technical_center_division code of center:niwc-atlantic, outside the PEO C4I portfolio (division itself not in alias table)"
LRAE Annex 25,829,N65236-25-RFPREQ-LSUBP00001-0097,LSUBP00001 - LSUBP00001 - AIR TRAFFIC CONTROL DIV HEAD - NIWCLANT,LSUBP00001,niwc_atlantic_division,center:niwc-atlantic,excluded,"technical_center_division code of center:niwc-atlantic, outside the PEO C4I portfolio (division itself not in alias table)"
LRAE Annex 25,830,N65236-24-RFPREQ-LSUBP00001-0053,LSUBP00001 - LSUBP00001 - AIR TRAFFIC CONTROL DIV HEAD - NIWCLANT,LSUBP00001,niwc_atlantic_division,center:niwc-atlantic,excluded,"technical_center_division code of center:niwc-atlantic, outside the PEO C4I portfolio (division itself not in alias table)"
LRAE Annex 25,831,N65236-24-RFPREQ-LSUBP00006-0058,LSUBP00006 - LSUBP00006 - FMS AIR INTEGRATION USCG DIV HEAD - NIWCLANT,LSUBP00006,niwc_atlantic_division,center:niwc-atlantic,excluded,"technical_center_division code of center:niwc-atlantic, outside the PEO C4I portfolio (division itself not in alias table)"
LRAE Annex 25,832,N65236-24-RFPREQ-LSUBP00064-0032,LSUBP00064 - LSUBP00064 - EXPED ENTERPRISE SYS & SVS DIV HD - NIWCLANT,LSUBP00064,niwc_atlantic_division,center:niwc-atlantic,excluded,"technical_center_division code of center:niwc-atlantic, outside the PEO C4I portfolio (division itself not in alias table)"
LRAE Annex 25,833,N65236-24-RFPREQ-LSUBP00004-0152,LSUBP00004 - LSUBP00004 - EXPEDITIONARY C3 SOLUTIONS DIV HEAD - NIWCLANT,LSUBP00004,niwc_atlantic_division,center:niwc-atlantic,excluded,"technical_center_division code of center:niwc-atlantic, outside the PEO C4I portfolio (division itself not in alias table)"
LRAE Annex 25,834,N65236-24-RFPREQ-LSUBP00004-0153,LSUBP00004 - LSUBP00004 - EXPEDITIONARY C3 SOLUTIONS DIV HEAD - NIWCLANT,LSUBP00004,niwc_atlantic_division,center:niwc-atlantic,excluded,"technical_center_division code of center:niwc-atlantic, outside the PEO C4I portfolio (division itself not in alias table)"
LRAE Annex 25,835,N65236-25-RFPREQ-LSUBP00016-0180,LSUBP00016 - LSUBP00016 - NAVY AFLOAT TRANSPORT & NAVI DIV HD - NIWCLANT,LSUBP00016,niwc_atlantic_division,center:niwc-atlantic,excluded,"technical_center_division code of center:niwc-atlantic, outside the PEO C4I portfolio (division itself not in alias table)"
LRAE Annex 25,836,N65236-24-RFPREQ-LSUBP00016-0139,LSUBP00016 - LSUBP00016 - NAVY AFLOAT TRANSPORT & NAVI DIV HD - NIWCLANT,LSUBP00016,niwc_atlantic_division,center:niwc-atlantic,excluded,"technical_center_division code of center:niwc-atlantic, outside the PEO C4I portfolio (division itself not in alias table)"
LRAE Annex 25,837,N65236-25-RFPREQ-LSUBP00001-0043,LSUBP00001 - LSUBP00001 - AIR TRAFFIC CONTROL DIV HEAD - NIWCLANT,LSUBP00001,niwc_atlantic_division,center:niwc-atlantic,excluded,"technical_center_division code of center:niwc-atlantic, outside the PEO C4I portfolio (division itself not in alias table)"
LRAE Annex 25,838,N65236-24-RFPREQ-LSUBP00016-0162,LSUBP00016 - LSUBP00016 - NAVY AFLOAT TRANSPORT & NAVI DIV HD - NIWCLANT,LSUBP00016,niwc_atlantic_division,center:niwc-atlantic,excluded,"technical_center_division code of center:niwc-atlantic, outside the PEO C4I portfolio (division itself not in alias table)"
LRAE Annex 25,839,N65236-24-RFPREQ-LSUBP00049-0248,LSUBP00049 - LSUBP00049 - S&T Division - NIWCLANT,LSUBP00049,niwc_atlantic_division,center:niwc-atlantic,excluded,"technical_center_division code of center:niwc-atlantic, outside the PEO C4I portfolio (division itself not in alias table)"
LRAE Annex 25,840,N65236-24-RFPREQ-LSUBP00004-0065,LSUBP00004 - LSUBP00004 - EXPEDITIONARY C3 SOLUTIONS DIV HEAD - NIWCLANT,LSUBP00004,niwc_atlantic_division,center:niwc-atlantic,excluded,"technical_center_division code of center:niwc-atlantic, outside the PEO C4I portfolio (division itself not in alias table)"
LRAE Annex 25,841,N65236-25-RFPREQ-LSUBP00022-0119,LSUBP00022 - LSUBP00022 - BATTLE SPACE AWARENESS DIV HEAD - NIWCLANT,LSUBP00022,niwc_atlantic_division,center:niwc-atlantic,excluded,"technical_center_division code of center:niwc-atlantic, outside the PEO C4I portfolio (division itself not in alias table)"
