change,key,key_method,field,old_value,new_value,old_row,new_row,office
added,k:00c513210a21,title+office,,,Tactical Data Link (TDL) Capabilities Based In-Service Engineering Agent (CB-ISE) Follow-On Action (C),,729,NP-41100
added,k:00eaec5cedf9,title+office,,,LIPTM00241 - USCG IPT - L-3  Communications Corp - NICHE Contract (N65236-23-R-0052),,139,LSUBP00006
added,k:013797079dc0,title+office,,,LIPTM00116-UCVS IPT_Windows 11 Management Workstation Migration_SEWP (C),,394,LSUBP00015
removed,k:0168fe701783,title+office,,SATCOM,,682,,None
added,k:0171a3f413ec,title+office,,,0214 (ADNS) Post Installation Training (PIT),,845,NP-41200
added,k:01a4db68c230,title+office,,,"LIPTM00119, IC IPT, VIDEO ESB-7 SITE 300 PROCUREMENT, SEWP (C)",,680,LSUBP00034
added,k:01ebb50025bc,title+office,,,"Reverse Engineering, Science, and Technology for Obsolescence, Repair, and Evaluation (RESTORE) Laboratory Engineering S",,747,NP-43100
added,k:02073b243761,title+office,,,NIAPS Task Order LCS 38 Support,,835,NP-53400
added,k:0220a4bd8354,title+office,,,NMT Camp Roberts and Fort Buckner - 5094 (C),,342,LSUBP00057
removed,k:0283d3b95e78,title+office,,LIPTM00415-DDG-70/ 80 CU-2416A Antenna procurement- GSA Schedule (C),,258,,LSUBP00016
removed,k:0285b8e0d732,title+office,,FY 23 Special Operations Forces (SOF) Deployable Node-LITE (SDN-L) Family of Systems (FoS),,330,,LSUBP00004
added,k:0290f9cde779,title+office,,,LIPTM00107 - Naval Tactical Command Support System - NTCSS Development Hardware Support Renewal - NASA SEWP (C),,659,LSUBP00056
added,k:02e84fe2f3a7,title+office,,,SEAPORT TO - DEVELOPMENT INTEGRATION CERTIFICATION ENVIRONMENT (DICE) SERVICE CENTER (SC) SUPPORT (C),,738,NP-53000
removed,k:0362595bc674,title+office,,LIPTM00395 - MULTI MEDIA  IPT - TPL 23-091 CISCO-ESI (C),,58,,LSUBP00002
added,k:036fd1bccd2a,title+office,,,LIPTM00248 - AFLOAT SUB C4I IPT - FY24 KMI Kits and ADNS Kits - NEW SAC DO - CORPORATE PRODUCTION SAC N6523618D8014,,158,LSUBP00035
added,k:0376f7105986,title+office,,,Spanish (SP-B-WAZ) Conversion from LVT(2) to LVT(11),,427,PMA/PMW-101
added,k:03d6bf950608,title+office,,,"LIPTM00455, TCIO, Forensics Equip 4 for USMC POR, GSA (C)",,353,LSUBP00021
removed,k:0421f0ae7a50,title+office,,NAVWAR 6.0/5.0/FRD Professional Support Services (PSS) (C),,369,,6.0
added,k:0484c0c6b056,title+office,,,"PMW/A 170 Cybersecurity, Engineering, and Technical Support (C)",,198,PMW/A-170
changed,k:04c0b9607b1c,title+office,procurement_method,,Limited Source,474,140,LSUBP00001
changed,k:04c0b9607b1c,title+office,solicitation_fy,FY23,FY24,474,140,LSUBP00001
changed,k:04c0b9607b1c,title+office,solicitation_quarter,Q2,Q1,474,140,LSUBP00001
changed,k:04c0b9607b1c,title+office,award_quarter,Q1,Q4,474,140,LSUBP00001
removed,k:04eeb024a2af,title+office,,"LIPTM00328, C4I WEAPONS TEST TEAM (CWITT), HARDWARE SUPPORT, SEWP (C)",,552,,LSUBP00035
removed,k:05422caec827,title+office,,IT SUPPORT SERVICES (ITSS) - SeaPort (C),,34,,LSUBP00010
added,k:05492c02ce29,title+office,,,TO 0096 - MESG1+SMWDC+DDF+CNATT (C),,757,NP-56700
changed,k:05617ddbfc2b,title+office,contract_type,Fixed-Price,Cost-Reimbursement,463,462,PMS-485
changed,k:05617ddbfc2b,title+office,solicitation_fy,FY23,FY24,463,462,PMS-485
changed,k:05617ddbfc2b,title+office,solicitation_quarter,Q3,Q1,463,462,PMS-485
changed,k:05617ddbfc2b,title+office,award_quarter,Q3,Q4,463,462,PMS-485
removed,k:05733258c757,title+office,,LIPTM00480 - Naval Tactical Command Support System - NTCSS MFOM University Laptops - NASA SEWP (C),,585,,LSUBP00056
removed,k:05bf99a818e1,title+office,,LIPTM00128-SOCSDN_LAB MATERIAL_SEWP (C),,357,,LSUBP00004
changed,k:05d5b5dae4d9,title+office,procurement_method,Sole-Source,Sole Source,164,461,PMS-485
changed,k:05d5b5dae4d9,title+office,solicitation_fy,,FY24,164,461,PMS-485
changed,k:05d5b5dae4d9,title+office,solicitation_quarter,,Q3,164,461,PMS-485
changed,k:05d5b5dae4d9,title+office,award_quarter,Q2,Q4,164,461,PMS-485
added,k:05f53cc33847,title+office,,,"LIPTM00455, TCIO, TCS RADAR 2, SEWP (C)",,647,LSUBP00021
removed,k:06072b40430e,title+office,,LIPTM00448-CVN CLASS SNAIAS MANUAL REVISION-Limbaugh0006-(WR Systems-NEW),,253,,LSUBP00016
removed,k:061cbc2ca5c3,title+office,,"LIPTM00150, Expeditionary Signals Intelligence (SIGINT), CESAS ANSYS Renewal, GSA (C)",,349,,LSUBP00021
removed,k:063e2f61b6fb,title+office,,COMMAND AND CONTROL PROCESSOR (C2P) TEST ENGINEERING AND PROJECT MANAGEMENT SUPPORT,,721,,535
removed,k:0646112e529c,title+office,,LIPTM00003_Sunhillo_RICI-6000_GSA (C),,478,,LSUBP00001
removed,k:06502e4b5c55,title+office,,"LIPTM00476, NISE, SIA4 - GPS Simulator (RP-21-008), GSA (C)",,630,,LSUBP00049
removed,k:0658d23ac830,title+office,,Engineering Support for the Enterprise Communcation and Networks 553 Division,,736,,None
removed,k:0676bb572290,title+office,,Distributed Common Ground/Surface System – Marine Corps (DCGS-MC) Test and Evaluation Support Services - SeaPort (C),,283,,LSUBP00021
removed,k:067dc8414be6,title+office,,"LIPTM00119, IC IPT, LPD-29 IVN 12CK PROCUREMENT, SEWP (C)",,564,,LSUBP00034
removed,k:076bd1f9a206,title+office,,SATCOM CB-ISEA Antenna Restoration,,692,,None
removed,k:077401e9ebf4,title+office,,"LIPTM00248, Afloat Submarine C4I IPT_ CSRR MRTS MATERIALS-SEWP (C)",,571,,LSUBP00035
changed,k:0774cfc14e06,title+office,procurement_method,,Full and Open Competition,174,64,PMW-750
changed,k:0774cfc14e06,title+office,procurement_instrument,Delivery Order/Task Order,Delivery Order/Task Order (not under Federal Supply Schedule Contract),174,64,PMW-750
changed,k:0774cfc14e06,title+office,solicitation_fy,,TBD,174,64,PMW-750
changed,k:0774cfc14e06,title+office,solicitation_quarter,,TBD,174,64,PMW-750
changed,k:0774cfc14e06,title+office,award_quarter,Q1,Q2,174,64,PMW-750
added,k:07e820492c10,title+office,,,"LIPTM00107 - NAVAL-MAINTENANCE, REPAIR AND OVERHAUL - NMRO Development Dell Hardware Requirements - NASA SEWP (C)",,639,LSUBP00056
removed,k:0814e818f531,title+office,,LIPTM00226 - NAVAIR FMS TWN-23-3004 HELP DESK - SEWP (C),,23,,LSUBP00006
added,k:08390854da8f,title+office,,,"Maintenance Figure of Merit IPT, MFOM Test Operations and Support (C)",,589,LSUBP00056
added,k:083962037213,title+office,,,"LIPTM00074, DHA/HSI IPT, 24-019 CISCO BNO for WRNMMC, KUNSAN, and 25G MODULES FOR MULTIPLE SITES-SEWP (C)",,610,LSUBP00009
removed,k:0847ce57d7bc,title+office,,"LIPTM00120, SDRS IPT, UbE Lab Equipment, SEWP (C)",,262,,LSUBP00016
added,k:084a19e74359,title+office,,,"LIPTM00285 NAVALC2, GCCS-M POSTGRES SW RNWL, SEWP (C)",,506,LSUBP00063
removed,k:08572e6c726c,title+office,,"LIPTM00107 - Naval Tactical Command Support System - NTCSS Development Laptops, Servers, and Monitors - NASA SEWP (C)",,496,,LSUBP00056
removed,k:0872751a4e96,title+office,,LIPTM00106 - MAINTENANCE FIGURE OF MERIT - MFOM SAP Secure Product Support - SAP PUBLIC SERVICES ESI BPA (C),,494,,LSUBP00056
added,k:08c65449ae24,title+office,,,"LIPTM00478, CSSP, HP SUPPORT RENEWAL, SEWP (C)",,664,LSUBP00009
removed,k:08cc362c6700,title+office,,LIPTM00107 - Naval Tactical Command Support System - Embarcadero Software Support - NASA SEWP (C),,593,,LSUBP00056
removed,k:08d704283d24,title+office,,"Bahrain CENTCOM Partner Network Second FSR (FMS Case BA-P-GBM, A2))",,645,,PMW-740
removed,k:08ea66e1be4a,title+office,,Cross-Domain Solutions,,662,,None
added,k:08f2af080626,title+office,,,HEMPSS ISEA Contract (C),,698,NP-41100
removed,k:093d540e8756,title+office,,Deep Water Active (C),,458,,PMS-485
added,k:096d56eeb928,title+office,,,"LIPTM00321, NSIPT CND, CISCO MIGRATION RENEWALS, SEWP (NOT ON ESI) (C)",,241,LSUBP00024
added,k:097b838b79af,title+office,,,LIPTM00106 - MAINTENANCE FIGURE OF MERIT - MFOM Software Support Renewals - NASA SEWP (C),,675,LSUBP00056
removed,k:09879db70a5f,title+office,,LIPTM00395 - MULTI MEDIA  IPT - TPL 23-043  LPD 30 INSTALL  AUDIO VISUAL Material - SEWP (C),,68,,LSUBP00002
removed,k:09bd684ac4a9,title+office,,"LIPTM00119, IC IPT, LCC-19 ANN SCDs 10959 & 10960 PROCUREMENT, SEWP (C)",,574,,LSUBP00034
added,k:09eca8a356de,title+office,,,TACAMO TORFP 0006 HEMPSS ISEA Training Support (C),,771,NP-41100
added,k:09fed97a4e51,title+office,,,"LIPTM00455, TCIO, IDOPS SOFTWARE, SEWP (C)",,483,LSUBP00021
removed,k:0a2097734134,title+office,,Enterprise Network Cyber Defense,,664,,Cyber Defense
added,k:0a2e5d8dc095,title+office,,,"LIPTM00128, New Order, SOCS SATCOM, FY24 SDN-L FoS",,294,LSUBP00004
added,k:0a4166dff384,title+office,,,LIPTM00248 - AFLOAT SUB C4I IPT  -VA SCN 812-813 and CLB 827 FY24 Procurements - NEW SAC DO - CORPORATE PRODUCTION,,149,LSUBP00035
removed,k:0a4d8686fe3d,title+office,,PROGRAM MANAGEMENT ENGINEER SYSTEMS SUPPORT - SeaPort (C),,281,,LSUBP00021
added,k:0a524a33a684,title+office,,,"LIPTM00183, INIS IPT, OTP #4 MUOS",,306,LSUBP00023
removed,k:0a831fcdd773,title+office,,"LIPTM00119, IC IPT, CVN-75 DIAS2 PROCUREMENT, SEWP (C)",,554,,LSUBP00034
added,k:0a84efc3f8c4,title+office,,,COMMAND AND CONTROL PROCESSOR (C2P) SOFTWARE ENGINEERING SUPPORT (SES) (C),,743,NP-53000
removed,k:0aa5127e22b7,title+office,,"LIPTM00285 NAVALC2, MTC2 REAL TIME INNOVATIONS (RTI) SW RNWL, SEWP (C)",,99,,LSUBP00063
added,k:0acf2f099fef,title+office,,,USSPACECOM C2F AV Support,,813,NP-53600
added,k:0ae6c01e80d8,title+office,,,"LIPTM00119, IC IPT, LHD-8 ANN DIAS2 PROCUREMENT, SEWP (C)",,621,LSUBP00034
added,k:0af1552ec40b,title+office,,,NAVWAR 4.0 Logistics and Technical Support Services (FY28) (C),,195,4.0
added,k:0af834a6a1bf,title+office,,,"LIPTM00119, IC IPT, CVN-75 ANN SCD 28113 COPTs PROCUREMENT, SEWP (C)",,231,LSUBP00034
added,k:0af98daeb566,title+office,,,LIPTM00149 - ASE IPT - ASE-24-020 - SSEE Azure Test Equipment Keysight - SEWP V (C),,514,LSUBP00022
changed,k:0b6fef783a2b,title+office,procurement_method,,Sole Source,462,559,PMS-485
changed,k:0b6fef783a2b,title+office,solicitation_fy,,TBD,462,559,PMS-485
changed,k:0b6fef783a2b,title+office,solicitation_quarter,,TBD,462,559,PMS-485
changed,k:0bbaa11932ab,title+office,procurement_method,,Full and Open Competition,643,43,PMW-740
changed,k:0bbaa11932ab,title+office,contract_type,TBD,Fixed-Price,643,43,PMW-740
changed,k:0bbaa11932ab,title+office,procurement_instrument,Delivery Order/Task Order,Delivery Order/Task Order (not under Federal Supply Schedule Contract),643,43,PMW-740
changed,k:0bbaa11932ab,title+office,solicitation_fy,,TBD,643,43,PMW-740
changed,k:0bbaa11932ab,title+office,solicitation_quarter,,TBD,643,43,PMW-740
changed,k:0bbaa11932ab,title+office,follow_on_or_new,,New,643,43,PMW-740
added,k:0bd74645b47c,title+office,,,0231 ADNS Testing Support,,850,NP-41200
added,k:0be18f02b7db,title+office,,,LIPTM00229 - IUSS IPT - 300-24-918- MISC Hardware (Pope)-SEWP (C),,521,LSUBP00022
removed,k:0bf1c8e57401,title+office,,LIPTM00448-FMS KOREA CB-ISEA SUPPORT FOR GPNTS CASE # KS-P-LQI & NAVSSI CASE # KS-P-GRY-Nwachukwu0009-(WR Systems-NEW),,244,,LSUBP00016
removed,k:0c128727214c,title+office,,JPI FR (A3 Card),,162,,PMW-150
removed,k:0c1e45b9fbc5,title+office,,Integrated Voice Networks (Telephony),,681,,None
added,k:0c26bdf3b9f2,title+office,,,"LIPTM00307, DHRE IPT, DEFENSE HEALTH READINESS ENGINEERING SUPPORT II, NxG (C)",,587,LSUBP00009
added,k:0c4da7d85282,title+office,,,0247 CBISEA CAAS,,825,NP-41200
removed,k:0c4e8c85b081,title+office,,LIPTM00410 Enterprise Communications Infrastructure (ECI) Support - SeaPort (C),,138,,LSUBP00064
removed,k:0c7debbea65f,title+office,,LIPTM00248 - AFLOAT SUB C4I IPT - FY23 DIGITAL MODULAR RADIO (DMR)  NEW SAC DO - CORPORATE PRODUCTION,,532,,LSUBP00035
added,k:0cce825ab842,title+office,,,ESRP TO39 - Modernization Initiatives-2,,418,PMW/A-170
added,k:0ce82780fcf5,title+office,,,Personnel Accountability and Assessment (PAAS) Follow-On.,,111,NP-53400
added,k:0cf1df6e9ad5,title+office,,,Code 87 Security Support Service Follow-on (C),,764,NP-87000
added,k:0d1d5ff5c41d,title+office,,,LIPTM00229 - IUSS IPT - 300-24-915- Hardware (Lantiegne)-SEWP (C),,519,LSUBP00022
removed,k:0d4e6bf72f41,title+office,,"LIPTM00455-Terrestrial Collections and Identity Operations (TCIO), Marine Corps Variant (MCV) Fly Away Broadcast System ",,301,,LSUBP00021
removed,k:0d8e2ee04061,title+office,,Tactical Comand and Control Foreign Military Sales Engineering Technical Assistance (TAC-C2 FMS ETA),,706,,535
added,k:0d914690ec40,title+office,,,"LIPTM00285 NAVALC2 IPT, TACTICAL DATA LINKS, LMMT TECH REFRESH, SEWP (C)",,216,LSUBP00063
removed,k:0e7af70c33ce,title+office,,Philippines Basa Wing Operations Center (WOC) Phase 2 & 3 (C),,635,,PMW-740
added,k:0e7d2f1f87d9,title+office,,,"LIPTM00448-CONTROL DISPLAY UNIT (CDU), ENHANCED CONTROL DISPLAY UNIT (ECDU), AND SECONDARY CONTROL DISPLAY UNIT (SCDU) P",,151,LSUBP00016
removed,k:0e9cdedf399e,title+office,,"LIPTM00119, INTERIOR COMMUNICATIONS IPT, VIDEO FY23 SPARES, SEWP (C)",,542,,LSUBP00034
added,k:0eae623bd620,title+office,,,"LIPTM00248, Afloat Submarine C4I IPT_ CSRR Forklift and associated EQUIPMENT, SEWP (C)",,682,LSUBP00035
added,k:0ec63e023cdc,title+office,,,"LIPTM00485, Electronic Warfare Systems IPT, Corporate Production",,126,LSUBP00004
added,k:0ed86f4f9d0f,title+office,,,"LIPTM00415: OA-9277A Coupler and Power Supply FY24 Procurement, RF Products (SAC) - N6523621D4805",,167,LSUBP00016
added,k:0f311aed2025,title+office,,,Dessault DOD ESI (C),,753,NP-55300
changed,k:0f90c0ccf67b,title+office,procurement_method,,Full and Open Competition,173,63,PMW-750
changed,k:0f90c0ccf67b,title+office,procurement_instrument,Delivery Order/Task Order,Delivery Order/Task Order (not under Federal Supply Schedule Contract),173,63,PMW-750
changed,k:0f90c0ccf67b,title+office,solicitation_fy,,TBD,173,63,PMW-750
changed,k:0f90c0ccf67b,title+office,solicitation_quarter,,TBD,173,63,PMW-750
removed,k:0f95562a409d,title+office,,Naval Enterpise Networks Engineering Services,,737,,None
removed,k:0fa3496a76ec,title+office,,LIPTM00248 - Common Submarine Radio Room (CSRR) Advanced TDMA (Time Division Multiple Access) Interface Processor (ATIP),,510,,LSUBP00035
removed,k:108a9fdc1daf,title+office,,"LIPTM00321, C4I, NS IPT, CND NCDOC ORACLE EXADATA HW SUPPORT RENEWALS, SEWP (C)",,136,,LSUBP00024
added,k:108e3b2b84ec,title+office,,,Facilities Cable Plant (C),,673,LSUBP00083
added,k:10d09d8a9b95,title+office,,,"LIPTM00074, DHA/HSI IPT, 24-013 BNO for HPE/ARUBA OUTDOOR JIT & DHA GWLAN GATEWAY-SEWP (C)",,380,LSUBP00009
added,k:1133ce812a2d,title+office,,,19574 LIPTM00257 USS MOUNT WHITNEY (LCC 20) INSTALLATIONS,,121,LSUBP00057
added,k:11531badbcd2,title+office,,,LIPTM00156 - DCGS-N IPT - INSYTE ICOP PoR & SRF INSYTE - SEWP (C),,545,LSUBP00022
added,k:1186adb04031,title+office,,,ML2 DO# 24F4010,,423,PMA/PMW-101
changed,k:118b164bfd1d,title+office,solicitation_fy,,FY27,373,49,8.0
changed,k:118b164bfd1d,title+office,solicitation_quarter,,Q2,373,49,8.0
added,k:118dd15d1a15,title+office,,,SRT IDIQ,,851,NP-75600
removed,k:1197ea817bbf,title+office,,LIPTM00119-LPD-31 UVS CISCO EQUIPMENT-SEWP (C),,513,,LSUBP00034
added,k:11ba0ed4d642,title+office,,,50E CHENG Support Follow-On (C),,755,NP-50E00
added,k:11bc0f12d27e,title+office,,,Expeditionary Medical Unit (EMU)_New SeaPort TO (C),,766,NP-53600
added,k:121484ae2371,title+office,,,LIPTM00149 - ASE IPT - ASE-24-017 - SSEE Future Mission Module Sparing - SEWP V (C),,513,LSUBP00022
changed,k:123cea5b6253,title+office,procurement_method,,Full and Open Competition,460,40,PMS-485
changed,k:123cea5b6253,title+office,solicitation_fy,,TBD,460,40,PMS-485
changed,k:123cea5b6253,title+office,solicitation_quarter,,TBD,460,40,PMS-485
added,k:1245b5f5a068,title+office,,,0176  CBISEA CAAS DEVELOPMENT AND TESTING SUPPORT*,,824,NP-41200
added,k:125d4ac2714a,title+office,,,Network Integration Engineering Facility (NIEF) Production Svcs Follow-On Action (C),,726,NP-42100
removed,k:12869b08cc34,title+office,,LIPTM00004_ACC Long Lead Items_SEWP open (C),,475,,LSUBP00001
added,k:12ededcd590f,title+office,,,GPNTS FY24 Spares #2 Award and Fund (C),,75,PMW/A-170
added,k:132799aba458,title+office,,,NMT Bahrain - 5097 (C),,343,LSUBP00057
removed,k:13314ab65987,title+office,,Universal Naval Artificial Intelligence (AI) CORe eNvironment (UNACORN) Maritime Domain Awareness Cloud and Data Integra,,720,,535
removed,k:134121475c14,title+office,,"LIPTM00328, SUBMARINE WARFARE FEDERATED TACTICAL SYSTEMS IPT, RSA BUY, SEWP (C)",,578,,LSUBP00035
added,k:13519d92ed03,title+office,,,"Web App Transformation, Engineering and Refactoring Support (WATERS) (PPA 23-LSUBP00009-0012)",,141,LSUBP00009
removed,k:137003a783de,title+office,,LIPTM00455 TCS Optics Kit (C),,361,,LSUBP00021
removed,k:1373e5cb5e61,title+office,,Special Projects and Electronic Systems,,676,,None
removed,k:137f71a5e2cf,title+office,,18795 - CORN MOD LIPTM00256L,,440,,LSUBP00057
removed,k:138450cabe03,title+office,,"LIPTM00346, FIELDED GROUND SYSTEMS,USN) Tactical Vehicles FY23 - Vehicle Integration Kit (VIK) Engineering, Procurement,",,299,,LSUBP00007
removed,k:13b39279d5ad,title+office,,"LIPTM00455, Marine Corps Warfighting Lab (MCWL), MICROSOFT, ELA (C)",,352,,LSUBP00021
removed,k:13d59ae55723,title+office,,ESRP TO39 SMT FINAL PHASE,,223,,PMW/A-170
added,k:1485722b5b28,title+office,,,"LIPTM00455, TCIO USMC IDOPS FDS-MC DOOMEX Software, SEWP (C)",,349,LSUBP00021
removed,k:14afaa8e4ec9,title+office,,"LIPTM00444, TACNET Dep IPT, CANES POWER STRIPS, SEWP (C)",,366,,LSUBP00063
removed,k:15c4f56faa22,title+office,,"LIPTM00285 NAVALC2, GCCS-M SAPNS2 SYBASE SW RNWL, ESI (C)",,88,,LSUBP00063
added,k:15c7ea472201,title+office,,,PMW150-Ceiling increase + incremental funding (Fuse Task order 2),,424,PMW-150
added,k:160b2f503cae,title+office,,,MIDS-LVT Lot 25 Procurement Buy (C),,183,PMA/PMW-101
added,k:162449ec01d6,title+office,,,5084  LIPTM00426  C4ISR INSTALLATION & MODERNIZATION SUPPORT (C),,496,LSUBP00057
removed,k:163adb31ff43,title+office,,NSC2I TATS 8-13. (C),,176,,PMW-760
removed,k:163c482c8d5d,title+office,,"LBUSP00026, Shore C2ISR Dept, New SAC TO, MBAS II PM/FM/BA",,37,,LSUBP00002
added,k:16998c0a9797,title+office,,,TDL 0208 - Tactical Data Link (TDL) Training and Support for Australia Navy under FMS Case AT-P-GSU,,856,NP-41100
added,k:16f069649824,title+office,,,MAT Production and Sustainment,,463,PMW/A-170
removed,k:16fcc80a6e98,title+office,,LIPTM00454 - MCBOSS - THREADFIX RENEWAL - SEWP (C),,149,,LSUBP00064
added,k:16ff57e41edb,title+office,,,Fire Extinguishers IDIQ (C),,769,NP-83000
added,k:170d4ba56080,title+office,,,"LIPTM00328, SWFTS & CWITT IPT, DIGITAL DATA,ELECTRONIC TEST ANALYZER, SEWP (C)",,525,LSUBP00035
added,k:172759478fcc,title+office,,,LIPTM00149 - ASE IPT - ASE-24-025 - SSEE USCG Intellian - SEWP (C),,384,LSUBP00022
added,k:1728d70aa1bb,title+office,,,Navy Information Application Product Suite (NIAPS) Follow-On (C),,692,NP-53400
added,k:17928a4afe53,title+office,,,LIPTM00003_OS Upgrade XCVR System ECP_CMS (C),,575,LSUBP00001
removed,k:17a4850c510b,title+office,,LIPTM00395 - MULTI MEDIA  IPT - TPL 23-078/79 CMDIO-SEWP (C),,64,,LSUBP00002
removed,k:17ccff52fad5,title+office,,LIPTM00454 -MCBOSS - FORTIFY/WEBINSPECT RENEWAL- BPA ESI (C),,151,,LSUBP00064
added,k:17d15b131c57,title+office,,,"Handyman Follow-On, Tenant Improvement Support Services",,475,8.0
removed,k:186f24a9dbb5,title+office,,LIPTM00304-NAVIGATION SYSTEMS ENGINEERING AND TECHNICAL SUPPORT-Smith0004-(WR Systems-NEW),,251,,LSUBP00016
removed,k:186fc2aed753,title+office,,LIPTM00003_XCVR WIN11 Migration_ATC MAC (C),,610,,LSUBP00001
removed,k:18782c88fd01,title+office,,"LIPTM00476, NISE, 5G Bands for FRONTHAUL, GSA (C)",,631,,LSUBP00049
removed,k:18789e50ae9a,title+office,,"LIPTM00467, 83200 Facilities, Furniture and Chairs Inventory, GSA (C)",,106,,LSUBP00083
removed,k:18950e645424,title+office,,TCIO -- USMC Identity Operations Services - SeaPort TO (C),,278,,LSUBP00021
added,k:18c6f20c39c8,title+office,,,BrainGu SBIR Ph III,,420,DRPM-NOA
added,k:190f8e91784d,title+office,,,"LIPTM00214, C4I FMSIPT, RO-P-LAY/STT/BATS-D COMMS EQUP,SEWP (C)",,375,LSUBP00006
added,k:1930a2b8dc41,title+office,,,LIPTM00003_NVS/ASUP Follow-On_ATC MAC (C),,524,LSUBP00001
added,k:193a67c0cc45,title+office,,,"LIPTM00128, SDN Satellite Y-Power Cable Spares, USSOCOM Support, SEWP (C)",,632,LSUBP00004
removed,k:193c6350e996,title+office,,"LIPTM00336, Distributed Common Ground Surface System-MC, Camtasia SW, SEWP",,328,,LSUBP00021
added,k:1963362b5cd6,title+office,,,"LIPTM00468, NISE, LR-24-010 - C-ROC, WAM-V (PPA LSUBP00049-0299)",,283,LSUBP00049
removed,k:197867379142,title+office,,LIPTM00116-UCVS-IOR & ECR HW Procurement-SEWP (C),,566,,LSUBP00015
added,k:19993b460b7a,title+office,,,TO #0117 FRN-48 ECP 001 Kit Installation and kit Fabrication,,855,NP-41100
added,k:199cb2d78859,title+office,,,xDMS RFP 002 SCN DDG 138 189,,775,NP-55100
added,k:199ed5435c43,title+office,,,Precision Approach Radar (PAR) Support Services Follow-On Action,,809,NP-41100
added,k:199fd0551546,title+office,,,Shierra Hotel Aviation Readiness Program (SHARP) Follow-On (C),,736,NP-53400
added,k:19a4c329083d,title+office,,,"LIPTM00448-DDG 130 - DDG 139, LHA/LPD/CVN SCN LOE-KrisLambert00XX-(WR Systems-NEW)",,277,LSUBP00016
added,k:19dab062f7c4,title+office,,,"LIPTM00321, NSIPT, SENSOR 2 NCDOC CENTRAL SITE INDEXER/SUPPORT (HDD PROLIANT), SEWP (C)",,239,LSUBP00024
added,k:19dcd0cdc10f,title+office,,,WAN MAC (FY25) (C),,54,PMW-160
added,k:19ef0e1db069,title+office,,,"LIPTM00447, SECURE VOICE SOLUTIONS - ADNS, SPIRENT TESTCENTER GOLD AND C1 SUPPORT RENEWAL- SEWP (C)",,652,LSUBP00015
removed,k:19ef8d4c56e5,title+office,,LIPTM00229 - IUSS IPT - 300-23-926 - VIAVI Testers (Outlaw)-SEWP (C),,129,,LSUBP00022
removed,k:1a63f205c037,title+office,,"LIPTM00119, IC IPT, ANN DDG DIAS MATERIAL PROCUREMENT, SEWP (C)",,580,,LSUBP00034
removed,k:1ae1b84b2669,title+office,,SOLUTE SSCP PoP extension / ceiling increase,,183,,PMW-150
added,k:1b1ceb6888b8,title+office,,,"LIPTM00116-UCVS IPT-UC SYSTEMS ENGINEERING, TECHNICAL, INTEGRATION AND INFRASTRUCTURE SUPPORT-SEAPORT NXGEN (Base +4OYS)",,573,LSUBP00015
added,k:1b6ac38cd6c3,title+office,,,Navy Enterprise Resource Planning Technical Support Services - 2 (C),,170,Pf007NERP
added,k:1b8249e5045d,title+office,,,"LIPTM00074, DHA/HSI IPT, 24-011 COMBO BNOE/BNO MISC for EGLIN, EISENHOWER, STEWART, HURLBURT, DC TRIANGLE, PATRICK, & MI",,379,LSUBP00009
added,k:1bc7f1a64dff,title+office,,,"LIPTM00395, Multi-Media IPT, Large Contract, VTC/BDS/TELE/C5ISR (PPA XXX) (C)",,604,LSUBP00002
added,k:1bdf6092743b,title+office,,,LIPTM00116-UCVS IPT-CISCO PROCUREMENT-ESI SEWP (C),,209,LSUBP00015
removed,k:1c00e7f3ae3f,title+office,,LIPTM00304-CVN/LHA/LPD/FFG SCN-Lambert0011-(WR Systems-NEW),,246,,LSUBP00016
added,k:1c3d705401de,title+office,,,LIPTM00149 - ASE IPT - ASE-24-021 - SSEE CDE SONARSOURCE/SONARQUBE - SEWP V (C),,515,LSUBP00022
added,k:1c423c9fc153,title+office,,,ADNS Production MAC RFP #39 (C),,23,PMW-160
added,k:1c43491c51fd,title+office,,,"LIPTM00321, NSIPT, CNDTS SPVU NEW(V3) CISCO, CISCO ESI SEWP (C)",,234,LSUBP00024
removed,k:1c6b5e0a2b99,title+office,,"LIPTM00304-PNT Engineering, INFORMATION SECURITY / CYBERSECURITY AND TECHNICAL SUPPORT SERVICES-LeviWilliams-TO-22F0638-",,235,,LSUBP00016
added,k:1c6b797a7c0a,title+office,,,GIC TORFP 5076: Electronic Security Sytem Upgrade at 9TH MSC SAIPAN (C),,695,NP-42100
removed,k:1ca55c997a51,title+office,,CANES MAC- N0003923R9104 (C),,650,,PMW-160
added,k:1cd10045c972,title+office,,,"LIPTM00118, TNSS COALITION IPT, COALITION SYSTEMS NON-CISCO MATERIAL, SEWP (C)",,364,LSUBP00063
added,k:1cead615e7f5,title+office,,,0252   - Tactical Networks In-Service Engineering Agent (ISEA) Configuration Management (CM,,830,NP-41200
added,k:1d3dd1acec22,title+office,,,"LIPTM00328, CWITT/SWFTS IPT - USB Preamplifier, Hardware, SEWP (C)",,213,LSUBP00035
removed,k:1d9fc41ebd4d,title+office,,"LIPTM00336, DCGS-MC, Ansys, GSA (C)",,355,,LSUBP00021
added,k:1da7d7b87065,title+office,,,Engineering Services for MIDS_LVT(4) SN 3653 Chassis Spider Cable ERA,,479,PMA/PMW-101
removed,k:1dacf798de73,title+office,,LIPTM00454 -MCBOSS - JFROG ARTIFACTORY PRO X RENEWAL - SEWP (C),,583,,LSUBP00064
changed,k:1dc2936324a7,title+office,procurement_method,,Full and Open Competition,333,564,LSUBP00021
changed,k:1dc2936324a7,title+office,procurement_instrument,Delivery Order/Task Order,Delivery Order/Task Order (not under Federal Supply Schedule Contract),333,564,LSUBP00021
changed,k:1dc2936324a7,title+office,solicitation_fy,,TBD,333,564,LSUBP00021
changed,k:1dc2936324a7,title+office,solicitation_quarter,,TBD,333,564,LSUBP00021
changed,k:1dc2936324a7,title+office,award_fy,FY23,FY24,333,564,LSUBP00021
removed,k:1e6e4c4d691e,title+office,,"NETWORK PROTECTION DESIGN, DEPLOYMENT, AND ENGINEERING SUPPORT - SeaPort (C)",,33,,LSUBP00009
added,k:1e755910056a,title+office,,,CSSC Super 8A,,405,PMW/A-170
changed,k:1e88d1bee1a0,title+office,procurement_instrument,Delivery Order/Task Order,Delivery Order/Task Order (not under Federal Supply Schedule Contract),323,561,LSUBP00021
changed,k:1e88d1bee1a0,title+office,solicitation_fy,,TBD,323,561,LSUBP00021
changed,k:1e88d1bee1a0,title+office,solicitation_quarter,,TBD,323,561,LSUBP00021
changed,k:1e88d1bee1a0,title+office,award_fy,FY23,FY24,323,561,LSUBP00021
removed,k:1ee6dbc4765e,title+office,,LIPTM00003_Cisco C8200L_Routers_GSA (C),,477,,LSUBP00001
removed,k:1f21491e2141,title+office,,Commander Navy Region Mid-Atlantic (CNRMA) Electronic Security Systems (ESS)Sustainment Support (C),,56,,LSUBP00010
added,k:1f481bfda8d2,title+office,,,SysAdmin Support Services  - Follow-on Action (C),,720,NP-82000
removed,k:1f6199c667da,title+office,,"LIPTM00455-TERRESTRIAL COLLECTIONS IDENTITY OPS, TCS, MARITIME COMMS (C)",,331,,LSUBP00021
removed,k:1fc7c57f5840,title+office,,Performance Based Logistics Support and Repair of Repairables Program support to NAVAIR PMA-290 and NAVSUP WSS-SeaPort (,,39,,LSUBP00023
removed,k:1fc7d09c5df4,title+office,,Fielded Ground Vehicle (FGV) Integration and Fielding Support (C),,306,,LSUBP00007
added,k:200da91b064c,title+office,,,"Common Data Link (CDL) and distributed Intelligence, Surveillance and Reconnaissance (ISR) In-Service Engineering Activi",,734,NP-41100
added,k:2021b1c74c80,title+office,,,"LIPTM00358, JFMS IPT, OTP Base-2 NEW Task Order",,256,LSUBP00023
added,k:2066ce9e4418,title+office,,,LIPTM00248 - AFLOAT SUB C4I IPT - FY24 Columbia (CLB) Arbor Equipment and PLAR updates - NEW SAC DO - CORPORATE PRODUCTI,,156,LSUBP00035
added,k:209eb759e6e8,title+office,,,"LIPTM00464, DC2HS, FY24 COMMVAULT RENEWAL, SEWP (C)",,493,LSUBP00066
added,k:20c53c23be91,title+office,,,LIPTM00107 - Naval Tactical Command Support System - NTCSS Development NeoLoad Support Renewal- NASA SEWP (C),,223,LSUBP00056
added,k:20d264003ad8,title+office,,,"LIPTM00080, NATFP IPT, NATFP Engineering & Drafting Support",,259,LSUBP00010
removed,k:20f95e709fd6,title+office,,LIPTM00156 - DCGSN IPT - FY23 DCGS-N SOCET DAS - SEWP (C),,98,,LSUBP00022
added,k:213c0a8863f9,title+office,,,"LIPTM00285-NAVAL C2 IPT, GCCS-M SAPNS2 SYBASE SW RNWL, ESI (C)",,500,LSUBP00063
removed,k:219013ac0c3a,title+office,,"Advanced Tactical Data Links Engineering, Test & Evaluation, and Sustainment",,707,,535
removed,k:21ac703c4866,title+office,,"LIPTM00455-TCIO, CIHEP, System Refresh IT Equipment, SEWP (C)",,335,,LSUBP00021
added,k:21b192f072ef,title+office,,,MOS Mod UPS & Control (C),,188,PMW-150
changed,k:21f8eab17f26,title+office,anticipated_total_value,$100M - $250M,$250M - $1B,422,68,Pf004MNHR
changed,k:21f8eab17f26,title+office,procurement_method,TBD,Full and Open Competition,422,68,Pf004MNHR
changed,k:21f8eab17f26,title+office,contract_type,TBD,Cost-Reimbursement,422,68,Pf004MNHR
changed,k:21f8eab17f26,title+office,procurement_instrument,TBD,Single-Award Indefinite-Delivery,422,68,Pf004MNHR
changed,k:21f8eab17f26,title+office,solicitation_fy,,FY24,422,68,Pf004MNHR
changed,k:21f8eab17f26,title+office,solicitation_quarter,,Q4,422,68,Pf004MNHR
added,k:2213db22343d,title+office,,,"LIPTM00321, NSIPT, CNDTS BCA LAPTOP REPLACEMENT, SEWP (C)",,238,LSUBP00024
added,k:22165e4c4775,title+office,,,GIC TORFP 5074 Hardware Install C4ISR Network Related Systems Onboard USS Theodore Roosevelt (CVN 71) and USS Makin Isla,,762,NP-42100
removed,k:2216ebef46dd,title+office,,LIPTM00149 - ASE - FMS Monarch Recorders and Signal Hound - SEWP - ASE-23-009 (C),,92,,LSUBP00022
removed,k:2256b4569a21,title+office,,LIPTM00156 - DCGS-N-JTT Material Kits - CAEI Base + 1 Option,,365,,LSUBP00022
added,k:22859ac4a83d,title+office,,,UHF Antenna Alternative (CSO) (C),,76,PMW/A-170
removed,k:22a146a6caab,title+office,,LIPTM00004_MEARTS_SAC_Follow-On,,619,,LSUBP00001
added,k:22a71933f036,title+office,,,"LIPTM00119, IC IPT, CVN-75 IVN SYSTEM & ICTs PROCUREMENT, SEWP (C)",,356,LSUBP00034
removed,k:22bb71183c8a,title+office,,"LIPTM00119, INTERIOR COMMUNICATIONS IPT, LPD-31 P25 SYSTEM, SEWP (C)",,543,,LSUBP00034
changed,k:22c73d51ef09,title+office,solicitation_quarter,Q2,Q4,50,565,LSUBP00010
added,k:2353474cd38a,title+office,,,GIC TORFP 5068 Hardware Install C4ISR Network Related Systems Onboard USS Jack H Lucas (DDG 125) San Diego CA (C),,772,NP-42100
added,k:236683ccc5a5,title+office,,,"LBUSP00030, COMMAND OPERATIONS & MISSION SUPPORT (PPA LBUSP00030-0044)",,135,LBUSP00030
added,k:246d3f0ecd3b,title+office,,,5083 LIPTM00425 C4I Hardware/Software Installations and SOVT support for listed alterations onboard USS WASHINGTON (SSN-,,206,LSUBP00057
added,k:2482a9e37ebc,title+office,,,Time and Frequency Distribution System,,814,NP-55300
added,k:24b551c24f7b,title+office,,,"LIPTM00468, NISE LR-24-004, Dell Hardware, SEWP (C)",,501,LSUBP00049
removed,k:24bac0f93a62,title+office,,SLDCADA,,119,,Pf007NERP
added,k:2527a9911f96,title+office,,,Code 536_R2I (Rapid Response & Integration) Development and Maintenance (C),,697,NP-53600
added,k:25818e9da85e,title+office,,,"LIPTM00120, SDRS IPT, DELL ORDER ONR FY24, SEWP (C)",,398,LSUBP00016
removed,k:258738e9df18,title+office,,Big Sky Production and Sustainment Contract,,383,,PMW/A-170
removed,k:25b0f16a8b68,title+office,,"Administrative support and engineering services for International Positioning, Navigation and Timing programs",,741,,None
added,k:25dafa4618ee,title+office,,,0198 CANES ISEA GCCS-M,,778,NP-41200
added,k:25e39fdd4dfa,title+office,,,0207  CANES,,795,NP-41200
removed,k:25ead6a826eb,title+office,,LIPTM00448-NAVIGATION SYSTEMS FLEET SERVICES TECHNICAL SUPPORT-Nwachukwu0010-(WR Systems-NEW) (utilzing TDL process),,245,,LSUBP00016
added,k:2635cd692e49,title+office,,,LIPTM00156 - DCGS-N IPT - IBM ASPERA & ANALYST NBKS -  SEWP (C),,546,LSUBP00022
removed,k:26504bc7f6a6,title+office,,FY23 RDT&E Splunk Annual Renewal (C),,311,,LSUBP00087
removed,k:2659a3fc4177,title+office,,DMR - DOCCT/S - 22R2000,,202,,PMW/A-170
added,k:26a55c83b5ef,title+office,,,Chief Technology Officer (CTO) Engineering Support - Follow-on Action (C),,724,NP-72100
added,k:26aac3de63f9,title+office,,,0234  USNS LUCY STONE,,848,NP-41200
removed,k:26c9a49455e9,title+office,,"LIPTM00119, IC IPT, FFG-64 CISCO PROCUREMENT, ESI SEWP (C)",,575,,LSUBP00034
added,k:26f2cdf71ff0,title+office,,,Senior Consultation Support Services-Future_OY1_2028 (C),,81,Pf007NERP
added,k:26f9c362fa66,title+office,,,LIPTM00149 - ASE IPT - ASE-24-022 - SSEE Dummy Loads  LHA 8- SEWP V (C),,516,LSUBP00022
removed,k:2729c5e14e0f,title+office,,LIPTM00106 - MAINTENANCE FIGURE OF MERIT - MFOM Quest Toad Support Renewal - NASA SEWP (C),,495,,LSUBP00056
added,k:273473a53905,title+office,,,"LBUSP00030, CORPORATE OPERATIONS, AMERICAN SIGN LANGUAGE (ASL) SUPPORT, GSA (C)",,678,LBUSP00030
removed,k:2738930df2a5,title+office,,4983 - NEW TASK ORDER / LATE ADDS & USS WASP INSTALLS LIPTM00426 (C),,447,,LSUBP00057
added,k:2749763caf38,title+office,,,Phase III SBIR - AI2 - P24-04,,436,LSUBP00064
removed,k:274f0822d587,title+office,,4986 - USS MOUNT WHITNEY (LCC 20) INSTALLS (C),,451,,LSUBP00057
added,k:27cc6ce71e0e,title+office,,,NAVWAR Acquisition Policy Support Services,,305,2.0
added,k:27ce18c7c258,title+office,,,"Modification-Novation, Contract N0017819D8070/N6523623F3020 DCA",,301,LSUBP00049
removed,k:27f95ecd9522,title+office,,LIPTM00395 - MULTI MEDIA  IPT - TPL 23-075 A-B NIPO TEAM INSTALL-SEWP (C),,69,,LSUBP00002
removed,k:283afc092b10,title+office,,LIPTM00004_ACC Project_SEWP (C),,620,,LSUBP00001
removed,k:283d4b15f81a,title+office,,"LIPTM00460, RDT&E, New Task Order on NITAAC to VION",,467,,LSUBP00087
removed,k:28721ce6ccf4,title+office,,LIPTM00448-FMS JAPAN AN/WSN-7 LIFECYCLE GENERAL ENGINEERING AND TECHNICAL SUPPORT LTS-Bang0008-(WR Systems-NEW),,240,,LSUBP00016
removed,k:2877e827c934,title+office,,DMR - HMI/ITU - 22R2000,,200,,PMW/A-170
added,k:28c7d13662d6,title+office,,,N0003924FXXXX-RRT_Upgrade,,407,PMA/PMW-101
added,k:28d240f10436,title+office,,,"LIPTM00321, C4I, NS IPT DELL HW SUPPORT, SEWP (C)",,494,LSUBP00024
added,k:293b82c41387,title+office,,,CVN 74 RCOH Multifunction Copier Installation,,458,PMW-750
added,k:294c91a56a6f,title+office,,,"LIPTM00468, NISE, LR-24-002 Expeditionary - Zone B, GSA (C)",,386,LSUBP00049
added,k:296125450445,title+office,,,C2P TR BPA Call 4 (C),,175,PMW-150
removed,k:29af29d5ec85,title+office,,Link 22 Training Services Task Order 2,,406,,PMW-150
removed,k:29b6cbad5a1e,title+office,,LIPTM00107 - Naval Tactical Command Support System - Zephyr Support Renewal - NASA SEWP (C),,588,,LSUBP00056
added,k:29b770205004,title+office,,,0171 CANES SOVT,,791,NP-41200
removed,k:29d3e14ff663,title+office,,Joint Air Logistics Information System,,121,,Pf005NABS
removed,k:2a5d9015a5b3,title+office,,Morocco Microwave Transmission Network Phase 1A (C),,634,,PMW-740
removed,k:2aa966e0410c,title+office,,LIPTM00454 - MCBOSS - GRAFANA RENEWAL - SEWP (C),,147,,LSUBP00064
changed,k:2abff81bab0c,title+office,procurement_method,,Sole Source,395,464,PMW/A-170
changed,k:2abff81bab0c,title+office,solicitation_fy,FY23,FY24,395,464,PMW/A-170
changed,k:2abff81bab0c,title+office,solicitation_quarter,Q4,Q3,395,464,PMW/A-170
changed,k:2abff81bab0c,title+office,award_quarter,Q1,Q3,395,464,PMW/A-170
removed,k:2aee39be340c,title+office,,"LIPTM00447, Secure Voice Solutions - ADNS, Spirent Testcenter Gold and C1 Support Renewal- NASA SEWP (C)",,516,,LSUBP00015
added,k:2b08f3142c80,title+office,,,MOS Mod with TTNT Production (C),,95,PMW-150
removed,k:2b0e35f66aa8,title+office,,"LIPTM00461_Electromagnetic Environmental Effects (E3), Test, Evaluation, and Range Services  12 Months",,468,,LSUBP00080
added,k:2b1d69468cca,title+office,,,LDS NNCompass (C),,655,LSUBP00064
removed,k:2b4a01b9988d,title+office,,SOCS IPT; FY25 LIPTM00128 SOCS SATCOM Follow On (CIR 2X-XXX) (C),,469,,LSUBP00004
added,k:2b5585d9fdbb,title+office,,,LIPTM00003_ATC Sys & Equip_23F0090_MOD07_PWS_INCR_RESCOPE,,258,LSUBP00001
added,k:2b90964c471f,title+office,,,GPNTS HW FY24 Spares #1 Award and Fund,,447,PMW/A-170
removed,k:2bcc1112c2fa,title+office,,APPLICATION DEVELOPMENT AND PROCESS TRANSFORMATION (ADAPT) SUPPORT II,,618,,LSUBP00009
added,k:2be1c455a1d0,title+office,,,ADNS Production MAC RFP #36 (C),,20,PMW-160
added,k:2bff719af8b2,title+office,,,"VTT IPT Systems Engineering, Integration, & Limited Production - SeaPort (C)",,577,LSUBP00007
added,k:2c21f7fbe94d,title+office,,,Red Hat DOD ESI V1 (C),,705,NP-55300
removed,k:2c770ec65996,title+office,,"LIPTM00319, ONR, DEEPSIG, SBIR Phase III (CIR 23-XXX)",,433,,LSUBP00049
removed,k:2c954cff80a5,title+office,,"LIPTM00119-INTERIOR COMMS:  IC Video East Coast CVN Support, USS Gerald R. Ford (CVN-78) IC Video Support, and VCR Suppo",,509,,LSUBP00034
removed,k:2cc0ba650ea6,title+office,,LIPTM00252-BASED LOGISTICS-ORGANIC (PBLO)-SWRI Antennas/SEWP (C),,346,,LSUBP00093
changed,k:2cfac2658cfa,title+office,procurement_method,,TBD,207,465,PMW/A-170
changed,k:2cfac2658cfa,title+office,contract_type,TBD,Fixed-Price,207,465,PMW/A-170
changed,k:2cfac2658cfa,title+office,solicitation_fy,FY23,FY24,207,465,PMW/A-170
changed,k:2cfac2658cfa,title+office,award_fy,FY24,FY25,207,465,PMW/A-170
changed,k:2cfac2658cfa,title+office,award_quarter,Q1,Q3,207,465,PMW/A-170
removed,k:2d192bf9ae92,title+office,,"LIPTM00453, Special Networks IPT, Operationalizing Enterprise Capabilities, D/O (Prototype) (C)",,154,,LSUBP00017
removed,k:2d28253bba33,title+office,,"LIPTM00337, Ex ISR, PM Fires Acquisition Support follow-on (C)",,273,,LSUBP00021
removed,k:2dfda863edb7,title+office,,NABS Electronic Procurement Systems (ePS) (C),,120,,Pf005NABS
added,k:2e2c241295bc,title+office,,,Academic Research MAC  - Follow-on Action (C),,719,NP-71700
removed,k:2ed0b05e6cf3,title+office,,4995 - ACF MULTI-HULL INSTALLS LIPTM00257 (C),,450,,LSUBP00057
added,k:2ee14e0ecce0,title+office,,,Financial Management Support Services  - Follow-on Action (C),,722,NP-84000
added,k:2ef717afdaa2,title+office,,,Security Support Services Follow-on (C),,750,NP-87000
removed,k:2f0722aa6432,title+office,,Tactical Data Link (TDL) Capabilities Based In-Service Engineering Agent (CB-ISE),,694,,None
removed,k:2f131a3ee4bf,title+office,,"LIPTM00074, DHA/HSI IPT, 23-015 BRAND OR EQUAL for BARKSDALE AFB, MOODY AFB, ROBINS AFB-SEWP (C)",,218,,LSUBP00009
removed,k:2f2f89271c91,title+office,,ONR/ATR IPT Advanced Technologies Project Support,,435,,LBUSP00027
added,k:2f847ef6ffa8,title+office,,,COMSEC Custodian / IM Support Services (Seaport NxG TO) (C),,36,PMW-740
removed,k:2fa25267c31f,title+office,,"LIPTM00248 - CSRR BUILD (CB-22, CB-23),I1V4, RFDACS OK-700, GBS OK-700 and DMR PROCUREMENT, INTEGRATION AND KITTING (NEW",,531,,LSUBP00035
removed,k:2fc323080c8b,title+office,,VIASAT TRANSEC VM300M DELIVERY ORDER (INTERNATIONAL - AUS) AWARD,,431,,PMW-790
removed,k:2fecdbe8dd9e,title+office,,"LIPTM00447, SECURE VOICE SOLUTIONS - ADNS, SECURE SYNC TIMING AND FREQUENCY EQUIP (C)",,581,,LSUBP00015
added,k:301c9f14b431,title+office,,,"LIPTM00120, SDRS IPT, PROPSIM F32 SW RENEWAL FY24, SEWP (C)",,527,LSUBP00016
added,k:30242c71050f,title+office,,,Clinical Infrastructure Modernization Program Lifecycle Environment (CIMPLE) - SeaPort (C),,488,LSUBP00009
removed,k:31356c156897,title+office,,ISS 5 Task Order 2 Descoping,,405,,PMW-150
removed,k:31801798d19a,title+office,,LIPTM00229 - IUSS IPT - 300-23-911 - JCDX (POPE)-SEWP (C),,82,,LSUBP00022
removed,k:318359e7f05d,title+office,,BRSE Production (C),,410,,PMW/A-170
added,k:31d9e84c8709,title+office,,,NESD - Nautilus FOC,,321,COO
added,k:31da5cb5a7ba,title+office,,,"Order to Contract #N6523618D8014- LIPTM00347, NOTM FY24 Ground Combat Vehicle Kits",,281,LSUBP00007
removed,k:31e50e8ec761,title+office,,Advanced Cyber Support Services,,674,,Cyber Defense
removed,k:31ec2418bd8c,title+office,,"LIPTM00386, Command Software Services (S2IPT), Archibus (base + options) software, SEWP (C)",,465,,LSUBP00087
added,k:3215675040ae,title+office,,,"Tactical Air Navigation (TACAN), Air Traffic Control and Landing Systems (ATCALS), Air Command & Control, and Joint Tact",,716,NP-41100
added,k:323ab522d3af,title+office,,,PEO MLB Organizational Change Management (C),,77,PEO-MLB
added,k:32c2012637eb,title+office,,,ADNS Production MAC RFP #28 (C),,12,PMW-160
removed,k:32ee4be86589,title+office,,LIPTM00448-FMS KOREA KDX-III AN/WSN-7 GENERAL ENGINEERING AND TECHNICAL SUPPORT-BANG0005- (WR SYSTEMS NEW SAC),,260,,LSUBP00016
removed,k:33058d02418b,title+office,,LITPM00149 - SSEE FoS and CCOP FoS Engineering and Technical Support (3910 follow on) – Seaport New TO Base+4OY (C),,80,,LSUBP00022
added,k:331367ecafb2,title+office,,,"LIPTM00086/MyNavy Human Resources Solutions - Splunk User Behavior Analytics SW purchase, DOD ESI (C)",,657,LSUBP00011
added,k:33ab98f4b448,title+office,,,Programmatic Support - TO (C),,685,NP-55300
removed,k:33dac8f4305b,title+office,,"LIPTM00461, 5.9 Service Center, Computer equipment, SEWP (C)",,354,,LSUBP00080
added,k:340f90804ed0,title+office,,,"LIPTM00455, TCIO SCS EUD and TAK, SEWP (C)",,327,LSUBP00021
added,k:3410de896c8b,title+office,,,"LIPTM00119, IC IPT, LPD 27 ANN SCD PROCUREMENT, SEWP (C)",,333,LSUBP00034
added,k:347f31cb8d1d,title+office,,,"LIPTM00119, IC IPT, IVN UPS EQUIPMENT, SEWP (C)",,232,LSUBP00034
removed,k:34863c3ac8a4,title+office,,"LIPTM00119, IC IPT, FFG-62/63 CAMERA PROCUREMENT, SEWP (C)",,561,,LSUBP00034
removed,k:34d609a62e11,title+office,,Combat Survivor Evader Locator (CSEL),,740,,None
added,k:34de2b39dd22,title+office,,,CANES System Engineering Support (C),,703,NP-55100
removed,k:34f30bc1e654,title+office,,"Tactical Air Navigation (TACAN), Air Traffic Control and Landing Systems (ATCALS), Air Command & Control, and Joint Tact",,679,,None
removed,k:34f4dea476b4,title+office,,"LIPTM00086/MyNavy Human Resources Solutions- Dell EMC Data Domain, SEWP (C)",,497,,LSUBP00011
removed,k:3535728335b8,title+office,,LIPTM00128-SOCS-Satellite Antenna Spare Components-SEWP (C),,347,,LSUBP00004
added,k:3565f8b871f9,title+office,,,"LIPTM00328, CWITT, SYMANTEC HARDWARE SUPPORT, SEWP (C)",,390,LSUBP00035
changed,k:358137039130,title+office,procurement_method,,TBD,270,581,LSUBP00021
changed,k:358137039130,title+office,contract_type,TBD,Fixed-Price,270,581,LSUBP00021
changed,k:358137039130,title+office,procurement_instrument,TBD,Delivery Order/Task Order (not under Federal Supply Schedule Contract),270,581,LSUBP00021
changed,k:358137039130,title+office,solicitation_fy,,TBD,270,581,LSUBP00021
changed,k:358137039130,title+office,solicitation_quarter,,TBD,270,581,LSUBP00021
changed,k:358137039130,title+office,award_fy,,FY24,270,581,LSUBP00021
changed,k:358137039130,title+office,award_quarter,,Q4,270,581,LSUBP00021
removed,k:358ac68fdc7c,title+office,,Printer/Plotter Prototype (C),,310,,LSUBP00021
removed,k:35913fbff2dc,title+office,,"LBUSP00030, CORPORATE OPERATIONS, TOTAL FORCE AND LAB MANAGEMENT SUPPORT",,296,,LBUSP00030
added,k:35bde6be82c7,title+office,,,ADNS Production MAC RFP #37 (C),,21,PMW-160
removed,k:35d952f9858c,title+office,,Consumption-Based Procurement (C),,424,,PMW-790
added,k:3602ba085aba,title+office,,,Afloat Signals Exploitation (ASE) Engineering and Technical Support – Seaport New TO (60 months) (C),,572,LSUBP00022
removed,k:3649ef0cbe03,title+office,,"US Space Command Shore-based Command, Control, Communications, Intelligence, Surveillance, Reconnaissance (C4ISR) and Co",,723,,536
added,k:366ee1d57143,title+office,,,19802 LIPTM00425 C4I HARDWARE/SOFTWARE INSTALLATIONS AND SOVT SUPPORT FOR LISTED ALTERATIONS ONBOARD USS COLUMBUS (SSN-7,,299,LSUBP00057
added,k:36841c801597,title+office,,,"LIPTM000410, ECI ESRI Software Renewal, SAP",,133,LSUBP00064
removed,k:368d9a20861b,title+office,,LIPTM00119 - INTERIOR COMMS - USS HARRY S. TRUMAN (CVN-75) SITE/27TV AAR - SAC action - 21D8009,,507,,LSUBP00034
removed,k:37589b5a652b,title+office,,LIPTM00464 - DC2HS Cloud Brokerage - AWS BPA Order,,601,,LSUBP00066
added,k:3788b1534fd8,title+office,,,"ISR/IO, Integrated Logistics Support (ILS) and Configuration Management (CM) - Seaport New TO (60 months) (C)",,571,LSUBP00022
added,k:37d62a781c13,title+office,,,"LIPTM00500, NAVEUR/NAVAF Enterprise Solutions (NNES) IPT, NCTS Naples C2 Display Programming and Install, New SAC TO",,302,LSUBP00002
added,k:37da48c94741,title+office,,,"LIPTM00285 NAVALC2 IPT, TACTICAL DATA LINKS, LMMT TECH REFRESH, ESI - SEWP (CISCO) (C)",,203,LSUBP00063
removed,k:37fa000c04bd,title+office,,LBUCS Receive Version 2 Production (C),,427,,PMW-770
added,k:385689bc9703,title+office,,,SEAPORT TO - COMMAND AND CONTROL PROCESSOR (C2P) MODERNIZATION (MOD) SOFTWARE ENGINEERING SERVICES (SES) (C),,742,NP-53000
removed,k:387d467a31af,title+office,,"LIPTM00464, Data Center and Cloud Hosting Services, FY23 PULSE S/W, SEWP (C)",,597,,LSUBP00066
added,k:389203d145cc,title+office,,,"LIPTM00174, Air and Space IPT, NEW OTP BASIC",,165,LSUBP00023
removed,k:3893a7dbccd6,title+office,,"LIPTM00304, Position, Navigation & Timing (PNT) Engineering IPT, Highland Technology, Mounting Flange, 5-Channel Etherne",,257,,LSUBP00016
added,k:3904b7abe98c,title+office,,,LIPTM00460 Telephony Akkadian SEWP (C),,362,LSUBP00087
removed,k:390c93b4b14a,title+office,,LIPTM00119-INTERIOR COMMS-VIDEO PRE PRL & CVN 74 LOGISTICS TV-DTS ENGINEERING-SAC-21D8009,,527,,LSUBP00034
removed,k:3911425cd783,title+office,,LIPTM00107 - Naval Tactical Command Support System - Hardware Support Renewal - NASA SEWP (C),,493,,LSUBP00056
added,k:3923b87b131f,title+office,,,WAMS TO # 7 - MEO Development,,451,PMW/A-170
added,k:392c8d53b3a3,title+office,,,LIPTM00464 - DC2HS and Enterprise Systems Department Information Technology Support (C),,599,LSUBP00066
removed,k:392da5583fae,title+office,,LIPTM00149 - ASE - SSEE Inc F FMS Peregrine and WiFi Box - ASE-23-022 - SEWP (C),,91,,LSUBP00022
added,k:395570a0c00e,title+office,,,LIPTM00107 - Naval Tactical Command Support System - NTCSS Development Embarcadero Support Renewal- NASA SEWP (C),,670,LSUBP00056
removed,k:39ed49d525c6,title+office,,CYP CCTV Lifecycle Support Maintenance - SeaPort (C),,43,,LSUBP00010
removed,k:3a187e30849d,title+office,,PMW 150 ILS and Training Support (C),,415,,PMW-150
added,k:3a2a8914007e,title+office,,,FSBS HPTE TT to SS Conversion (C),,79,PMW-770
added,k:3a399422f5dd,title+office,,,LIPTM00002_TACAN,,279,LSUBP00001
added,k:3a489acc8366,title+office,,,Mod N6523623F0701 Ad Hoc Add,,310,LSUBP00083
added,k:3ab5f2b3230d,title+office,,,NSC2I.  FFG 64.  PHASES 2-5. (C),,181,PMW-760
removed,k:3af290b65f16,title+office,,PMO Specialized/Senior Consultant Support Services (Grey Beard) Follow On,,117,,Pf007NERP
added,k:3b180eceea22,title+office,,,"LIPTM00285 NAVALC2, RIMAGE HW MAINTENANCE RNWL, GSA (C)",,508,LSUBP00063
removed,k:3b30226200f3,title+office,,LIPTM00003_FOCIS(V)3 TDM Equip Upgrade_SEWP (C),,473,,LSUBP00001
removed,k:3b7a854ba47f,title+office,,LIPTM00002_Polar Ops Support_SAC_Follow-On (CIR 23-XXX) (C),,616,,LSUBP00001
added,k:3bed7024ad54,title+office,,,0220 NMS ISES TAO SHIPS,,843,NP-41200
removed,k:3c38ac577b85,title+office,,NMT FOFD - NGEN OIU Procurements,,386,,PMW/A-170
removed,k:3c3e9a1afbd9,title+office,,PEO C4I Business Financial Mgmt (C),,414,,PEO-C4I
added,k:3c4f4fe097cd,title+office,,,"LIPTM00455, TCIO VAM and CSCS COMPONENT REFRESH, SEWP (C)",,328,LSUBP00021
changed,k:3c7b4a80ece2,title+office,procurement_method,,Full and Open Competition,172,62,PMW-750
changed,k:3c7b4a80ece2,title+office,procurement_instrument,Delivery Order/Task Order,Delivery Order/Task Order (not under Federal Supply Schedule Contract),172,62,PMW-750
changed,k:3c7b4a80ece2,title+office,solicitation_fy,,FY25,172,62,PMW-750
changed,k:3c7b4a80ece2,title+office,solicitation_quarter,,Q2,172,62,PMW-750
added,k:3c84066132e7,title+office,,,Cloudera DOD ESI (C),,749,NP-55300
added,k:3ca06a572cd0,title+office,,,LIPTM00250-SUBMARINE SHORE C41-AUTO TUNE PA & SYSTEM UPGRADE - NEW SAC TO Contract N65236-23-D-8015 (Salient),,129,LSUBP00035
removed,k:3caef6a2d319,title+office,,LIPTM00460 FY23 RDT&E  Docker Business GSA (C),,350,,LSUBP00087
added,k:3cf70536b376,title+office,,,"LIPTM00214 - C4I FMS, Saudi FMS CASE SRPLDA_CPN Hardware,SEWP (C)",,538,LSUBP00006
removed,k:3d05a7dcaa80,title+office,,LIPTM00106 - MAINTENANCE FIGURE OF MERIT - MFOM Software Support Renewal - NASA SEWP (C),,596,,LSUBP00056
added,k:3d07a4904c6f,title+office,,,LIPTM00448-LCS Navigations Systems Sustainment & Modernization Support-RobRaper00XX-(Northrop Grumman-NEW),,271,LSUBP00016
removed,k:3d31955b907e,title+office,,"LIPTM00116-UCVS IPT-UC Engineering, Technical, Integration and Infrastructure Support-SEAPORT NXGEN (Base +4OYS) (C)",,503,,LSUBP00015
added,k:3d46fa5f36e5,title+office,,,RADIAC Production (C),,748,NP-56700
added,k:3d52d712f58a,title+office,,,"LIPTM00086/MyNavy Human Resources Solutions - GoToAssist Software renewal, SEWP (C)",,341,LSUBP00011
added,k:3d56317e3cdb,title+office,,,NAVWAR Acquisition Policy and Business Operations (APBO) Support Services,,319,2.0
added,k:3e27552dc8a5,title+office,,,LIPTM00107 - Naval Tactical Command Support System - NTCSS Development Dell Hardware Requirements - NASA SEWP (C),,638,LSUBP00056
changed,k:3e294fb2b0b2,title+office,solicitation_fy,,FY25,417,44,PMW-120
changed,k:3e294fb2b0b2,title+office,solicitation_quarter,,Q2,417,44,PMW-120
removed,k:3e4382589f73,title+office,,"LIPTM00074, DHA/HSI IPT, 23-010 RUCKUS for NMC SD_NH BREM_JB LEWIS-MCCHORD_MACDILL_LAUGHLIN_TRIPLER-SEWP (C)",,212,,LSUBP00009
added,k:3e7d6c8457cc,title+office,,,"LIPTM00248, Afloat Submarine C4I IPT_ CSRR RITEC Printers and associated EQUIPMENT, SEWP (C)",,366,LSUBP00035
removed,k:3e916e24494b,title+office,,Sierra Hotel Aviation Readiness Program (SHARP),,725,,534
added,k:3e9fa206ec9c,title+office,,,NSC2I  FFG 63.  PHASE 2 & 3. (C),,69,PMW-760
removed,k:3f1ca3b7aa67,title+office,,LIPTM00149 - ASE - SSEE Inc F DDG 128 & 129 Red Falcon Next Gen Chassis and Peregrine - ASE-23-014 - SEWP (C),,93,,LSUBP00022
removed,k:3f204115674a,title+office,,WAMS - Spec 1.9 added to contract,,391,,PMW/A-170
removed,k:3fd690b468fc,title+office,,LIPTM00248 - AFLOAT SUB C4I IPT  -VA SCN Bulk Procurement and Spares - NEW SAC DO - CORPORATE PRODUCTION,,538,,LSUBP00035
removed,k:404483b9539d,title+office,,"LIPTM00448-PNT, WSN7 FMS Japan BANG0006_CPFF-COMP (WR NEW SAC)",,259,,LSUBP00016
added,k:40490c68ad5e,title+office,,,"LIPTM00118, ENTERPRISEDB ON PREM SUPPORT UNICORE, SEWP (C)",,613,LSUBP00063
removed,k:409d71cdf1c3,title+office,,WAMS - EDM Repairs,,389,,PMW/A-170
added,k:40ae4400fe77,title+office,,,"LIPTM00486, MICRO FOCUS, SSTD SUPPORT, ESI (C)",,221,LSUBP00035
added,k:40aed31966e5,title+office,,,"LIPTM00086/MyNavy Human Resources Solutions - BMC Control M Software renewal, SEWP (C)",,662,LSUBP00011
added,k:40b0403c890d,title+office,,,"LIPTM00290, TSI IPT, OpenRMF Software, SEWP (C)",,628,LSUBP00004
added,k:411e7e6cc90e,title+office,,,Royal Moroccan Navy (RMN) Microwave Transmission Network (MTN) Phase 1 A,,454,PMW-740
added,k:4120df48869c,title+office,,,Cyber MAC  - Follow-on Action (C),,694,NP-70000
added,k:41407d54f1dd,title+office,,,LIPTM00149 - ASE IPT - ASE-24-019 - SSEE Azure DIF SIM BOM - SEWP V (C),,498,LSUBP00022
added,k:4156653f2b8f,title+office,,,"ATCS - Solicit, Negotiate & Definitize Inc 1 Production (FFP)",,448,PMW/A-170
removed,k:4161db795dbc,title+office,,LIPTM00006_Naval Command and Operations Center_INSTALL CISCO MATERIAL_DOD ESI SEWP CATALOG (C),,52,,LSUBP00002
removed,k:417d5c42fd19,title+office,,LIPTM00132_Naval & Joint Europe_Material for United States European Command (USEUCOM) SITE C_ DOD Cisco SEWP Catalog (C),,62,,LSUBP00002
removed,k:41a82e2d4891,title+office,,"LIPTM00480 - NAVAL-MAINTENANCE, REPAIR AND OVERHAUL (N-MRO)  - VE3 Site Upgrade Cisco Switches - CISCO ESI BPA - SEWP (C",,487,,LSUBP00056
added,k:41b84358d774,title+office,,,0217  ADNS) Post Installation Training (PIT),,102,NP-41200
removed,k:41cbe718ee69,title+office,,"LIPTM00467, 83200 Facilities, Quantico Furniture, GSA (C)",,112,,LSUBP00083
added,k:41feafd0273a,title+office,,,"LIPTM00466, 4.3, Material Handling Equipment, GSA (C)",,363,LSUBP00084
added,k:420dbfadedfd,title+office,,,Information Warfare Research Project 3 (IWRP 3) (C),,332,LBUSP00032
removed,k:4242e99435df,title+office,,Precision Approach Radar Hardware,,687,,None
added,k:42775dec51f7,title+office,,,"LIPTM00447,SECURE VOICE SOLUTIONS (SVS) IPT, New SAC TO, GDIT N6523619D8002, RDTE_ADNS ENG SPT",,262,LSUBP00015
added,k:428c11ffe596,title+office,,,Depot Systems Support Follow-On Action (C),,732,NP-43100
removed,k:429114e9bfd5,title+office,,Naval Enterprise DevSecOps and Software Modernization IDIQ - Follow On Effort,,186,,Pf1-PAS
removed,k:42fd655d61fb,title+office,,"LIPTM00074,DHA/HSI, 23-003 NHC Cherry Point and NMC Camp Lejeune LAN Forklifts-SEWP (C)",,210,,LSUBP00009
added,k:43212499131e,title+office,,,PMW/A 170 Program Management Support Services (C),,199,PMW/A-170
removed,k:4342b1dccd5f,title+office,,"LIPTM00319, CRIT OMNISIG SW, SEWP (C)",,436,,LSUBP00049
added,k:43f5253278a8,title+office,,,GPNTS FY24 Bulk Buy #2 Award and Fund,,452,PMW/A-170
added,k:43f5253278a8,title+office,,,GPNTS FY24 Bulk Buy #2 Award and Fund,,453,PMW/A-170
added,k:440f162d5b2f,title+office,,,LIPTM00250-SUBMARINE SHORE C41-VARIABLE TUNER ELEMENTS INTEGRATION- NEW SAC TO (Base +2OYS) (Salient) N65236-23-D-8015 (,,143,LSUBP00035
removed,k:4423598c88d8,title+office,,"LIPTM00455-TCIO, GRCS KIT, SEWP (C)",,288,,LSUBP00021
added,k:442d390665f2,title+office,,,"LIPTM00119, IC IPT, VIDEO FY24 OPN CISCO SPARES, ESI SEWP (C)",,661,LSUBP00034
added,k:4446f1ecbdcc,title+office,,,0196 CBISEA WRBS,,802,NP-41200
ambiguous,k:446a17264f5a,title+office,,2 rows,1 rows,291;294,568,LSUBP00021
removed,k:44b2b0365eaa,title+office,,18659 - FOE MOD PAX RIVER MD,,443,,LSUBP00057
changed,k:44b54f55c857,title+office,procurement_method,,TBD,633,56,PMW-740
changed,k:44b54f55c857,title+office,solicitation_quarter,Q3,Q4,633,56,PMW-740
changed,k:44b54f55c857,title+office,award_fy,FY23,FY24,633,56,PMW-740
removed,k:44b9240b7666,title+office,,"LIPTM00285 NAVALC2, GCCS-M & MTC2 POSTGRES SW RNWL, SEWP (C)",,89,,LSUBP00063
added,k:45216f251c46,title+office,,,Security Support Services  - Follow-on Action (C),,721,NP-83000
removed,k:452be7c17d2b,title+office,,LIPTM00214 - C4I FMS IPT- JAPAN - FMS - JA-P-NCO ASEV,,17,,LSUBP00006
changed,k:459e9cb2a8e9,title+office,anticipated_total_value,$50M - $100M,< $2M,457,65,PMS-485
changed,k:459e9cb2a8e9,title+office,procurement_method,,Full and Open Competition,457,65,PMS-485
changed,k:459e9cb2a8e9,title+office,solicitation_fy,,TBD,457,65,PMS-485
changed,k:459e9cb2a8e9,title+office,solicitation_quarter,,TBD,457,65,PMS-485
removed,k:45a3c4cc1c0a,title+office,,"LIPTM00455,Terrestrial Collection Identity OPS (TCIO),SIGMAN  INC I, NASA SEWP (C)",,351,,LSUBP00021
removed,k:45a9688ee4d1,title+office,,Engineering Logistics Support Services (ELSS) Follow On,,116,,Pf007NERP
removed,k:45a9caf4f4df,title+office,,JPI A8 Card Follow-on,,159,,PMW-150
added,k:45b751823f5c,title+office,,,"LIPTM00128, SDN System Component Spares, USSOCOM Support, SEWP (C)",,350,LSUBP00004
removed,k:45bb11236cce,title+office,,FY 23 SDN Communications on the Move (COTM)-SAC,,302,,LSUBP00004
added,k:45bc6de6f277,title+office,,,Taiwan LCS (2025) (C),,41,PMW-740
removed,k:45c5d2d24a06,title+office,,NGA DIA SMS Integration,,35,,LSUBP00010
removed,k:45d45abc09e1,title+office,,WAMS - KLIF/Mission Planning,,390,,PMW/A-170
removed,k:45e23180806a,title+office,,LIPTM00415-Radio Comms IPT- FY 25 and on OA-9277A Coupler and Power Supply procurement-NEW NICHE SAC (CIR/PPA 2X-XXX),,236,,LSUBP00016
removed,k:45e80f62fb1a,title+office,,"LIPTM00336, DCGS-MC, Test Assets, SEWP (C)",,359,,LSUBP00021
removed,k:45f174b61eb3,title+office,,LIPTM00006_Naval Command and Operations Center_INSTALL MATERIAL_SEWP (C),,42,,LSUBP00002
removed,k:461196c9e30b,title+office,,Ocean Survey Program Survey System (OSPSS) Technical Documentation and related Engineering Services,,702,,None
removed,k:46431d19e66e,title+office,,"VTT IPT Systems Engineering, Integration, & Limited Production (C)",,276,,LSUBP00007
added,k:46757726ab64,title+office,,,"LIPTM00290, TSI IPT, Blue Coat Software, SEWP (C)",,369,LSUBP00004
added,k:46d51c6e6a66,title+office,,,"LIPTM00252, BASED LOGISTICS-ORGANIC (PBLO),VARIOUS ELECTRONIC COMPONENTS SEWP (C)",,541,LSUBP00093
removed,k:46edd08bbf0a,title+office,,"Design Development Support for PEO C4I, NAVWAR, and Sub Organizations (C)",,419,,PEO-C4I
added,k:4702c1ef33f7,title+office,,,"Design Development Support for PEO C4I, NAVWAR, and Sub Organizations (C)",,46,C4IEXEC
added,k:4707154c0dfe,title+office,,,LIPTM00241 - USCG Sustainment - Seaport NxGEN TO (base + 4OYS) (C),,601,LSUBP00006
removed,k:4784d0d78cbe,title+office,,"LIPTM00467, 83300 Security, Badge printers, GSA (C)",,341,,LSUBP00083
changed,k:478915e47f2e,title+office,procurement_method,,Full and Open Competition,322,560,LSUBP00021
changed,k:478915e47f2e,title+office,procurement_instrument,Delivery Order/Task Order,Delivery Order/Task Order (not under Federal Supply Schedule Contract),322,560,LSUBP00021
changed,k:478915e47f2e,title+office,solicitation_fy,,TBD,322,560,LSUBP00021
changed,k:478915e47f2e,title+office,solicitation_quarter,,TBD,322,560,LSUBP00021
changed,k:478915e47f2e,title+office,award_fy,FY23,FY24,322,560,LSUBP00021
added,k:47b8d1eb6904,title+office,,,"LIPTM00481, Telephony, E911 Service, (SEWP) (C)",,395,LSUBP00087
removed,k:47bcbe7e238d,title+office,,"LIPTM00118, TACTICAL NETWORK SOFTWARE SUPPORT, MICRO FOCUS NETIQ, ESI-BPA (C)",,105,,LSUBP00063
added,k:47cd7920648b,title+office,,,"LIPTM00415-Radio Comms IPT, Antenna Tilt Group (ATG) repair-NEW LC NICHE (PPA)",,166,LSUBP00016
added,k:47d680a3bd42,title+office,,,LIPTM00229 - IUSS IPT - SURTASS -Pneumatic Hoists/Air Hoist tractor - SEWP (C),,242,LSUBP00022
added,k:47f0a88465c0,title+office,,,"LIPTM00174, Air & Space IPT, New Order",,132,LSUBP00023
added,k:47f0a88465c0,title+office,,,"LIPTM00174, Air & Space IPT, New Order",,286,LSUBP00023
added,k:4813e44892df,title+office,,,"LIPTM00461, Cyber Red Team Test, Operations, Development, and Cybersecurity Support, SeaPort NxG Small Business (C)",,485,LSUBP00080
added,k:482151e6cf34,title+office,,,"LIPTM00119, IC IPT, VIDEO FY24 OPN SPARES PROCUREMENT, SEWP (C)",,674,LSUBP00034
removed,k:4830edda47ab,title+office,,LIPTM00116-UCVS IPT-CISCO PROCUREMENT-SEWP (C),,562,,LSUBP00015
added,k:4843430273ad,title+office,,,"LIPTM00321, C4I, NSIPT, CND-TS AND SHARKCAGE JUNIPER RENEWALS, SEWP (C)",,247,LSUBP00024
removed,k:484c2b9ebdc7,title+office,,DMR - TTAM IW and 5kHz - 22R2000,,199,,PMW/A-170
removed,k:486d56a031fb,title+office,,"Mine Counter Measure Capable Platform (MCMP), Support Vector Machine (SVM) Upgrades",,661,,None
removed,k:488019b992b9,title+office,,"LIPTM00464, DC2HS, FY23 ANSIBLE AUTOMATION RENEWAL, SEWP (C)",,490,,LSUBP00066
removed,k:488a3703fe03,title+office,,CVN 71 SNAIAS MANUAL REVISION,,190,,LBUSP00023
removed,k:48b2ba04bfca,title+office,,ESRP TO40 '23RDT&E/OPN INITITIVE-01,,224,,PMW/A-170
added,k:48bd7743c8ef,title+office,,,NSC2I.  LSM 1 & 2 Phases 1-5 (C),,90,PMW-760
added,k:49ebc32b4d48,title+office,,,0201 ADNS ISEA,,799,NP-41200
added,k:4a37978aaa5a,title+office,,,CANES MAC- N0003924R9108 (C),,179,PMW-160
added,k:4a60b334e433,title+office,,,"LIPTM00074, DHA/HSI IPT, 24-018 BNO for JUNIPER LICENSES for NMC PORTSMOUTH & RAF LAKENHEATH DELTAS, FT LEONARD WOOD AMR",,616,LSUBP00009
added,k:4a65a57736d1,title+office,,,ADNS Production MAC RFP #30 (C),,14,PMW-160
changed,k:4a87f6d9dd02,title+office,anticipated_total_value,$250M - $1B,$100M - $250M,51,556,LSUBP00010
changed,k:4a87f6d9dd02,title+office,solicitation_quarter,Q2,Q3,51,556,LSUBP00010
added,k:4a89bfc831b9,title+office,,,ADNS Production MAC RFP #34 (C),,18,PMW-160
added,k:4a92e99e6b2b,title+office,,,"LIPTM00119, IC IPT, DDG MOD IVCS PSD SPARES PROCUREMENT, SEWP (C)",,629,LSUBP00034
added,k:4ae82843deed,title+office,,,"TO 0093 - EXWC, MSRON, CPRW10 & HSM Upgrades (C)",,768,NP-56700
removed,k:4aff93468631,title+office,,ShoreNet Capability-Based In-Service Engineering Activity (CB-ISEA) Support-SeaPort (C),,500,,LSUBP00015
added,k:4b6591ac8346,title+office,,,"NSC2I LUSV 1, PHASES 1-5 (C)",,180,PMW-760
removed,k:4b73c1e2a694,title+office,,N00039-23-RFPREQ-PMW-150-LGRAID-0001,,184,,PMW-150
added,k:4bd35158a466,title+office,,,"LIPTM00455, TCIO IDOPS APK. SEWP (C)",,654,LSUBP00021
added,k:4be46b11823b,title+office,,,LIPTM00229 - IUSS IPT - 300-24-917- CISCO Routers/Servers (Pope)-ESI/SEWP (C),,520,LSUBP00022
added,k:4c119c3be347,title+office,,,5091-LIPTM00256L-Installation of S127 OSP Fiber at Dam Neck (C),,354,LSUBP00057
added,k:4c460a7adbf1,title+office,,,xDMS RFP 005 JPN ASEV NMG,,107,NP-55100
removed,k:4c593a70d146,title+office,,"LIPTM00119, IC IPT, CVN-71 SCDs 3997/13412 MATERIAL, SEWP (C)",,555,,LSUBP00034
added,k:4c7a76c95af9,title+office,,,"LIPTM00252, BASED LOGISTICS-ORGANIC (PBLO), MATERIALS (EL1), NASA SEWP (C)",,529,LSUBP00093
removed,k:4caddfbe0275,title+office,,"LIPTM00119, IC IPT, VIDEO OPC-3/4 CISCO PROCUREMENT, SEWP ESI (C)",,549,,LSUBP00034
removed,k:4cb9b4e386a8,title+office,,"LIPTM00455-TERRESTRIAL COLLECTIONS IDENTITY OPS, GPS TRACKER KIT, SEWP (C)",,318,,LSUBP00021
removed,k:4d483bee11f7,title+office,,Comprehensive Cyber Support Services,,665,,Cyber Defense
removed,k:4daa12d8d5d1,title+office,,"LIPTM00346, Fielded Ground Systems (FGV), Tactical Imagery Production System Next Generation (TIPS NG) First Article (FA",,304,,LSUBP00007
added,k:4dafe38dd3f8,title+office,,,RSNF C4ISR Training Services III (C),,11,PMW-740
removed,k:4dc169d56d62,title+office,,LIPTM00257_SURFACE MODS IPT_USS HARRY S. TRUMAN (CVN-75) 6TV Upgrade Support_SAC_8009,,442,,LSUBP00057
added,k:4df566bbe3ce,title+office,,,Anduril,,118,LSUBP00049
removed,k:4e02cd3955f9,title+office,,LIPTM00229 - IUSS IPT - 300-23-921 - CISCO Modules (Outlaw)-SEWP (C),,124,,LSUBP00022
added,k:4e1be0d80412,title+office,,,BRSE Long-Term Production Contract (C),,48,PMW/A-170
removed,k:4e3c7ea92016,title+office,,LIPTM00003_FY23 NAS Mod_CM-350 EI_SEWP (C),,621,,LSUBP00001
added,k:4ec50a467cfc,title+office,,,NILE End to End Test Station (C),,178,PMW-150
added,k:4ed5ea46f404,title+office,,,"LIPTM00128, FY 24 Silent Dagger Deployable Version 3A (SDD V3A)",,160,LSUBP00004
added,k:4f4ff35c9a4d,title+office,,,Philippines C4ISTAR Life Cycle Support,,481,PMW-740
added,k:4f6bd066e5c1,title+office,,,LIPTM00241 - USCG IPT - Acquisition Support with Systems Engineering and Technical Services - Seaport NxGEN TO (base + 4,,603,LSUBP00006
added,k:4f9281a41302,title+office,,,"LIPTM00081. PJSA IPT, NGA TAC SMS",,268,LSUBP00010
added,k:4fa6a7033515,title+office,,,"LIPTM00174, AIR & SPACE, Aircraft Procurement Navy 6, SEWP (C)",,502,LSUBP00023
added,k:4fb18265cd20,title+office,,,SEAPORT TO (Tactical Systems Integration (TSI) Testbed Systems Engineering) (C),,770,NP-53500
removed,k:4fbbc876f08d,title+office,,DMR - CVN 79 Upgrade - 18D0004,,194,,PMW/A-170
removed,k:50107bb51f5e,title+office,,Production Logistics Support for LAV Life Cycle Support (C),,285,,LSUBP00007
removed,k:5050e3cd6a7f,title+office,,PMW 160 CANES DIGITAL TWIN IDT SBIR OY2 Exercise and Technical Direction Letter 2 (TDL2),,653,,PMW-160
added,k:505d85c1dc6a,title+office,,,LIPTM00252/PBLO/SSEE INC F/SPARES/SEWP (C),,689,LSUBP00093
removed,k:505e7cc67c53,title+office,,LIPTM00346 - Fielded Ground Systems (FGS) and requirement is to purchase BFT MFoCS Cables - Base Year 12 months,,297,,LSUBP00007
added,k:50f06b196622,title+office,,,"LIPTM00074, DHA/HSI IPT, 24-021 BNOE for FORT MOORE FY23 LAN FORKLIFT-SEWP (C)",,614,LSUBP00009
added,k:512319888ba1,title+office,,,0223 ADNS EPF-15,,782,NP-41200
removed,k:513fa4abb78e,title+office,,C4ISR Training Products,,678,,None
added,k:51479fe3f96e,title+office,,,EUHW OCONUS warranty support changes,,414,PCE
removed,k:5165478bf380,title+office,,"LIPTM00476, NISE, AGI Software Systems Tool Kit and Add-on SatPro, GSA (C)",,628,,LSUBP00049
added,k:517c3a0118b5,title+office,,,"LIPTM00214-C4I FMS, Saudi Arabia, FMS Case SR-L-DA, ESI Cisco, SEWP (C)",,383,LSUBP00006
removed,k:51ab0c6df716,title+office,,LIPTM00156 - DCGS-N FY23-24 Hardware Systems Production - CAEI,,85,,LSUBP00022
removed,k:5201f20ef9bc,title+office,,"Meteorological and Oceanographic (METOC), Expeditionary and Joint Systems In-Service Engineering Agent (ISEA)",,677,,None
removed,k:521518c5a2ab,title+office,,LCM,,30,,PMA/PMW-101
removed,k:523a360e459c,title+office,,LIPTM00156 -  DCGS-N IPT -  ARCGIS (DAS) - SEWP (C),,97,,LSUBP00022
removed,k:526cae962ab9,title+office,,Cyber Red Team Operational and Developmental Support and Cyber Security Program Management Support II-SAC TO,,613,,LSUBP00009
removed,k:528f3d15a984,title+office,,"LIPTM00448-PNT ISEA: 21F0417_SSBN/SSGN/OCR TACNAV AND IC/DTS ISEA _MOD_REV. PWS, INCREASE CEILING,INC FUNDS (WRS SAC)",,233,,LSUBP00016
changed,k:52de4535572b,title+office,solicitation_fy,,TBD,163,477,PMS-485
changed,k:52de4535572b,title+office,solicitation_quarter,,TBD,163,477,PMS-485
added,k:530b6bd2f641,title+office,,,"LIPTM00455, TCIO, Forensics Equipment for USMC Program of Record (POR), LOGICUBE, GSA (C)",,586,LSUBP00021
added,k:53baaa66a242,title+office,,,MPO Lot 13 HW Procurement (C),,200,PMA/PMW-101
added,k:53c226d501da,title+office,,,TDL 0195 - TAN/UYQ-120(V) Command and Control Processor System (C2PS),,780,NP-41100
removed,k:53d501eb26b6,title+office,,"LIPTM00444, TACNET DEP IPT, CANES TOOLS, SEWP (C)",,127,,LSUBP00063
removed,k:54032d90b0d5,title+office,,"PROGRAM MANAGEMENT, ENGINEERING, AND LOGISTICS SUPPORT TO USMC INFORMATION DOMINANCE PROGRAM - SeaPort (C)",,277,,LSUBP00021
added,k:54168294eb8e,title+office,,,"LIPTM00226, NAVAIR FMS, FOLLOW ON, SEAPORT (C)",,554,LSUBP00006
removed,k:543bce6f5db6,title+office,,LIPTM00480 - Naval Tactical Command Support System - NTCSS Spares Hardware Requirements - NASA SEWP (C),,486,,LSUBP00056
added,k:549263633f49,title+office,,,"LIPTM00074, DHA/HSI IPT, 24-008 BNOE Fort Stewart FY23 LAN Forklift-SEWP (C)",,486,LSUBP00009
added,k:54b6f51456a4,title+office,,,Code 581 CSTA Follow On (C),,708,NP-58100
removed,k:54d4c61c81e9,title+office,,"LIPTM00156 - DCGS-N Systems Engineering, ISEA, and Training (3902 Follow On) - Seaport New TO Base+4OY (C)",,77,,LSUBP00022
added,k:5519ce2ac305,title+office,,,Decision Advantage Battle Management Aids (DABMA)_New CYBER TO (C),,758,NP-53600
added,k:5522c37aae59,title+office,,,"LIPTM00119, IC IPT, DDG ANN DIAS PROCUREMENT, SEWP (C)",,224,LSUBP00034
removed,k:553684af4a52,title+office,,"LIPTM00086/MyNavy Human Resources Solutions- Adobe Connect Software renewal, SEWP (C)",,489,,LSUBP00011
added,k:553d4536c5c3,title+office,,,LIPTM00119-INTERIOR COMMS (IC) IPT- New (internal) Large Service Contract (PAA XXX),,162,LSUBP00034
added,k:5545d3eb0958,title+office,,,"LIPTM00248 - AFLOAT SUB C4I IPT - FY24 CB 22 and CB 23 KITTING -I1V4, RFDACS OK-700, GBS OK-700 and DMR PROCUREMENT, INT",,150,LSUBP00035
removed,k:5594d79587d9,title+office,,ATIP - TO#21 Server and TIF repairs,,221,,PMW/A-170
added,k:5598bac92eb9,title+office,,,5069 LIPTM00426 USS RICHARD M MCCOOL (LPD 29) INSTALLS (C),,495,LSUBP00057
removed,k:55a15a589eac,title+office,,Personnel Accountability and Assessment System (PAAS),,726,,534
removed,k:5626ef132270,title+office,,LIPTM00156 DCGS-N IPT FY23 NETAPP - SEWP (C),,104,,LSUBP00022
added,k:56368ae0760b,title+office,,,"LIPTM00415-RCIPT: OA-9277A COUPLER, PWR SUPPLY PROCUREMENT-NEW LC NICHE SAC (PPA LSUBP00016-0059)",,161,LSUBP00016
added,k:565591707a1c,title+office,,,LIPTM00229 - IUSS IPT - 300-24-920- CISCO Servers (Outlaw)-ESI/SEWP (C),,399,LSUBP00022
added,k:56701d2778bf,title+office,,,ADNS Production MAC RFP #29 (C),,13,PMW-160
added,k:569038b5a2a2,title+office,,,"LIPTM000245, LDNC IPT, MISC MATERIAL, SEWP (C)",,227,LSUBP00034
added,k:56a17c524bf2,title+office,,,LIPTM00241 USCG IPT L-3 NEW TASK ORDER (ACQUISITION),,164,LSUBP00006
added,k:56bd0cdedb75,title+office,,,LIPTM00214-C4I FMS IPT_JAPAN JA-P-NDL _ TACTICAL DATA LINK _SEWP (C),,214,LSUBP00006
added,k:56be700a81bf,title+office,,,"LIPTM00248 - Afloat SUB C4I IPT - COMMAND, CONTROL, COMMUNICATIONS, AND COMPUTERS (C4I) TRAINING, SYSTEMS ENGINEERING & ",,576,LSUBP00035
added,k:56d8bd9afe86,title+office,,,"LIPTM00347, VEHICULAR TECHNOLOGY TRANSITION, ANSYS SW, SEWP, MAC (C)",,627,LSUBP00007
added,k:56dc68b1fb4e,title+office,,,NSC2I.  T-AO 211-214. Phases 2-5 (C),,70,PMW-760
removed,k:57575d520ae4,title+office,,LIPTM00395 - MULTI MEDIA IPT - 22-068 SEATECH AUDIO VISUAL Material - SEWP (C),,518,,LSUBP00002
added,k:57761cfed97f,title+office,,,"LIPTM00086, MYNAVY HUMAN RESOURCES SOLUTIONS, MRRS JasperReports Professional renewal (C)",,640,LSUBP00011
added,k:5786a67d8ef9,title+office,,,MIDS WDL SF (C),,189,C4IEXEC
added,k:57aa69d57b1b,title+office,,,LIPTM00119-INTERIOR COMMS: IC VIDEO EAST COAST PHASE 2-FY24 - SAC CHUGACH Order-N6523621D8009,,125,LSUBP00034
removed,k:57b3e6ed9e67,title+office,,DMR - SMRC OTA (C),,192,,PMW/A-170
added,k:57c80df5d105,title+office,,,NAVWAR 4.0 MPT Technical Authority (TA) and IWT Support (FY26) (C),,197,4.0
removed,k:57dd261e309f,title+office,,LIPTM00121_ATS IPT: SATCOM MODERNIZATION SPPT_30 Month POP_(CENTURUM (SAC)-NEW TO),,234,,LSUBP00016
removed,k:57e0b0e446e3,title+office,,"Engineering Support on Tactical Networks Division, Code 551 Multiple Award Contract (MAC)",,699,,None
removed,k:582a211c9368,title+office,,"LIPTM00257, Surface Modernization Unit Level IPT, CVN 75 6TV upgrade - SEWP",,525,,LSUBP00057
added,k:582fc67622a9,title+office,,,NMT FOFD - RIP BCCP Phase IV (RFP),,433,PMW/A-170
added,k:584a7904dade,title+office,,,CDLS Refurbishment Follow-On,,478,PMW/A-170
removed,k:58555e9ca419,title+office,,NSC2I FFG 62. (C),,178,,PMW-760
removed,k:5891c7db6915,title+office,,LIPTM00004_MERLIN_Internals_SEWP (C),,476,,LSUBP00001
added,k:58cc10702616,title+office,,,18989 - FOE MOD LIPTM00256L INTRUSION DETECTION SYS & CCTV AT NNSY PORTSMOUTH VA,,130,LSUBP00057
added,k:591df5a087ec,title+office,,,Microsoft Services,,422,C4IEXEC
added,k:59354380c814,title+office,,,LIPTM00107 - Naval Tactical Command Support System - NTCSS Development Atlassian Support Renewal- ATLASSIAN ESI BPA (C),,671,LSUBP00056
removed,k:598cf52140f5,title+office,,LIPTM00455-MSIDS WORKSTATION REFRESH (C),,290,,LSUBP00021
added,k:599a311a776d,title+office,,,Relay Ground Station (RGS) (C),,704,NP-55200
removed,k:5aa4dc4b66da,title+office,,"LIPTM00415-Radio Comms IPT, Tactical Variant Switch (TVS) FY 23 order-MAC (C)",,265,,LSUBP00016
added,k:5ac1d2eb37dd,title+office,,,LIPTM00304-Guam Missile Defense System Engineering Support -Lambert0015-Multi year PoP with no options (WR Systems-NEW S,,278,LSUBP00016
removed,k:5acb0817d22f,title+office,,"LIPTM00006, Naval Command & Operations Centers, C6F VDS MOC Installation Support, SAC",,36,,LSUBP00002
removed,k:5aeae005f1a2,title+office,,LIPTM00149 - ASE - SSEE MODS Mission Module Spares - ASE-23-041 - SEWP (C),,368,,LSUBP00022
removed,k:5b5ac9e73def,title+office,,"LIPTM00257_FIO IPT_USS Essex, LHD-2– Video Information Display System (VIDS) 3.0 Upgrade_Chugach_SAC_8009",,444,,LSUBP00057
removed,k:5b6068010ceb,title+office,,Division 552 Technical and Engineering MAC,,735,,None
added,k:5b958348fd20,title+office,,,03 MOS TC CPU Repair,,468,PMW-150
removed,k:5c3c20814a14,title+office,,"LIPTM00074, DHA/HSI IPT, 23-012 JUNIPER for FT. LEONARD WOOD & KOREA'S 121ST-SEWP (C)",,215,,LSUBP00009
removed,k:5c46303da334,title+office,,LIPTM00395 - MULTI MEDIA  IPT - 23-021 COMNAV BEACH Material - SEWP (C),,53,,LSUBP00002
added,k:5c6d6f2a7e1c,title+office,,,DMR - HFDAG Prototype (OTA) (C),,71,PMW/A-170
removed,k:5c77f35f0b82,title+office,,"LIPTM00119, INTERIOR COMMUNICATIONS IPT, DDG VIDEO SWITCH SPARES, SEWP-ESI (C)",,546,,LSUBP00034
removed,k:5c7a0a8426c0,title+office,,xDMS Support,,697,,None
added,k:5c8b58c6be6c,title+office,,,Bahamas MSS Sustainment,,457,PMW-740
removed,k:5cb19f937104,title+office,,"LIPTM00336, DCGS-MC, ADOBE, SEWP (C)",,360,,LSUBP00021
added,k:5cb2fb6be3e2,title+office,,,Phase III SBIR - Nearly Human - P24-01b,,432,LSUBP00064
changed,k:5cc5d31298b3,title+office,procurement_method,,Full and Open Competition,428,37,PMW-770
changed,k:5cc5d31298b3,title+office,solicitation_fy,,TBD,428,37,PMW-770
changed,k:5cc5d31298b3,title+office,solicitation_quarter,,TBD,428,37,PMW-770
added,k:5cfbdfcab239,title+office,,,LIPTM00395 - MULTI MEDIA  IPT - TPL 24-052 CMDIO SEWP (C),,207,LSUBP00002
added,k:5d2d35a7e332,title+office,,,"LIPTM00336, DCGS-MC, OPEN AM SW, SEWP (C)",,612,LSUBP00021
removed,k:5d38ab919fb2,title+office,,LIPTM00116-UCVS IPT-Microchip Procurement-SEWP (C),,579,,LSUBP00015
removed,k:5d88804474c7,title+office,,LIPTM00128_SDN Wireless Testing Material_SEWP (C),,358,,LSUBP00004
added,k:5dd4d23905f3,title+office,,,LSUBP00015 - Shore C4I Division - ShoreNet Capability-Based In-Service Engineering Activity (CB-ISEA) Support-SeaPort Nx,,578,LSUBP00015
added,k:5ddcbc77358c,title+office,,,LIPTM00346 Fielded Ground Systems (FGS) Mobile Command Vehicle (MCV) Modification to N6523624F0232,,291,LSUBP00007
added,k:5ddf84420bd5,title+office,,,"LIPTM00052 Counter Threat Platforms (CTP) Support, MADIS FRP Systems, Corporate Production",,303,LSUBP00007
added,k:5de42e982b72,title+office,,,LIPTM00119-INTERIOR COMMS: USS Makin Island (LHD-8) Video Information Display System (VIDS) 3.0 Upgrade - New SAC TO - N,,119,LSUBP00034
added,k:5de9e61f8195,title+office,,,ADNS Production MAC RFP #32 (C),,16,PMW-160
removed,k:5e450f6ec9b7,title+office,,Afloat Sub C4I IPT Business Financial Management Support - MBAS II NEW TO - BASE + 2 OPTIONS,,540,,LSUBP00035
added,k:5e67b129c9dd,title+office,,,Tradewinds,,128,LSUBP00049
added,k:5e867534d271,title+office,,,C-SEA (C),,172,C4IEXEC
added,k:5ed717fe88ce,title+office,,,Visual strategy and collaboration tool for PMW 150 (C),,190,PMW-150
removed,k:5edd4bf47984,title+office,,LIPTM00052 Counter Threat Platforms SupportFY23 JPO JLTV Logistics and Engineering Support,,295,,LSUBP00007
changed,k:5eee0b3df3a0,title+office,procurement_method,,Full and Open Competition,459,31,PMS-485
changed,k:5eee0b3df3a0,title+office,solicitation_fy,,TBD,459,31,PMS-485
changed,k:5eee0b3df3a0,title+office,solicitation_quarter,,TBD,459,31,PMS-485
removed,k:5ef0de047abe,title+office,,NAVWAR 1.6  COST ESTIMATING AND ANALYSIS SUPPORT (C),,370,,1.0
added,k:5f4ecd08960e,title+office,,,"LIPTM00336, DCGS-MC, SYBASE SW, SEWP (C)",,338,LSUBP00021
removed,k:5f80c0674945,title+office,,PEO Digital Professional Support Services Recompete (C),,598,,PEO-Digital
changed,k:5fb4e4f6e6ff,title+office,procurement_method,,Sole Source,237,137,LSUBP00016
changed,k:5fb4e4f6e6ff,title+office,procurement_instrument,Delivery Order/Task Order,Delivery Order/Task Order (not under Federal Supply Schedule Contract),237,137,LSUBP00016
changed,k:5fb4e4f6e6ff,title+office,solicitation_fy,,TBD,237,137,LSUBP00016
changed,k:5fb4e4f6e6ff,title+office,solicitation_quarter,,TBD,237,137,LSUBP00016
changed,k:5fb4e4f6e6ff,title+office,award_fy,FY23,FY24,237,137,LSUBP00016
added,k:5fbf7d10d3b5,title+office,,,LIPTM00107 - Naval Tactical Command Support System - NTCSS Development Stunnel Support Renewal- NASA SEWP (C),,345,LSUBP00056
removed,k:5fd45a32650b,title+office,,LIPTM00395 - MULTI MEDIA  IPT - 22-069 SEATECH AUDIO VISUAL Material - SEWP (C),,519,,LSUBP00002
added,k:5fe40064a0ab,title+office,,,Fusion Suite Support Follow-On. (C),,690,NP-53400
added,k:5fe4404cd0ae,title+office,,,TO 0094 - H0023 Network Engineer Support (C),,756,NP-H4H00
added,k:600e40920110,title+office,,,"LIPTM00250, Shore Sub C4I IPT, SHORE SUBMARINE COMMUNICATIONS SYSTEM (SSCS) COMMAND, CONTROL, COMMUNICATIONS, COMPUTERS,",,222,LSUBP00035
added,k:6019c655351c,title+office,,,"LIPTM00468, NISE, M & S Innovations, GSA (C)",,688,LSUBP00049
removed,k:60320aa2f753,title+office,,"Distributed Common Ground/Surface System – Marine Corps (DCGS-MC), Geospatial Intelligence (GEOINT), All Source, Signals",,284,,LSUBP00021
added,k:608a453c1758,title+office,,,"LIPTM00448-DHYSL, WSN-11, & CDU PRODUCTION-RichieMarsh00XX-(WR SYSTEMS-NEW)",,275,LSUBP00016
added,k:608f442e5f34,title+office,,,Ocean Survey Program Survey System (OSPSS) Technical Documentation and related Engineering Services,,815,NP-55700
removed,k:60b32ff2935c,title+office,,"LIPTM00074, DHA/HSI IPT, 23-014 WLAN HPE for FLW LEJ ROBINS MOODY BRKSDL KSLR BRAGG GDFLW-SEWP (C)",,217,,LSUBP00009
changed,k:60c7d82c8bc2,title+office,procurement_method,,Small Business Set-Aside,584,385,LSUBP00011
changed,k:60c7d82c8bc2,title+office,procurement_instrument,Delivery Order/Task Order,Delivery Order/Task Order (not under Federal Supply Schedule Contract),584,385,LSUBP00011
changed,k:60c7d82c8bc2,title+office,solicitation_fy,FY23,FY24,584,385,LSUBP00011
changed,k:60c7d82c8bc2,title+office,award_fy,FY23,FY24,584,385,LSUBP00011
changed,k:60c7d82c8bc2,title+office,follow_on_or_new,New,Follow-on,584,385,LSUBP00011
changed,k:60c7d82c8bc2,title+office,existing_contract_number,N6523623F0118,N6523623F0395,584,385,LSUBP00011
removed,k:60e27fe432e2,title+office,,"LIPTM00079, HSSE, FIBER CABLES, SEWP (C)",,625,,LSUBP00009
added,k:61083b5f6ce2,title+office,,,"LIPTM00120, SDRS IPT, VQUAD HW RENEWAL FY24, SEWP (C)",,608,LSUBP00016
removed,k:6122335a29a7,title+office,,"LIPTM00467, 83200 Facilities, B12 Furniture, GSA (C)",,111,,LSUBP00083
removed,k:6144343c50c9,title+office,,Definitization of CLTS Array CLIN 0406,,167,,PMS-485
removed,k:61657131229c,title+office,,"LIPTM00455-TERRESTRIAL COLLECTIONS IDENTITY OPS, USSOCOM ATAK PHONES, SEWP (C)",,320,,LSUBP00021
added,k:6183139dfe6e,title+office,,,Marine Mammal Engineering Support,,811,NP-56700
added,k:61c3a58bf355,title+office,,,TO 0001 CAMMACK,,841,NP-56700
added,k:620d5245f72c,title+office,,,06 MOS Mod BPA Call 7 (DRS) (C),,186,PMW-150
changed,k:6216345781f6,title+office,procurement_method,,Sole Source,461,558,PMS-485
changed,k:6216345781f6,title+office,solicitation_fy,,TBD,461,558,PMS-485
changed,k:6216345781f6,title+office,solicitation_quarter,,TBD,461,558,PMS-485
added,k:62ab51dce68c,title+office,,,LIPTM00410_ECI IPT_MOTOROLA UPGRADE_SEWP (C),,360,LSUBP00064
removed,k:62fd10960125,title+office,,LIPTM00164 Green Force Tracking - SeaPort MKT SURVEY (C),,307,,LSUBP00021
removed,k:630003449cad,title+office,,LBS G_Production_MOD TO 09,,400,,PMW-120
added,k:63114780ce00,title+office,,,LIPTM00248 - AFLOAT SUB C4I IPT - FY24 CB 25 KITTING - NEW SAC DO - CORPORATE PRODUCTION - N6523618D8014,,313,LSUBP00035
added,k:632477f91337,title+office,,,"LIPTM00074, DHA/HSI IPT, 24-016 BNO for HPE/ARUBA FY24 SITES-1st ROUND-SEWP (C)",,653,LSUBP00009
removed,k:634d60687f8b,title+office,,Cyber Training,,669,,Cyber Defense
added,k:63bc4e134813,title+office,,,"LIPTM00119, IC IPT, EPF-14-16 VIDEO SITE 300 PROCUREMENT, SEWP (C)",,645,LSUBP00034
added,k:63c067aceb0b,title+office,,,LIPTM00250_Shore SUB IPT - FSBS_Laptops for WIN 11 Upgrade_SEWP (C),,403,LSUBP00035
removed,k:63fa10165acb,title+office,,LIPTM00119-INTERIOR COMMUNICATIONS IPT-DDG-133-135 32TV SBS EQUIPMENT-SEWP (C),,515,,LSUBP00034
added,k:649bfab3178c,title+office,,,LIPTM00460 FY24 RDT&E DOCKER GSA (C),,370,LSUBP00087
added,k:650df96d12c6,title+office,,,"LIPTM00046, TACMOBILE, TACMOBILE SYSTEMS LIFECYCLE SUPPORT (New TO - Base +4 OYs), SEAPORT (C)",,606,LSUBP00006
removed,k:651696a2c09c,title+office,,Distributed Experimentation Environment (DE2) and Vanguard DevOps Environment (VFDE),,660,,None
removed,k:655b6a781941,title+office,,"LIPTM00150, Expeditionary Signals Intelligence (SIGINT), TSCS INCREMENT IV RDT&E, NASA SEWP (C)",,339,,LSUBP00021
removed,k:65769a125f78,title+office,,"LIPTM00321, C4I, NS IPT, CND CISCO MIGRATION HW SUPT RENEWALS, SEWP (C)",,131,,LSUBP00024
removed,k:657cce3d556c,title+office,,"LSUBP00083, Facilities Cable Plant (C)",,321,,LSUBP00083
added,k:659af004ef7f,title+office,,,LIPTM00458-Corporate Production new Supply contract for Corporate Production (PPA XXX) (C),,553,LSUBP00077
removed,k:65bf78cb7144,title+office,,N0003919D0034_N0003922F4027,,657,,PMW-130
added,k:65c4fb35a2b3,title+office,,,LIPTM00121-ATS IPT: SATCOM CB-ISEA SPPT (SEAPORT-NxG - NEW TO - 60 MOS. POP) (C),,487,LSUBP00016
added,k:6631d61304d4,title+office,,,LIPTM00002_Polar Capital Project Services_ATC MAC (C),,504,LSUBP00001
added,k:6645935d1b4c,title+office,,,"DATEM, TO 03",,434,PMW-120
removed,k:666ff73c19ec,title+office,,LIPTM00395 - MULTI MEDIA  IPT - 23-016 MARINE CORPS SECURITY FORCES REGIMENT AUDIO VISUAL Material - SEWP (C),,54,,LSUBP00002
added,k:6672b2a3bf2b,title+office,,,ESI_Oracle_IDIQ_5_Year (C),,709,NP-55300
removed,k:668d92f1b88d,title+office,,Navy Cyber IPT - NEW TO (C),,267,,LSUBP00024
added,k:66a6ad2242b6,title+office,,,"LIPTM00245, Large Deck New Con, Multifunction Copier Infrastructure Installation, SAC",,127,LSUBP00034
removed,k:66bc9c82484f,title+office,,LIPTM00156 - DCGS-N System PPM and MCT (3904 Follow-On) - Niche/FOE New TO Base+4OY,,87,,LSUBP00022
added,k:66dce69a9f4e,title+office,,,Microsoft  Enterprise Services (MES) Recompete (C),,746,NP-55300
removed,k:66f633c83342,title+office,,5007 - USS ROOSEVELT (DDG-80) INSTALLATIONS LIPTM00257 - GIC - 1 year POP (C),,454,,LSUBP00057
added,k:6743e92f7131,title+office,,,LIPTM00229 - IUSS IPT - 300-24-913- MISC Software (Wiseman)-SEWP * Small Business Action (C),,536,LSUBP00022
removed,k:67965b60eef9,title+office,,LIPTM00248 - AFLOAT SUB C4I IPT - FY23 ADNS INC III L(V)3 SP4 System - NEW SAC DO - CORPORATE PRODUCTION,,534,,LSUBP00035
added,k:6799de3f2ef7,title+office,,,0229 CANES SOVT,,853,NP-41200
removed,k:679acdbfba20,title+office,,Submarine CWITT and SWFTS Modernization (N65236-22-R-0017),,16,,LSUBP00035
added,k:67c039e62420,title+office,,,"LIPTM00321, C4I, NSIPT, CND MOD ECRNOC 5.1 POWER AND CABINET, SEWP (C)",,346,LSUBP00024
added,k:682004002d21,title+office,,,0213 ADNS PIT ISEA,,844,NP-41200
removed,k:685d46e1e685,title+office,,ADNS Production MAC RFP #25 (C),,209,,PMW-160
removed,k:6862aef95269,title+office,,"LBUSP00032, 6.0 COMPETENCY PROGRAM MANAGEMENT (PM) SUPPORT, MBAS-II",,627,,LBUSP00032
removed,k:686641ce4f44,title+office,,FOE NAVWAR Mobility Contract (C),,397,,8.0
added,k:68d0ef530607,title+office,,,NSC2I T-AGOS.  25 (Phase 1-5) and T-AGOS 26 (Phase 3-5) (C),,86,PMW-760
added,k:68eb6c06dc55,title+office,,,SATCOM CB-ISEA Support Follow-on (N66001-24-R-3500) (C),,702,NP-41200
added,k:693146275953,title+office,,,LIPTM00319 General Seaport for S&T (C),,634,LSUBP00049
removed,k:6954f52cf798,title+office,,FY24 USMC MCBOSS Cloud Consumption,,145,,LSUBP00064
added,k:6961708ca25d,title+office,,,0210 ADNS CANES  ISEA,,794,NP-41200
added,k:6964e754ef85,title+office,,,LIPTM00241 - USCG IPT - MILPOWER AMPS (T842 JG) - SEWP (C),,325,LSUBP00006
removed,k:6994a22d688e,title+office,,"LIPTM00386, CIO, S2IPT, ESSO, SecureAuth software, SEWP (C)",,342,,LSUBP00087
removed,k:699d19931fd6,title+office,,PEO Digital Engineering and Logistics Support follow on (C),,227,,CSBO
added,k:69cd6474df57,title+office,,,RSNF inKSA Support Services (C4ISR) Upgrade and Refurbishment (C),,9,PMW-740
added,k:69e09847e154,title+office,,,"LIPTM00119, IC IPT, USCG 28TV CISCO PROCUREMENT, SEWP ESI (C)",,620,LSUBP00034
removed,k:6a23a7836c7e,title+office,,AFLOAT SUBMARINE C4I IPT TECHNICAL SUPPORT SERVICES - SeaPort TO (C),,499,,LSUBP00035
added,k:6a9a9baf8906,title+office,,,Engineering Services for USAF Feasibility Study,,431,PMA/PMW-101
added,k:6ab6eff4a430,title+office,,,"LIPTM00455, TCIO, FDS-MC TRANSIT CASES, SEWP (C)",,387,LSUBP00021
removed,k:6ac73ec77bb5,title+office,,"LIPTM00336, Distributed Common Ground Surface System-MC, CGW Lites, SEWP (C)",,313,,LSUBP00021
removed,k:6b0daa1f5939,title+office,,LIPTM00107 - Naval Tactical Command Support System - ALM and UFT Support Renewal - Micro Focus Government Solutions ESI ,,592,,LSUBP00056
added,k:6b194c004bf2,title+office,,,PRIORITY 4 IST 9TH,,100,NP-H5600
removed,k:6b2e22930bc8,title+office,,"LIPTM00464, Data Center and Cloud Hosting Services, FY23 COMMVAULT LICENSE RENEWAL, SEWP (C)",,480,,LSUBP00066
added,k:6b78c994bd2c,title+office,,,"LIPTM00074, DHA/HSI IPT, 24-009 BNOE for EGLIN AFB & HURLBURT FIELD LAN FORKLIFTS-SEWP (C)",,484,LSUBP00009
added,k:6be5c7dc317d,title+office,,,"LIPTM00447, SECURE VOICE SOLUTIONS IPT -SECURE VOICE NEW SAC Order N6523619D8002 SECURE VOICE BASE + 2 OYs",,251,LSUBP00015
removed,k:6bf058a01ab7,title+office,,"LIPTM00074, DHA/HSI IPT, 23-013 MISC for KOREA's 121ST, FT. LEONARD WOOD & NMC SAN DIEGO-SEWP (C)",,216,,LSUBP00009
removed,k:6c508be9b757,title+office,,"Systems Engineering and Lifcycle Support for Emerging Positioning, Navigation, and Timing (PNT) Technologies",,738,,None
removed,k:6c8a8be33302,title+office,,LIPTM00415-Radio Comms-FY 23 Tactical Variant Switch (TVS)-MAC (C),,254,,LSUBP00016
added,k:6ca4b6d82e7b,title+office,,,"LIPTM00164, SOIS, Maritime Combatant Craft, SeaPort (C)",,491,LSUBP00021
removed,k:6cb8b55f2b69,title+office,,"LIPTM00119, IC IPT, DDG-138/139 P25 SYSTEMS, SEWP (C)",,560,,LSUBP00034
added,k:6cd7421ba7d0,title+office,,,"LIPTM00119, IC IPT, CVN-70_CVN-78 IVN UPS & 4IV ICTs PROCUREMENT, SEWP (C)",,334,LSUBP00034
removed,k:6cf3c6388a79,title+office,,"LIPTM00119, IC IPT, CVN-69 IVN 12CK & DCSS PROCUREMENT, SEWP (C)",,558,,LSUBP00034
added,k:6d1a5225814b,title+office,,,LIPTM00443_ATR_MORT_OPTIA_SEWP (C),,669,LSUBP00049
added,k:6d1b9338e77b,title+office,,,Commvault DOD ESI (C),,752,NP-55300
added,k:6d3749e45d60,title+office,,,"LSUBP00024 Cybersecurity Division, PM/FM Support (New MBAS II SAC TO - BASE + 2 OYs - N6523622D8006)",,263,LSUBP00024
removed,k:6d5f0b0447f7,title+office,,SUBMARINE INTEGRATION DIVISION SCHEDULING AND PROGRAM MANAGEMENT SUPPORT SERVICES Base + 4 Options SEAPORT NEXGEN (C),,505,,LSUBP00035
added,k:6d751041f91b,title+office,,,MIDS JTRS BASE IDIQ (C),,72,PMA/PMW-101
removed,k:6d9212118e34,title+office,,LIPTM00480 - Naval Tactical Command Support System - NTCSS Reflections X Support Renewal - MICRO FOCUS GOVERNMENT SOLUTI,,594,,LSUBP00056
removed,k:6dc74362ba77,title+office,,LIPTM00116-UCVS-RTMS HW Procurement-SEWP (C),,568,,LSUBP00015
removed,k:6e0b50c4a39c,title+office,,LIPTM00132_Naval & Joint Europe _CISCO MATERIAL FOR CONFERENCE ROOM_DOD ESI CISCO SEWP CATALOG (C),,45,,LSUBP00002
added,k:6e4440a31c34,title+office,,,"LIPTM00461, 5.9 Service Center, Forklift, GSA (C)",,623,LSUBP00080
added,k:6e53cffee4aa,title+office,,,"LIPTM00449 - DEPOT - LPKF MILLING MACHINE, NASA SEWP (C)",,598,LSUBP00093
added,k:6e625e2af5a0,title+office,,,"LIPTM00458, CAEI Operational Support Task",,298,LSUBP00077
removed,k:6e679c64063f,title+office,,"LIPTM00119, IC IPT, SIWCS AEGIS ASHORE POLAND/DDG MMSC BATTERY PROCUREMENT, SEWP (C)",,547,,LSUBP00034
added,k:6e8653409b13,title+office,,,LIPTM00214-C4I FMS IPT - Saudi Arabia FMS Cases - Engineering Services - Seaport NxGEN Base +4OYs (C),,597,LSUBP00006
added,k:6ee8c6cd3920,title+office,,,"LIPTM00303, DARPA IPT, TTO ATD SEAPORT T/O (FOLLOW ON) (C)",,641,LSUBP00049
added,k:6ef4234300f6,title+office,,,Littoral Explosive Ordnance Neutralization (LEON) Production,,808,NP-56400
removed,k:6fd90ef9de53,title+office,,"Command and Control Division
Maritime and Expeditionary Command and Control
Capability-Based In-Service Systems Engineer",,731,,532
removed,k:6fdb1e690388,title+office,,"LIPTM000415: OA-9277A Coupler and Power Supply FY23 Procurement, RF Products (SAC)",,261,,LSUBP00016
added,k:6feed9c95119,title+office,,,LIPTM00444-CANES TACTICAL NETWORKS (TACNET) TECHNICAL AND PRODUCTION SUPPORT/SeaPort TO (C),,585,LSUBP00063
removed,k:70170c1d4e56,title+office,,Platform Force Protection System,,659,,None
added,k:70878bf9c985,title+office,,,"LIPTM00449, DEPOT, Power Supply, SEWP (C)",,522,LSUBP00093
removed,k:70f00683338c,title+office,,LIPTM00454 Application DevSecOps Service Modernization (C),,139,,LSUBP00064
removed,k:70fda248758f,title+office,,AIRBORNE ADVANCED TACTICAL DATA LINK (ATDL) ENGINEERING AND TEST AND EVALUATION SUPPORT,,715,,535
removed,k:711069a94e15,title+office,,"LIPTM00074, DHA/HSI IPT, 23-017 for KEESLER AIR FORCE BASE FORKLIFT-SEWP (C)",,626,,LSUBP00009
removed,k:7192f2f7a2e8,title+office,,LIPTM00478 MOBATEK SOFTWARE RENEWAL SEWP (C),,220,,LSUBP00009
added,k:719786be9026,title+office,,,LIPTM00121-ATS IPT - WAMS Racks - SEWP (C),,331,LSUBP00016
removed,k:71a7eb321258,title+office,,VIASAT TRANSEC VM300M DELIVERY ORDER (DOMESTIC) AWARD,,430,,PMW-790
added,k:71a9031896eb,title+office,,,GIC TORFP 5088 Hardware Installation NTCDL Onboard Carriers San Diego (C),,765,NP-42100
added,k:71c873e29c51,title+office,,,"LIPTM00458-Corporate Production, Initiate a new Supply contract for Corporate Production. (C)",,552,LSUBP00077
added,k:71ea4d7d04de,title+office,,,PRIORITY 3 IST MAINT TECH,,99,NP-H5600
added,k:7210c064b327,title+office,,,"LIPTM00119, IC IPT, CVN-75 HYDRA BDA EQUIPMENT, SEWP (C)",,649,LSUBP00034
removed,k:725a431bb6d6,title+office,,4968 - NEW TASK ORDER USS GEORGE H W BUSH INSTALLS (C),,448,,LSUBP00057
removed,k:727b068eca76,title+office,,"LIPTM00120, SDRS IPT, SILVUS DELL SANCTUARY FY23- SEWP (C)",,264,,LSUBP00016
removed,k:7286c3a710db,title+office,,LSUBP0016 - Radio COMMS IPT- DMR TECH SUPPORT_35 MOS. POP_CENTURUM (SAC)-NEW TO),,249,,LSUBP00016
added,k:728ee3b20340,title+office,,,"LIPTM00119, IC IPT, LPD-31 UVS SYSTEM PROCUREMENT, SEWP (C)",,371,LSUBP00034
removed,k:72a579f09c45,title+office,,LIPTM00448-FMS JAPAN ASEV AN/WSN-7 RLGN LBTS AND GENERAL ENGINEERING AND TECHNICAL SUPPORT PROGRAM-Bang0007-(WR Systems-,,239,,LSUBP00016
removed,k:72d6b8eaa215,title+office,,"LIPTM00252, BASED LOGISTICS-ORGANIC (PBLO), MATERIALS, SEWP (C)",,337,,LSUBP00093
removed,k:72d6b8eaa215,title+office,,"LIPTM00252, BASED LOGISTICS-ORGANIC (PBLO), MATERIALS, SEWP (C)",,338,,LSUBP00093
added,k:72d9caf2cb5d,title+office,,,"LIPTM00455, TCIO, Forensics Equip 2 for USMC POR, GSA (C)",,351,LSUBP00021
added,k:7307cd53d498,title+office,,,"LIPTM00214, C4I FMSIPT, RO-P-LBQ/STT/BATS-D COMMS EQUP,SEWP (C)",,228,LSUBP00006
removed,k:73212f8fd770,title+office,,MOS Mod Production Follow On (C),,157,,PMW-150
removed,k:733c26f38717,title+office,,"LIPTM00006, Naval Command & Operations Centers, C5F Programming Support, SAC",,49,,LSUBP00002
removed,k:73eaedd75d8c,title+office,,Academic Research,,672,,None
added,k:73fa3339d48b,title+office,,,N0003923D1000 MOD,,426,PMW-150
removed,k:74547202d421,title+office,,"LIPTM00008, Joint Command & Operations Center, AADS-PADS Procure/Install, CMS MAC (C)",,44,,LSUBP00002
removed,k:7490cf6567c4,title+office,,LIPTM00149 - ASE - SSEE Inc F Wideband Recorder Hardware and TCP UPS Filter- ASE-23-008-SEWP (C),,137,,LSUBP00022
added,k:74b4223b2d4d,title+office,,,0219 CANES TESTING,,849,NP-41200
added,k:74b71a775556,title+office,,,"Meteorological and Oceanographic (METOC), Expeditionary and Joint Systems In-Service Engineering Agent (ISEA) Follow-On ",,714,NP-41100
removed,k:74ceea1e1a12,title+office,,Network Security IPT - SeaPort TO (C),,76,,LSUBP00024
removed,k:7514dd42f3b9,title+office,,"LIPTM00455, TCS GRCS Kit (C)",,363,,LSUBP00021
removed,k:75160ff9c749,title+office,,LIPTM00229 - IUSS IPT - 300-23-912 - JCDX (MORTON)-SEWP (C),,83,,LSUBP00022
removed,k:751987640803,title+office,,AFLOAT Sub C4I IPT Process and Documentation Support Base + 4 Options SEAPORT NEXGEN (C),,511,,LSUBP00035
added,k:757e58824a0a,title+office,,,X048 B-A40 Replace Air Handler on High Bay 2,,796,NP-83000
changed,k:758da1041e01,title+office,procurement_instrument,Delivery Order/Task Order,Delivery Order/Task Order (not under Federal Supply Schedule Contract),169,28,PMA/PMW-101
changed,k:758da1041e01,title+office,solicitation_fy,,TBD,169,28,PMA/PMW-101
changed,k:758da1041e01,title+office,solicitation_quarter,,TBD,169,28,PMA/PMW-101
added,k:75bec4b0a9d0,title+office,,,Bahamas MSS 3/4 (New),,415,PMW-740
added,k:75cc33793cc2,title+office,,,"LIPTM00328, Toughbook, CWITT Support, SEWP (C)",,389,LSUBP00035
removed,k:75e2afd739c4,title+office,,LIPTM00226-NAVAIR-FMS-KS-P3-23-002-TRIVEC-SEWP (C),,26,,LSUBP00006
removed,k:7614d34a991a,title+office,,LIPTM00149 - ASE - SSEE Inc F Peregrine - ASE-23-011 - SEWP (C),,130,,LSUBP00022
removed,k:7629fdbc4e8a,title+office,,Handyman Follow-On,,402,,8.0
removed,k:76542bd5df90,title+office,,LIPTM00149 - CCOP and ASE Engineering and Technical Support - CME (New TO) (C),,73,,LSUBP00022
added,k:76958f543fcf,title+office,,,0238 CBISEA INSURVE AT,,106,NP-41200
added,k:76c4fd3cd391,title+office,,,0218 CANES TESTING,,784,NP-41200
removed,k:76d5be5d1e1b,title+office,,LIPTM00448-FMS JAPAN AND AUSTRALIA AN/WSN-7 GEN ENG AND TECH FC-22 Upgrade& ISEA LTS for DDG-17x Ships (Atago &  Kongo) ,,242,,LSUBP00016
removed,k:770372dd4f7a,title+office,,"LIPTM00119, IC IPT, CVN-79 SATCC INCO SPARES, SEWP (C)",,545,,LSUBP00034
changed,k:770b15abe21c,title+office,anticipated_total_value,$50M - $100M,$100M - $250M,165,474,PMS-485
changed,k:770b15abe21c,title+office,procurement_method,Sole-Source,Sole Source,165,474,PMS-485
changed,k:770b15abe21c,title+office,contract_type,TBD,Fixed-Price,165,474,PMS-485
changed,k:770b15abe21c,title+office,procurement_instrument,"""C"" Type Contract",Single-Award Indefinite-Delivery,165,474,PMS-485
changed,k:770b15abe21c,title+office,solicitation_quarter,Q2,Q3,165,474,PMS-485
changed,k:770b15abe21c,title+office,award_quarter,Q1,Q2,165,474,PMS-485
changed,k:770b15abe21c,title+office,incumbent_contractor,BAE Systems,BAE SYSTEMS INFORMATION AND ELECTRONIC SYSTEMS INTEGRATION INC.,165,474,PMS-485
removed,k:772b702d3857,title+office,,"LIPTM00086/MyNavy Human Resources Solutions- Smartbear ReadyAPI! Software renewal, SEWP (C)",,481,,LSUBP00011
added,k:7738d706d7f5,title+office,,,Undersea Warfare (USW) Tactical Systems,,817,NP-56700
added,k:775df17c86ad,title+office,,,"LIPTM00303, DARPA IPT, I2O SETA NEW SEAPORT TO (C)",,642,LSUBP00049
added,k:77d104a1312a,title+office,,,0142  (TACNET)  (PIT),,806,NP-41200
added,k:77d55fc557dd,title+office,,,"LIPTM00358, JOINT FORCE MISSION SYSTEM, WASSP FORTIFY",,116,LSUBP00023
added,k:77d856d10768,title+office,,,"19891 LIPTM00257 PLANNING PID USS CARNEY (DDG 64), USS MASON (DDG 87), USS WINSTON S. CHURCHILL (DDG 81) INSTALLATIONS",,114,LSUBP00057
added,k:77fbc2c93a1e,title+office,,,Project Overmatch Professional Support Services (PSS) (C),,184,DRPM-NOA
added,k:781770e4d1ce,title+office,,,LIPTM00229 - IUSS IPT - 300-24-921-MISC Hardware (Outlaw)-SEWP (C),,400,LSUBP00022
added,k:787f403a8dfe,title+office,,,PMW 150 NILE next PSS contract (C),,174,PMW-150
added,k:79097ea67dc2,title+office,,,"LIPTMOO455, TCIO, IDOPS FDS-MC_S23 Phones (C)",,547,LSUBP00021
removed,k:79bb6154381a,title+office,,LBS-G PROD_TO 10_TBD,,404,,PMW-120
added,k:79ea3d7c9d37,title+office,,,"0242 - (CANES),  (ISEA) Technical Support",,104,NP-41200
added,k:7a45cadc08f9,title+office,,,N0003920D0020 ONE-Net Additional SOTS test unit,,443,PCE
added,k:7af6c9dfe6a7,title+office,,,"LIPTM00120, SDRS IPT, CHASSIS TRADE INS SPIRENT, SEWP (C)",,250,LSUBP00016
removed,k:7b67e256a1e3,title+office,,LIPTM00241 - USCG IPT - TELEVISION-DIRECT TO SAILORS - (T606 JG) SEWP (C),,13,,LSUBP00006
removed,k:7b7198e6b507,title+office,,"LIPTM00304, (PNT) Engineering IPT, MILCOTS (Rugged Panel 19"") &  INNODISK (ICF 1ME w/KIOXIA 15nm/Industrial) SEWP (C)",,263,,LSUBP00016
added,k:7bc991ea2fee,title+office,,,"LIPTM00464, DC2HS, FY24 CISCO ACI ARCHITECTURE HW, ESI - SEWP (C)",,347,LSUBP00066
removed,k:7bcca3cc39a3,title+office,,"LIPTM00251- Fleet Support Office IPT - USS Abraham Lincoln, CVN-72 and USS Ronald Reagan, CVN-76 VIDS Repair Support _NE",,446,,LSUBP00057
added,k:7bdad870f0a8,title+office,,,0224 ADNS DDG-130,,783,NP-41200
added,k:7c19738893d0,title+office,,,DMR - AHF AT - 24D2000,,455,PMW/A-170
removed,k:7c2577893c9c,title+office,,LIPTM00395 - MULTI MEDIA  IPT - TPL 23-052A-B -ESI (C),,66,,LSUBP00002
added,k:7c28d0086237,title+office,,,"LIPTM00321, NSIPT, SENSOR 2 GITLAB, ESI-SEWP (C)",,237,LSUBP00024
removed,k:7c55660a6417,title+office,,Common Control System (CCS) Software Support Services (SSA),,728,,532
removed,k:7c5b429c4785,title+office,,Small Business - Logistics Support - VTT - SeaPort TO (C),,280,,LSUBP00007
added,k:7d5b57c8daf1,title+office,,,TDL 0210 - TACTICAL COMMON DATA LINK (TCDL) AND MARITIME SURFACE TERMINAL (MST) MODERNIZATION SERVICES SUPPORT FOR U. S.,,857,NP-41100
removed,k:7d868755118d,title+office,,NAVCONBRIG Miramar ESCS Technical Support Guard Duress,,48,,LSUBP00010
added,k:7dbe9ecedabb,title+office,,,"LIPTM00006, Naval Command & Ops Center IPT, DIAL, New Large Contract (PPA LSUBP00002-0092)",,131,LSUBP00002
added,k:7e132fe6c017,title+office,,,"CISCO FOR CND CDT DCOI, CISCO ESI-SEWP (C)",,393,LSUBP00024
added,k:7e1d2c6deda1,title+office,,,"GIC TORFP 5049: Hardware Installation of C4ISR and Network related systems onboard USS Shiloh (CG 67), Pearl Harbor HI (",,760,NP-42100
removed,k:7e2fa8722047,title+office,,Precision Approach Radar Support Services,,688,,None
removed,k:7e3b2f328d22,title+office,,TEST AND STANDARDS SUPPORT SERVICES (TSSS),,722,,535
removed,k:7e3f7a81d77a,title+office,,Administrative Support Services,,668,,None
added,k:7e42fdef8d59,title+office,,,LIPTM00128-SOCS IPT-FPA-SOCS SDN SATCOM-SeaPort (C),,594,LSUBP00004
added,k:7e4fbeee2f6b,title+office,,,"LIPTM00081, PJSA IPT, DIANA Perimeter Installation",,269,LSUBP00010
added,k:7e6a39b1138f,title+office,,,0065 POP P00001,,821,NP-41200
changed,k:7ea8926d8fa7,title+office,procurement_instrument,Delivery Order/Task Order,Delivery Order/Task Order (not under Federal Supply Schedule Contract),292,569,LSUBP00021
changed,k:7ea8926d8fa7,title+office,solicitation_fy,,TBD,292,569,LSUBP00021
changed,k:7ea8926d8fa7,title+office,solicitation_quarter,,TBD,292,569,LSUBP00021
changed,k:7ea8926d8fa7,title+office,award_fy,FY23,FY24,292,569,LSUBP00021
removed,k:7ea9dce244ac,title+office,,NILE End to End Test Station (Market Research) (C),,396,,PMW-150
removed,k:7eb0a96e2051,title+office,,LIPTM00395 - MULTI MEDIA  IPT - 22-044 COMPACFLT AUDIO VISUAL Material - SEWP (C),,55,,LSUBP00002
removed,k:7eb33c49062b,title+office,,"LIPTM00248, , Afloat Submarine C4I IPT_ CSRR ARIES MATERIALS (C)",,557,,LSUBP00035
added,k:7ebadd964dfd,title+office,,,0221 ADNS LPD-30,,785,NP-41200
added,k:7ed087665ee3,title+office,,,"LIPTM00086/MyNavy Human Resources Solutions - DBSign Data Security Software purchase, SEWP (C)",,637,LSUBP00011
removed,k:7ed81838535b,title+office,,"LIPTM00467, 83300 Security, IPS Containers, GSA (C)",,315,,LSUBP00083
added,k:7f19ce981877,title+office,,,Platform Force Protection System (PFPS),,816,NP-56700
added,k:7f358d49367b,title+office,,,0215 (ADNS) Post Installation Training (PIT) System In Support of Operational Turnover,,846,NP-41200
removed,k:7f392ef9136d,title+office,,Relay Ground Stattion,,734,,None
added,k:7f3b990bf19b,title+office,,,"TO 0095 - CNRJ ATFP, ESS, AVVTC Sustainment new (C)",,763,NP-56700
removed,k:7f8d6639104b,title+office,,LIPTM00002_Polar Cyber Support_SEAPORT (C),,607,,LSUBP00001
added,k:801c29824222,title+office,,,LBUCS Rx - TO,,837,NP-55300
removed,k:8027003eb3f9,title+office,,LIPTM00229 - IUSS IPT - 300-23-928 - DELL WORKSTATION (Outlaw)-SEWP (C),,103,,LSUBP00022
added,k:80549023c28b,title+office,,,0251 ISEA CM SUPPORT,,826,NP-41200
removed,k:806bc102291b,title+office,,"LIPTM00086/MyNavy Human Resources Solutions- Phire Architect SW renewal, SEWP (C)",,595,,LSUBP00011
removed,k:80cf5b4ad6d8,title+office,,LIPTM00229 - IUSS IPT - 300-23-914 - JCDX 2 (POPE)-SEWP (C),,84,,LSUBP00022
added,k:81176a1013d4,title+office,,,LIPTM00388 - ALPS IPT SYSTEMS ENGINEERING SUPPORT-SeaPort (C),,588,LSUBP00011
removed,k:811bac3c1683,title+office,,Time and Frequency Distribution System,,696,,None
removed,k:816fb705a120,title+office,,"LIPTM00439, CRYPTO AND KM IPT, CRYPTO HNF BACKPLANES, CMS MAC",,364,,LSUBP00024
added,k:81dd71c5def2,title+office,,,0250 ISEA CB-ISEA ILS CaaS,,829,NP-41200
changed,k:81e354edc942,title+office,procurement_method,,TBD,272,583,LSUBP00021
changed,k:81e354edc942,title+office,contract_type,TBD,Fixed-Price,272,583,LSUBP00021
changed,k:81e354edc942,title+office,procurement_instrument,TBD,Delivery Order/Task Order (not under Federal Supply Schedule Contract),272,583,LSUBP00021
changed,k:81e354edc942,title+office,solicitation_fy,,TBD,272,583,LSUBP00021
changed,k:81e354edc942,title+office,solicitation_quarter,,TBD,272,583,LSUBP00021
changed,k:81e354edc942,title+office,award_fy,,FY24,272,583,LSUBP00021
changed,k:81e354edc942,title+office,award_quarter,,Q4,272,583,LSUBP00021
added,k:81f204736ee9,title+office,,,Order to Contract #N0003922D4001,,406,PMA/PMW-101
added,k:81f204736ee9,title+office,,,Order to Contract #N0003922D4001,,408,PMA/PMW-101
added,k:81f204736ee9,title+office,,,Order to Contract #N0003922D4001,,409,PMA/PMW-101
added,k:81f204736ee9,title+office,,,Order to Contract #N0003922D4001,,410,PMA/PMW-101
added,k:81f204736ee9,title+office,,,Order to Contract #N0003922D4001,,411,PMA/PMW-101
added,k:824356f352e5,title+office,,,ADNS Production MAC RFP #38 (C),,22,PMW-160
added,k:8252441c094f,title+office,,,LIPTM00156 - DCGS-N IPT - OPENTEXT - SEWP (C),,542,LSUBP00022
added,k:825340001c98,title+office,,,xDMS RFP 001 DDGM NMG,,774,NP-55100
added,k:82775737d399,title+office,,,C2P TR Call 5 (C),,193,PMW-150
removed,k:829aa9574181,title+office,,"LIPTM00252, BASED LOGISTICS-ORGANIC (PBLO), RACKS SAP",,305,,LSUBP00093
added,k:82e242c2f4e4,title+office,,,SLDCADA 2_FUTURE_ OY3_2027 (C),,94,Pf007NERP
removed,k:82fb20c2e5ac,title+office,,NEBS (C),,155,,Pf007NERP
added,k:83012e7cced0,title+office,,,LIPTM00480 - Business Applications In-Service Engineering Agent - BA-ISEA Reflection X Support Renewal - Micro Focus Gov,,636,LSUBP00056
added,k:8310fe8a3c64,title+office,,,0206 Add sub P00001,,822,NP-41200
added,k:83198de88dfb,title+office,,,PRIORITY 1 IST MFP,,98,NP-H5600
removed,k:834fd9298565,title+office,,5013 - NEW TASK ORDER USS AAMDS POLAND (HN 2) LIPTM00257 (C),,456,,LSUBP00057
removed,k:83611d1e03ff,title+office,,PEO C4I Executive Office Support Services (C),,418,,PEO-C4I
added,k:8369acd43c30,title+office,,,"LIPTM00120, SDRS IPT, JFW ORDER NGTC FY24, SEWP (C)",,660,LSUBP00016
removed,k:83773f92253c,title+office,,DMR -MUOS WF 3.2 SW Development (Phase II) - 18D0002,,205,,PMW/A-170
removed,k:840d01cdec2a,title+office,,"Command, Control, Communications, Computers, and Intelligence (C4I) Test and Evaluation, Independent Verification and Va",,727,,532
added,k:844c6105a5f9,title+office,,,5.0 Niche Contract- Red Team Operations (PPA XXX) (C),,591,LSUBP00080
removed,k:853317678d6d,title+office,,NSC2I FFG 63. (C),,181,,PMW-760
added,k:857c19bcc790,title+office,,,0200 ADN ISEA,,798,NP-41200
removed,k:8589ccfdf76f,title+office,,LIPTM00004_MIDS JTRS Equip_SEWP (C),,472,,LSUBP00001
changed,k:85b8af71e495,title+office,procurement_instrument,Delivery Order/Task Order,Delivery Order/Task Order (not under Federal Supply Schedule Contract),187,73,PMW-150
changed,k:85b8af71e495,title+office,solicitation_quarter,Q1,Q2,187,73,PMW-150
changed,k:85b8af71e495,title+office,award_quarter,Q4,Q3,187,73,PMW-150
added,k:85ef80ad99e4,title+office,,,DLTT Support - Seaport Base Award (C),,712,NP-53500
removed,k:86054b224800,title+office,,NSC2I TAO 207-210. (C),,182,,PMW-760
added,k:86817e29910a,title+office,,,"LIPTM00150, Expeditionary Signals Intelligence (SIGINT), TSCS-CESAS 3Q FY24 Procurement, NASA SEWP (C)",,382,LSUBP00021
added,k:8692a43f175c,title+office,,,"LIPTM00455, TCIO,IDOPS PROTOTYPE EQUIPMENT, SEWP (C)",,528,LSUBP00021
added,k:869c13c830f0,title+office,,,LIPTM00448-GFP disposition LCS and PC Class Navigation LCS Backfit Support-RobRaper0001-(WR Systems-NEW TO) N6523620D802,,144,LSUBP00016
removed,k:86af8475cae9,title+office,,Enterprise Business Systems (EBS) Division PM/FM Support Services,,604,,LSUBP00056
removed,k:86b67e1e5f9b,title+office,,ESRP TO38 '23OMN ISEA,,222,,PMW/A-170
removed,k:86c7539c0221,title+office,,CVN 74 RCOH Multifunction Copier Installation (C),,179,,PMW-750
removed,k:87256b5402fe,title+office,,All SATCOM Multi Award Contract - Admin (C),,374,,PMW/A-170
removed,k:87383ac53555,title+office,,"LIPTM00086/MyNavy Human Resources Solutions- BMC Control- M Software renewal, SEWP (C)",,590,,LSUBP00011
added,k:87578f2e4cbb,title+office,,,"LBUSP00026, C2ISR Department, SHORE C2ISR AND INTEGRATION DEPARTMENT SYSTEMS ENGINEERING AND TECHNICAL ASSISTANCE (SETA)",,311,LBUSP00026
added,k:875c0579e773,title+office,,,LIPTM00395 - MULTI MEDIA  IPT - TPL 23-121 COMNAVMETO SEWP (C),,511,LSUBP00002
added,k:876d23d60556,title+office,,,"LIPTM00324 Navy Cyber IPT - Engineering, Architecture, and Software Development - SeaPort NxGEN TO (base + 4 options) (C",,590,LSUBP00024
removed,k:87a6372844dd,title+office,,LIPTM00119-CVN-74 STB PROCUREMENT-SEWP (C),,514,,LSUBP00034
removed,k:87b84de1d270,title+office,,"LIPTM00486, SSTD IPT, LAPTOP BUY, SEWP (C)",,565,,LSUBP00035
removed,k:87c5624af2a6,title+office,,LIPTM00480 - Naval Tactical Command Support System - NTCSS FAME Laptop Suite - NASA SEWP (C),,488,,LSUBP00056
added,k:87cbad31244f,title+office,,,Network Integration Engineering Facility (NIEF) Engineering Services Follow-On (C),,735,NP-42100
removed,k:880e46f783b4,title+office,,STtNG SBIR Phase II.5 PNT Study - Admin,,379,,PMW/A-170
added,k:881bebc80202,title+office,,,LIPTM00241 - USCG IPT - ISM2 IRIDIUM EQUIP (T794/T795) - SEWP (C),,245,LSUBP00006
added,k:8847565e6ac7,title+office,,,MARFORCYBER Training (C),,741,NP-58400
added,k:88613f9b212b,title+office,,,"LSUBP00057 - Division Order - 8A Incubator - New TO Sole Source for planning, execution, and closeout of C3 Shore Integr",,123,LSUBP00057
added,k:886f8e7246ec,title+office,,,LIPTM00229 - IUSS IPT - 300-24-908- Hardware (Morton)-SEWP (C),,532,LSUBP00022
removed,k:88a5ddf733f1,title+office,,LIPTM00395 - MULTI MEDIA  IPT - TPL 23-052A-B MARFORCOM-SEWP (C),,67,,LSUBP00002
removed,k:89823e9bc829,title+office,,CVN 75 RCOH Removals and Shipboard Zone Integration (C),,175,,PMW-750
removed,k:89e184a09ec5,title+office,,"Development, Integration, and Certification Environment (DICE) and Naval Integrated
Live Virtual Constructive Environmen",,710,,535
changed,k:89e2f25e7f41,title+office,procurement_method,,TBD,573,208,LSUBP00015
changed,k:89e2f25e7f41,title+office,procurement_instrument,Delivery Order/Task Order,Delivery Order/Task Order (not under Federal Supply Schedule Contract),573,208,LSUBP00015
changed,k:89e2f25e7f41,title+office,solicitation_fy,FY23,FY24,573,208,LSUBP00015
changed,k:89e2f25e7f41,title+office,award_fy,FY23,FY24,573,208,LSUBP00015
added,k:8a2db2902198,title+office,,,TUBE PROTECTION ASSEMBLY (TPA) FABRICATION AND INSTALLATION - NEW SAC TO (Salient) N6236523D8015,,264,LSUBP00035
added,k:8a30ebfb6081,title+office,,,LIPTM00229 - IUSS IPT - 300-24-925-MISC Hardware (Lantiegne)-SEWP (C),,402,LSUBP00022
added,k:8a33d5901d33,title+office,,,LIPTM00003_MSSR Parrot_SEWP (C),,357,LSUBP00001
removed,k:8a80757f5365,title+office,,Forensics Equipment for USMC Program of Record (POR) (C),,293,,LSUBP00021
removed,k:8a8212d77876,title+office,,Universal Naval AI CORe eNvironement (UNACORN) Data Engineering Pipeline,,718,,535
removed,k:8a83e0cca1ec,title+office,,"LIPTM00119, IC IPT, LHA-9 DIAS2 ANN PROCUREMENT, SEWP (C)",,570,,LSUBP00034
removed,k:8a95720afc0f,title+office,,"LIPTM00248 - AFLOAT SUB C4I IPT -804-805 and 826 ECS and CANES/COATS Integration, 802 and 803 CANES Dockside Integration",,536,,LSUBP00035
removed,k:8a97cfe48cd0,title+office,,LIPTM00116-UCVS IPT-OTDR MODULEPROCUREMENT-SEWP (C),,559,,LSUBP00015
added,k:8aa8f8e85e48,title+office,,,Modification to Contract # N6523622F0613,,122,LSUBP00004
added,k:8abbc68185f0,title+office,,,Business Applications Follow-On. (C),,693,NP-53400
added,k:8b657e5d0dfd,title+office,,,"LIPTM00455, TCIO, Forensics Equip 3 for USMC POR, GSA (C)",,352,LSUBP00021
added,k:8b67f23096cf,title+office,,,Salesforce (C),,707,NP-20000
added,k:8b74c7d40c72,title+office,,,VLF/LF TO 022,,792,NP-75200
removed,k:8ba81589158b,title+office,,DMR - DMR Parts Repair - 22R2000,,198,,PMW/A-170
added,k:8bd1b8e6b61d,title+office,,,PEO Digital Research & Advisory Services Follow On Effort (C),,97,PCE
removed,k:8bfce861a645,title+office,,PID4262023-2 (C),,438,,LSUBP00080
removed,k:8c2bba5719e9,title+office,,"LIPTM00447, SECURE VOICE SOLUTIONS IPT - DRSN NEW TO (NEW 3 YR SAC)",,524,,LSUBP00015
removed,k:8c42e9dd9f13,title+office,,LIPTM00004_FAA_MMATCT_SEWP (C),,470,,LSUBP00001
removed,k:8c43d760cbe9,title+office,,"TACMOBILE ENGINEERING, INTEGRATION & INSTALLATION SUPPORT (C)",,22,,LSUBP00006
removed,k:8c47dd01295c,title+office,,MIDS Engineering/Logistics Re-compete/21F3011 Follow-On (C),,189,,PMA/PMW-101
added,k:8c7561f8be7b,title+office,,,"LIPTM00455, TCIO, NEW TO, NEW SERVICE CONTRACT (C)",,230,LSUBP00021
removed,k:8ca0b8a06ff4,title+office,,LIPTM00003_NAVFIG_ATC MAC (C),,609,,LSUBP00001
added,k:8ca825353720,title+office,,,"LSUBP00002, Command & Ops Center Div, Seaport, New TO (C)",,550,LSUBP00002
removed,k:8cdf0e16e613,title+office,,MOS TC CPU Repair,,161,,PMW-150
added,k:8cf33ad72896,title+office,,,DLS FSE_Two (2) Korean terminals_troubleshoot,,428,PMA/PMW-101
added,k:8cf729904adb,title+office,,,0243 CANES PIT,,823,NP-41200
removed,k:8d09c8b4752b,title+office,,LIPTM00107 - Naval Tactical Command Support System - Atlassian Support Renewal - Atlassian ESI SEWP (C),,492,,LSUBP00056
removed,k:8d2241d9b7b7,title+office,,LBS G Production TO XX New Order,,401,,PMW-120
added,k:8d2695813515,title+office,,,Senior Consultation Support Services-Future_Base Year 2027 (C),,80,Pf007NERP
added,k:8d8422b19dc6,title+office,,,LIPTM00304-IWRP-TFDS-R OTP 20LANT-0113-Production Follow-on Contract-(Brandywine-New Base),,289,LSUBP00016
removed,k:8d9777b281c3,title+office,,"LIPTM00290, TSI IPT, Blue Coat SW, SEWP (C)",,109,,LSUBP00004
added,k:8dab12e2b10a,title+office,,,"LIPTM00455, TCIO, TCS MS INC 1 COMPUTE BOXES, SEWP (C)",,633,LSUBP00021
removed,k:8db343d5e99f,title+office,,LIPTM00003_Sunhillo_RICI-6000 Translators_GSA (C),,479,,LSUBP00001
removed,k:8dc4a9a7a497,title+office,,LIPTM00454 -MCBOSS - PUPPET - SEWP (C),,141,,LSUBP00064
removed,k:8dcf4cc7f410,title+office,,LIPTM00448-AN/WSN-9 DIGITAL HYBRID SPEED LOG (DHYSL) PRODUCTION SUPPORT-Marsh0014-(WR Systems-NEW),,238,,LSUBP00016
added,k:8e269733e3bf,title+office,,,"LIPTM00119, IC IPT, VIDEO IPTV SYSTEMS, SEWP (C)",,244,LSUBP00034
removed,k:8e76f6f32d1a,title+office,,LIPTM00460 Telephony Palo Alto Annual Renewal ESI BPA (SEWP) (C),,345,,LSUBP00087
removed,k:8ea959ca54c8,title+office,,LIPTM00454 -MCBOSS - GITLAB RENEWAL - SEWP (C),,146,,LSUBP00064
removed,k:8eb0d8a7297b,title+office,,LIPTM00460 FY23 RDT&E  CISCO Catalyst 9300 ESI (C),,343,,LSUBP00087
added,k:8eba47f9caf4,title+office,,,0225 ISNS SOVT support,,842,NP-41200
added,k:8ed23773fc1c,title+office,,,ADNS Production MAC RFP #44 (C),,25,PMW-160
changed,k:8f368758bdd5,title+office,procurement_method,,Sole Source,429,459,PMW-790
changed,k:8f368758bdd5,title+office,contract_type,TBD,Cost-Reimbursement,429,459,PMW-790
changed,k:8f368758bdd5,title+office,procurement_instrument,Delivery Order/Task Order,Delivery Order/Task Order (not under Federal Supply Schedule Contract),429,459,PMW-790
changed,k:8f368758bdd5,title+office,solicitation_fy,FY23,FY24,429,459,PMW-790
changed,k:8f368758bdd5,title+office,solicitation_quarter,Q4,Q3,429,459,PMW-790
changed,k:8f368758bdd5,title+office,award_fy,FY23,FY24,429,459,PMW-790
changed,k:8f368758bdd5,title+office,follow_on_or_new,,New,429,459,PMW-790
added,k:8f51e780f2e8,title+office,,,0144 (ADNS)  (ISEA),,804,NP-41200
added,k:8f657746565d,title+office,,,Bundle 18 TO #N6523623D1002,,292,LSUBP00083
removed,k:8f6d91749a57,title+office,,LIPTM00248 - AFLOAT SUB C4I IPT - FY23 Columbia (CLB) Arbor Equipment and PLAR updates - NEW SAC DO - CORPORATE PRODUCTI,,535,,LSUBP00035
removed,k:8f880591fd37,title+office,,"Project Management Tools, Policy, and Processes Support Services",,673,,None
removed,k:8f927abd6216,title+office,,"LIPTM00118, TACTICAL NETWORK SOFTWARE SUPPORT, HAIVISION SUPPORT RENEWAL, SEWP (C)",,95,,LSUBP00063
added,k:8fc782e1984c,title+office,,,ENGINEERING SUPPORT SERVICES. (C),,330,PMW-760
removed,k:900306af274b,title+office,,LIPTM00439-KMI Bracket Procurement and Assembly POP 12 Months,,125,,LSUBP00024
added,k:9059ef15bae9,title+office,,,Order to Contract #N6523618D8014,,120,LSUBP00007
added,k:905bd788f57c,title+office,,,"SHARKCAGE CENTRAL SITE EXADATA HW SUPT RENEWALS, SEWP (C)",,243,LSUBP00024
removed,k:9065900a5725,title+office,,LIPTM00107_Naval Tactical Command Support System (NTCSS) Support Services-SeaPort TO (C),,140,,LSUBP00056
changed,k:9078e1765bb5,title+office,procurement_method,,TBD,269,580,LSUBP00021
changed,k:9078e1765bb5,title+office,contract_type,TBD,Fixed-Price,269,580,LSUBP00021
changed,k:9078e1765bb5,title+office,procurement_instrument,TBD,Delivery Order/Task Order (not under Federal Supply Schedule Contract),269,580,LSUBP00021
changed,k:9078e1765bb5,title+office,solicitation_fy,,TBD,269,580,LSUBP00021
changed,k:9078e1765bb5,title+office,solicitation_quarter,,TBD,269,580,LSUBP00021
changed,k:9078e1765bb5,title+office,award_fy,,FY24,269,580,LSUBP00021
changed,k:9078e1765bb5,title+office,award_quarter,,Q4,269,580,LSUBP00021
changed,k:9094c7294b6b,title+office,anticipated_total_value,$100M - $250M,No Range Specified,188,57,DRPM-NOA
changed,k:9094c7294b6b,title+office,procurement_method,TBD,Small Business Set-Aside,188,57,DRPM-NOA
changed,k:9094c7294b6b,title+office,procurement_instrument,Delivery Order/Task Order,Delivery Order/Task Order (not under Federal Supply Schedule Contract),188,57,DRPM-NOA
added,k:90971a1572d2,title+office,,,Romania MDA Amendment 2,,412,PMW-740
changed,k:90b1838be22e,title+office,anticipated_total_value,$50M - $100M,$100M - $250M,423,51,PMW-790
changed,k:90b1838be22e,title+office,procurement_method,,Full and Open Competition,423,51,PMW-790
changed,k:90b1838be22e,title+office,contract_type,TBD,Fixed-Price,423,51,PMW-790
changed,k:90b1838be22e,title+office,solicitation_fy,FY23,FY24,423,51,PMW-790
changed,k:90b1838be22e,title+office,award_fy,FY24,FY25,423,51,PMW-790
added,k:90cdabf2a618,title+office,,,Nites Next Follow-On Contract (C),,96,PMW-120
removed,k:90d88938f1d1,title+office,,LIPTM00004_MSAB Tower Integration_ATC MAC (C),,615,,LSUBP00001
added,k:9113ee82b410,title+office,,,0244 CANES Tech Training,,820,NP-41200
added,k:91e6c399c8b6,title+office,,,Seaport - TacAir RIL (C),,767,NP-53500
changed,k:91fff5b686f8,title+office,procurement_method,,Sole Source,392,469,PMW/A-170
changed,k:91fff5b686f8,title+office,solicitation_fy,FY23,FY24,392,469,PMW/A-170
changed,k:920a99a67887,title+office,procurement_method,,Full and Open Competition,416,66,PMW-790
changed,k:920a99a67887,title+office,contract_type,Fixed-Price,Cost-Reimbursement,416,66,PMW-790
changed,k:920a99a67887,title+office,solicitation_quarter,Q1,Q3,416,66,PMW-790
changed,k:920a99a67887,title+office,award_quarter,Q4,Q3,416,66,PMW-790
added,k:924cbfce6345,title+office,,,DMR - 200W/100W PA Production Contract (New) (C),,52,PMW/A-170
added,k:925491910507,title+office,,,"LIPTM00119, IC IPT, CVN-81/LHA-9 SATCC SYSTEMS & FRAME, SEWP (C)",,505,LSUBP00034
added,k:926231e0bc6e,title+office,,,"Marine Mammal Scientific, Veterinary, and Volunteer Support",,787,NP-56700
removed,k:928b2ad1439c,title+office,,High Performance Computing Modernization Program (HPCMP) Enterprise Network Support,,701,,HPCMP
added,k:931e6bb63cdc,title+office,,,0246 CANES ISEA Tech Support,,828,NP-41200
removed,k:932fc78f53a9,title+office,,5008 - NEW TASK ORDER USS FORT LAUDERDALE LIPTM00426 (C),,455,,LSUBP00057
added,k:933f4dbb890a,title+office,,,Audit Liasion and Remediation IT General Control (ITGC) Future Procurement - OY1 2029 (C),,83,Pf007NERP
added,k:9387656d3db3,title+office,,,"LIPTM00071, HAIMS Support - CISCO H/W and cabling - NASA SEWP (C)",,615,LSUBP00009
removed,k:93a05d2f3e2b,title+office,,LIPTM00304-AN/WSN-12 INERTIAL NAVIGATION SYSTEM PRODUCTION AND SUPPORT-DeGroff0002-(WR Systems-NEW),,243,,LSUBP00016
added,k:93d05bbe5f55,title+office,,,Cyber 5G Support CISA - TO (C),,684,NP-55300
removed,k:93de095f6f50,title+office,,PEO Digital Research & Advisory Services Follow On (C),,9,,CSBO
removed,k:9412d047e72f,title+office,,"LIPTM00426, FIO FSO C4I SMR REPAIR, Chugach Dept SAC, Base + 4 OYs",,12,,LSUBP00057
removed,k:941b612ba4ff,title+office,,"LIPT00455-TCIO, UGS KIT, SEWP (C)",,287,,LSUBP00021
added,k:941cbf222cde,title+office,,,Audit Liasion and Remediation IT General Control (ITGC) Future Procurement - Base Yr 2028 (C),,82,Pf007NERP
removed,k:9425248b7254,title+office,,LIPTM00004_MEARTS FY24_SAC,,612,,LSUBP00001
removed,k:94478f2b93f1,title+office,,"LIPTM00150, Expeditionary Signals Intelligence (SIGINT), CESAS II FoS Back-Packable Kits, NASA SEWP (C)",,319,,LSUBP00021
added,k:9488c7b54584,title+office,,,"LIPTM00461, 5.9 Service Center, Camera equip, GSA (C)",,624,LSUBP00080
removed,k:94a1418a8f2c,title+office,,LIPTM00120 - SDRS IPT Technical Support - SeaPort-NxG Base + 4 Option Years (C),,230,,LSUBP00016
removed,k:94a60a67f6a6,title+office,,"LIPTM00447, Secure Voice Solutions IPT, DDG - 125, NEW TO SAC - 19-D-8002",,526,,LSUBP00015
removed,k:94a7e34bb738,title+office,,LIPTM00229 - IUSS IPT - 300-23-927 - CISCO Routers (Outlaw)-SEWP (C),,102,,LSUBP00022
removed,k:94df88189aa7,title+office,,"LIPTM00467, 8.0, Facilities, V53 Turnkey Solution, GSA (C)",,603,,LSUBP00083
removed,k:957000197224,title+office,,"LIPTM00336, Distributed Common Ground Surface System, Palo Alto(2), SEWP (C)",,317,,LSUBP00021
added,k:95873e20b8f2,title+office,,,"LIPTM000454, E2IS IPT ePS Mark Logic, SEWP (C)",,233,LSUBP00064
added,k:96029f47d14b,title+office,,,LIPTM00480 - Business Applications In-Service Engineering Agent - BA-ISEA Spares Laptop Requirement - NASA SEWP (C),,635,LSUBP00056
removed,k:9610585f1e43,title+office,,Audit Liasion and Remediation Follow-On IT General Control (ITGC) (C),,228,,Pf007NERP
added,k:9616ea28baf4,title+office,,,"LBS-G Production TO 17, FY24 RDT&E",,480,PMW-120
added,k:963c4a2b4e80,title+office,,,"LIPTM00455, TCIO, TCS UGS INC SENSORS, SEWP (C)",,548,LSUBP00021
added,k:9692368de935,title+office,,,"LIPTM00464, DC2HS, FY24 TRELLIX ESS-DLP, ESI - SEWP (C)",,668,LSUBP00066
removed,k:96ff444615d4,title+office,,"LIPTM00304, (PNT) Engineering IPT, ELECTRIC BOAT (VA Master Controller and Electromagnetic Log Voltage Simulator (ELVS) ",,268,,LSUBP00016
removed,k:974a8b038cab,title+office,,"Vessel Operations, Maintenance, Upkeep & Repair of R/V Acoustic Explorer",,658,,None
removed,k:9776de1b0855,title+office,,Fleet Installation & Response Division Project and Financial Management Support,,654,,LSUBP00057
removed,k:97a4c5a8e311,title+office,,"LIPTM00346, Ceiling Increase, PWS changes Fielded Ground Systems (FGS) IPT, Mod, Pop Extension,",,326,,LSUBP00007
removed,k:97a5bfc00b6d,title+office,,LHA 8 Shipboard Integration (C),,656,,PMW-750
added,k:97a9c7ccb595,title+office,,,ATIP DO #TBD - Long Lead Item Procurement,,438,PMW/A-170
added,k:980e89d1b198,title+office,,,LIPTM00480 - Business Applications In-Service Engineering Agent - BA-ISEA Spares Hardware Requirements - NASA SEWP (C),,372,LSUBP00056
added,k:984b5a06f4f0,title+office,,,MIDS-LVT IDIQ - New Contracts (C),,50,PMA/PMW-101
added,k:987bcfd00cc0,title+office,,,02 MOS Mod with TTNT Development,,445,PMW-150
removed,k:98c3a8bdd946,title+office,,"LIPTM00074, HEALTH SYSTEMS INFRASTRUCTURE, 23-008 MISC for FT.BRAGG, NH JAX, CAMP LEJEUNE, PETERSON AFB, TRAVIS AFB, KOR",,211,,LSUBP00009
removed,k:98ca03ca9933,title+office,,DMR - ATC Phase 3 - 22R2000,,196,,PMW/A-170
removed,k:98d60f4c8a3b,title+office,,LLC 7M DO 15: LLC 7M fixes,,407,,PMW-150
removed,k:98f6f171e1f0,title+office,,PNBC Philadelphia LAMAS Alarm Integration,,38,,LSUBP00010
added,k:990a887481ce,title+office,,,LIPTM00267; Information Warfare Research Project 2 (IWRP-2) OTA Project Number 24-LANT-2054,,113,LSUBP00010
added,k:992c2d41846d,title+office,,,LCM Feasibility Study (Nations),,456,PMA/PMW-101
added,k:992ea4cc1a8e,title+office,,,"LIPTM00460, Telephony, NOLA, CATALYSTS/PHONES,ESI SEWP (CISCO) (C)",,348,LSUBP00087
removed,k:994a6bb23df1,title+office,,LIPTM00003_Remote Comms & Microwave Link_ATC SAC,,614,,LSUBP00001
removed,k:9953fda56096,title+office,,Modeling and Simulation 23,,168,,PMS-485
removed,k:9956aa524111,title+office,,"LIPTM00386, CIO, S2IPT, DWBIS, Quest software, SEWP (C)",,314,,LSUBP00087
removed,k:99628e7226ed,title+office,,"Position, Navigation and Timing (PNT) Division Laboratory Support",,703,,None
removed,k:996ef5974a29,title+office,,CANES MAC- N0003923R9101 (C),,647,,PMW-160
added,k:99fc7cb21b94,title+office,,,"LIPTM0080, NATFP IPT, NAVCONBRIG Technical Support Sustainment, New TO 8(a) Incubator",,257,LSUBP00010
removed,k:9a37bd875510,title+office,,CANES MAC- N0003923R9103 Components (C),,648,,PMW-160
added,k:9a61e05c7e83,title+office,,,Special Projects and Electronic Systems Follow-On Action (C),,713,NP-41100
added,k:9a685854d7e7,title+office,,,LIPTM00448-SSN 810 & SSN 811 RLGN Refurbishments-RobZickau00XX-(Northrop Grumman-NEW),,270,LSUBP00016
removed,k:9a70e4073f30,title+office,,LIPTM00395 - MULTI MEDIA  IPT - TPL 23-092A-D -ESI (C),,63,,LSUBP00002
removed,k:9af242ba3e5f,title+office,,Network Integration Engineering Facility (NIEF) Production Svcs MAC,,684,,None
added,k:9b17341c0f72,title+office,,,"LIPTM00086/MyNavy Human Resources Solutions - Forescout Comply-to-Connect (C2C) bundle software purchase, DOD ESI (C)",,625,LSUBP00011
removed,k:9b36f93c7571,title+office,,DMR - PA MAC Follow-on (C),,191,,PMW/A-170
removed,k:9b3fe46906c1,title+office,,LIPTM00454 - MCBOSS - F5 RENEWAL - SEWP (C),,148,,LSUBP00064
changed,k:9c2f8a4cf6fc,title+office,procurement_method,,Sole Source,412,460,PMW/A-170
changed,k:9c2f8a4cf6fc,title+office,award_quarter,Q2,Q3,412,460,PMW/A-170
removed,k:9c99775f60ab,title+office,,PEO C4I PMW 740 TAIWAN SHIP INSTALLATIONS (C),,632,,PMW-740
removed,k:9cbeb906ed08,title+office,,"LIPTM00119, IC IPT, DDG CIRCUIT 32TV PROCUREMENT, SEWP (C)",,582,,LSUBP00034
removed,k:9ce31eb724ec,title+office,,LIPTM00304-UNMANNED SURFACE VEHICLE (USV) NAVIGATION SYSTEMS SUPPORT-Marsh0016-(WR Systems-NEW),,252,,LSUBP00016
removed,k:9d7d22af69e1,title+office,,SHIPBOARD ADVANCED TACTICAL DATA LINK (ATDL) ENGINEERING SUPPORT,,714,,535
added,k:9d82e601367e,title+office,,,MPO Lot 13 HW Purchase (C),,202,PMA/PMW-101
removed,k:9db8317401c3,title+office,,"Prototyping and Test and Evaluation for Emerging Positioning, Navigation, and Timing Technologies",,739,,None
added,k:9e25c5b7afe9,title+office,,,LIPTM00346 Fielded Ground Systems (FGS) Mobile Command Vehicle (MCV) Production Support,,261,LSUBP00007
added,k:9e73ee80d540,title+office,,,"LIPTM00120, SDRS IPT, SCEPTRE ONR FY24, SEWP (C)",,367,LSUBP00016
added,k:9e8ef4d6403e,title+office,,,GIC TOID 5103 - Hardware Install C4ISR Network Related Systems MSC Ships PAC AOR (C),,696,NP-42100
removed,k:9eafbaf587f6,title+office,,"LIPTM00476, NISE, RP-23-008, ELASTIC SOFTWARE SUBSCRIPTION, SEWP (C)",,439,,LSUBP00049
added,k:9ec6c74e4037,title+office,,,"LIPTM00174, AIR & SPACE, Aircraft Procurement Navy 6, ESI Cisco (C)",,226,LSUBP00023
added,k:9ef4e925a250,title+office,,,SATCOM CB-ISEA Antenna Restoration Follow-On Action (C),,731,NP-41200
added,k:9f085721101d,title+office,,,Appian DOD ESI (C),,751,NP-55300
added,k:9f435b2e3bfe,title+office,,,LIPTM00502 - Advanced Technology Development (ATD) Integrated Product Team (IPT) Engineering Support (C),,235,LSUBP00004
removed,k:9f44b6164670,title+office,,NOA SIBR ESS (C),,170,,DRPM-NOA
removed,k:9f5050b40ddc,title+office,,LIPTM00149 - ASE - SSEE CDE JFrog and SonarSource Licenses and Maintenance - ASE-23-042 - SEWP (C),,134,,LSUBP00022
removed,k:9f54b1d2536f,title+office,,NGA CMS Lifecycle Optimization (C),,40,,LSUBP00010
removed,k:9f64bafd34e0,title+office,,LIPTM00250 - SHORE SUB C4I IPT - FIXED SUBMARINE BROADCAST SYSTEM (FSBS) TUBE TO SOLID REQUIRMENTS DOCUMENT AND GROUND S,,530,,LSUBP00035
added,k:9fa020ac9af9,title+office,,,"LIPTM00128, New Order Navy EDN Maritime SATCOM",,117,LSUBP00004
added,k:9fbde00ad919,title+office,,,0222 ADNS DDG-142,,786,NP-41200
added,k:9ff1dde53835,title+office,,,DMR OE-570 - DDG 125 OE-570 Antenna Repair - 18D0004,,442,PMW/A-170
removed,k:a004eac5c38e,title+office,,"LIPTM00321, C4I, NS IPT, CND IXIA HW/SW RENEWALS, SEWP (C)",,101,,LSUBP00024
removed,k:a02631c2e444,title+office,,LIPTM00478 CSSP CISCO SWITCH REPLACEMENT SEWP/DOD-ESI (C),,214,,LSUBP00009
added,k:a03189d326e0,title+office,,,Navy Personnel and Pay (NP2) Task Order 003 Award with Incremental Funding,,314,Pf004MNHR
added,k:a0684dea4b00,title+office,,,"LIPTM00086/MyNavy Human Resources Solutions - Smartbear Ready! API Software renewal, SEWP (C)",,378,LSUBP00011
added,k:a0a2c510b26a,title+office,,,"LIPTM00174, Air and Space IPT, New SWRi TO",,304,LSUBP00023
removed,k:a0b663e0c373,title+office,,DMR - Lab Repairs - 22R2000,,193,,PMW/A-170
added,k:a0c5682ddf2f,title+office,,,"CIO, DAS, CELLPHONE REPEATER, IBWAVE, SEWP (C)",,324,LSUBP00087
removed,k:a0dc626739c5,title+office,,"LIPTM00214, C4I Foreign Military Sales IPT, Satellite Phones,SEWP (C)",,15,,LSUBP00006
added,k:a113302bba56,title+office,,,ATIP DO # TBD- Non-Warranty Hardware Repairs,,437,PMW/A-170
removed,k:a14e9fb09d98,title+office,,US Space Command New Command and Control (C2) Facility (C2F) Audioo Visual (AV) Design and Installation Support,,724,,536
removed,k:a1610ada042a,title+office,,ADNS Production MAC RFP #24 (C),,208,,PMW-160
added,k:a17f36187fc9,title+office,,,DMR OE-570 - 5 Year Extension -18D0004,,467,PMW/A-170
added,k:a189d26e2ae1,title+office,,,"LIPTM00448-OMN, DHYSL Tech, Training, Conventional Nav, WSN2/2A Screen & Repair, GFP Management-(WR Systems-NEW)",,148,LSUBP00016
added,k:a18f7790630e,title+office,,,"LIPTM00478, Cyber Security Service Provider Support II, Seaport (C)",,530,LSUBP00009
added,k:a1a687860793,title+office,,,LIPTM00116-UCVS IPT - Dam Neck NSWC Dahlgren HW Procurement-SEWP (C),,374,LSUBP00015
changed,k:a1be893c133f,title+office,procurement_method,SDVOSB Set-Aside,TBD,420,30,PMW-770
changed,k:a1be893c133f,title+office,procurement_instrument,TBD,Delivery Order/Task Order (not under Federal Supply Schedule Contract),420,30,PMW-770
changed,k:a1be893c133f,title+office,solicitation_fy,,FY25,420,30,PMW-770
changed,k:a1be893c133f,title+office,solicitation_quarter,,Q1,420,30,PMW-770
changed,k:a1be893c133f,title+office,existing_contract_number,N0003920F3014,N0017819D7674 TO N0003920,420,30,PMW-770
added,k:a1e15e4cb6ff,title+office,,,LIPTM00395 - MULTI MEDIA  IPT - TPL 23-029/047 NON CISCO GEAR NECC BLDG 3504 SEWP/ESI (C),,499,LSUBP00002
added,k:a1f142b2c051,title+office,,,0240 TACNET CBISEA Carry-On Program (ICOP),,110,NP-41200
added,k:a20c05664656,title+office,,,"Program and project management, policy, and process support services  - Follow-on Action (C)",,718,NP-60000
added,k:a21db112fb0e,title+office,,,"LIPTM00164, SOSI, Maritime FMS, New Production Order UK",,280,LSUBP00021
added,k:a2b50bfe6e54,title+office,,,SEAPORT TO - SHIPBOARD ADVANCED TACTICAL DATA LINK (ATDL) ENGINEERING SUPPORT (C),,744,NP-53000
added,k:a2f314c74fe4,title+office,,,"LIPTM00120, SDRS IPT, ZONE B SERVER UBE ONR FY24 - SEWP (C)",,631,LSUBP00016
added,k:a307df21de87,title+office,,,NIEF: RFP E2038: AN/USQ-144 M(V)3 OH & VA Class First Article Builds,,819,NP-42100
removed,k:a31c25533c9a,title+office,,LIPTM00001_SLIP RINGS_CLIN 0002_EEC,,471,,LSUBP00001
removed,k:a31ddafc7d39,title+office,,"LIPTM00238, CWITT&SWFTS MOD IPT - MISC HARDWARE, SEWP (C)",,517,,LSUBP00035
added,k:a3395814f3a6,title+office,,,CANES MAC- RFP N0003924R9110 (C),,192,PMW-160
added,k:a3b5b0a343e7,title+office,,,"LIPTM00304-PNT ENG IPT - WSN7A Proc/Prod (TI-22 builds, VA CLASS BUHR, iPNT, ECDU, SCDU, TFDS-R, COLUMBIA CLASS ECDU, SC",,276,LSUBP00016
added,k:a3f8f1da20b3,title+office,,,LIPTM000245 - LDNC IPT - USS JOHN F. KENNEDY (CVN-79) MISSION BAY 8 & 9 ENGINEERING SUPPORT - N65236-21-D-8009 Chugach (,,266,LSUBP00034
added,k:a45bf89228c1,title+office,,,"LIPTM00248, Afloat Submarine C4I IPT_ CSRR HEAT EXCHANGERS and associated EQUIPMENT, SEWP (C)",,336,LSUBP00035
removed,k:a469d82046fb,title+office,,COMMAND AND CONTROL PROCESSOR (C2P) MODERNIZATION (MOD) SOFTWARE ENGINEERING SERVICES (SES),,711,,535
added,k:a4a14cec0a56,title+office,,,TECRO Installation Support Services (C),,27,PMW-740
added,k:a4c4097d4803,title+office,,,"LIPTM00464, DC2HS, FY24 CITRIX RENEWAL, SEWP (C)",,626,LSUBP00066
added,k:a4d77c822a3a,title+office,,,"LIPTM0081, PJSA IPT, NCE RIF Expansion SAC",,169,LSUBP00010
removed,k:a510612c488d,title+office,,EPI DIV PMFM Support,,327,,LSUBP00007
added,k:a53a8ad22899,title+office,,,Taiwan Engineering Support (2024) (C),,26,PMW-740
removed,k:a5529a71be9d,title+office,,"LBUSP00030, Corporate Operations, Business Process Modeling",,298,,LBUSP00030
added,k:a59a4f9e1175,title+office,,,"LIPTM00119, IC IPT, CVN SATCC DISTRIBUTION FRAME PROCUREMENT, SEWP (C)",,686,LSUBP00034
added,k:a5fdd4a3336b,title+office,,,Order to Contract #N0003922D4001 - RPS BU2,,416,PMA/PMW-101
added,k:a60e18fe91e5,title+office,,,GIC TORFP 5029: ESS Upgrade at EXTERNAL COOPERATION OFFICE SINGAPORE (C),,759,NP-42100
removed,k:a70f8b654ce6,title+office,,Tactical Networks (TACNET) In-Service Engineering Agent (ISEA),,683,,None
added,k:a7540e662c3e,title+office,,,LBS-G Production N0003921D6001_Ceiling Increase Mod_FY26,,316,PMW-120
added,k:a7731a7b8599,title+office,,,25FSETA/AWARD 2025,,318,JTNC
removed,k:a77da4326fb9,title+office,,LIPTM00480 - Naval Tactical Command Support System - VE3 Tabletop Cisco Switches - CISCO ESI BPA - SEWP (C),,150,,LSUBP00056
added,k:a797f4e21d7b,title+office,,,LIPTM00229 - IUSS IPT - 300-24-922-Trainer/MISC Hardware (Moeller)-SEWP (C),,401,LSUBP00022
removed,k:a7cb2a87c0a0,title+office,,"LIPTM00074, DHA/HSI IPT, 23-011 CISCO for MESOC-SAN ANTONIO, TX & WALTER REED NMMC-SEWP (C)",,213,,LSUBP00009
added,k:a7e29feb1e3f,title+office,,,"LIPTM00455, TCIO TCS RADAR 1, SEWP (C)",,646,LSUBP00021
added,k:a7e69f3e97dd,title+office,,,"LIPTM00415-Radio Comms IPT, Tactical Variant Switch (TVS)-New MAC (FFP)",,153,LSUBP00016
added,k:a7fabe63280c,title+office,,,NESD MSC On-Boarding,,413,COO
added,k:a8064ee67fd1,title+office,,,Automated Vechicle Barrier (AVB) Follow-On Action (C),,728,NP-41100
changed,k:a8999e22a6aa,title+office,procurement_instrument,"""C"" Type Contract",Single-Award Indefinite-Delivery,225,53,FRD
changed,k:a8999e22a6aa,title+office,solicitation_fy,FY23,FY24,225,53,FRD
changed,k:a8999e22a6aa,title+office,solicitation_quarter,Q4,Q1,225,53,FRD
changed,k:a8999e22a6aa,title+office,award_quarter,Q1,Q3,225,53,FRD
added,k:a8dbb6125e70,title+office,,,LIPTM00248 - FY24 Global Broadcast System (GBS) Procurement and Kitting - NEW SAC DO - CORPORATE PRODUCTION,,154,LSUBP00035
removed,k:a97fbc171491,title+office,,"LIPTM00086/MyNavy Human Resources Solutions- Subversion (SVN) Open Source Software (OSS)/Tortoise SVN Software support, ",,484,,LSUBP00011
added,k:a9959b46da44,title+office,,,SLDCADA 2_FUTURE_ OY2_2026 (C),,93,Pf007NERP
added,k:aa2384a2ea6a,title+office,,,LIPTM00004_MEARTS_SAC_Follow-On (PPA LSUBP00001-0007),,138,LSUBP00001
added,k:aa6719ae6ed7,title+office,,,PSS Recompete/20F3016 Follow-On (C),,177,PMW-160
removed,k:aaab12de8b49,title+office,,LITPM00149 - BA Division CM & ILS Support (3915 follow on) - Seaport New TO Base+4OY (C),,79,,LSUBP00022
added,k:aad3e3a63be0,title+office,,,LIPTM00241 USCG IPT L-3 NEW TASK ORDER (SUSTAINMENT),,253,LSUBP00006
added,k:aade5e50247d,title+office,,,Antenna Restoration RFP 7004 - Reflector Assembly Restoration,,779,NP-41200
removed,k:ab23cd58a165,title+office,,"Joint Integrated Fires, Command, Control, Communications, Computers, Intelligence, Surveillance and Reconnaissance (C4IS",,709,,535
removed,k:ab30c101cb8f,title+office,,LIPTM00119-IC IPT-SSN-798 SITE 200-SEWP (C),,520,,LSUBP00034
added,k:abaa86a486ae,title+office,,,0236 CB ISEA ILS SUPPORT,,832,NP-41200
added,k:ac2d549da906,title+office,,,LIPTM00248 - AFLOAT SUB C4I IPT -799-811 CANES INT - NEW SAC DO - CORPORATE PRODUCTION N6523618D8014,,157,LSUBP00035
added,k:ac60cd185fb3,title+office,,,"LIPTM00156 - DCGS-N IPT   EDB, FORGEROCK, GRID - SEWP (C)",,540,LSUBP00022
added,k:ac7772153742,title+office,,,LIPTM00004_ATC SP_SEMS/METCAL_Follow-on (C),,537,LSUBP00001
added,k:aca67a94ab6a,title+office,,,Ceiling Increase and PoP extension,,419,PMS-485
removed,k:acd122ee9cf3,title+office,,DMR - AEGIS Grooms -22R2000,,197,,PMW/A-170
removed,k:ace0fca256c5,title+office,,CANES Engineering Support,,695,,None
removed,k:ad1d9ba7d3c8,title+office,,LIPTM00248 - Afloat Submarine C4I IPT - FY23 Global Broadcast System (GBS) Procurement and Kitting - NEW SAC DO - CORPOR,,533,,LSUBP00035
added,k:ad33be5ca72b,title+office,,,PEO MLB Organizational Change Management Front Office Call (C),,194,Pf008MLBFO
added,k:ad517842235d,title+office,,,EGI Lab Test Capability - R006,,805,NP-55700
added,k:ad5c423feb3f,title+office,,,"LIPTM00086/MyNavy Human Resources Solutions - Phire Architect Software renewal, SEWP (C)",,665,LSUBP00011
added,k:ad7ac0de592a,title+office,,,0235 CB-ISEA ILS,,831,NP-41200
added,k:ad85ac952d47,title+office,,,"LIPTM00304-PNT ENG IPT-MARITIME POSITION, NAVIGATION AND TIMING (PNT) SYSTEMS Cybersecurity, Software Testing. Digital E",,365,LSUBP00016
removed,k:ad8dd8692344,title+office,,CANES MAC- N0003923R9106 (C),,652,,PMW-160
changed,k:adbca678a78a,title+office,procurement_method,,Sole Source,241,146,LSUBP00016
changed,k:adbca678a78a,title+office,procurement_instrument,Delivery Order/Task Order,Delivery Order/Task Order (not under Federal Supply Schedule Contract),241,146,LSUBP00016
changed,k:adbca678a78a,title+office,solicitation_fy,,FY25,241,146,LSUBP00016
changed,k:adbca678a78a,title+office,solicitation_quarter,,Q3,241,146,LSUBP00016
changed,k:adbca678a78a,title+office,award_fy,FY23,FY24,241,146,LSUBP00016
added,k:ade451ead059,title+office,,,"LIPTM00448-PNT ISEA IPT-MARITIME POSITION, NAVIGATION AND TIMING (PNT) SYSTEMS IN-SERVICE ENGINEERING AND TECHNICAL SUPP",,551,LSUBP00016
added,k:ae23d023ad4b,title+office,,,BLACK MARLIN,,840,NP-56700
added,k:ae3ceb395033,title+office,,,LIPTM00116_UCVS IPT_ Naples Regional UC NODES-RVVB1-Cisco_SEWP ESI (C),,523,LSUBP00015
added,k:ae4de876641d,title+office,,,"LIPTM00347, VEHICULAR TECHNOLOGY TRANSITION (VTT), HW, CABLE, SEWP (C)",,676,LSUBP00007
removed,k:ae7a359be605,title+office,,"LIPTM00455-TCIO, OPTICS KIT, SEWP (C)",,286,,LSUBP00021
added,k:ae7d4df568bb,title+office,,,"Japan (JA-P-CSX) SN 2567 BU2 Repair, FPR",,430,PMA/PMW-101
added,k:aea88b62f6e3,title+office,,,WAMS TO #1 - Incremental Funding,,435,PMW/A-170
added,k:af11249136a7,title+office,,,VLF/LF TO 021,,801,NP-75200
added,k:afa7f2b105a4,title+office,,,"LIPTM00336, DCGS-MC, CGW Refresh, SEWP (C)",,248,LSUBP00021
removed,k:afd2ba00a85e,title+office,,LIPTM00395 - MULTI MEDIA  IPT - TPL 23-092  COMNAVSURFPAC AUDIO VISUAL Material - SEWP (C),,59,,LSUBP00002
added,k:b02bc9348c31,title+office,,,xDMS RFP 004,,854,NP-55100
removed,k:b0a15bea5374,title+office,,"LIPTM00467, 83200 Facilities, B3112 Lab 03 Techbench Furniture, GSA (C)",,334,,LSUBP00083
added,k:b0c7a4f0b6d9,title+office,,,STtNG Phase II.5 - PoP Extension,,320,PMW/A-170
added,k:b0f7215cdb4c,title+office,,,xDMS RFP 003 SCN DDG 140 141 142 NMG,,852,NP-55100
removed,k:b0f8a48f96fe,title+office,,"LIPTM00328,SWFTS INTEGRATED INSTALLATION MANAGEMENT ORGANIZATION(SIIMO), FIBER OPTICS KITS, SEWP (C)",,551,,LSUBP00035
removed,k:b12a36e63b0c,title+office,,IDT ATRT SIBR,,185,,DRPM-NOA
removed,k:b16d2bbe60a7,title+office,,MODERNIZATION APPLICATION GROWTH AND INNOVATION CENTER (MAGIC) SUPPORT,,730,,532
added,k:b18e42485ffe,title+office,,,"LIPTM00395 - MULTI MEDIA  IPT - TPL 23-122 & 24-033, HW, CISCO, ESI (C)",,658,LSUBP00002
removed,k:b19d51a92551,title+office,,"LIPTM00214 - C4I FMS IPT-NATO-FMS CASE N1-P-LAA, SEWP (C)",,25,,LSUBP00006
added,k:b1d34c0fa9f5,title+office,,,Naval Physical Security System-Enterprise Architecture (PS2-EA) Follow-On Action (C),,730,NP-41100
added,k:b234e9c09d8d,title+office,,,WAMS TO #1 - IE Mod,,450,PMW/A-170
removed,k:b24067ffacba,title+office,,MOS Mod BPA Call 5 (C),,156,,PMW-150
added,k:b28d8316b14a,title+office,,,5090 LIPTM00257  USS ARLEIGH BURKE (DDG 51) INSTALLATIONS (C),,344,LSUBP00057
removed,k:b36aa4a5944f,title+office,,LIPTM00444-CANES TACTICAL NETWORKS (TACNET) TECHNICAL AND PRODUCTION SUPPORT/SeaPort TO (Base +4OYS) (C),,74,,LSUBP00063
removed,k:b394b50ed4a9,title+office,,NETSS Follow On,,118,,Pf007NERP
added,k:b3e2e6c114af,title+office,,,LIPTM00464 - DC2HS Follow-on TO to AWS (ESL BPA Order),,159,LSUBP00066
added,k:b422d395f44a,title+office,,,"LIPTM00303, DARPA IPT, TTO SETA/DCA New Seaport TO (C)",,643,LSUBP00049
added,k:b43672625963,title+office,,,"LIPTM00500, NAVEUR/NAVAF Enterprise Solutions (NNES) IPT, C6F OPT Space IT Fit Out Design and Installation, New SAC TO",,293,LSUBP00002
changed,k:b49d8f024369,title+office,procurement_instrument,Delivery Order/Task Order,Delivery Order/Task Order (not under Federal Supply Schedule Contract),282,574,LSUBP00004
changed,k:b49d8f024369,title+office,solicitation_fy,FY23,FY25,282,574,LSUBP00004
changed,k:b49d8f024369,title+office,solicitation_quarter,Q4,Q1,282,574,LSUBP00004
changed,k:b49d8f024369,title+office,award_fy,FY24,FY25,282,574,LSUBP00004
added,k:b4c68b1893c7,title+office,,,NIEF RFP E2077 - CANES Shock EQT White Paper,,803,NP-42100
added,k:b502e0e534ef,title+office,,,"LIPTM00119, IC IPT, LPD IVN SYSTEM & ICTs PROCUREMENT, SEWP (C)",,683,LSUBP00034
removed,k:b50ccc969ea9,title+office,,Telephony Operations Support,,466,,LSUBP00087
added,k:b54a954e80cf,title+office,,,"LIPTM00347 VEHICULAR TECHNOLOGY TRANSITION, HW, ANTENNA, SEWP (C)",,687,LSUBP00007
removed,k:b56b9ae11109,title+office,,LIPTM00226 - NAVAIR FMS TWN-23-3001 RUGGED/DELL/PANDUIT SEWP (C),,24,,LSUBP00006
removed,k:b586c45de5e9,title+office,,"LIPTM00455-TCIO, CIHEP, NON IT EQUIPMENT, GSA (C)",,274,,LSUBP00021
added,k:b595d4037cfe,title+office,,,DCGS-N Test & Evaluation and Cybersecurity Support - Seaport New TO (60 months) (C),,570,LSUBP00022
added,k:b5a64d1effdc,title+office,,,"TDL 0206 - AN/UYQ-120(V) 1 Command and Control Processor System (C2PS) Government Acceptance Test (GAT), Pack up and Shi",,858,NP-41100
removed,k:b5e624bef7ff,title+office,,Missile Defense (MD) Engineering Operations & Maintenance,,705,,535
removed,k:b5edcf0ca3b0,title+office,,Unmanned Carrier Aviation (UCA) Engineering Support,,732,,None
added,k:b619f0b4ee5f,title+office,,,CVN 81 RCS/DS/SSES (C),,176,PMW-750
added,k:b63eaeed55a9,title+office,,,EVTT Upgrade - Order to Contract #N0003922D4001,,317,PMA/PMW-101
added,k:b6422e25f948,title+office,,,TDL 0196 - Tactical Data Links (TDL) Capability Based In-Service Engineering Activity (CB-ISEA) Support Command and Cont,,788,NP-41100
added,k:b690048689bd,title+office,,,Shore Navy Enterprise Networks (NEN)  In-Service Engineering Activity (ISEA) Follow-On Action (C),,727,NP-41200
removed,k:b6b4e700c20f,title+office,,"Bundle 3- 3113 Lab 4  Electrical (58K), New STEM Bldg (25H), 3148 Fire Sup and Alarm (125K), 1602 Vehicle Vent (150k)- $",,114,,LSUBP00083
added,k:b6bb44dd3b39,title+office,,,"LIPTM00119, IC IPT, USCG 28TV SYSTEM PROCUREMENT, SEWP (C)",,617,LSUBP00034
removed,k:b6ca338217c8,title+office,,Cyber and Network Security Engineering Services,,670,,Cyber Defense
removed,k:b720d5a218cc,title+office,,DMR - DDG 127 Repairs,,195,,PMW/A-170
added,k:b72c1eecd2ae,title+office,,,"LIPTM00119, IC IPT, CVN-75 SATCC RCOH SYSTEM PROCUREMENT, SEWP (C)",,381,LSUBP00034
removed,k:b752903cf966,title+office,,LIPTM00241 - USCG - SCIF/ATIP RACKS - (T637 JG) SEWP (C),,14,,LSUBP00006
removed,k:b761d4075110,title+office,,"LIPTM00150, Expeditionary Signals Intelligence (SIGINT), TCAC FY23 RDTE, NASA SEWP (C)",,348,,LSUBP00021
added,k:b7ba1a663f24,title+office,,,USSPACECOM Technical  Engineering Services (UTES) (C),,699,NP-53600
removed,k:b7cbe34b27f5,title+office,,LIPTM00455-FDS-MC PHOTOGRAPHY EQUIPMENT (C),,309,,LSUBP00021
added,k:b80c0a477874,title+office,,,"LIPTM00085, GEN MCESS PGM SUP",,836,LSUBP00010
added,k:b80ef3598b7c,title+office,,,DLS_United Kingdom (UK-P-LWZ) SN 2555 R/S Repair,,417,PMA/PMW-101
removed,k:b885ab6f2ace,title+office,,STtNG SBIR Phase II.5 Environmental Testing - Admin,,382,,PMW/A-170
removed,k:b88edfe7a811,title+office,,18590 - FOE MOD PPR LIPTM00257,,445,,LSUBP00057
removed,k:b8cdfa9b4636,title+office,,"LIPTM00455, Marine Corps Warfighting Lab (MCWL) ULTRA SOFTWARE (New)",,300,,LSUBP00021
added,k:b8e3f6b7f870,title+office,,,Advanced Cyber Support Services (ACSS)  - Follow-on Action (C),,717,NP-58400
added,k:b8f1df2b4f19,title+office,,,0216 ADNS PIT support,,108,NP-41200
removed,k:b8f570b8f95d,title+office,,"NAVAL INFORMATION WARFARE CENTERS (NIWC) PACIFIC, CODE 53523, COMMAND AND CONTROL PROCESSOR (C2P) SOFTWARE ENGINEERING S",,713,,535
added,k:b92980e26a85,title+office,,,"LIPTM00478, MICROSOFT RENEWAL, SEWP (C)",,630,LSUBP00009
removed,k:b94015c16492,title+office,,LIPTM00214 - C4I FMS IPT- TAIWAN_FMS Case TW-P-GOX Engineering - Support and Testing of Multi-Data Link Management Syste,,18,,LSUBP00006
added,k:b9412543b764,title+office,,,Kros-Wise Follow on,,476,8.0
changed,k:b944ee7d2698,title+office,solicitation_fy,,TBD,28,33,PMA/PMW-101
changed,k:b944ee7d2698,title+office,solicitation_quarter,,TBD,28,33,PMA/PMW-101
added,k:b956a3ac4627,title+office,,,"LIPTM00248, Afloat Submarine C4I IPT_ CSRR Computer Evaluations Equipment, SEWP (C)",,618,LSUBP00035
added,k:b9b66b258e18,title+office,,,"04 JPI Reflash, Repair, and Reconfiguration",,449,PMW-150
added,k:b9dec07ae5a4,title+office,,,C4I TVE CANES TO N0003924F9008 ODC Mod,,322,PMW-160
changed,k:b9ec2de1ecaa,title+office,procurement_method,,Sole Source,385,472,PMW/A-170
changed,k:b9ec2de1ecaa,title+office,solicitation_fy,FY23,FY24,385,472,PMW/A-170
changed,k:b9ec2de1ecaa,title+office,solicitation_quarter,Q2,Q1,385,472,PMW/A-170
changed,k:b9ec2de1ecaa,title+office,award_quarter,Q1,Q2,385,472,PMW/A-170
removed,k:b9ec62a648ab,title+office,,"LIPTM00303, DARPA IPT, BAA NEW, SDP (OVERSIGHT SEEDLING DRAPER) (CIR 23-010)",,229,,LSUBP00049
removed,k:ba02c5d742fc,title+office,,LIPTM00120-SDRS IPT OROLIA HARDWARE RENEWAL JTNC FY23- SEWP (C),,255,,LSUBP00016
added,k:ba71f4523265,title+office,,,Palantir,,810,NP-55300
removed,k:ba858aaf652e,title+office,,"Reverse Engineering, Science, and Technology for Obsolescence, Repair, and Evaluation (RESTORE) Laboratory Engineering S",,686,,None
added,k:ba94d2276a41,title+office,,,LIPTM000250_Shore Sub C4I IPT- SOA_CMRS_MONITORING_SEWP (C),,397,LSUBP00035
removed,k:bac02bccfc42,title+office,,Application Integration (AI) Process Support for Consolidated Afloat Networks and Enterprise Services (CANES) and Legacy,,700,,None
added,k:bad1508698b8,title+office,,,"LIPTM00120, SDRS IPT, MOCKINGBIRD SW ONR FY24, GSA (C)",,677,LSUBP00016
added,k:baeb55e05ebf,title+office,,,"LBUSP00026, C2ISR Department, CONUS SHORE C2ISR AND INTEGRATION DEPARTMENT SYSTEMS ENGINEERING AND TECHNICAL ASSISTANCE ",,312,LBUSP00026
changed,k:bbbbdadb912e,title+office,solicitation_fy,,FY25,644,39,PMW-740
changed,k:bbbbdadb912e,title+office,solicitation_quarter,,Q1,644,39,PMW-740
changed,k:bbbbdadb912e,title+office,existing_contract_number,"N0003920D0060
N0003920D0061
N0003920D0062
N0003920D0063
N0003920D0064",N0003920D0060,644,39,PMW-740
changed,k:bbbbdadb912e,title+office,incumbent_contractor,"Advanced Technology Systems Company (ATSC) Inc.
Forward Slope Inc. (FSI)
Integrated Technology and Culture (ITC) Defense","ADVANCED TECHNOLOGY SYSTEMS COMPANY, INC. (OF VIRGINIA)",644,39,PMW-740
removed,k:bbc6fb0f16ef,title+office,,C4I FMS-LIPTM00214_Multiple Countries- Engineering and Project Management Support-Seaport NXGEN-Base plus 4 option years,,11,,LSUBP00006
changed,k:bbe92f176241,title+office,procurement_method,,Full and Open Competition,642,42,PMW-740
changed,k:bbe92f176241,title+office,procurement_instrument,Delivery Order/Task Order,Delivery Order/Task Order (not under Federal Supply Schedule Contract),642,42,PMW-740
changed,k:bbe92f176241,title+office,solicitation_fy,,TBD,642,42,PMW-740
changed,k:bbe92f176241,title+office,solicitation_quarter,,TBD,642,42,PMW-740
removed,k:bc7e7784af3e,title+office,,"LIPTM00290, Tactical Services & Infrastructure, Matrix Chat SW, SEWP (C)",,108,,LSUBP00004
added,k:bca93e85e420,title+office,,,"LIPTM00321, C4I, NS IPT, CND IBM RENEWALS, BASE PLUS OPTION, SEWP (C)",,526,LSUBP00024
added,k:bcab4ed4eaad,title+office,,,Global Positioning Sytem (GPS) User Equipment & Test Engineering (UET&E) (C),,739,NP-55700
removed,k:bceff885ed59,title+office,,"LIPTM00464, DC2HS, FY23 KION (CLOUDTAMER) RENEWAL, SEWP (C)",,491,,LSUBP00066
added,k:bcf495305982,title+office,,,"LIPTM00321, C4I, NS IPT, CND VTE SPARES, SEWP (C)",,518,LSUBP00024
added,k:bcfe0d37e0e1,title+office,,,PMW 150 NILE In-Service Support 6 contract (C),,173,PMW-150
removed,k:bd17af44d60d,title+office,,"LIPTM00183, INIS IPT, OTP MUOS Bcubed NEW TASK ORDER",,144,,LSUBP00023
removed,k:bd1e18490937,title+office,,"LIPTM00458, C4I Acquisition Engineering Integration Service Center, Solidworks software, DoD ESI BPA",,303,,LSUBP00077
removed,k:bd4edaf2a37d,title+office,,ATIP - TIF-TD Price Tables,,377,,PMW/A-170
removed,k:bd50b87b90b6,title+office,,LIPTM00106 - MAINTENANCE FIGURE OF MERIT - MFOM Machine Cert Support Rn - NASA SEWP (C),,589,,LSUBP00056
removed,k:bd889663fff4,title+office,,"LIPTM00119, INTERIOR COMMUNICATIONS IPT, CVN-80 SHIPBOARD AIR TRAFFIC CONTROL COMMUNICATIONS SYSTEM-SEWP (C)",,523,,LSUBP00034
removed,k:bd91b4cdacf4,title+office,,Consolidated NAVWAR Mobility Contract (C),,398,,8.0
added,k:bd9b7116ea63,title+office,,,LIPTM00241 - USCG — Information Technology and Network Based Engineering (Seaport NxGEN TO Base + 4 OYS) (C),,602,LSUBP00006
added,k:bdcf1f975de6,title+office,,,Integrated Voice Networks (Code 41270) Follow-On (C),,701,NP-41200
added,k:bdda5b01b0c0,title+office,,,"LIPTM00417_Cyber Engineering, Operations, & Security Support_ENI IPT_New Order_SeaPort (C)",,489,LSUBP00064
removed,k:bde5467eaecf,title+office,,"LIPTM00328 - SWFTS INTEGRATED INSTALLATION MANAGEMENT ORGANIZATION(SIIMO), KITCO HARDWARE, SEWP (C)",,577,,LSUBP00035
removed,k:bdf6efb9276b,title+office,,"LIPTM00478, FORCEPOINT SOFTWARE RENEWAL, GSA (C)",,219,,LSUBP00009
removed,k:be34a2e782ef,title+office,,Information Technology Management / NIWC Pacific Code 8.2,,667,,None
added,k:be39a8cc41f3,title+office,,,"LIPTM00347, VEHICULAR TECHNOLOGY TRANSITION, ANTENNA, HW, SEWP (C)",,359,LSUBP00007
added,k:bec3c019780f,title+office,,,LIPTM00500 NAVEUR/AF-C6F - CISCO CODEC _SEWP DOD ESI Catalog,,839,LSUBP00002
removed,k:bf43670f54f1,title+office,,LIPTM00107 - Naval Tactical Command Support System - NeoLoad Support Renewal - NASA SEWP (C),,483,,LSUBP00056
added,k:bf8e1da8d73a,title+office,,,JIGSAW Enhancement & Support (JES) - SeaPort (C),,593,LSUBP00010
removed,k:bf8ec94af291,title+office,,18799 - FOE RFPREQ LIPTM00426,,441,,LSUBP00057
added,k:bf8fe1471f57,title+office,,,NSC2I. AS(X) Phase 1-3 (C),,196,PMW-760
removed,k:c0e000b0957b,title+office,,"Web App Transformation, Engineering and Refactoring Support (WATERS) (CIR/PPA 23-XXX)",,617,,LSUBP00009
added,k:c11cd6f07747,title+office,,,"LIPTM00074, DHA/HSI IPT, 24-017 MILCON Ruckus LANs-SEWP (C)",,656,LSUBP00009
removed,k:c12dfcbef1ec,title+office,,"LIPTM00119, INTERIOR COMMUNICATIONS IPT, LPD-19 TV DTS, SEWP (C)",,522,,LSUBP00034
added,k:c16932880f2d,title+office,,,Comprehensive Cyber Support Services (CCSS III) (C),,710,NP-58400
removed,k:c1ca22fc06fc,title+office,,LIPTM00395 - MULTI MEDIA  IPT - TPL 23-078/79 CMDIO-ESI SEWP (C),,65,,LSUBP00002
added,k:c204f20947d9,title+office,,,LIPTM00003_DASR PGR_Sunhillo Longports_NASA SEWP (C),,355,LSUBP00001
added,k:c20cdebdcea5,title+office,,,LIPTM00468 NISE DATA AI WORKSHOP SUPPORT (C),,619,LSUBP00049
removed,k:c220891d9044,title+office,,LIPTM00455-TRSS WORKSTATION REFRESH (C),,289,,LSUBP00021
removed,k:c24da4596fe1,title+office,,Medical Information Delivery Applied Services (MIDAS) Engineering Support II (C),,623,,LSUBP00009
added,k:c29e08e815ed,title+office,,,LIPTM00107 - Naval Tactical Command Support System - NTCSS Development ALM and UFT Support Renewal - Micro Focus Governm,,672,LSUBP00056
added,k:c30800f85bb3,title+office,,,300-24-912- Hardware (Wiseman)-SEWP (C),,534,LSUBP00022
added,k:c3646538a8ca,title+office,,,LIPTM00119-INTERIOR COMMS IPT-NG-IVCS ENGINEERING & LOGISTICS SUPPORT,,272,LSUBP00034
removed,k:c372895827ee,title+office,,4.0 IT Tools – Follow-On (C),,226,,4.0
added,k:c3c3084cfaff,title+office,,,"LIPTM00285 NAVALC2 IPT, TACTICAL DATA LINKS, SESEF, SEWP (C)",,220,LSUBP00063
added,k:c41d43819eb9,title+office,,,"LIPTM00447,SECURE VOICE SOLUTIONS (SVS) IPT, NEW SAC TO, RDTE, BASE + 2OY, OMMC, (GDIT N6523619D8002) MCSC/ADNS Voice En",,152,LSUBP00015
added,k:c437d88f53e3,title+office,,,LIPTM00119-INTERIOR COMMS: INFORMATION WARFARE COMMAND CELL (IWCC) SUPPORT AND WEST COAST IC VIDEO SUPPORT- New SAC TO -,,115,LSUBP00034
removed,k:c5025171b353,title+office,,"LIPTM00119, IC IPT, ANN CVN-71 SCD 28111&CVN-69/73/76 SCD 13412 PROCUREMENT, SEWP (C)",,567,,LSUBP00034
added,k:c50e18b8014b,title+office,,,LIPTM00454_IBR CONTRACT# 47QTCA19D00BD_NEW ORDER_OTA_23-LANT-1814-004,,296,LSUBP00064
removed,k:c51862290292,title+office,,"LIPTM00115, Tactical Shore Systems IPT- DELL R740XD, SEWP (C)",,553,,LSUBP00015
removed,k:c5476f02115b,title+office,,LIPTM00156 - Automatic Identification System (AIS) and Joint Tactical Terminal (JTT) In-Service Engineering Activity (IS,,655,,LSUBP00022
removed,k:c55bd3d994e3,title+office,,NSC2I EPF14-16.  EMS 1. (C),,180,,PMW-760
removed,k:c55d19ba862b,title+office,,LIPTM00250 - SHORE SUB C4I IPT - Crowbar Replacement Efforts NEW ORDER,,529,,LSUBP00035
added,k:c56a4246cc84,title+office,,,"LIPTM00128, SOCS IPT, NEW Order, FY24 PROC SDN Mv2 Hv2",,254,LSUBP00004
added,k:c57e680a758d,title+office,,,LIPTM00304-PNT IPT - UK AIAS Support -Lambert0014-(WR Systems-NEW TO),,274,LSUBP00016
added,k:c5a347790c4f,title+office,,,LIPTM00085; MST MUL USMC ESS FY24 PERIOD 2,,309,LSUBP00010
removed,k:c5aacc023580,title+office,,LIPTM00119-CVN-75 CAMERA PROCUREMENT-SEWP (C),,512,,LSUBP00034
added,k:c5b1e560642b,title+office,,,WAMS TO # 4 - P00001,,482,PMW/A-170
removed,k:c5ce98a6f201,title+office,,CYBERSECURITY RISK MANAGEMENT OPERATIONS (RMOPS) (C),,606,,LSUBP00009
added,k:c5efe4365c25,title+office,,,LIPTM00002_POLAR PGR_NPP LIFE CYCLE SUPPLIES_SEWP (C),,229,LSUBP00001
removed,k:c621187df856,title+office,,Ocean Survey Program Survey System (OSPSS) Central Depot Repair Facility,,698,,None
added,k:c63708cd7e02,title+office,,,"LIPTM00055, Advanced Reconnaissance (AR), SW, ANSYS, GSA",,112,LSUBP00007
added,k:c63971d7e838,title+office,,,"LIPTM00439, C4I, KEY MANAGEMENT (KMI) iAPP System Laptop Procurement and Integration, CMS MAC (C)",,539,LSUBP00024
added,k:c69cc8696554,title+office,,,"LIPTM00248 - AFLOAT SUB C4I IPT -806-807 ECS and CANES/COATS Integration, 804 and 805 CANES Dockside Integration - NEW D",,155,LSUBP00035
added,k:c6dd67138baa,title+office,,,LIPTM00156 - DCGS-N IPT - ICOP & SRF ASPERA -  GSA (C),,543,LSUBP00022
added,k:c6f5b46368b7,title+office,,,"LIPTM00004, TSI IPT, Knox Software, SEWP (C)",,651,LSUBP00004
added,k:c705e9318385,title+office,,,Bundle 14 - Parking Lots and Storm Drain,,273,LSUBP00083
removed,k:c73e0e2a904d,title+office,,Global Positioning Sytem (GPS) User Equipment & Test Engineering (UET&E),,704,,MCPNT Directorate
removed,k:c77bb567eebf,title+office,,"DATA LINK TEST TOOL SYSTEMS ENGINEERING, ANALYSIS, TESTING, INTEGRATION AND TRAINING SUPPORT",,708,,535
added,k:c869443d6b1d,title+office,,,06 MOS Mod BPA Call 7 (DLS) (C),,185,PMW-150
added,k:c8b2015dcfda,title+office,,,DMDV Production OT Task Order #1,,797,NP-71700
added,k:c8b590e4e7ad,title+office,,,ADNS Production MAC RFP #40 (C),,24,PMW-160
added,k:c988f36792e9,title+office,,,"LIPTM00239, SURFACE NEW CONSTRUCTION, FORKLIFT, GSA (C)",,376,LSUBP00034
added,k:c9e29d0f9ae9,title+office,,,"LIPTM00149 - ASE IPT - ASE-24-014 - 24 SSEE Production, SCN, FMS UK Peregrine - SEWP V (C)",,555,LSUBP00022
removed,k:c9fe2b7fb2c5,title+office,,Key Management Infrastructure,,666,,Cyber Defense
changed,k:ca00f4ffa926,title+office,procurement_instrument,Delivery Order/Task Order,Delivery Order/Task Order (not under Federal Supply Schedule Contract),47,136,LSUBP00010
changed,k:ca00f4ffa926,title+office,solicitation_fy,FY23,FY24,47,136,LSUBP00010
changed,k:ca00f4ffa926,title+office,solicitation_quarter,Q3,Q4,47,136,LSUBP00010
changed,k:ca00f4ffa926,title+office,award_fy,FY23,FY24,47,136,LSUBP00010
added,k:ca012b55b9bc,title+office,,,Naval Enterpise Networks Engineering Services (C),,740,NP-55300
added,k:ca1578554aff,title+office,,,WAMS Mission Planning System SBIR Phase III,,421,PMW/A-170
added,k:ca57643c0fce,title+office,,,ESI.mil Website Development - TO (C),,711,NP-55300
added,k:ca660f0b7d0e,title+office,,,"LIPTM00455, TCIO,FDS-MC PHOTOGRAPHY EQUIPMENT, SEWP (C)",,557,LSUBP00021
added,k:ca8f012b84c8,title+office,,,"LIPTM00081, PJSA IPT, Executive CCTV and IDS Upgrades",,265,LSUBP00010
removed,k:cabd34edbe45,title+office,,LIPTM00454 -MCBOSS - PIVOTAL(TANZU) - VMWARE - DONELA,,152,,LSUBP00064
removed,k:caf99c8700fd,title+office,,"LIPTM00149 - ASE IPT - Horizon UPS, Ethernet, and 2U Servers - ASE-23-020 - SEWP (C)",,133,,LSUBP00022
removed,k:cb00ad611fcd,title+office,,LIPTM00002_Polar Programs_Marble Point AMOS_GSA (C),,622,,LSUBP00001
removed,k:cb08799de107,title+office,,"LIPTM00119, IC IPT, VIDEO EPF-13 PROCUREMENT, SEWP (C)",,563,,LSUBP00034
removed,k:cb1e6fe956e1,title+office,,"LIPTM00252, PBLO, ELECTRONIC COMPONENTS, SEWP (C)",,107,,LSUBP00093
added,k:cb1f8a1bfe11,title+office,,,1.2 BFM Support (C),,182,1.0
removed,k:cb770229274e,title+office,,5001 - NMT SICILY NEW TASK ORDER LIPTM00256L (C),,452,,LSUBP00057
added,k:cb7a7ecead4f,title+office,,,Program Office Support Next (C),,10,PMS-485
added,k:cb874d835ed3,title+office,,,0199 CANES AEGIS,,777,NP-41200
added,k:cb9d21ee4b18,title+office,,,NAVWAR 5.0 SoS Engineering and CS Engineering Support Services (C),,89,5.0
removed,k:cc0ca5e5752b,title+office,,CANES TVE Follow-On (FO) (C),,646,,PMW-160
added,k:cc26e3c1140c,title+office,,,LIPTM00002_Polar Ops Support_SAC_Follow-On (PPA LSUBP00001-0020),,142,LSUBP00001
removed,k:cc686b3a3a5a,title+office,,CVN 68 Class Shock Testing for the RCS RCOH Design (C),,171,,PMW-750
removed,k:cc937b683146,title+office,,STtNG SBIR Phase II.5 PRAs - Admin,,380,,PMW/A-170
removed,k:cccd0a052dd9,title+office,,DMR - HF Receiver Replacement - 22R2000,,204,,PMW/A-170
changed,k:cce565d8c288,title+office,contract_type,TBD,Cost-Reimbursement,71,596,LSUBP00010
changed,k:cce565d8c288,title+office,procurement_instrument,Delivery Order/Task Order,Delivery Order/Task Order (not under Federal Supply Schedule Contract),71,596,LSUBP00010
changed,k:cce565d8c288,title+office,solicitation_fy,,FY24,71,596,LSUBP00010
changed,k:cce565d8c288,title+office,solicitation_quarter,,Q2,71,596,LSUBP00010
changed,k:cce565d8c288,title+office,award_fy,FY23,FY24,71,596,LSUBP00010
changed,k:cce565d8c288,title+office,award_quarter,Q4,Q3,71,596,LSUBP00010
changed,k:cce565d8c288,title+office,follow_on_or_new,,Follow-on,71,596,LSUBP00010
changed,k:cce565d8c288,title+office,existing_contract_number,,N6523619F0111,71,596,LSUBP00010
added,k:cd326697c32d,title+office,,,LBUCS Tx - TO,,838,NP-55300
added,k:cd508004477b,title+office,,,"LIPTM00086/MyNavy Human Resources Solutions - Tortoise SVN Software renewal, SEWP (C)",,368,LSUBP00011
added,k:cdbe14abf11a,title+office,,,Cyber Operations Support (COS) III  - Follow-on Action (C),,723,NP-58400
added,k:cdcf6aecc4cd,title+office,,,"LIPTM00081, PJSA IPT, Executive Complex Operational Expansion NEW MAC (C)",,391,LSUBP00010
added,k:ce23a55df722,title+office,,,"LIPTM00336, DCGS-MC, CDS, SEWP (C)",,215,LSUBP00021
removed,k:ce37391d598d,title+office,,"Bundle 4- 3440 North Side Exterior Repairs (250k), 3450 Demo (150K)- $400K",,113,,LSUBP00083
removed,k:ce38f2ff4443,title+office,,NMT FOFD FY23 Spares Buy,,378,,PMW/A-170
added,k:ce4ef9fbe303,title+office,,,NSLC-A Communications System - Follow On Contract (C),,61,PMW/A-170
added,k:ce6601a9cd68,title+office,,,LIPTM00448-MMSC NAVCERT/FMS CASES_CRUSE0006-WR Systems-NEW SAC TO N6523620D8024,,145,LSUBP00016
added,k:ce67a3fb8770,title+office,,,0228  (ADNS)  (PIT)  (ISEA),,101,NP-41200
removed,k:ce790268f2db,title+office,,"Cyberspace Science, Research, Engineering and Technology Integration",,671,,None
removed,k:cf248e0c494f,title+office,,LIPTM00248 - AFLOAT SUB C4I IPT - iRCS Rack Build FY23 - NEW SAC DO - CORPORATE PRODUCTION,,539,,LSUBP00035
added,k:cf749c29c787,title+office,,,SEAPORT TO - AIRBORNE ADVANCED TACTICAL DATA LINK (ATDL) ENGINEERING AND TEST AND EVALUATION SUPPORT (C),,745,NP-53000
removed,k:cfa3112dc01e,title+office,,"LIPTM00080 Headquarters, Naval Sea Systems Command (NAVSEA) Integrated Electronic Security System (IESS) Sustainment (C)",,72,,LSUBP00010
added,k:cfb027ce845d,title+office,,,LIPTM00460 FY24 RDT&E PALO ALTO RENEWAL SW ESI SEWP (C),,396,LSUBP00087
added,k:cfec7ed7b939,title+office,,,"LIPTM00328, CWITT IPT, DELL LAPTOPS, SEWP (C)",,219,LSUBP00035
added,k:d024f999897d,title+office,,,"LIPTM00285 NAVALC2 IPT, TACTICAL DATA LINKS, LMMT TECH REFRESH COMPUTERS, SEWP (C)",,509,LSUBP00063
added,k:d071f9f55da5,title+office,,,"LIPTM00164, SOIS, JTWS AIR, SeaPort (C)",,490,LSUBP00021
added,k:d092ea3f708f,title+office,,,LBS-G Maintenance TO 09 (G2 Repairs),,425,PMW-120
added,k:d0ec8b9e47a5,title+office,,,"LIPTM00118, TNSS COALITION IPT, COALITION SYSTEMS CISCO MATERIAL, ESI/SEWP (C)",,373,LSUBP00063
removed,k:d14481803194,title+office,,CBSP AC2 Modem Follow On - Admin,,394,,PMW/A-170
added,k:d1839caf93ec,title+office,,,0197 CBISEA DGSIT,,773,NP-41200
removed,k:d1a2265ee97a,title+office,,"LIPTM00328, SUBMARINE WARFARE FEDERATED TACTICAL SYSTEMS IPT, SUPERMICRO, SEWP (C)",,572,,LSUBP00035
added,k:d1db2d8fcffa,title+office,,,LIPTM00500 NAVEUR/AF-C6F - EVANS FURNITURE,,134,LSUBP00002
removed,k:d1ef032a06c2,title+office,,MVF IPT Integration and Fielding Support _ PR 1300995495 CRM-22-00600-SeaPort (C),,599,,LBUSP00025
added,k:d1f7e455df79,title+office,,,Integrated International Support Services (follow-on) (C),,171,PMW-740
removed,k:d27f0e3350f9,title+office,,Defense Health Agency Information Transport III - SeaPort (C),,31,,LSUBP00009
removed,k:d29a42981c74,title+office,,"LIPTM00257, Surface Modernization Unit Level, SEWP (C)",,541,,LSUBP00057
added,k:d2a941cae680,title+office,,,"LIPTM00321, C4I, NSIPT SENSOR 2 SERVER REFRESH AND INSTALL, SEWP (C)",,217,LSUBP00024
added,k:d2b413153956,title+office,,,LIPTM00116-UCVS IPT -CISCO procurement for 790 Lab (SSD)-Equipment_SEWP ESI (C),,212,LSUBP00015
added,k:d2c268d861d3,title+office,,,PMW 150 ILS Services (C),,60,PMW-150
added,k:d2c8f477df14,title+office,,,New task order on N66001-21-D-0089,,793,NP-75200
added,k:d2d5e382006b,title+office,,,SLDCADA 2_FUTURE_ BASE YR_2024 (C),,91,Pf007NERP
added,k:d2e96d1efa16,title+office,,,"LIPTM00119, IC IPT, LHD-3_LPD-17 VIDEO TVDTS PROCUREMENT, SEWP (C)",,358,LSUBP00034
added,k:d319a323324a,title+office,,,All SATCOM Multi Award Contract (C),,74,PMW/A-170
removed,k:d31aa5de0fbc,title+office,,"LIPTM00447, Secure Voice Solutions IPT, MULTIPLE HULLS, NEW SAC TASK ORDER (19D8002)",,508,,LSUBP00015
removed,k:d35e9adaaeeb,title+office,,Phase Sensitive Innovations SBIR Phase III,,381,,PMW/A-170
added,k:d39dbee7ffcc,title+office,,,"LIPTM00183, INIS IPT, NEW OTP TO #3 MUOS",,255,LSUBP00023
added,k:d3bb43ef2306,title+office,,,Modeling and Simulation 28,,444,PMS-485
removed,k:d3cc9d7139e2,title+office,,"LIPTM00457, Integrated Service Center, JAVA SSO Maintenance Renewal, SEWP (C)",,482,,LSUBP00011
added,k:d3d4754f4bfd,title+office,,,0233 ADNS INCO KIT mng,,847,NP-41200
removed,k:d3d67b83313a,title+office,,"LIPTM00248 - AFLOAT SUB C4I IPT -798-809, and 826 CANES INT, 808-809 INCOs  - NEW SAC DO - CORPORATE PRODUCTION",,537,,LSUBP00035
removed,k:d3ea9dcfd533,title+office,,"VIASAT TRANSEC IDIQ Ceiling Increase, VM300M Card Pricing and FMS Modification",,432,,PMW-790
removed,k:d44f6ca90f6d,title+office,,"LIPTM00304, Position, Navigation, & Timing (PNT) Engineering IPT- NAVSEA, SMITH, LCR, 7IA-100-0005-3 - PHASE 3;  SEWP (C",,256,,LSUBP00016
added,k:d46182320d99,title+office,,,PMW/A 170 Integrated Logistics Support Services (C),,201,PMW/A-170
removed,k:d59987aa598a,title+office,,Centerwide Logistics & Warehouse Services,,685,,None
added,k:d59fcfb227ac,title+office,,,"LIPTM00006, NCOC IPT, NELLER CENTER C4I SYSTEMS TECHNICAL SUPPORT, New SAC Task Order",,284,LSUBP00002
removed,k:d601b665f0bf,title+office,,"LIPTM00074, DHA/HSI IPT, 23-016 WLAN ENGINEERING LAB-SEWP (C)",,624,,LSUBP00009
removed,k:d609ceb9a750,title+office,,PEO C4I PMW 740 Taiwan Installation Support Incremental (C),,638,,PMW-740
added,k:d60c860376e0,title+office,,,"LIPTM00328, CWITT/SWFTS IPT - JUNIPER (NETS), SUPPORT, SEWP (C)",,492,LSUBP00035
added,k:d61ed36f7e3b,title+office,,,"LIPTM00120, SDRS IPT, PROPSIM F64 SW RENEWAL FY24, SEWP (C)",,531,LSUBP00016
added,k:d6378270aeed,title+office,,,LIPTM00106 - MAINTENANCE FIGURE OF MERIT - MFOM Machine Certs Support Renewal - NASA SEWP (C),,218,LSUBP00056
added,k:d6524a55cb02,title+office,,,PMW-130 A&A Service RECOMPETE (C),,78,PMW-130
added,k:d6ba4152bc69,title+office,,,ADNS Production MAC RFP #33 (C),,17,PMW-160
removed,k:d6c9a6d8e2ec,title+office,,"LIPTM00214 - C4I FMS, USCENTCOM Partner Network and CENTRIXSFMS, CASE BA-P-GBM, SEWP (C)",,27,,LSUBP00006
added,k:d6cc9e4f6fa3,title+office,,,SD Marine Mammal Training (C),,733,NP-56700
removed,k:d72f928e5ddc,title+office,,"SYSTEM ENGINEERING, SOFTWARE ENGINEERING, TEST ENGINEERING, LOGISTICS, AND PROJECT MGMT SUPPORT FOR DCGS-N INCE 2 AND AG",,729,,532
removed,k:d74bdd4bb585,title+office,,"LIPTM00455, Marine Corps Warfighting Lab (MCWL), VMWARE SOFTWARE, ELA (C)",,353,,LSUBP00021
removed,k:d775a6abe0b1,title+office,,Kros-Wise Follow on (C),,372,,8.0
added,k:d791989d5f11,title+office,,,RGS-A TO 3 (C),,700,NP-55200
removed,k:d799605bb5d1,title+office,,"CNSC (Compute, Network, Storage, Consumption) Follow On",,115,,Pf007NERP
added,k:d7f204e187d0,title+office,,,"LIPTM00214-C4I FMS, FMS Case JO-P-LBU, ESI Cisco, SEWP (C)",,679,LSUBP00006
removed,k:d8486eab4087,title+office,,CANES MAC- N0003923R9102 CTUs (C),,649,,PMW-160
changed,k:d84fcbb9d123,title+office,procurement_method,,Full and Open Competition,325,563,LSUBP00021
changed,k:d84fcbb9d123,title+office,procurement_instrument,Delivery Order/Task Order,Delivery Order/Task Order (not under Federal Supply Schedule Contract),325,563,LSUBP00021
changed,k:d84fcbb9d123,title+office,solicitation_fy,,TBD,325,563,LSUBP00021
changed,k:d84fcbb9d123,title+office,solicitation_quarter,,TBD,325,563,LSUBP00021
changed,k:d84fcbb9d123,title+office,award_fy,FY23,FY24,325,563,LSUBP00021
added,k:d892eab19a4b,title+office,,,"LIPTM00074, DHA/HSI IPT, 24-015 BNO for JUNIPER for NMC PORTSMOUTH DELTAS-SEWP (C)",,225,LSUBP00009
removed,k:d8942ef538e2,title+office,,"LIPTM00480 - NAVAL-MAINTENANCE, REPAIR AND OVERHAUL - N-MRO VE3 Site Upgrade- NASA SEWP (C)",,587,,LSUBP00056
removed,k:d89a01fc9c01,title+office,,LIPTM00252/Performance Based Logistics - Organic (PBLO)/Ships Signal Exploitation Equipment Increment (SSEE INC E)/Panas,,340,,LSUBP00093
removed,k:d94b70e46ad1,title+office,,LIPTM00229 -  IUSS IPT - 300-23-909 - X-LOCKS (MORTON)-SEWP (C),,81,,LSUBP00022
removed,k:d95aee292793,title+office,,CONTRACT/PLANNING TOOL (23-004),,434,,LBUSP00027
added,k:d9a5f20284c4,title+office,,,"LIPTM00214, C4I FMSIPT, JO-P-LBU/CENTRIXS, SEWP (C)",,681,LSUBP00006
added,k:d9c1222e8d26,title+office,,,0194 ADNS OPC-1 US COAST GUARD,,781,NP-41200
removed,k:d9ec34896974,title+office,,LIPTM00149 - ASE - SSEE Inc F Mission Module Spares - ASE-23-007 - SEWP (C),,132,,LSUBP00022
added,k:da329b8a658c,title+office,,,"LIPTM00285 - NAVAL C2 IPT, GCCS-M ORACLE HARDWARE MAINT RNWL, SEWP (C)",,507,LSUBP00063
removed,k:da3606dbdeb4,title+office,,LIPTM00460 RDT&E IPT - SOLARWINDS ANNUAL RENEWAL - NASA SEWP (C),,123,,LSUBP00087
removed,k:da91b5fb77de,title+office,,NSC2I LPD.  29.30.31. (C),,177,,PMW-760
added,k:dab3df033d12,title+office,,,Taiwan Training (2025) (C),,35,PMW-740
removed,k:dad9e3b70b01,title+office,,TAIPT-24,,166,,PMS-485
added,k:db4d9f0d67e2,title+office,,,"LIPTM00174, Air & Space IPT, NEW OTA",,295,LSUBP00023
added,k:dbadb9742816,title+office,,,"LIPTM00006_Naval Command and Operations Center_SMWDC, Tech Refresh, SEWP (C)",,388,LSUBP00002
added,k:dbbcc66cb779,title+office,,,LIPTM00156 - DCGS-N IPT - POSTGRES ENTERPRISE DATABASE - GSA (C),,544,LSUBP00022
added,k:dbd754c16e26,title+office,,,"LIPTM00464, DC2HS, FY24 CISCO ISE CEDC, ESI - SEWP (C)",,666,LSUBP00066
removed,k:dc265b6bfa71,title+office,,LIPTM00448-DDG CLASS SCN NAVIGATION SYSTEMS SUPPORT-Lambert0013-(WR Systems-NEW),,247,,LSUBP00016
removed,k:dc281f2a9e33,title+office,,PEO C4I PMW 740 Taiwan Life Cycle Support Incremental (C),,640,,PMW-740
changed,k:dc37f08cd576,title+office,procurement_method,,TBD,271,582,LSUBP00021
changed,k:dc37f08cd576,title+office,contract_type,TBD,Fixed-Price,271,582,LSUBP00021
changed,k:dc37f08cd576,title+office,procurement_instrument,TBD,Delivery Order/Task Order (not under Federal Supply Schedule Contract),271,582,LSUBP00021
changed,k:dc37f08cd576,title+office,solicitation_fy,,TBD,271,582,LSUBP00021
changed,k:dc37f08cd576,title+office,solicitation_quarter,,TBD,271,582,LSUBP00021
changed,k:dc37f08cd576,title+office,award_fy,,FY24,271,582,LSUBP00021
changed,k:dc37f08cd576,title+office,award_quarter,,Q4,271,582,LSUBP00021
removed,k:dc3ee7c0d3b0,title+office,,COMMUNICATIONS SECURITY (COMSEC) ACCOUNTING / SPECIAL INVENTORY MANAGER (SIM) SUPPORT SERVICES INDEFINITE DELIVERY INDEF,,639,,PMW-740
removed,k:dc94e25275d3,title+office,,NILE ISS 5 (N0003922D1004) Task Order 3,,408,,PMW-150
removed,k:dc9743bff305,title+office,,National Intelligence Systems Engineering and Capability Development - SeaPort (C),,32,,LSUBP00023
added,k:dcab4340714f,title+office,,,"LIPTM00333, IT-OT CES (C)",,605,LSUBP00010
added,k:dcd098b54b3b,title+office,,,PMW 160 Engineering Support Services (ESS) Follow-on Contract (C),,55,PMW-160
removed,k:dce19b7e71c5,title+office,,"LIPTM00086/MyNavy Human Resources Solutions -Dell EMC Data Domain Software renewal, SEWP (C)",,586,,LSUBP00011
removed,k:dcf9269ac688,title+office,,USMC Logistics Analysis Technical Management Team - SeaPort (C),,275,,LSUBP00021
added,k:dd0d44562f12,title+office,,,"LIPTM00303, DARPA IPT, SEAPORT NEW TASK ORDER, ACO PROGRAM SUPPORT (C)",,592,LSUBP00049
removed,k:dd2f1bdcd251,title+office,,C2P BPA Call 1 (C),,158,,PMW-150
removed,k:dd3674f65716,title+office,,LIPTM00397 - Canes Eng IPT- N6523622D8006/NEW TO MBASII,,86,,LSUBP00063
removed,k:dd3bb0cde8f1,title+office,,"18658 - FOE PPR INSTALL OF AEGIS ASHORE C4I & C31 SYS REDZIKOWO, POLAND & DEVESELU, ROMANIA (C)",,453,,LSUBP00057
added,k:dd499a96e532,title+office,,,NAVWAR CEBO Support 2026 (C),,211,8.0
removed,k:dd6ce3282973,title+office,,DMR - PACU 461 - 22R2000,,201,,PMW/A-170
removed,k:dd82cc603b34,title+office,,Cybersecurity (CS) / Information Assurance Technical Authority (IA TA) Cybersecurity Technical & Engineering Services,,663,,None
removed,k:dda2bb7dbc4e,title+office,,NCR Expansion ESS Upgrade,,46,,LSUBP00010
added,k:ddc2126d4293,title+office,,,"LIPTM00119, IC IPT, CVN-70/71/76 NAVAIR SATCC SPARES KIT, SEWP (C)",,663,LSUBP00034
added,k:de0519917b10,title+office,,,eCRM DOS,,441,Pf004MNHR
removed,k:de07a0162ec2,title+office,,"SOCS IPT, NEW ORDER, N6523620D8003, FY23 SDN-Mv2-Hv2 Upgrade Proc, LIPTM00128",,329,,LSUBP00004
removed,k:de0a77ce9c5f,title+office,,NMT FOFD - Last Time Buys,,387,,PMW/A-170
added,k:de674f4a2904,title+office,,,"LIPTM00321, C4I, NSIPT, CNDTS SPVU NEW(V3) DELL, SEWP (C)",,236,LSUBP00024
added,k:deacdb03fd6a,title+office,,,0150 deob expiring funds P00001,,834,NP-41200
removed,k:deb27f8ae816,title+office,,LIPTM00319_CyberANTX2023_CSO (C),,153,,LSUBP00049
removed,k:df32f0a257cf,title+office,,Lot 12 Production Buy (C),,413,,PMA/PMW-101
added,k:df3bfb334874,title+office,,,USSPACECOM AV TO 01,,790,NP-53600
added,k:df447b0d8e74,title+office,,,LIPTM00229 - IUSS IPT - 300-24-911- Hardware (Wiseman)-SEWP (C),,533,LSUBP00022
added,k:df6f1adbeec1,title+office,,,AVENING TECH (GSA MAS),,439,DRPM-NOA
removed,k:df8d9becc50f,title+office,,Depot Systems Support,,693,,None
removed,k:dfa46dbc7721,title+office,,"LIPTM00455-TERRESTRIAL COLLECTIONS IDENTITY OPS, CIHEP PROTOTYPE EQUIP, SEWP (C)",,332,,LSUBP00021
added,k:dfa904d4f2a1,title+office,,,"LIPTM00119, IC IPT, CVN-74/LHA-8 IVN BATTERY REFRESH, SEWP (C)",,337,LSUBP00034
added,k:dfdb0070fac1,title+office,,,STtNG - Phase III Production,,470,PMW/A-170
removed,k:dff07f00221d,title+office,,LIPTM00107 - Naval Tactical Command Support System - Stunnel Support - NASA SEWP (C),,591,,LSUBP00056
added,k:dff8e9f32e84,title+office,,,PEO Digital Strategic Communications (C),,210,CSO
removed,k:e0877977d954,title+office,,Surface Ship Integration Division and Fleet Installation & Response Division Installation Technical and Logistic Support,,10,,LSUBP00057
removed,k:e08aa5333403,title+office,,"LIPTM00457, Integrated Service Center, Kinetic Request Software Renewal, SEWP (C)",,498,,LSUBP00011
added,k:e0fb4d01f631,title+office,,,0249 CANE ISEA,,827,NP-41200
added,k:e108fd0dcf6f,title+office,,,"LIPTM00395, Multi-Media IPT, Ashore Collaboration Systems Integration and Installation Support, New SAC Task Order",,285,LSUBP00002
removed,k:e12522c36925,title+office,,"LIPTM00119, IC IPT, LPD ISEA VIDEO SUPPORT PROCUREMENT, SEWP (C)",,550,,LSUBP00034
removed,k:e130d1fd88f1,title+office,,NAVWAR_NIWC_Family of Systems Performance Based Logistics and Acquisition Logistics Support (C),,464,,LSUBP00093
added,k:e15065145916,title+office,,,Bundle 12,,267,LSUBP00083
added,k:e16000511608,title+office,,,LIPTM00086 - MYNAVY HR SOLUTIONS IPT - MPT&E NEW SAC UNDER MBAS II CONTRACT,,308,LSUBP00011
added,k:e173ad38e4dc,title+office,,,"LIPTM0003, SHORE ATC FOCIS (V)3 TDM TO IP, NASA SEWP (C)",,249,LSUBP00001
removed,k:e18595b6e1dd,title+office,,LIPTM00149 - ASE - SSEE Mission Module Shearwater - ASE-23-003 - SEWP (C),,90,,LSUBP00022
removed,k:e1972add17c9,title+office,,"LIPTM00455, TCS UGS Kit (C)",,362,,LSUBP00021
removed,k:e1c32bdb3c53,title+office,,"LIPTM00321, C4I, NS IPT, CND 5.1 FORCEPOINT HW SUPPORT RENEWALS, SEWP (C)",,100,,LSUBP00024
removed,k:e1c57b458564,title+office,,Chugach SAC -Fleet C4I and Readiness Emergent/Rapid Fleet Response Support (CIR 22-022),,19,,LBUSP00023
removed,k:e20dc5892a89,title+office,,Singapore COMSEC Task Order (2024) (C),,641,,PMW-740
added,k:e223f2b8aeb3,title+office,,,"LIPTM00455, TCIO, CIHEP IT EQUIPMENT, SEWP (C)",,512,LSUBP00021
removed,k:e22a1bce8965,title+office,,"LIPTM00119, IC IPT, CVN-78 8WF1 RADIO PROCUREMENT, SEWP (C)",,576,,LSUBP00034
removed,k:e23bfa5ea284,title+office,,DMR - CCAS - 22R2000,,203,,PMW/A-170
added,k:e280f87d65ff,title+office,,,PEO C4I Executive Office Support Services (C),,45,C4IEXEC
added,k:e28266f92855,title+office,,,"LIPTM00455, TCIO, TCS RADAR 3, SEWP (C)",,648,LSUBP00021
removed,k:e2997c15def7,title+office,,"LIPTM00115,  TSS IPT - Naples DWDM SFP Procurement, SEWP (C)",,569,,LSUBP00015
added,k:e2d961ac0a03,title+office,,,"LIPTM00118 SOFTWARE, TNSS IPT, CANES ACTIVID ACTIVCLIENT RENEWAL, MAC (C)",,503,LSUBP00063
added,k:e2e39f5fe2e2,title+office,,,Eng/Log Support Services_Future_OY2_2029 (C),,88,Pf007NERP
added,k:e2ea4b132fc0,title+office,,,"Prototyping and Test and Evaluation Services for Emerging Positioning, Navigation and Timing (PNT) Technologies (C)",,706,NP-55700
added,k:e302fe2412df,title+office,,,VideoRay MESR Engineering Services and Support,,807,NP-56400
removed,k:e310e06e786e,title+office,,LIPTM00455-FDS-MC IT Hardware (C),,279,,LSUBP00021
changed,k:e33f009336bd,title+office,procurement_method,,Full and Open Competition,409,47,PMW/A-170
changed,k:e33f009336bd,title+office,solicitation_fy,,TBD,409,47,PMW/A-170
changed,k:e33f009336bd,title+office,solicitation_quarter,,TBD,409,47,PMW/A-170
changed,k:e33f009336bd,title+office,award_fy,FY27,FY25,409,47,PMW/A-170
changed,k:e33f009336bd,title+office,award_quarter,Q1,Q3,409,47,PMW/A-170
added,k:e37c56bc4503,title+office,,,Eng/Log Support Services_Future_Base Yr_2027 (C),,85,Pf007NERP
added,k:e3c30f3d890c,title+office,,,LIPTM00448-NAV ISEA SUPPORT-CharlesNwachukwu00XX *22F0212 POP end 8/30/2024,,147,LSUBP00016
removed,k:e3c757b311a3,title+office,,LIPTM00252-BASED LOGISTICS-ORGANIC/SSEE INC F SPARES/SEWP (C),,110,,LSUBP00093
removed,k:e40241cfd433,title+office,,Shore NEN ISEA,,690,,None
removed,k:e43414db8af9,title+office,,LIPTM00003_NAS Fallon OCIR_SEWP (C),,611,,LSUBP00001
removed,k:e43760803aaa,title+office,,Network Integration Engineering Facility (NIEF) Engineering Services,,689,,None
added,k:e4cb1e08c824,title+office,,,NSC2I LPD 32-33 Phases 2-5. Updated (C),,191,PMW-760
removed,k:e5131184c260,title+office,,LIPTM00480 - Naval Tactical Command Support System - Spares Cisco Switches - CISCO ESI BPA - SEWP (C),,485,,LSUBP00056
removed,k:e5182bfc62e6,title+office,,"Naval Information Warfare Center Pacific
DLTT, GS and Mini Rack Development and Technical Support",,716,,535
added,k:e598ce44903b,title+office,,,"ISR/IO, and ICADs Engineering and Technical - Seaport New TO (60 months) (C)",,667,LSUBP00022
removed,k:e5c613e5fb8e,title+office,,PRC-167 J&A,,411,,PMW/A-170
removed,k:e5c6dd43760e,title+office,,LIPTM00116-UCVS IPT-Telephony UC Engineering and Technical Support-SeaPort (C),,521,,LSUBP00015
changed,k:e5fafdfd5b9b,title+office,procurement_method,,Full and Open Competition,324,562,LSUBP00021
changed,k:e5fafdfd5b9b,title+office,procurement_instrument,Delivery Order/Task Order,Delivery Order/Task Order (not under Federal Supply Schedule Contract),324,562,LSUBP00021
changed,k:e5fafdfd5b9b,title+office,solicitation_fy,,TBD,324,562,LSUBP00021
changed,k:e5fafdfd5b9b,title+office,solicitation_quarter,,TBD,324,562,LSUBP00021
changed,k:e5fafdfd5b9b,title+office,award_fy,FY23,FY24,324,562,LSUBP00021
changed,k:e5fafdfd5b9b,title+office,award_quarter,Q4,Q3,324,562,LSUBP00021
removed,k:e6033d7ccfbc,title+office,,LIPTM00214 - USCG IPT - L-3  Communications Corp - NICHE Contract (CIR 22-023),,21,,LSUBP00006
added,k:e6f68e0a77d3,title+office,,,C4ISR Training Products Follow-On (C),,715,NP-43100
added,k:e71c142a46f6,title+office,,,5104 LIPTM00426 USS DWIGHT D. EISENHOWER (CVN 69) INSTALLATIONS (C),,609,LSUBP00057
added,k:e71e1b39cd30,title+office,,,"Performance Based Logistics - Organic, Depot, and Integrated Logistics Support (C)",,567,LSUBP00093
removed,k:e72e699052e2,title+office,,LIPTM00229 - IUSS IPT - 300-23-930 - EDI-B Equipment (WISEMAN)-SEWP (C),,367,,LSUBP00022
added,k:e741c8691ab3,title+office,,,LIPTM00415 - Radio Communications task Command and Control System Rack Production - N6523618D8014 (New Corporate Product,,124,LSUBP00016
added,k:e758442e1482,title+office,,,"LIPTM00468, NISE, LR-24-002 - Expeditionary Zone-B, SEWP (C)",,339,LSUBP00049
removed,k:e77029680fd1,title+office,,LSUBP00016: NAVY AFLOAT & NAV DIV PM AND FM SUPPORT (MBAS II SAC - NEW),,250,,LSUBP00016
added,k:e798af93dc26,title+office,,,"LIPTM00119, IC IPT, LHD-8 HYDRA P25 SYSTEM PROCUREMENT, SEWP (C)",,644,LSUBP00034
added,k:e7ea87770207,title+office,,,PEO Digital Research & Advisory Services Follow On (C),,34,PCE
removed,k:e8268d683ec1,title+office,,LIPTM00156 - DCGS-N - IBM ASPERA & ANALYST NBKS -  SEWP (C),,135,,LSUBP00022
removed,k:e8432895f1fe,title+office,,"LIPTM00119, IC IPT, LPD-19/20 ANN SCDs 2125/26491 MATERIAL, SEWP (C)",,556,,LSUBP00034
removed,k:e8437fc64dcd,title+office,,LIPTM00129 - UCS Engineering & Logistics Support - SeaPort TO (C),,600,,LSUBP00004
added,k:e8575fea6c22,title+office,,,LBS-G Production N0003921D6001_TO20_T&M Follow on_FY25,,315,PMW-120
added,k:e8d3c65995c1,title+office,,,0148 Caas ISEA,,776,NP-41200
added,k:e8f0f54def21,title+office,,,LBUCS Receive Version 2 Development and Production (C),,29,PMW-770
removed,k:e9142094caa8,title+office,,LIPTM00395 - MULTI MEDIA  IPT - TPL 22-068/22-069 CISCO PRODUCTS (C),,60,,LSUBP00002
removed,k:e926e9fde4ce,title+office,,"LIPTM00150, Expeditionary Signals Intelligence (SIGINT), SCI Comms Mobility Pack (MP), NASA SEWP (C)",,336,,LSUBP00021
added,k:e95f3489e143,title+office,,,X049 B-106 Replace Windows,,800,NP-83000
removed,k:e9c79c1ca4a9,title+office,,"NAVAL INFORMATION WARFARE CENTER (NIWC) PACIFIC, CODE 53523, COMMON DATA LINK MANAGEMENT SYSTEM (CDLMS) ADJUST PROCESSOR",,717,,535
added,k:e9d43714eb88,title+office,,,0248 CANES ISEA,,109,NP-41200
added,k:e9e82fdb9a1e,title+office,,,GPNTS FY25 Bulk Buy #1 Award and Fund,,323,PMW/A-170
added,k:e9e82fdb9a1e,title+office,,,GPNTS FY25 Bulk Buy #1 Award and Fund,,404,PMW/A-170
added,k:e9faf06ea579,title+office,,,NMT FOFD - TDL: 24-21F CBIT Development,,440,PMW/A-170
added,k:ea614874d4e5,title+office,,,LIPTM00121-ATS IPT: PMW/A-170 CBSP SECURE INTEGRATED GLOBAL HYBRID TRANSPORT (SIGHT) SERVICES (CHUGACH 23D8021-NEW TO-BA,,290,LSUBP00016
removed,k:ea63e5522d6d,title+office,,LIPTM00156 - DCGS-N Test & Evaluation and Cybersecurity Support (3914 Follow-On) - Seaport New TO Base+4OY (C),,78,,LSUBP00022
removed,k:ea8129a6fce5,title+office,,"CSRR C&M Software  Maintenance, Sustainment and Development -  Follow-On contract (C)",,425,,PMW-770
added,k:ea93ef2bf493,title+office,,,TDL 0204 - AN/UYQ-120(V) 1 Command and Control Processor System (C2PS) Government Acceptance Test (GAT),,789,NP-41100
removed,k:ea974f452c4d,title+office,,CANES MAC- N0003923R9105 (C),,651,,PMW-160
removed,k:eac9b0a71c8c,title+office,,LIPTM00214-C4I FMS IPT _Costa Rica_FMS Case CS-P-LBF_SAC_Two Year,,248,,LSUBP00006
removed,k:eaf10ff2cdff,title+office,,"LBUSP00030, Facilities Support, Pre-Priced CLINS New Task Order",,122,,LBUSP00030
added,k:eca856a76657,title+office,,,LIPTM00229 - IUSS IPT - 300-24-914- VMWARE-(WISEMAN) ESI/SEWP (C),,535,LSUBP00022
removed,k:eccb30c7cae6,title+office,,"Take Charge and Move Out (TACAMO) 
Ground Communications – Mobile ISEA Contract",,680,,None
removed,k:ecd64c07c77e,title+office,,"LIPTM00455-TCIO, MCWL MLR BATTLELAB, SEWP (C)",,308,,LSUBP00021
removed,k:ececea6351bb,title+office,,PEO C4I PMW-740 Taiwan Engineering Support Incremental (C),,637,,PMW-740
removed,k:ecf8059c6d29,title+office,,Facilities Support Services (C),,602,,LSUBP00083
added,k:ed6249ca630b,title+office,,,LIPTM00156 - DCGS-N IPT - MOVEIT - GSA (C),,361,LSUBP00022
added,k:ede782b4922c,title+office,,,MIDS Recompete/21F3011 Follow-On (C),,58,PMA/PMW-101
removed,k:ededf639a729,title+office,,"COMMAND, CONTROL, COMMUNICATIONS, AND COMPUTERS (C4I) TRAINING, SYSTEMS ENGINEERING & INTEGRATED PRODUCT SUPPORT - SeaPo",,502,,LSUBP00035
added,k:ee080ea1ff23,title+office,,,01 JPI FR (A3 Card),,466,PMW-150
added,k:ee1ee735642a,title+office,,,"LIPTM00080, NATFP IPT, NAVSEA",,260,LSUBP00010
removed,k:ee378b80287d,title+office,,"JPI Reflash, Repair, and Reconfiguration",,160,,PMW-150
removed,k:efd86e2c51b0,title+office,,MIDS LVT IDIQ (C),,29,,PMA/PMW-101
removed,k:efeb11f2505c,title+office,,LIPTM00132_Naval & Joint Europe_Material for United States European Command (USEUCOM) SITE C_ SEWP (C),,61,,LSUBP00002
added,k:eff6703bf6c1,title+office,,,Tactical Networks (TACNET) In-Service Engineering Agent (ISEA) Follow-On Action (C),,725,NP-41200
removed,k:f01b33dcf28f,title+office,,LIPTM00250 - SHORE SUB C4I IPT - Variable Tuning Efforts (NEW TO),,528,,LSUBP00035
removed,k:f01d0be4d0b4,title+office,,STtNG Inc 3 Production Contract - Admin (C),,376,,PMW/A-170
removed,k:f034ab65611a,title+office,,"LIPTM00321, NS IPT, CND IBM HW/SW RENEWALS, SEWP (C)",,96,,LSUBP00024
added,k:f062ffc3ba7c,title+office,,,LIPTM00128-SOCS IPT-FPA-SOCS SCAMPI SATCOM (C),,549,LSUBP00004
added,k:f0c82446f2b6,title+office,,,PEO Digital Engineering and Logistics Support follow on (C),,32,PCE
added,k:f0d74eab7edf,title+office,,,Key Management Architecture & Engineering (KMA&E) and Cyber Security Engineering Support Services in support of NIWC Pac,,754,NP-58100
removed,k:f0f730e4c0be,title+office,,"LIPTM00120, SDRS IPT, VQUAD II FY23 RENEWAL, SEWP (C)",,266,,LSUBP00016
added,k:f116d8a90945,title+office,,,LIPTM00447-SECURE VOICE SOLUTIONS IPT-NEW SAC Order N6523619D8002 SECURE VOICE BASE  (HNF SHELVING),,282,LSUBP00015
removed,k:f120484fa88c,title+office,,"LIPTM00468, SSTD SEAPORT NEXT GEN TASK ORDER (C)",,501,,LSUBP00035
added,k:f12d5623e6ef,title+office,,,VH-92 CAMEO Follow-On. (C),,691,NP-53400
changed,k:f15a62fca111,title+office,procurement_instrument,BPA,Single-Award Indefinite-Delivery,399,67,8.0
changed,k:f15a62fca111,title+office,solicitation_fy,FY23,FY24,399,67,8.0
changed,k:f15a62fca111,title+office,award_quarter,Q3,Q4,399,67,8.0
changed,k:f15a62fca111,title+office,incumbent_contractor,GOFORTH & MARTI,,399,67,8.0
changed,k:f1a7e85d188d,title+office,solicitation_fy,FY23,FY24,426,59,PMW-770
changed,k:f1a7e85d188d,title+office,award_fy,FY24,FY25,426,59,PMW-770
removed,k:f1b7bc99929d,title+office,,4984 - NEW TASK ORDER USS GEORGE H W BUSH (CVN 77) OCF INSTALLS (C),,449,,LSUBP00057
removed,k:f1d8235907de,title+office,,"DATEM, TO 02",,403,,PMW-120
added,k:f20acd979b4b,title+office,,,19722 LIPTM00256L ESS DLA Minor Construction,,300,LSUBP00057
removed,k:f298478ee8d5,title+office,,PEO C4I PMW 740 Taiwan Training Incremental (C),,636,,PMW-740
added,k:f37f60f6c639,title+office,,,IT Tools (C),,329,4.0
removed,k:f39e779c0cba,title+office,,"Naval Information Warfare Center (NIWC) Pacific Computer Operation, Hardware Maintenance, and Support Services",,712,,535
added,k:f3c6ec89315a,title+office,,,NSC2I.  TARC.  PHASE 1-5 (C),,187,PMW-760
removed,k:f3fa2d34b9df,title+office,,Automated Vechicle Barrier (AVB),,691,,None
added,k:f40de302a32d,title+office,,,Automatic Identification Systems/Joint Tactical Terminal In-Service Engineering Activity (AIS/JTT ISEA) Support - Seapor,,584,LSUBP00022
added,k:f40e0ee0a50d,title+office,,,"LIPTM00074, DHA/HSI IPT, 24-012 MESOC-SATX FY23 and MESOC-AUCO-ESI SEWP (C)",,377,LSUBP00009
added,k:f421fcea7fd8,title+office,,,ERP+ Prototyping (C),,84,Pf007NERP
removed,k:f42ceef38385,title+office,,"LIPTM00476, NISE, Asymmetric SATCOM Laboratory, SEWP (C)",,629,,LSUBP00049
added,k:f42f6231a16a,title+office,,,Afloat Global C4ISR Installations Services (GIC) (C),,737,NP-42100
removed,k:f4375c6c35f9,title+office,,"LIPTM00447, SECURE VOICE SOLUTIONS- Defense Red Switch Network (DRSN) Long Local over Internet Protocol (LLoIP)_POP EXT ",,506,,LSUBP00015
removed,k:f43f4189e879,title+office,,LIPTM00397-CANES ENG AND CANES TNSS/SeaPort TO (Base +4OYs) (C),,75,,LSUBP00063
added,k:f47e370469ff,title+office,,,N0003923F4063_P00001 RTI Update Effort B-2 RRT Upgrade S/N 0071,,429,PMA/PMW-101
added,k:f48bba77abce,title+office,,,LIPTM00121_AFLOAT TRANSPORT IPT -FY24 KVM HW_SEWP (C),,246,LSUBP00016
added,k:f4a1c862de21,title+office,,,LIPTM00149 - ASE IPT - ASE-24-023 - SSEE Azure Test Equipment - Misc - SEWP V (C),,517,LSUBP00022
added,k:f4e3ab605b6e,title+office,,,"TACMOBILE ENGINEERING, INTEGRATION & INSTALLATION SUPPORT (CMS Task Order) Base +2OYS (C)",,595,LSUBP00006
added,k:f509c1a66ad6,title+office,,,SCORPION Trailer,,446,PMW-770
added,k:f518697eacb4,title+office,,,SLDCADA 2_FUTURE_ OY1_2025 (C),,92,Pf007NERP
added,k:f550da182535,title+office,,,Sri Lanka Navy (SLN) Multi-Spectral Maritime Surveillance System (MSMSS) (C),,38,PMW-740
removed,k:f553c6ce7722,title+office,,"LIPTM00455,Terrestrial Collection Identity OPS (TCIO),SIGMAN Spectrum Guard Patrol Software, NASA SEWP (C)",,344,,LSUBP00021
removed,k:f56ab7c01c7b,title+office,,LSUBP0016 - RCIPT- FY23 ISEA Spt_12 Month POP_Chugach (SAC)_New TO 21-D-8009,,231,,LSUBP00016
added,k:f5b51d0e11d9,title+office,,,LIPTM00214-PMW740 FMS-CPN/CENTRIXS Multi-Country (C),,600,LSUBP00006
added,k:f5c44416056c,title+office,,,WAMS - TO # 6 EDM Buy,,473,PMW/A-170
removed,k:f6196e64cdaf,title+office,,Surface Ship Integration Division Project and Financial Management Support,,20,,LSUBP00034
removed,k:f6628d58d269,title+office,,RMF Assessment Support Services (C),,371,,5.0
added,k:f6d0582f2520,title+office,,,ADNS Production MAC RFP #31 (C),,15,PMW-160
added,k:f6e3dcaa3f18,title+office,,,"LIPTM00464, DC2HS, FY24 CISCO RENEWAL, ESI-SEWP (C)",,650,LSUBP00066
added,k:f706a5bc3957,title+office,,,"LIPTM00347 VEHICULAR TECHNOLOGY TRANSITION (VTT),HW MAINTENANCE,SEWP",,307,LSUBP00007
removed,k:f7267dc1e89f,title+office,,"LIPTM00121_ATS IPT: PMW/A 170 System Operability Testing (SOT), SOT II, Deploying Group System Integration Testing (DGSI",,232,,LSUBP00016
removed,k:f75552c2d766,title+office,,STtNG Phase III Production - Admin,,393,,PMW/A-170
removed,k:f76427db5902,title+office,,LIPTM00132_Naval & Joint Europe _MISCELLANEOUS MATERIAL FOR CONFERECNE ROOM_SEWP (C),,41,,LSUBP00002
added,k:f78e7cf8e87e,title+office,,,LIPTM00454_DELOITTE CONTRACT #47QTCK18D0029_OTA23-LANT-1814-015_NEW TO,,297,LSUBP00064
removed,k:f7af682b1bcf,title+office,,WAMS DO#5 - Long Lead Buy,,388,,PMW/A-170
removed,k:f7b255d4b106,title+office,,NMT FOFD Extension (No cost action – Admin Only),,384,,PMW/A-170
removed,k:f7bb8e539ecd,title+office,,DMR - SATURN SW Development (Phase I) - 18D0002,,206,,PMW/A-170
changed,k:f7fb3c2fc10d,title+office,anticipated_total_value,$50M - $100M,< $2M,544,497,LSUBP00015
changed,k:f7fb3c2fc10d,title+office,solicitation_fy,FY24,TBD,544,497,LSUBP00015
changed,k:f7fb3c2fc10d,title+office,solicitation_quarter,Q2,TBD,544,497,LSUBP00015
changed,k:f7fb3c2fc10d,title+office,award_fy,FY24,FY29,544,497,LSUBP00015
changed,k:f7fb3c2fc10d,title+office,award_quarter,Q4,Q3,544,497,LSUBP00015
changed,k:f7fb3c2fc10d,title+office,follow_on_or_new,Follow-on,,544,497,LSUBP00015
removed,k:f8023164a52f,title+office,,DEVELOPMENT INTEGRATION CERTIFICATION ENVIRONMENT (DICE) SERVICE CENTER (SC) SUPPORT,,719,,535
added,k:f80e8b5885b4,title+office,,,"LIPTM00252, BASED LOGISTICS-ORGANIC (PBLO), COMPUTER RELATED MATERIALS, SEWP (C)",,335,LSUBP00093
added,k:f836f6694a6c,title+office,,,"LIPTM00085, GEN MCESS PGM SUP (PPA LSUBP00010-0015)",,163,LSUBP00010
removed,k:f83d5584cb0c,title+office,,"LIPTM00303, DARPA IPT, SEAPORT NEW TASK ORDER, JANUS PROGRAM SUPPORT (C)",,437,,LSUBP00049
removed,k:f8468b7f0934,title+office,,"LIPTM00150, Expeditionary Signals Intelligence (SIGINT), TSCS/TCAC SCEPTRE Annual Support and Maintenance, NASA SEWP (C)",,356,,LSUBP00021
removed,k:f86a23ba4f18,title+office,,"LIPTM00488 - USNO IPT - U.S. Naval Observatory (USNO) Precise Time and Astrometry (PTA) Networks Engineering, Production",,504,,LSUBP00015
removed,k:f872e8cc7ef5,title+office,,"LIPTM00085, MST MUL USMC ESS QTR 3 FY23 (C)",,70,,LSUBP00010
removed,k:f87a46ada7fc,title+office,,Automated Digital Network Systems (ADNS),,733,,None
added,k:f890e3f127c9,title+office,,,"LIPTM00080, NATFP IPT, NSA Naples Building 440 Rooms 321 & 374 ESS FUNDED SAC",,287,LSUBP00010
removed,k:f8b2732465eb,title+office,,NSLC-A Communications System - Admin (C),,375,,PMW/A-170
added,k:f8b88c88e88e,title+office,,,Marine Mammal Systems Support - Offsite,,812,NP-56700
added,k:f8e21cc72141,title+office,,,LIPTM00149 - ASE IPT - ASE-24-016 - SSEE MISSION MODULE SPARES FY24 - SEWP V (C),,510,LSUBP00022
added,k:f91f226a6cb4,title+office,,,"GIC TORFP 5042 - GCM J-023 ESS Installation at MCB CAMP BLAZ, Guam (C)",,761,NP-42100
removed,k:f91ff29bfbef,title+office,,Naval Physical Security System-Enterprise Architecture (PS2-EA),,675,,None
removed,k:f942cd5d9b98,title+office,,CYBERSECURITY ASSESSMENT AND AUTHORIZATION SUPPORT - SeaPort (C),,605,,LSUBP00009
added,k:f9689c2d858e,title+office,,,Defense Health Information Technology Program Management (PM)/Financial Management (FM) Support II,,168,LSUBP00009
removed,k:f98a827b7008,title+office,,"LIPTM00467, 83200 Facilities, Cafeteria Furniture, GSA (C)",,312,,LSUBP00083
removed,k:f997e1b6ea2d,title+office,,LIPTM00395 - MULTI MEDIA  IPT - TPL 23-092A EVANS CUSTOM TABLE  - SEWP (C),,57,,LSUBP00002
added,k:fa005b3cb302,title+office,,,Eng/Log Support Services_Future_OY1_2028 (C),,87,Pf007NERP
removed,k:fa0d6ff94d3a,title+office,,LIPTM00453- WAN Infrastructure Support - SeaPort TO (C),,142,,LSUBP00017
removed,k:fa2551e66803,title+office,,LIPTM00156 - FY23 DCGS-N CLOUDERA AND POSTGRESS - SEWP (C),,126,,LSUBP00022
added,k:fa6c4de945b0,title+office,,,"DCGS-N Systems Engineering, ISEA, and Training - Seaport New TO (60 Month) (C)",,566,LSUBP00022
added,k:fa6db0605038,title+office,,,"LIPTM00120, SDRS IPT, SPIRENT HW RENEWAL FY24, SEWP (C)",,607,LSUBP00016
added,k:fab312ec3611,title+office,,,LIPTM00116-UCVS IPT-Yokosuka Maintenance (Far East License Renewal)-SEWP (C),,205,LSUBP00015
removed,k:fafe14920769,title+office,,MyNavy HR ADE (C),,421,,Pf004MNHR
changed,k:fb173613d2a7,title+office,procurement_instrument,Delivery Order/Task Order,Delivery Order/Task Order (not under Federal Supply Schedule Contract),608,579,LSUBP00001
changed,k:fb173613d2a7,title+office,solicitation_quarter,Q3,Q4,608,579,LSUBP00001
changed,k:fb173613d2a7,title+office,award_fy,FY23,FY25,608,579,LSUBP00001
changed,k:fb173613d2a7,title+office,award_quarter,Q3,Q1,608,579,LSUBP00001
removed,k:fb28c75c05b8,title+office,,LIPTM00119-INTERIOR COMM IPT - LPD-31 UVS – Video - CMS MAC Task Order - 1 year POP (C),,548,,LSUBP00034
added,k:fbd64c1cb3e4,title+office,,,"LIPTM00074, DHA/HSI IPT, 24-020 BNOE/BNO for NMC PORTSMOUTH, RAF LAKENHEATH, FT MOORE, FT MEADE & MULTIPLE OTHER SITES-S",,611,LSUBP00009
added,k:fc2b9e5d276c,title+office,,,Centerwide Logistics & Warehouse Services Follow-On Action,,818,NP-43100
removed,k:fc9be2df4ee6,title+office,,LIPTM00229 - IUSS IPT - 300-23-925 - CISCO Routers (Outlaw)-SEWP (C),,128,,LSUBP00022
added,k:fce6863c115e,title+office,,,"LIPTM00478, CSSP TENABLE RENEWAL SEWP (C)",,622,LSUBP00009
added,k:fd087d18fd74,title+office,,,"LIPTM00464, DC2HS, FY24 NETAPP HW RENEWAL, ELA - SEWP (C)",,340,LSUBP00066
added,k:fd2a763f25f9,title+office,,,"LIPTM00455, TCIO, EOCM THIN CLIENT, SEWP (C)",,326,LSUBP00021
removed,k:fd961c446e1a,title+office,,"LIPTM00150, Expeditionary Signals Intelligence (SIGINT), SCO/SM HTLx T2 Receivers , NASA SEWP (C)",,316,,LSUBP00021
added,k:fdb3b21a422f,title+office,,,LIPTM00214-C4I FMS IPT_PORTUGAL PT-P-LDL _COMMUNICATIONS EQUIPMENT_SEWP (C),,204,LSUBP00006
added,k:fe7de2ef5d76,title+office,,,0204 Tactical Network Operations Management (TNOM) Engineering Support,,103,NP-41200
added,k:fe9d735e9d77,title+office,,,LIPTM00319 GTRI Antenna-Contract (PPA LSUBP00049-0248),,288,LSUBP00049
removed,k:feaa245d3adc,title+office,,LIPTM00149 - ASE - SSEE Intellian Spares - ASE-23-040 - SEWP (C),,94,,LSUBP00022
added,k:febf78cf9802,title+office,,,0239 INSURV Acceptance Trial (AT),,105,NP-41200
added,k:fed1004fce03,title+office,,,ADNS Production MAC RFP #35 (C),,19,PMW-160
added,k:feda1b8f1168,title+office,,,"LIPTM00478, CYBER SECURITY SERVICE PROVIDER, CSSP, ENCASE SEWP (C)",,240,LSUBP00009
removed,k:ff0727452b61,title+office,,LIPTM00454 -MCBOSS - SPLUNK SOFTWARE RENEWAL - BPA ESI (C),,143,,LSUBP00064
added,k:ff1eef0b45bb,title+office,,,CBSP AC2 Modem Follow On,,471,PMW/A-170
added,k:ff4fc47b335b,title+office,,,"LIPTM00128, New Order SOCS SATCOM, SDN-L FoS for 12 SMB Systems",,252,LSUBP00004
added,k:ff7c370d9229,title+office,,,"LIPTM00241 - USCG IPT - WebEx Desk Pros (T819) - ESI, SEWP (C)",,392,LSUBP00006
added,k:fffdb4f44354,title+office,,,0195 USNS LUCY STONE ADNS,,833,NP-41200
