sheet,row_number,record_key,pid,office_code_string,office_code,code_family,office_id,include_decision,reason
LRAE Annex 25,9,k:69cd6474df57,,PMW-740 - PMW-740 - NAVWAR,PMW-740,peo_program_office,pmw:740,included,"code resolves to pmw:740, a PEO C4I office (alias table)"
LRAE Annex 25,10,k:cb7a7ecead4f,,PMS-485 - PMS-485 - NAVWAR,PMS-485,navsea_program_office,pms:485,excluded,"code resolves to pms:485 (program_office), outside the PEO C4I portfolio"
LRAE Annex 25,11,k:4dafe38dd3f8,,PMW-740 - PMW-740 - NAVWAR,PMW-740,peo_program_office,pmw:740,included,"code resolves to pmw:740, a PEO C4I office (alias table)"
LRAE Annex 25,12,k:32c2012637eb,,PMW-160 - PMW-160 - NAVWAR,PMW-160,peo_program_office,pmw:160,included,"code resolves to pmw:160, a PEO C4I office (alias table)"
LRAE Annex 25,13,k:56701d2778bf,,PMW-160 - PMW-160 - NAVWAR,PMW-160,peo_program_office,pmw:160,included,"code resolves to pmw:160, a PEO C4I office (alias table)"
LRAE Annex 25,14,k:4a65a57736d1,,PMW-160 - PMW-160 - NAVWAR,PMW-160,peo_program_office,pmw:160,included,"code resolves to pmw:160, a PEO C4I office (alias table)"
LRAE Annex 25,15,k:f6d0582f2520,,PMW-160 - PMW-160 - NAVWAR,PMW-160,peo_program_office,pmw:160,included,"code resolves to pmw:160, a PEO C4I office (alias table)"
LRAE Annex 25,16,k:5de9e61f8195,,PMW-160 - PMW-160 - NAVWAR,PMW-160,peo_program_office,pmw:160,included,"code resolves to pmw:160, a PEO C4I office (alias table)"
LRAE Annex 25,17,k:d6ba4152bc69,,PMW-160 - PMW-160 - NAVWAR,PMW-160,peo_program_office,pmw:160,included,"code resolves to pmw:160, a PEO C4I office (alias table)"
LRAE Annex 25,18,k:4a89bfc831b9,,PMW-160 - PMW-160 - NAVWAR,PMW-160,peo_program_office,pmw:160,included,"code resolves to pmw:160, a PEO C4I office (alias table)"
LRAE Annex 25,19,k:fed1004fce03,,PMW-160 - PMW-160 - NAVWAR,PMW-160,peo_program_office,pmw:160,included,"code resolves to pmw:160, a PEO C4I office (alias table)"
LRAE Annex 25,20,k:2be1c455a1d0,,PMW-160 - PMW-160 - NAVWAR,PMW-160,peo_program_office,pmw:160,included,"code resolves to pmw:160, a PEO C4I office (alias table)"
LRAE Annex 25,21,k:35bde6be82c7,,PMW-160 - PMW-160 - NAVWAR,PMW-160,peo_program_office,pmw:160,included,"code resolves to pmw:160, a PEO C4I office (alias table)"
LRAE Annex 25,22,k:824356f352e5,,PMW-160 - PMW-160 - NAVWAR,PMW-160,peo_program_office,pmw:160,included,"code resolves to pmw:160, a PEO C4I office (alias table)"
LRAE Annex 25,23,k:1c423c9fc153,,PMW-160 - PMW-160 - NAVWAR,PMW-160,peo_program_office,pmw:160,included,"code resolves to pmw:160, a PEO C4I office (alias table)"
LRAE Annex 25,24,k:c8b590e4e7ad,,PMW-160 - PMW-160 - NAVWAR,PMW-160,peo_program_office,pmw:160,included,"code resolves to pmw:160, a PEO C4I office (alias table)"
LRAE Annex 25,25,k:8ed23773fc1c,,PMW-160 - PMW-160 - NAVWAR,PMW-160,peo_program_office,pmw:160,included,"code resolves to pmw:160, a PEO C4I office (alias table)"
LRAE Annex 25,26,k:a53a8ad22899,,PMW-740 - PMW-740 - NAVWAR,PMW-740,peo_program_office,pmw:740,included,"code resolves to pmw:740, a PEO C4I office (alias table)"
LRAE Annex 25,27,k:a4a14cec0a56,,PMW-740 - PMW-740 - NAVWAR,PMW-740,peo_program_office,pmw:740,included,"code resolves to pmw:740, a PEO C4I office (alias table)"
LRAE Annex 25,28,k:758da1041e01,,PMA/PMW-101 - PMA/PMW-101 - NAVWAR,PMA/PMW-101,peo_program_office,pmw:101,included,"code resolves to pmw:101, a PEO C4I office (alias table)"
LRAE Annex 25,29,k:e8f0f54def21,,PMW-770 - PMW-770 - NAVWAR,PMW-770,peo_program_office,pmw:770,included,"code resolves to pmw:770, a PEO C4I office (alias table)"
LRAE Annex 25,30,k:a1be893c133f,,PMW-770 - PMW-770 - NAVWAR,PMW-770,peo_program_office,pmw:770,included,"code resolves to pmw:770, a PEO C4I office (alias table)"
LRAE Annex 25,31,k:5eee0b3df3a0,,PMS-485 - PMS-485 - NAVWAR,PMS-485,navsea_program_office,pms:485,excluded,"code resolves to pms:485 (program_office), outside the PEO C4I portfolio"
LRAE Annex 25,32,k:f0c82446f2b6,,PCE - PCE - NAVWAR,PCE,peo_front_office_or_hq_code,,unresolved,family peo_front_office_or_hq_code recognised but code PCE has no alias-table entry
LRAE Annex 25,33,k:b944ee7d2698,,PMA/PMW-101 - PMA/PMW-101 - NAVWAR,PMA/PMW-101,peo_program_office,pmw:101,included,"code resolves to pmw:101, a PEO C4I office (alias table)"
LRAE Annex 25,34,k:e7ea87770207,,PCE - PCE - NAVWAR,PCE,peo_front_office_or_hq_code,,unresolved,family peo_front_office_or_hq_code recognised but code PCE has no alias-table entry
LRAE Annex 25,35,k:dab3df033d12,,PMW-740 - PMW-740 - NAVWAR,PMW-740,peo_program_office,pmw:740,included,"code resolves to pmw:740, a PEO C4I office (alias table)"
LRAE Annex 25,36,k:2f847ef6ffa8,,PMW-740 - PMW-740 - NAVWAR,PMW-740,peo_program_office,pmw:740,included,"code resolves to pmw:740, a PEO C4I office (alias table)"
LRAE Annex 25,37,k:5cc5d31298b3,,PMW-770 - PMW-770 - NAVWAR,PMW-770,peo_program_office,pmw:770,included,"code resolves to pmw:770, a PEO C4I office (alias table)"
LRAE Annex 25,38,k:f550da182535,,PMW-740 - PMW-740 - NAVWAR,PMW-740,peo_program_office,pmw:740,included,"code resolves to pmw:740, a PEO C4I office (alias table)"
LRAE Annex 25,39,k:bbbbdadb912e,,PMW-740 - PMW-740 - NAVWAR,PMW-740,peo_program_office,pmw:740,included,"code resolves to pmw:740, a PEO C4I office (alias table)"
LRAE Annex 25,40,k:123cea5b6253,,PMS-485 - PMS-485 - NAVWAR,PMS-485,navsea_program_office,pms:485,excluded,"code resolves to pms:485 (program_office), outside the PEO C4I portfolio"
LRAE Annex 25,41,k:45bc6de6f277,,PMW-740 - PMW-740 - NAVWAR,PMW-740,peo_program_office,pmw:740,included,"code resolves to pmw:740, a PEO C4I office (alias table)"
LRAE Annex 25,42,k:bbe92f176241,,PMW-740 - PMW-740 - NAVWAR,PMW-740,peo_program_office,pmw:740,included,"code resolves to pmw:740, a PEO C4I office (alias table)"
LRAE Annex 25,43,k:0bbaa11932ab,,PMW-740 - PMW-740 - NAVWAR,PMW-740,peo_program_office,pmw:740,included,"code resolves to pmw:740, a PEO C4I office (alias table)"
LRAE Annex 25,44,k:3e294fb2b0b2,,PMW-120 - PMW-120 - NAVWAR,PMW-120,peo_program_office,pmw:120,included,"code resolves to pmw:120, a PEO C4I office (alias table)"
LRAE Annex 25,45,k:e280f87d65ff,,C4IEXEC - PEO C4I Front Office - NAVWAR,C4IEXEC,peo_front_office_or_hq_code,peo:c4i,included,"code resolves to peo:c4i, a PEO C4I office (alias table)"
LRAE Annex 25,46,k:4702c1ef33f7,,C4IEXEC - PEO C4I Front Office - NAVWAR,C4IEXEC,peo_front_office_or_hq_code,peo:c4i,included,"code resolves to peo:c4i, a PEO C4I office (alias table)"
LRAE Annex 25,47,k:e33f009336bd,,PMW/A-170 - PMW/A-170 - NAVWAR,PMW/A-170,peo_program_office,pmw:170,included,"code resolves to pmw:170, a PEO C4I office (alias table)"
LRAE Annex 25,48,k:4e1be0d80412,,PMW/A-170 - PMW/A-170 - NAVWAR,PMW/A-170,peo_program_office,pmw:170,included,"code resolves to pmw:170, a PEO C4I office (alias table)"
LRAE Annex 25,49,k:118b164bfd1d,,8.0 - 8.0 - NAVWAR,8.0,navwar_hq_competency,command:navwar,excluded,"headquarters_competency code of command:navwar, outside the PEO C4I portfolio (division itself not in alias table)"
LRAE Annex 25,50,k:984b5a06f4f0,,PMA/PMW-101 - PMA/PMW-101 - NAVWAR,PMA/PMW-101,peo_program_office,pmw:101,included,"code resolves to pmw:101, a PEO C4I office (alias table)"
LRAE Annex 25,51,k:90b1838be22e,,PMW-790 - PMW-790 - NAVWAR,PMW-790,peo_program_office,pmw:790,included,"code resolves to pmw:790, a PEO C4I office (alias table)"
LRAE Annex 25,52,k:924cbfce6345,,PMW/A-170 - PMW/A-170 - NAVWAR,PMW/A-170,peo_program_office,pmw:170,included,"code resolves to pmw:170, a PEO C4I office (alias table)"
LRAE Annex 25,53,k:a8999e22a6aa,,FRD - FRD - NAVWAR,FRD,,,unresolved,code FRD matches no code family
LRAE Annex 25,54,k:19dcd0cdc10f,,PMW-160 - PMW-160 - NAVWAR,PMW-160,peo_program_office,pmw:160,included,"code resolves to pmw:160, a PEO C4I office (alias table)"
LRAE Annex 25,55,k:dcd098b54b3b,,PMW-160 - PMW-160 - NAVWAR,PMW-160,peo_program_office,pmw:160,included,"code resolves to pmw:160, a PEO C4I office (alias table)"
LRAE Annex 25,56,k:44b54f55c857,,PMW-740 - PMW-740 - NAVWAR,PMW-740,peo_program_office,pmw:740,included,"code resolves to pmw:740, a PEO C4I office (alias table)"
LRAE Annex 25,57,k:9094c7294b6b,,DRPM-NOA - Overmatch - NAVWAR,DRPM-NOA,peo_front_office_or_hq_code,drpm:overmatch,excluded,"code resolves to drpm:overmatch (portfolio_or_front_office), outside the PEO C4I portfolio"
LRAE Annex 25,58,k:ede782b4922c,,PMA/PMW-101 - PMA/PMW-101 - NAVWAR,PMA/PMW-101,peo_program_office,pmw:101,included,"code resolves to pmw:101, a PEO C4I office (alias table)"
LRAE Annex 25,59,k:f1a7e85d188d,,PMW-770 - PMW-770 - NAVWAR,PMW-770,peo_program_office,pmw:770,included,"code resolves to pmw:770, a PEO C4I office (alias table)"
LRAE Annex 25,60,k:d2c268d861d3,,PMW-150 - PMW-150 - NAVWAR,PMW-150,peo_program_office,pmw:150,included,"code resolves to pmw:150, a PEO C4I office (alias table)"
LRAE Annex 25,61,k:ce4ef9fbe303,,PMW/A-170 - PMW/A-170 - NAVWAR,PMW/A-170,peo_program_office,pmw:170,included,"code resolves to pmw:170, a PEO C4I office (alias table)"
LRAE Annex 25,62,k:3c7b4a80ece2,,PMW-750 - PMW-750 - NAVWAR,PMW-750,peo_program_office,pmw:750,included,"code resolves to pmw:750, a PEO C4I office (alias table)"
LRAE Annex 25,63,k:0f90c0ccf67b,,PMW-750 - PMW-750 - NAVWAR,PMW-750,peo_program_office,pmw:750,included,"code resolves to pmw:750, a PEO C4I office (alias table)"
LRAE Annex 25,64,k:0774cfc14e06,,PMW-750 - PMW-750 - NAVWAR,PMW-750,peo_program_office,pmw:750,included,"code resolves to pmw:750, a PEO C4I office (alias table)"
LRAE Annex 25,65,k:459e9cb2a8e9,,PMS-485 - PMS-485 - NAVWAR,PMS-485,navsea_program_office,pms:485,excluded,"code resolves to pms:485 (program_office), outside the PEO C4I portfolio"
LRAE Annex 25,66,k:920a99a67887,,PMW-790 - PMW-790 - NAVWAR,PMW-790,peo_program_office,pmw:790,included,"code resolves to pmw:790, a PEO C4I office (alias table)"
LRAE Annex 25,67,k:f15a62fca111,,8.0 - 8.0 - NAVWAR,8.0,navwar_hq_competency,command:navwar,excluded,"headquarters_competency code of command:navwar, outside the PEO C4I portfolio (division itself not in alias table)"
LRAE Annex 25,68,k:21f8eab17f26,,Pf004MNHR - Pf004MNHR - NAVWAR,Pf004MNHR,peo_mlb_portfolio_code,,unresolved,family peo_mlb_portfolio_code recognised but code Pf004MNHR has no alias-table entry
LRAE Annex 25,69,k:3e9fa206ec9c,,PMW-760 - PMW-760 - NAVWAR,PMW-760,peo_program_office,pmw:760,included,"code resolves to pmw:760, a PEO C4I office (alias table)"
LRAE Annex 25,70,k:56dc68b1fb4e,,PMW-760 - PMW-760 - NAVWAR,PMW-760,peo_program_office,pmw:760,included,"code resolves to pmw:760, a PEO C4I office (alias table)"
LRAE Annex 25,71,k:5c6d6f2a7e1c,,PMW/A-170 - PMW/A-170 - NAVWAR,PMW/A-170,peo_program_office,pmw:170,included,"code resolves to pmw:170, a PEO C4I office (alias table)"
LRAE Annex 25,72,k:6d751041f91b,,PMA/PMW-101 - PMA/PMW-101 - NAVWAR,PMA/PMW-101,peo_program_office,pmw:101,included,"code resolves to pmw:101, a PEO C4I office (alias table)"
LRAE Annex 25,73,k:85b8af71e495,,PMW-150 - PMW-150 - NAVWAR,PMW-150,peo_program_office,pmw:150,included,"code resolves to pmw:150, a PEO C4I office (alias table)"
LRAE Annex 25,74,k:d319a323324a,,PMW/A-170 - PMW/A-170 - NAVWAR,PMW/A-170,peo_program_office,pmw:170,included,"code resolves to pmw:170, a PEO C4I office (alias table)"
LRAE Annex 25,75,k:12ededcd590f,,PMW/A-170 - PMW/A-170 - NAVWAR,PMW/A-170,peo_program_office,pmw:170,included,"code resolves to pmw:170, a PEO C4I office (alias table)"
LRAE Annex 25,76,k:22859ac4a83d,,PMW/A-170 - PMW/A-170 - NAVWAR,PMW/A-170,peo_program_office,pmw:170,included,"code resolves to pmw:170, a PEO C4I office (alias table)"
LRAE Annex 25,77,k:323ab522d3af,,PEO-MLB - PEO-MLB - NAVWAR,PEO-MLB,peo_front_office_or_hq_code,peo:mlb,excluded,"code resolves to peo:mlb (portfolio_or_front_office), outside the PEO C4I portfolio"
LRAE Annex 25,78,k:d6524a55cb02,,PMW-130 - PMW-130 - NAVWAR,PMW-130,peo_program_office,pmw:130,included,"code resolves to pmw:130, a PEO C4I office (alias table)"
LRAE Annex 25,79,k:3a2a8914007e,,PMW-770 - PMW-770 - NAVWAR,PMW-770,peo_program_office,pmw:770,included,"code resolves to pmw:770, a PEO C4I office (alias table)"
LRAE Annex 25,80,k:8d2695813515,,Pf007NERP - Pf007NERP - NAVWAR,Pf007NERP,peo_mlb_portfolio_code,,unresolved,family peo_mlb_portfolio_code recognised but code Pf007NERP has no alias-table entry
LRAE Annex 25,81,k:26f2cdf71ff0,,Pf007NERP - Pf007NERP - NAVWAR,Pf007NERP,peo_mlb_portfolio_code,,unresolved,family peo_mlb_portfolio_code recognised but code Pf007NERP has no alias-table entry
LRAE Annex 25,82,k:941cbf222cde,,Pf007NERP - Pf007NERP - NAVWAR,Pf007NERP,peo_mlb_portfolio_code,,unresolved,family peo_mlb_portfolio_code recognised but code Pf007NERP has no alias-table entry
LRAE Annex 25,83,k:933f4dbb890a,,Pf007NERP - Pf007NERP - NAVWAR,Pf007NERP,peo_mlb_portfolio_code,,unresolved,family peo_mlb_portfolio_code recognised but code Pf007NERP has no alias-table entry
LRAE Annex 25,84,k:f421fcea7fd8,,Pf007NERP - Pf007NERP - NAVWAR,Pf007NERP,peo_mlb_portfolio_code,,unresolved,family peo_mlb_portfolio_code recognised but code Pf007NERP has no alias-table entry
LRAE Annex 25,85,k:e37c56bc4503,,Pf007NERP - Pf007NERP - NAVWAR,Pf007NERP,peo_mlb_portfolio_code,,unresolved,family peo_mlb_portfolio_code recognised but code Pf007NERP has no alias-table entry
LRAE Annex 25,86,k:68d0ef530607,,PMW-760 - PMW-760 - NAVWAR,PMW-760,peo_program_office,pmw:760,included,"code resolves to pmw:760, a PEO C4I office (alias table)"
LRAE Annex 25,87,k:fa005b3cb302,,Pf007NERP - Pf007NERP - NAVWAR,Pf007NERP,peo_mlb_portfolio_code,,unresolved,family peo_mlb_portfolio_code recognised but code Pf007NERP has no alias-table entry
LRAE Annex 25,88,k:e2e39f5fe2e2,,Pf007NERP - Pf007NERP - NAVWAR,Pf007NERP,peo_mlb_portfolio_code,,unresolved,family peo_mlb_portfolio_code recognised but code Pf007NERP has no alias-table entry
LRAE Annex 25,89,k:cb9d21ee4b18,,5.0 - 5.0 - NAVWAR,5.0,navwar_hq_competency,command:navwar,excluded,"headquarters_competency code of command:navwar, outside the PEO C4I portfolio (division itself not in alias table)"
LRAE Annex 25,90,k:48bd7743c8ef,,PMW-760 - PMW-760 - NAVWAR,PMW-760,peo_program_office,pmw:760,included,"code resolves to pmw:760, a PEO C4I office (alias table)"
LRAE Annex 25,91,k:d2d5e382006b,,Pf007NERP - Pf007NERP - NAVWAR,Pf007NERP,peo_mlb_portfolio_code,,unresolved,family peo_mlb_portfolio_code recognised but code Pf007NERP has no alias-table entry
LRAE Annex 25,92,k:f518697eacb4,,Pf007NERP - Pf007NERP - NAVWAR,Pf007NERP,peo_mlb_portfolio_code,,unresolved,family peo_mlb_portfolio_code recognised but code Pf007NERP has no alias-table entry
LRAE Annex 25,93,k:a9959b46da44,,Pf007NERP - Pf007NERP - NAVWAR,Pf007NERP,peo_mlb_portfolio_code,,unresolved,family peo_mlb_portfolio_code recognised but code Pf007NERP has no alias-table entry
LRAE Annex 25,94,k:82e242c2f4e4,,Pf007NERP - Pf007NERP - NAVWAR,Pf007NERP,peo_mlb_portfolio_code,,unresolved,family peo_mlb_portfolio_code recognised but code Pf007NERP has no alias-table entry
LRAE Annex 25,95,k:2b08f3142c80,,PMW-150 - PMW-150 - NAVWAR,PMW-150,peo_program_office,pmw:150,included,"code resolves to pmw:150, a PEO C4I office (alias table)"
LRAE Annex 25,96,k:90cdabf2a618,,PMW-120 - PMW-120 - NAVWAR,PMW-120,peo_program_office,pmw:120,included,"code resolves to pmw:120, a PEO C4I office (alias table)"
LRAE Annex 25,97,k:8bd1b8e6b61d,,PCE - PCE - NAVWAR,PCE,peo_front_office_or_hq_code,,unresolved,family peo_front_office_or_hq_code recognised but code PCE has no alias-table entry
LRAE Annex 25,98,k:83198de88dfb,,NP-H5600 - NP-H5600 - ISR - NIWCPAC,NP-H5600,niwc_pacific_competency,center:niwc-pacific,excluded,"technical_center_division code of center:niwc-pacific, outside the PEO C4I portfolio (division itself not in alias table)"
LRAE Annex 25,99,k:71ea4d7d04de,,NP-H5600 - NP-H5600 - ISR - NIWCPAC,NP-H5600,niwc_pacific_competency,center:niwc-pacific,excluded,"technical_center_division code of center:niwc-pacific, outside the PEO C4I portfolio (division itself not in alias table)"
LRAE Annex 25,100,k:6b194c004bf2,,NP-H5600 - NP-H5600 - ISR - NIWCPAC,NP-H5600,niwc_pacific_competency,center:niwc-pacific,excluded,"technical_center_division code of center:niwc-pacific, outside the PEO C4I portfolio (division itself not in alias table)"
LRAE Annex 25,101,k:ce67a3fb8770,,"NP-41200 - NP-41200 - Comms, Networks & Cyber ISE - NIWCPAC",NP-41200,niwc_pacific_competency,center:niwc-pacific,excluded,"technical_center_division code of center:niwc-pacific, outside the PEO C4I portfolio (division itself not in alias table)"
LRAE Annex 25,102,k:41b84358d774,,"NP-41200 - NP-41200 - Comms, Networks & Cyber ISE - NIWCPAC",NP-41200,niwc_pacific_competency,center:niwc-pacific,excluded,"technical_center_division code of center:niwc-pacific, outside the PEO C4I portfolio (division itself not in alias table)"
LRAE Annex 25,103,k:fe7de2ef5d76,,"NP-41200 - NP-41200 - Comms, Networks & Cyber ISE - NIWCPAC",NP-41200,niwc_pacific_competency,center:niwc-pacific,excluded,"technical_center_division code of center:niwc-pacific, outside the PEO C4I portfolio (division itself not in alias table)"
LRAE Annex 25,104,k:79ea3d7c9d37,,"NP-41200 - NP-41200 - Comms, Networks & Cyber ISE - NIWCPAC",NP-41200,niwc_pacific_competency,center:niwc-pacific,excluded,"technical_center_division code of center:niwc-pacific, outside the PEO C4I portfolio (division itself not in alias table)"
LRAE Annex 25,105,k:febf78cf9802,,"NP-41200 - NP-41200 - Comms, Networks & Cyber ISE - NIWCPAC",NP-41200,niwc_pacific_competency,center:niwc-pacific,excluded,"technical_center_division code of center:niwc-pacific, outside the PEO C4I portfolio (division itself not in alias table)"
LRAE Annex 25,106,k:76958f543fcf,,"NP-41200 - NP-41200 - Comms, Networks & Cyber ISE - NIWCPAC",NP-41200,niwc_pacific_competency,center:niwc-pacific,excluded,"technical_center_division code of center:niwc-pacific, outside the PEO C4I portfolio (division itself not in alias table)"
LRAE Annex 25,107,k:4c460a7adbf1,,NP-55100 - NP-55100 - Tactical Networks - NIWCPAC,NP-55100,niwc_pacific_competency,center:niwc-pacific,excluded,"technical_center_division code of center:niwc-pacific, outside the PEO C4I portfolio (division itself not in alias table)"
LRAE Annex 25,108,k:b8f1df2b4f19,,"NP-41200 - NP-41200 - Comms, Networks & Cyber ISE - NIWCPAC",NP-41200,niwc_pacific_competency,center:niwc-pacific,excluded,"technical_center_division code of center:niwc-pacific, outside the PEO C4I portfolio (division itself not in alias table)"
LRAE Annex 25,109,k:e9d43714eb88,,"NP-41200 - NP-41200 - Comms, Networks & Cyber ISE - NIWCPAC",NP-41200,niwc_pacific_competency,center:niwc-pacific,excluded,"technical_center_division code of center:niwc-pacific, outside the PEO C4I portfolio (division itself not in alias table)"
LRAE Annex 25,110,k:a1f142b2c051,,"NP-41200 - NP-41200 - Comms, Networks & Cyber ISE - NIWCPAC",NP-41200,niwc_pacific_competency,center:niwc-pacific,excluded,"technical_center_division code of center:niwc-pacific, outside the PEO C4I portfolio (division itself not in alias table)"
LRAE Annex 25,111,k:0ce82780fcf5,,NP-53400 - NP-53400 - Business & Enterprise Information Systems - NIWCPAC,NP-53400,niwc_pacific_competency,center:niwc-pacific,excluded,"technical_center_division code of center:niwc-pacific, outside the PEO C4I portfolio (division itself not in alias table)"
LRAE Annex 25,112,k:c63708cd7e02,,LSUBP00007 - LSUBP00007 - LAND SYSTEMS INTEGRATION DIV HEAD - NIWCLANT,LSUBP00007,niwc_atlantic_division,center:niwc-atlantic,excluded,"technical_center_division code of center:niwc-atlantic, outside the PEO C4I portfolio (division itself not in alias table)"
LRAE Annex 25,113,k:990a887481ce,,LSUBP00010 - LSUBP00010 - FORCE PROTECTION SOLUTIONS DIV HEAD - NIWCLANT,LSUBP00010,niwc_atlantic_division,center:niwc-atlantic,excluded,"technical_center_division code of center:niwc-atlantic, outside the PEO C4I portfolio (division itself not in alias table)"
LRAE Annex 25,114,k:77d856d10768,,LSUBP00057 - LSUBP00057 - FLEET INSTALLATION & READINESS DIV HD - NIWCLANT,LSUBP00057,niwc_atlantic_division,center:niwc-atlantic,excluded,"technical_center_division code of center:niwc-atlantic, outside the PEO C4I portfolio (division itself not in alias table)"
LRAE Annex 25,115,k:c437d88f53e3,,LSUBP00034 - LSUBP00034 - SURFACE SHIP INTEGRATION DIV HEAD - NIWCLANT,LSUBP00034,niwc_atlantic_division,center:niwc-atlantic,excluded,"technical_center_division code of center:niwc-atlantic, outside the PEO C4I portfolio (division itself not in alias table)"
LRAE Annex 25,116,k:77d55fc557dd,,LSUBP00023 - LSUBP00023 - SPEC RECON SURVEIL & EXPLOIT DIV HD - NIWCLANT,LSUBP00023,niwc_atlantic_division,center:niwc-atlantic,excluded,"technical_center_division code of center:niwc-atlantic, outside the PEO C4I portfolio (division itself not in alias table)"
LRAE Annex 25,117,k:9fa020ac9af9,,LSUBP00004 - LSUBP00004 - EXPEDITIONARY C3 SOLUTIONS DIV HEAD - NIWCLANT,LSUBP00004,niwc_atlantic_division,center:niwc-atlantic,excluded,"technical_center_division code of center:niwc-atlantic, outside the PEO C4I portfolio (division itself not in alias table)"
LRAE Annex 25,118,k:4df566bbe3ce,,LSUBP00049 - LSUBP00049 - S&T Division - NIWCLANT,LSUBP00049,niwc_atlantic_division,center:niwc-atlantic,excluded,"technical_center_division code of center:niwc-atlantic, outside the PEO C4I portfolio (division itself not in alias table)"
LRAE Annex 25,119,k:5de42e982b72,,LSUBP00034 - LSUBP00034 - SURFACE SHIP INTEGRATION DIV HEAD - NIWCLANT,LSUBP00034,niwc_atlantic_division,center:niwc-atlantic,excluded,"technical_center_division code of center:niwc-atlantic, outside the PEO C4I portfolio (division itself not in alias table)"
LRAE Annex 25,120,k:9059ef15bae9,,LSUBP00007 - LSUBP00007 - LAND SYSTEMS INTEGRATION DIV HEAD - NIWCLANT,LSUBP00007,niwc_atlantic_division,center:niwc-atlantic,excluded,"technical_center_division code of center:niwc-atlantic, outside the PEO C4I portfolio (division itself not in alias table)"
LRAE Annex 25,121,k:1133ce812a2d,,LSUBP00057 - LSUBP00057 - FLEET INSTALLATION & READINESS DIV HD - NIWCLANT,LSUBP00057,niwc_atlantic_division,center:niwc-atlantic,excluded,"technical_center_division code of center:niwc-atlantic, outside the PEO C4I portfolio (division itself not in alias table)"
LRAE Annex 25,122,k:8aa8f8e85e48,,LSUBP00004 - LSUBP00004 - EXPEDITIONARY C3 SOLUTIONS DIV HEAD - NIWCLANT,LSUBP00004,niwc_atlantic_division,center:niwc-atlantic,excluded,"technical_center_division code of center:niwc-atlantic, outside the PEO C4I portfolio (division itself not in alias table)"
LRAE Annex 25,123,k:88613f9b212b,,LSUBP00057 - LSUBP00057 - FLEET INSTALLATION & READINESS DIV HD - NIWCLANT,LSUBP00057,niwc_atlantic_division,center:niwc-atlantic,excluded,"technical_center_division code of center:niwc-atlantic, outside the PEO C4I portfolio (division itself not in alias table)"
LRAE Annex 25,124,k:e741c8691ab3,,LSUBP00016 - LSUBP00016 - NAVY AFLOAT TRANSPORT & NAVI DIV HD - NIWCLANT,LSUBP00016,niwc_atlantic_division,center:niwc-atlantic,excluded,"technical_center_division code of center:niwc-atlantic, outside the PEO C4I portfolio (division itself not in alias table)"
LRAE Annex 25,125,k:57aa69d57b1b,,LSUBP00034 - LSUBP00034 - SURFACE SHIP INTEGRATION DIV HEAD - NIWCLANT,LSUBP00034,niwc_atlantic_division,center:niwc-atlantic,excluded,"technical_center_division code of center:niwc-atlantic, outside the PEO C4I portfolio (division itself not in alias table)"
LRAE Annex 25,126,k:0ec63e023cdc,,LSUBP00004 - LSUBP00004 - EXPEDITIONARY C3 SOLUTIONS DIV HEAD - NIWCLANT,LSUBP00004,niwc_atlantic_division,center:niwc-atlantic,excluded,"technical_center_division code of center:niwc-atlantic, outside the PEO C4I portfolio (division itself not in alias table)"
LRAE Annex 25,127,k:66a6ad2242b6,,LSUBP00034 - LSUBP00034 - SURFACE SHIP INTEGRATION DIV HEAD - NIWCLANT,LSUBP00034,niwc_atlantic_division,center:niwc-atlantic,excluded,"technical_center_division code of center:niwc-atlantic, outside the PEO C4I portfolio (division itself not in alias table)"
LRAE Annex 25,128,k:5e67b129c9dd,,LSUBP00049 - LSUBP00049 - S&T Division - NIWCLANT,LSUBP00049,niwc_atlantic_division,center:niwc-atlantic,excluded,"technical_center_division code of center:niwc-atlantic, outside the PEO C4I portfolio (division itself not in alias table)"
LRAE Annex 25,129,k:3ca06a572cd0,,LSUBP00035 - LSUBP00035 - SUBMARINE INTEGRATION DIV HEAD - NIWCLANT,LSUBP00035,niwc_atlantic_division,center:niwc-atlantic,excluded,"technical_center_division code of center:niwc-atlantic, outside the PEO C4I portfolio (division itself not in alias table)"
LRAE Annex 25,130,k:58cc10702616,,LSUBP00057 - LSUBP00057 - FLEET INSTALLATION & READINESS DIV HD - NIWCLANT,LSUBP00057,niwc_atlantic_division,center:niwc-atlantic,excluded,"technical_center_division code of center:niwc-atlantic, outside the PEO C4I portfolio (division itself not in alias table)"
LRAE Annex 25,131,k:7dbe9ecedabb,,LSUBP00002 - LSUBP00002 - COMMAND OPERATIONS CENTERS DIV HEAD - NIWCLANT,LSUBP00002,niwc_atlantic_division,center:niwc-atlantic,excluded,"technical_center_division code of center:niwc-atlantic, outside the PEO C4I portfolio (division itself not in alias table)"
LRAE Annex 25,132,k:47f0a88465c0,,LSUBP00023 - LSUBP00023 - SPEC RECON SURVEIL & EXPLOIT DIV HD - NIWCLANT,LSUBP00023,niwc_atlantic_division,center:niwc-atlantic,excluded,"technical_center_division code of center:niwc-atlantic, outside the PEO C4I portfolio (division itself not in alias table)"
LRAE Annex 25,133,k:36841c801597,,LSUBP00064 - LSUBP00064 - EXPED ENTERPRISE SYS & SVS DIV HD - NIWCLANT,LSUBP00064,niwc_atlantic_division,center:niwc-atlantic,excluded,"technical_center_division code of center:niwc-atlantic, outside the PEO C4I portfolio (division itself not in alias table)"
LRAE Annex 25,134,k:d1db2d8fcffa,,LSUBP00002 - LSUBP00002 - COMMAND OPERATIONS CENTERS DIV HEAD - NIWCLANT,LSUBP00002,niwc_atlantic_division,center:niwc-atlantic,excluded,"technical_center_division code of center:niwc-atlantic, outside the PEO C4I portfolio (division itself not in alias table)"
LRAE Annex 25,135,k:236683ccc5a5,,LBUSP00030 - LBUSP00030 - NL-8.0 - NIWCLANT,LBUSP00030,niwc_atlantic_division,center:niwc-atlantic,excluded,"technical_center_division code of center:niwc-atlantic, outside the PEO C4I portfolio (division itself not in alias table)"
LRAE Annex 25,136,k:ca00f4ffa926,,LSUBP00010 - LSUBP00010 - FORCE PROTECTION SOLUTIONS DIV HEAD - NIWCLANT,LSUBP00010,niwc_atlantic_division,center:niwc-atlantic,excluded,"technical_center_division code of center:niwc-atlantic, outside the PEO C4I portfolio (division itself not in alias table)"
LRAE Annex 25,137,k:5fb4e4f6e6ff,,LSUBP00016 - LSUBP00016 - NAVY AFLOAT TRANSPORT & NAVI DIV HD - NIWCLANT,LSUBP00016,niwc_atlantic_division,center:niwc-atlantic,excluded,"technical_center_division code of center:niwc-atlantic, outside the PEO C4I portfolio (division itself not in alias table)"
LRAE Annex 25,138,k:aa2384a2ea6a,,LSUBP00001 - LSUBP00001 - AIR TRAFFIC CONTROL DIV HEAD - NIWCLANT,LSUBP00001,niwc_atlantic_division,center:niwc-atlantic,excluded,"technical_center_division code of center:niwc-atlantic, outside the PEO C4I portfolio (division itself not in alias table)"
LRAE Annex 25,139,k:00eaec5cedf9,,LSUBP00006 - LSUBP00006 - FMS AIR INTEGRATION USCG DIV HEAD - NIWCLANT,LSUBP00006,niwc_atlantic_division,center:niwc-atlantic,excluded,"technical_center_division code of center:niwc-atlantic, outside the PEO C4I portfolio (division itself not in alias table)"
LRAE Annex 25,140,k:04c0b9607b1c,,LSUBP00001 - LSUBP00001 - AIR TRAFFIC CONTROL DIV HEAD - NIWCLANT,LSUBP00001,niwc_atlantic_division,center:niwc-atlantic,excluded,"technical_center_division code of center:niwc-atlantic, outside the PEO C4I portfolio (division itself not in alias table)"
LRAE Annex 25,141,k:13519d92ed03,,LSUBP00009 - LSUBP00009 - DEFENSE HEALTH INFO TECH DIV HEAD - NIWCLANT,LSUBP00009,niwc_atlantic_division,center:niwc-atlantic,excluded,"technical_center_division code of center:niwc-atlantic, outside the PEO C4I portfolio (division itself not in alias table)"
LRAE Annex 25,142,k:cc26e3c1140c,,LSUBP00001 - LSUBP00001 - AIR TRAFFIC CONTROL DIV HEAD - NIWCLANT,LSUBP00001,niwc_atlantic_division,center:niwc-atlantic,excluded,"technical_center_division code of center:niwc-atlantic, outside the PEO C4I portfolio (division itself not in alias table)"
LRAE Annex 25,143,k:440f162d5b2f,,LSUBP00035 - LSUBP00035 - SUBMARINE INTEGRATION DIV HEAD - NIWCLANT,LSUBP00035,niwc_atlantic_division,center:niwc-atlantic,excluded,"technical_center_division code of center:niwc-atlantic, outside the PEO C4I portfolio (division itself not in alias table)"
LRAE Annex 25,144,k:869c13c830f0,,LSUBP00016 - LSUBP00016 - NAVY AFLOAT TRANSPORT & NAVI DIV HD - NIWCLANT,LSUBP00016,niwc_atlantic_division,center:niwc-atlantic,excluded,"technical_center_division code of center:niwc-atlantic, outside the PEO C4I portfolio (division itself not in alias table)"
LRAE Annex 25,145,k:ce6601a9cd68,,LSUBP00016 - LSUBP00016 - NAVY AFLOAT TRANSPORT & NAVI DIV HD - NIWCLANT,LSUBP00016,niwc_atlantic_division,center:niwc-atlantic,excluded,"technical_center_division code of center:niwc-atlantic, outside the PEO C4I portfolio (division itself not in alias table)"
LRAE Annex 25,146,k:adbca678a78a,,LSUBP00016 - LSUBP00016 - NAVY AFLOAT TRANSPORT & NAVI DIV HD - NIWCLANT,LSUBP00016,niwc_atlantic_division,center:niwc-atlantic,excluded,"technical_center_division code of center:niwc-atlantic, outside the PEO C4I portfolio (division itself not in alias table)"
LRAE Annex 25,147,k:e3c30f3d890c,,LSUBP00016 - LSUBP00016 - NAVY AFLOAT TRANSPORT & NAVI DIV HD - NIWCLANT,LSUBP00016,niwc_atlantic_division,center:niwc-atlantic,excluded,"technical_center_division code of center:niwc-atlantic, outside the PEO C4I portfolio (division itself not in alias table)"
LRAE Annex 25,148,k:a189d26e2ae1,,LSUBP00016 - LSUBP00016 - NAVY AFLOAT TRANSPORT & NAVI DIV HD - NIWCLANT,LSUBP00016,niwc_atlantic_division,center:niwc-atlantic,excluded,"technical_center_division code of center:niwc-atlantic, outside the PEO C4I portfolio (division itself not in alias table)"
LRAE Annex 25,149,k:0a4166dff384,,LSUBP00035 - LSUBP00035 - SUBMARINE INTEGRATION DIV HEAD - NIWCLANT,LSUBP00035,niwc_atlantic_division,center:niwc-atlantic,excluded,"technical_center_division code of center:niwc-atlantic, outside the PEO C4I portfolio (division itself not in alias table)"
LRAE Annex 25,150,k:5545d3eb0958,,LSUBP00035 - LSUBP00035 - SUBMARINE INTEGRATION DIV HEAD - NIWCLANT,LSUBP00035,niwc_atlantic_division,center:niwc-atlantic,excluded,"technical_center_division code of center:niwc-atlantic, outside the PEO C4I portfolio (division itself not in alias table)"
LRAE Annex 25,151,k:0e7d2f1f87d9,,LSUBP00016 - LSUBP00016 - NAVY AFLOAT TRANSPORT & NAVI DIV HD - NIWCLANT,LSUBP00016,niwc_atlantic_division,center:niwc-atlantic,excluded,"technical_center_division code of center:niwc-atlantic, outside the PEO C4I portfolio (division itself not in alias table)"
LRAE Annex 25,152,k:c41d43819eb9,,LSUBP00015 - LSUBP00015 - SHORE C4I INTEGRATION DIV HEAD - NIWCLANT,LSUBP00015,niwc_atlantic_division,center:niwc-atlantic,excluded,"technical_center_division code of center:niwc-atlantic, outside the PEO C4I portfolio (division itself not in alias table)"
LRAE Annex 25,153,k:a7e69f3e97dd,,LSUBP00016 - LSUBP00016 - NAVY AFLOAT TRANSPORT & NAVI DIV HD - NIWCLANT,LSUBP00016,niwc_atlantic_division,center:niwc-atlantic,excluded,"technical_center_division code of center:niwc-atlantic, outside the PEO C4I portfolio (division itself not in alias table)"
LRAE Annex 25,154,k:a8dbb6125e70,,LSUBP00035 - LSUBP00035 - SUBMARINE INTEGRATION DIV HEAD - NIWCLANT,LSUBP00035,niwc_atlantic_division,center:niwc-atlantic,excluded,"technical_center_division code of center:niwc-atlantic, outside the PEO C4I portfolio (division itself not in alias table)"
LRAE Annex 25,155,k:c69cc8696554,,LSUBP00035 - LSUBP00035 - SUBMARINE INTEGRATION DIV HEAD - NIWCLANT,LSUBP00035,niwc_atlantic_division,center:niwc-atlantic,excluded,"technical_center_division code of center:niwc-atlantic, outside the PEO C4I portfolio (division itself not in alias table)"
LRAE Annex 25,156,k:2066ce9e4418,,LSUBP00035 - LSUBP00035 - SUBMARINE INTEGRATION DIV HEAD - NIWCLANT,LSUBP00035,niwc_atlantic_division,center:niwc-atlantic,excluded,"technical_center_division code of center:niwc-atlantic, outside the PEO C4I portfolio (division itself not in alias table)"
LRAE Annex 25,157,k:ac2d549da906,,LSUBP00035 - LSUBP00035 - SUBMARINE INTEGRATION DIV HEAD - NIWCLANT,LSUBP00035,niwc_atlantic_division,center:niwc-atlantic,excluded,"technical_center_division code of center:niwc-atlantic, outside the PEO C4I portfolio (division itself not in alias table)"
LRAE Annex 25,158,k:036fd1bccd2a,,LSUBP00035 - LSUBP00035 - SUBMARINE INTEGRATION DIV HEAD - NIWCLANT,LSUBP00035,niwc_atlantic_division,center:niwc-atlantic,excluded,"technical_center_division code of center:niwc-atlantic, outside the PEO C4I portfolio (division itself not in alias table)"
LRAE Annex 25,159,k:b3e2e6c114af,,LSUBP00066 - LSUBP00066 - DATA CENTER & CLOUD HOSTING SERVICES DIV HEAD - NIWCLANT,LSUBP00066,niwc_atlantic_division,center:niwc-atlantic,excluded,"technical_center_division code of center:niwc-atlantic, outside the PEO C4I portfolio (division itself not in alias table)"
LRAE Annex 25,160,k:4ed5ea46f404,,LSUBP00004 - LSUBP00004 - EXPEDITIONARY C3 SOLUTIONS DIV HEAD - NIWCLANT,LSUBP00004,niwc_atlantic_division,center:niwc-atlantic,excluded,"technical_center_division code of center:niwc-atlantic, outside the PEO C4I portfolio (division itself not in alias table)"
LRAE Annex 25,161,k:56368ae0760b,,LSUBP00016 - LSUBP00016 - NAVY AFLOAT TRANSPORT & NAVI DIV HD - NIWCLANT,LSUBP00016,niwc_atlantic_division,center:niwc-atlantic,excluded,"technical_center_division code of center:niwc-atlantic, outside the PEO C4I portfolio (division itself not in alias table)"
LRAE Annex 25,162,k:553d4536c5c3,,LSUBP00034 - LSUBP00034 - SURFACE SHIP INTEGRATION DIV HEAD - NIWCLANT,LSUBP00034,niwc_atlantic_division,center:niwc-atlantic,excluded,"technical_center_division code of center:niwc-atlantic, outside the PEO C4I portfolio (division itself not in alias table)"
LRAE Annex 25,163,k:f836f6694a6c,,LSUBP00010 - LSUBP00010 - FORCE PROTECTION SOLUTIONS DIV HEAD - NIWCLANT,LSUBP00010,niwc_atlantic_division,center:niwc-atlantic,excluded,"technical_center_division code of center:niwc-atlantic, outside the PEO C4I portfolio (division itself not in alias table)"
LRAE Annex 25,164,k:56a17c524bf2,,LSUBP00006 - LSUBP00006 - FMS AIR INTEGRATION USCG DIV HEAD - NIWCLANT,LSUBP00006,niwc_atlantic_division,center:niwc-atlantic,excluded,"technical_center_division code of center:niwc-atlantic, outside the PEO C4I portfolio (division itself not in alias table)"
LRAE Annex 25,165,k:389203d145cc,,LSUBP00023 - LSUBP00023 - SPEC RECON SURVEIL & EXPLOIT DIV HD - NIWCLANT,LSUBP00023,niwc_atlantic_division,center:niwc-atlantic,excluded,"technical_center_division code of center:niwc-atlantic, outside the PEO C4I portfolio (division itself not in alias table)"
LRAE Annex 25,166,k:47cd7920648b,,LSUBP00016 - LSUBP00016 - NAVY AFLOAT TRANSPORT & NAVI DIV HD - NIWCLANT,LSUBP00016,niwc_atlantic_division,center:niwc-atlantic,excluded,"technical_center_division code of center:niwc-atlantic, outside the PEO C4I portfolio (division itself not in alias table)"
LRAE Annex 25,167,k:0ed86f4f9d0f,,LSUBP00016 - LSUBP00016 - NAVY AFLOAT TRANSPORT & NAVI DIV HD - NIWCLANT,LSUBP00016,niwc_atlantic_division,center:niwc-atlantic,excluded,"technical_center_division code of center:niwc-atlantic, outside the PEO C4I portfolio (division itself not in alias table)"
LRAE Annex 25,168,k:f9689c2d858e,,LSUBP00009 - LSUBP00009 - DEFENSE HEALTH INFO TECH DIV HEAD - NIWCLANT,LSUBP00009,niwc_atlantic_division,center:niwc-atlantic,excluded,"technical_center_division code of center:niwc-atlantic, outside the PEO C4I portfolio (division itself not in alias table)"
LRAE Annex 25,169,k:a4d77c822a3a,,LSUBP00010 - LSUBP00010 - FORCE PROTECTION SOLUTIONS DIV HEAD - NIWCLANT,LSUBP00010,niwc_atlantic_division,center:niwc-atlantic,excluded,"technical_center_division code of center:niwc-atlantic, outside the PEO C4I portfolio (division itself not in alias table)"
LRAE Annex 25,170,k:1b6ac38cd6c3,,Pf007NERP - Pf007NERP - NAVWAR,Pf007NERP,peo_mlb_portfolio_code,,unresolved,family peo_mlb_portfolio_code recognised but code Pf007NERP has no alias-table entry
LRAE Annex 25,171,k:d1f7e455df79,,PMW-740 - PMW-740 - NAVWAR,PMW-740,peo_program_office,pmw:740,included,"code resolves to pmw:740, a PEO C4I office (alias table)"
LRAE Annex 25,172,k:5e867534d271,,C4IEXEC - PEO C4I Front Office - NAVWAR,C4IEXEC,peo_front_office_or_hq_code,peo:c4i,included,"code resolves to peo:c4i, a PEO C4I office (alias table)"
LRAE Annex 25,173,k:bcfe0d37e0e1,,PMW-150 - PMW-150 - NAVWAR,PMW-150,peo_program_office,pmw:150,included,"code resolves to pmw:150, a PEO C4I office (alias table)"
LRAE Annex 25,174,k:787f403a8dfe,,PMW-150 - PMW-150 - NAVWAR,PMW-150,peo_program_office,pmw:150,included,"code resolves to pmw:150, a PEO C4I office (alias table)"
LRAE Annex 25,175,k:296125450445,,PMW-150 - PMW-150 - NAVWAR,PMW-150,peo_program_office,pmw:150,included,"code resolves to pmw:150, a PEO C4I office (alias table)"
LRAE Annex 25,176,k:b619f0b4ee5f,,PMW-750 - PMW-750 - NAVWAR,PMW-750,peo_program_office,pmw:750,included,"code resolves to pmw:750, a PEO C4I office (alias table)"
LRAE Annex 25,177,k:aa6719ae6ed7,,PMW-160 - PMW-160 - NAVWAR,PMW-160,peo_program_office,pmw:160,included,"code resolves to pmw:160, a PEO C4I office (alias table)"
LRAE Annex 25,178,k:4ec50a467cfc,,PMW-150 - PMW-150 - NAVWAR,PMW-150,peo_program_office,pmw:150,included,"code resolves to pmw:150, a PEO C4I office (alias table)"
LRAE Annex 25,179,k:4a37978aaa5a,,PMW-160 - PMW-160 - NAVWAR,PMW-160,peo_program_office,pmw:160,included,"code resolves to pmw:160, a PEO C4I office (alias table)"
LRAE Annex 25,180,k:4b6591ac8346,,PMW-760 - PMW-760 - NAVWAR,PMW-760,peo_program_office,pmw:760,included,"code resolves to pmw:760, a PEO C4I office (alias table)"
LRAE Annex 25,181,k:3ab5f2b3230d,,PMW-760 - PMW-760 - NAVWAR,PMW-760,peo_program_office,pmw:760,included,"code resolves to pmw:760, a PEO C4I office (alias table)"
LRAE Annex 25,182,k:cb1f8a1bfe11,,1.0 - 1.0 - NAVWAR,1.0,navwar_hq_competency,command:navwar,excluded,"headquarters_competency code of command:navwar, outside the PEO C4I portfolio (division itself not in alias table)"
LRAE Annex 25,183,k:160b2f503cae,,PMA/PMW-101 - PMA/PMW-101 - NAVWAR,PMA/PMW-101,peo_program_office,pmw:101,included,"code resolves to pmw:101, a PEO C4I office (alias table)"
LRAE Annex 25,184,k:77fbc2c93a1e,,DRPM-NOA - Overmatch - NAVWAR,DRPM-NOA,peo_front_office_or_hq_code,drpm:overmatch,excluded,"code resolves to drpm:overmatch (portfolio_or_front_office), outside the PEO C4I portfolio"
LRAE Annex 25,185,k:c869443d6b1d,,PMW-150 - PMW-150 - NAVWAR,PMW-150,peo_program_office,pmw:150,included,"code resolves to pmw:150, a PEO C4I office (alias table)"
LRAE Annex 25,186,k:620d5245f72c,,PMW-150 - PMW-150 - NAVWAR,PMW-150,peo_program_office,pmw:150,included,"code resolves to pmw:150, a PEO C4I office (alias table)"
LRAE Annex 25,187,k:f3c6ec89315a,,PMW-760 - PMW-760 - NAVWAR,PMW-760,peo_program_office,pmw:760,included,"code resolves to pmw:760, a PEO C4I office (alias table)"
LRAE Annex 25,188,k:21b192f072ef,,PMW-150 - PMW-150 - NAVWAR,PMW-150,peo_program_office,pmw:150,included,"code resolves to pmw:150, a PEO C4I office (alias table)"
LRAE Annex 25,189,k:5786a67d8ef9,,C4IEXEC - PEO C4I Front Office - NAVWAR,C4IEXEC,peo_front_office_or_hq_code,peo:c4i,included,"code resolves to peo:c4i, a PEO C4I office (alias table)"
LRAE Annex 25,190,k:5ed717fe88ce,,PMW-150 - PMW-150 - NAVWAR,PMW-150,peo_program_office,pmw:150,included,"code resolves to pmw:150, a PEO C4I office (alias table)"
LRAE Annex 25,191,k:e4cb1e08c824,,PMW-760 - PMW-760 - NAVWAR,PMW-760,peo_program_office,pmw:760,included,"code resolves to pmw:760, a PEO C4I office (alias table)"
LRAE Annex 25,192,k:a3395814f3a6,,PMW-160 - PMW-160 - NAVWAR,PMW-160,peo_program_office,pmw:160,included,"code resolves to pmw:160, a PEO C4I office (alias table)"
LRAE Annex 25,193,k:82775737d399,,PMW-150 - PMW-150 - NAVWAR,PMW-150,peo_program_office,pmw:150,included,"code resolves to pmw:150, a PEO C4I office (alias table)"
LRAE Annex 25,194,k:ad33be5ca72b,,Pf008MLBFO - Pf008MLBFO - NAVWAR,Pf008MLBFO,peo_mlb_portfolio_code,peo:mlb,excluded,"code resolves to peo:mlb (portfolio_code), outside the PEO C4I portfolio"
LRAE Annex 25,195,k:0af1552ec40b,,4.0 - 4.0 - NAVWAR,4.0,navwar_hq_competency,command:navwar,excluded,"headquarters_competency code of command:navwar, outside the PEO C4I portfolio (division itself not in alias table)"
LRAE Annex 25,196,k:bf8fe1471f57,,PMW-760 - PMW-760 - NAVWAR,PMW-760,peo_program_office,pmw:760,included,"code resolves to pmw:760, a PEO C4I office (alias table)"
LRAE Annex 25,197,k:57c80df5d105,,4.0 - 4.0 - NAVWAR,4.0,navwar_hq_competency,command:navwar,excluded,"headquarters_competency code of command:navwar, outside the PEO C4I portfolio (division itself not in alias table)"
LRAE Annex 25,198,k:0484c0c6b056,,PMW/A-170 - PMW/A-170 - NAVWAR,PMW/A-170,peo_program_office,pmw:170,included,"code resolves to pmw:170, a PEO C4I office (alias table)"
LRAE Annex 25,199,k:43212499131e,,PMW/A-170 - PMW/A-170 - NAVWAR,PMW/A-170,peo_program_office,pmw:170,included,"code resolves to pmw:170, a PEO C4I office (alias table)"
LRAE Annex 25,200,k:53baaa66a242,,PMA/PMW-101 - PMA/PMW-101 - NAVWAR,PMA/PMW-101,peo_program_office,pmw:101,included,"code resolves to pmw:101, a PEO C4I office (alias table)"
LRAE Annex 25,201,k:d46182320d99,,PMW/A-170 - PMW/A-170 - NAVWAR,PMW/A-170,peo_program_office,pmw:170,included,"code resolves to pmw:170, a PEO C4I office (alias table)"
LRAE Annex 25,202,k:9d82e601367e,,PMA/PMW-101 - PMA/PMW-101 - NAVWAR,PMA/PMW-101,peo_program_office,pmw:101,included,"code resolves to pmw:101, a PEO C4I office (alias table)"
LRAE Annex 25,203,k:37da48c94741,,LSUBP00063 - LSUBP00063 - NAVY AFLOAT NETWORK DIV HEAD - NIWCLANT,LSUBP00063,niwc_atlantic_division,center:niwc-atlantic,excluded,"technical_center_division code of center:niwc-atlantic, outside the PEO C4I portfolio (division itself not in alias table)"
LRAE Annex 25,204,k:fdb3b21a422f,,LSUBP00006 - LSUBP00006 - FMS AIR INTEGRATION USCG DIV HEAD - NIWCLANT,LSUBP00006,niwc_atlantic_division,center:niwc-atlantic,excluded,"technical_center_division code of center:niwc-atlantic, outside the PEO C4I portfolio (division itself not in alias table)"
LRAE Annex 25,205,k:fab312ec3611,,LSUBP00015 - LSUBP00015 - SHORE C4I INTEGRATION DIV HEAD - NIWCLANT,LSUBP00015,niwc_atlantic_division,center:niwc-atlantic,excluded,"technical_center_division code of center:niwc-atlantic, outside the PEO C4I portfolio (division itself not in alias table)"
LRAE Annex 25,206,k:246d3f0ecd3b,,LSUBP00057 - LSUBP00057 - FLEET INSTALLATION & READINESS DIV HD - NIWCLANT,LSUBP00057,niwc_atlantic_division,center:niwc-atlantic,excluded,"technical_center_division code of center:niwc-atlantic, outside the PEO C4I portfolio (division itself not in alias table)"
LRAE Annex 25,207,k:5cfbdfcab239,,LSUBP00002 - LSUBP00002 - COMMAND OPERATIONS CENTERS DIV HEAD - NIWCLANT,LSUBP00002,niwc_atlantic_division,center:niwc-atlantic,excluded,"technical_center_division code of center:niwc-atlantic, outside the PEO C4I portfolio (division itself not in alias table)"
LRAE Annex 25,208,k:89e2f25e7f41,,LSUBP00015 - LSUBP00015 - SHORE C4I INTEGRATION DIV HEAD - NIWCLANT,LSUBP00015,niwc_atlantic_division,center:niwc-atlantic,excluded,"technical_center_division code of center:niwc-atlantic, outside the PEO C4I portfolio (division itself not in alias table)"
LRAE Annex 25,209,k:1bdf6092743b,,LSUBP00015 - LSUBP00015 - SHORE C4I INTEGRATION DIV HEAD - NIWCLANT,LSUBP00015,niwc_atlantic_division,center:niwc-atlantic,excluded,"technical_center_division code of center:niwc-atlantic, outside the PEO C4I portfolio (division itself not in alias table)"
LRAE Annex 25,210,k:dff8e9f32e84,,CSO - CSO - NAVWAR,CSO,,,unresolved,code CSO matches no code family
LRAE Annex 25,211,k:dd499a96e532,,8.0 - 8.0 - NAVWAR,8.0,navwar_hq_competency,command:navwar,excluded,"headquarters_competency code of command:navwar, outside the PEO C4I portfolio (division itself not in alias table)"
LRAE Annex 25,212,k:d2b413153956,,LSUBP00015 - LSUBP00015 - SHORE C4I INTEGRATION DIV HEAD - NIWCLANT,LSUBP00015,niwc_atlantic_division,center:niwc-atlantic,excluded,"technical_center_division code of center:niwc-atlantic, outside the PEO C4I portfolio (division itself not in alias table)"
LRAE Annex 25,213,k:1d3dd1acec22,,LSUBP00035 - LSUBP00035 - SUBMARINE INTEGRATION DIV HEAD - NIWCLANT,LSUBP00035,niwc_atlantic_division,center:niwc-atlantic,excluded,"technical_center_division code of center:niwc-atlantic, outside the PEO C4I portfolio (division itself not in alias table)"
LRAE Annex 25,214,k:56bd0cdedb75,,LSUBP00006 - LSUBP00006 - FMS AIR INTEGRATION USCG DIV HEAD - NIWCLANT,LSUBP00006,niwc_atlantic_division,center:niwc-atlantic,excluded,"technical_center_division code of center:niwc-atlantic, outside the PEO C4I portfolio (division itself not in alias table)"
LRAE Annex 25,215,k:ce23a55df722,,LSUBP00021 - LSUBP00021 - EXPEDITIONARY INTEL SOLUTIONS DIV HEAD - NIWCLANT,LSUBP00021,niwc_atlantic_division,center:niwc-atlantic,excluded,"technical_center_division code of center:niwc-atlantic, outside the PEO C4I portfolio (division itself not in alias table)"
LRAE Annex 25,216,k:0d914690ec40,,LSUBP00063 - LSUBP00063 - NAVY AFLOAT NETWORK DIV HEAD - NIWCLANT,LSUBP00063,niwc_atlantic_division,center:niwc-atlantic,excluded,"technical_center_division code of center:niwc-atlantic, outside the PEO C4I portfolio (division itself not in alias table)"
LRAE Annex 25,217,k:d2a941cae680,,LSUBP00024 - LSUBP00024 - IA AND NAVY CYBER SECURITY DIV HEAD - NIWCLANT,LSUBP00024,niwc_atlantic_division,center:niwc-atlantic,excluded,"technical_center_division code of center:niwc-atlantic, outside the PEO C4I portfolio (division itself not in alias table)"
LRAE Annex 25,218,k:d6378270aeed,,LSUBP00056 - LSUBP00056 - ENTERPRISE BUSINESS SYSTEMS DIV HEAD - NIWCLANT,LSUBP00056,niwc_atlantic_division,center:niwc-atlantic,excluded,"technical_center_division code of center:niwc-atlantic, outside the PEO C4I portfolio (division itself not in alias table)"
LRAE Annex 25,219,k:cfec7ed7b939,,LSUBP00035 - LSUBP00035 - SUBMARINE INTEGRATION DIV HEAD - NIWCLANT,LSUBP00035,niwc_atlantic_division,center:niwc-atlantic,excluded,"technical_center_division code of center:niwc-atlantic, outside the PEO C4I portfolio (division itself not in alias table)"
LRAE Annex 25,220,k:c3c3084cfaff,,LSUBP00063 - LSUBP00063 - NAVY AFLOAT NETWORK DIV HEAD - NIWCLANT,LSUBP00063,niwc_atlantic_division,center:niwc-atlantic,excluded,"technical_center_division code of center:niwc-atlantic, outside the PEO C4I portfolio (division itself not in alias table)"
LRAE Annex 25,221,k:40ae4400fe77,,LSUBP00035 - LSUBP00035 - SUBMARINE INTEGRATION DIV HEAD - NIWCLANT,LSUBP00035,niwc_atlantic_division,center:niwc-atlantic,excluded,"technical_center_division code of center:niwc-atlantic, outside the PEO C4I portfolio (division itself not in alias table)"
LRAE Annex 25,222,k:600e40920110,,LSUBP00035 - LSUBP00035 - SUBMARINE INTEGRATION DIV HEAD - NIWCLANT,LSUBP00035,niwc_atlantic_division,center:niwc-atlantic,excluded,"technical_center_division code of center:niwc-atlantic, outside the PEO C4I portfolio (division itself not in alias table)"
LRAE Annex 25,223,k:20c53c23be91,,LSUBP00056 - LSUBP00056 - ENTERPRISE BUSINESS SYSTEMS DIV HEAD - NIWCLANT,LSUBP00056,niwc_atlantic_division,center:niwc-atlantic,excluded,"technical_center_division code of center:niwc-atlantic, outside the PEO C4I portfolio (division itself not in alias table)"
LRAE Annex 25,224,k:5522c37aae59,,LSUBP00034 - LSUBP00034 - SURFACE SHIP INTEGRATION DIV HEAD - NIWCLANT,LSUBP00034,niwc_atlantic_division,center:niwc-atlantic,excluded,"technical_center_division code of center:niwc-atlantic, outside the PEO C4I portfolio (division itself not in alias table)"
LRAE Annex 25,225,k:d892eab19a4b,,LSUBP00009 - LSUBP00009 - DEFENSE HEALTH INFO TECH DIV HEAD - NIWCLANT,LSUBP00009,niwc_atlantic_division,center:niwc-atlantic,excluded,"technical_center_division code of center:niwc-atlantic, outside the PEO C4I portfolio (division itself not in alias table)"
LRAE Annex 25,226,k:9ec6c74e4037,,LSUBP00023 - LSUBP00023 - SPEC RECON SURVEIL & EXPLOIT DIV HD - NIWCLANT,LSUBP00023,niwc_atlantic_division,center:niwc-atlantic,excluded,"technical_center_division code of center:niwc-atlantic, outside the PEO C4I portfolio (division itself not in alias table)"
LRAE Annex 25,227,k:569038b5a2a2,,LSUBP00034 - LSUBP00034 - SURFACE SHIP INTEGRATION DIV HEAD - NIWCLANT,LSUBP00034,niwc_atlantic_division,center:niwc-atlantic,excluded,"technical_center_division code of center:niwc-atlantic, outside the PEO C4I portfolio (division itself not in alias table)"
LRAE Annex 25,228,k:7307cd53d498,,LSUBP00006 - LSUBP00006 - FMS AIR INTEGRATION USCG DIV HEAD - NIWCLANT,LSUBP00006,niwc_atlantic_division,center:niwc-atlantic,excluded,"technical_center_division code of center:niwc-atlantic, outside the PEO C4I portfolio (division itself not in alias table)"
LRAE Annex 25,229,k:c5efe4365c25,,LSUBP00001 - LSUBP00001 - AIR TRAFFIC CONTROL DIV HEAD - NIWCLANT,LSUBP00001,niwc_atlantic_division,center:niwc-atlantic,excluded,"technical_center_division code of center:niwc-atlantic, outside the PEO C4I portfolio (division itself not in alias table)"
LRAE Annex 25,230,k:8c7561f8be7b,,LSUBP00021 - LSUBP00021 - EXPEDITIONARY INTEL SOLUTIONS DIV HEAD - NIWCLANT,LSUBP00021,niwc_atlantic_division,center:niwc-atlantic,excluded,"technical_center_division code of center:niwc-atlantic, outside the PEO C4I portfolio (division itself not in alias table)"
LRAE Annex 25,231,k:0af834a6a1bf,,LSUBP00034 - LSUBP00034 - SURFACE SHIP INTEGRATION DIV HEAD - NIWCLANT,LSUBP00034,niwc_atlantic_division,center:niwc-atlantic,excluded,"technical_center_division code of center:niwc-atlantic, outside the PEO C4I portfolio (division itself not in alias table)"
LRAE Annex 25,232,k:347f31cb8d1d,,LSUBP00034 - LSUBP00034 - SURFACE SHIP INTEGRATION DIV HEAD - NIWCLANT,LSUBP00034,niwc_atlantic_division,center:niwc-atlantic,excluded,"technical_center_division code of center:niwc-atlantic, outside the PEO C4I portfolio (division itself not in alias table)"
LRAE Annex 25,233,k:95873e20b8f2,,LSUBP00064 - LSUBP00064 - EXPED ENTERPRISE SYS & SVS DIV HD - NIWCLANT,LSUBP00064,niwc_atlantic_division,center:niwc-atlantic,excluded,"technical_center_division code of center:niwc-atlantic, outside the PEO C4I portfolio (division itself not in alias table)"
LRAE Annex 25,234,k:1c43491c51fd,,LSUBP00024 - LSUBP00024 - IA AND NAVY CYBER SECURITY DIV HEAD - NIWCLANT,LSUBP00024,niwc_atlantic_division,center:niwc-atlantic,excluded,"technical_center_division code of center:niwc-atlantic, outside the PEO C4I portfolio (division itself not in alias table)"
LRAE Annex 25,235,k:9f435b2e3bfe,,LSUBP00004 - LSUBP00004 - EXPEDITIONARY C3 SOLUTIONS DIV HEAD - NIWCLANT,LSUBP00004,niwc_atlantic_division,center:niwc-atlantic,excluded,"technical_center_division code of center:niwc-atlantic, outside the PEO C4I portfolio (division itself not in alias table)"
LRAE Annex 25,236,k:de674f4a2904,,LSUBP00024 - LSUBP00024 - IA AND NAVY CYBER SECURITY DIV HEAD - NIWCLANT,LSUBP00024,niwc_atlantic_division,center:niwc-atlantic,excluded,"technical_center_division code of center:niwc-atlantic, outside the PEO C4I portfolio (division itself not in alias table)"
LRAE Annex 25,237,k:7c28d0086237,,LSUBP00024 - LSUBP00024 - IA AND NAVY CYBER SECURITY DIV HEAD - NIWCLANT,LSUBP00024,niwc_atlantic_division,center:niwc-atlantic,excluded,"technical_center_division code of center:niwc-atlantic, outside the PEO C4I portfolio (division itself not in alias table)"
LRAE Annex 25,238,k:2213db22343d,,LSUBP00024 - LSUBP00024 - IA AND NAVY CYBER SECURITY DIV HEAD - NIWCLANT,LSUBP00024,niwc_atlantic_division,center:niwc-atlantic,excluded,"technical_center_division code of center:niwc-atlantic, outside the PEO C4I portfolio (division itself not in alias table)"
LRAE Annex 25,239,k:19dab062f7c4,,LSUBP00024 - LSUBP00024 - IA AND NAVY CYBER SECURITY DIV HEAD - NIWCLANT,LSUBP00024,niwc_atlantic_division,center:niwc-atlantic,excluded,"technical_center_division code of center:niwc-atlantic, outside the PEO C4I portfolio (division itself not in alias table)"
LRAE Annex 25,240,k:feda1b8f1168,,LSUBP00009 - LSUBP00009 - DEFENSE HEALTH INFO TECH DIV HEAD - NIWCLANT,LSUBP00009,niwc_atlantic_division,center:niwc-atlantic,excluded,"technical_center_division code of center:niwc-atlantic, outside the PEO C4I portfolio (division itself not in alias table)"
LRAE Annex 25,241,k:096d56eeb928,,LSUBP00024 - LSUBP00024 - IA AND NAVY CYBER SECURITY DIV HEAD - NIWCLANT,LSUBP00024,niwc_atlantic_division,center:niwc-atlantic,excluded,"technical_center_division code of center:niwc-atlantic, outside the PEO C4I portfolio (division itself not in alias table)"
LRAE Annex 25,242,k:47d680a3bd42,,LSUBP00022 - LSUBP00022 - BATTLE SPACE AWARENESS DIV HEAD - NIWCLANT,LSUBP00022,niwc_atlantic_division,center:niwc-atlantic,excluded,"technical_center_division code of center:niwc-atlantic, outside the PEO C4I portfolio (division itself not in alias table)"
LRAE Annex 25,243,k:905bd788f57c,,LSUBP00024 - LSUBP00024 - IA AND NAVY CYBER SECURITY DIV HEAD - NIWCLANT,LSUBP00024,niwc_atlantic_division,center:niwc-atlantic,excluded,"technical_center_division code of center:niwc-atlantic, outside the PEO C4I portfolio (division itself not in alias table)"
LRAE Annex 25,244,k:8e269733e3bf,,LSUBP00034 - LSUBP00034 - SURFACE SHIP INTEGRATION DIV HEAD - NIWCLANT,LSUBP00034,niwc_atlantic_division,center:niwc-atlantic,excluded,"technical_center_division code of center:niwc-atlantic, outside the PEO C4I portfolio (division itself not in alias table)"
LRAE Annex 25,245,k:881bebc80202,,LSUBP00006 - LSUBP00006 - FMS AIR INTEGRATION USCG DIV HEAD - NIWCLANT,LSUBP00006,niwc_atlantic_division,center:niwc-atlantic,excluded,"technical_center_division code of center:niwc-atlantic, outside the PEO C4I portfolio (division itself not in alias table)"
LRAE Annex 25,246,k:f48bba77abce,,LSUBP00016 - LSUBP00016 - NAVY AFLOAT TRANSPORT & NAVI DIV HD - NIWCLANT,LSUBP00016,niwc_atlantic_division,center:niwc-atlantic,excluded,"technical_center_division code of center:niwc-atlantic, outside the PEO C4I portfolio (division itself not in alias table)"
LRAE Annex 25,247,k:4843430273ad,,LSUBP00024 - LSUBP00024 - IA AND NAVY CYBER SECURITY DIV HEAD - NIWCLANT,LSUBP00024,niwc_atlantic_division,center:niwc-atlantic,excluded,"technical_center_division code of center:niwc-atlantic, outside the PEO C4I portfolio (division itself not in alias table)"
LRAE Annex 25,248,k:afa7f2b105a4,,LSUBP00021 - LSUBP00021 - EXPEDITIONARY INTEL SOLUTIONS DIV HEAD - NIWCLANT,LSUBP00021,niwc_atlantic_division,center:niwc-atlantic,excluded,"technical_center_division code of center:niwc-atlantic, outside the PEO C4I portfolio (division itself not in alias table)"
LRAE Annex 25,249,k:e173ad38e4dc,,LSUBP00001 - LSUBP00001 - AIR TRAFFIC CONTROL DIV HEAD - NIWCLANT,LSUBP00001,niwc_atlantic_division,center:niwc-atlantic,excluded,"technical_center_division code of center:niwc-atlantic, outside the PEO C4I portfolio (division itself not in alias table)"
LRAE Annex 25,250,k:7af6c9dfe6a7,,LSUBP00016 - LSUBP00016 - NAVY AFLOAT TRANSPORT & NAVI DIV HD - NIWCLANT,LSUBP00016,niwc_atlantic_division,center:niwc-atlantic,excluded,"technical_center_division code of center:niwc-atlantic, outside the PEO C4I portfolio (division itself not in alias table)"
LRAE Annex 25,251,k:6be5c7dc317d,,LSUBP00015 - LSUBP00015 - SHORE C4I INTEGRATION DIV HEAD - NIWCLANT,LSUBP00015,niwc_atlantic_division,center:niwc-atlantic,excluded,"technical_center_division code of center:niwc-atlantic, outside the PEO C4I portfolio (division itself not in alias table)"
LRAE Annex 25,252,k:ff4fc47b335b,,LSUBP00004 - LSUBP00004 - EXPEDITIONARY C3 SOLUTIONS DIV HEAD - NIWCLANT,LSUBP00004,niwc_atlantic_division,center:niwc-atlantic,excluded,"technical_center_division code of center:niwc-atlantic, outside the PEO C4I portfolio (division itself not in alias table)"
LRAE Annex 25,253,k:aad3e3a63be0,,LSUBP00006 - LSUBP00006 - FMS AIR INTEGRATION USCG DIV HEAD - NIWCLANT,LSUBP00006,niwc_atlantic_division,center:niwc-atlantic,excluded,"technical_center_division code of center:niwc-atlantic, outside the PEO C4I portfolio (division itself not in alias table)"
LRAE Annex 25,254,k:c56a4246cc84,,LSUBP00004 - LSUBP00004 - EXPEDITIONARY C3 SOLUTIONS DIV HEAD - NIWCLANT,LSUBP00004,niwc_atlantic_division,center:niwc-atlantic,excluded,"technical_center_division code of center:niwc-atlantic, outside the PEO C4I portfolio (division itself not in alias table)"
LRAE Annex 25,255,k:d39dbee7ffcc,,LSUBP00023 - LSUBP00023 - SPEC RECON SURVEIL & EXPLOIT DIV HD - NIWCLANT,LSUBP00023,niwc_atlantic_division,center:niwc-atlantic,excluded,"technical_center_division code of center:niwc-atlantic, outside the PEO C4I portfolio (division itself not in alias table)"
LRAE Annex 25,256,k:2021b1c74c80,,LSUBP00023 - LSUBP00023 - SPEC RECON SURVEIL & EXPLOIT DIV HD - NIWCLANT,LSUBP00023,niwc_atlantic_division,center:niwc-atlantic,excluded,"technical_center_division code of center:niwc-atlantic, outside the PEO C4I portfolio (division itself not in alias table)"
LRAE Annex 25,257,k:99fc7cb21b94,,LSUBP00010 - LSUBP00010 - FORCE PROTECTION SOLUTIONS DIV HEAD - NIWCLANT,LSUBP00010,niwc_atlantic_division,center:niwc-atlantic,excluded,"technical_center_division code of center:niwc-atlantic, outside the PEO C4I portfolio (division itself not in alias table)"
LRAE Annex 25,258,k:2b5585d9fdbb,,LSUBP00001 - LSUBP00001 - AIR TRAFFIC CONTROL DIV HEAD - NIWCLANT,LSUBP00001,niwc_atlantic_division,center:niwc-atlantic,excluded,"technical_center_division code of center:niwc-atlantic, outside the PEO C4I portfolio (division itself not in alias table)"
LRAE Annex 25,259,k:20d264003ad8,,LSUBP00010 - LSUBP00010 - FORCE PROTECTION SOLUTIONS DIV HEAD - NIWCLANT,LSUBP00010,niwc_atlantic_division,center:niwc-atlantic,excluded,"technical_center_division code of center:niwc-atlantic, outside the PEO C4I portfolio (division itself not in alias table)"
LRAE Annex 25,260,k:ee1ee735642a,,LSUBP00010 - LSUBP00010 - FORCE PROTECTION SOLUTIONS DIV HEAD - NIWCLANT,LSUBP00010,niwc_atlantic_division,center:niwc-atlantic,excluded,"technical_center_division code of center:niwc-atlantic, outside the PEO C4I portfolio (division itself not in alias table)"
LRAE Annex 25,261,k:9e25c5b7afe9,,LSUBP00007 - LSUBP00007 - LAND SYSTEMS INTEGRATION DIV HEAD - NIWCLANT,LSUBP00007,niwc_atlantic_division,center:niwc-atlantic,excluded,"technical_center_division code of center:niwc-atlantic, outside the PEO C4I portfolio (division itself not in alias table)"
LRAE Annex 25,262,k:42775dec51f7,,LSUBP00015 - LSUBP00015 - SHORE C4I INTEGRATION DIV HEAD - NIWCLANT,LSUBP00015,niwc_atlantic_division,center:niwc-atlantic,excluded,"technical_center_division code of center:niwc-atlantic, outside the PEO C4I portfolio (division itself not in alias table)"
LRAE Annex 25,263,k:6d3749e45d60,,LSUBP00024 - LSUBP00024 - IA AND NAVY CYBER SECURITY DIV HEAD - NIWCLANT,LSUBP00024,niwc_atlantic_division,center:niwc-atlantic,excluded,"technical_center_division code of center:niwc-atlantic, outside the PEO C4I portfolio (division itself not in alias table)"
LRAE Annex 25,264,k:8a2db2902198,,LSUBP00035 - LSUBP00035 - SUBMARINE INTEGRATION DIV HEAD - NIWCLANT,LSUBP00035,niwc_atlantic_division,center:niwc-atlantic,excluded,"technical_center_division code of center:niwc-atlantic, outside the PEO C4I portfolio (division itself not in alias table)"
LRAE Annex 25,265,k:ca8f012b84c8,,LSUBP00010 - LSUBP00010 - FORCE PROTECTION SOLUTIONS DIV HEAD - NIWCLANT,LSUBP00010,niwc_atlantic_division,center:niwc-atlantic,excluded,"technical_center_division code of center:niwc-atlantic, outside the PEO C4I portfolio (division itself not in alias table)"
LRAE Annex 25,266,k:a3f8f1da20b3,,LSUBP00034 - LSUBP00034 - SURFACE SHIP INTEGRATION DIV HEAD - NIWCLANT,LSUBP00034,niwc_atlantic_division,center:niwc-atlantic,excluded,"technical_center_division code of center:niwc-atlantic, outside the PEO C4I portfolio (division itself not in alias table)"
LRAE Annex 25,267,k:e15065145916,,LSUBP00083 - LSUBP00083 - 8.0 Competency Division - NIWCLANT,LSUBP00083,niwc_atlantic_division,center:niwc-atlantic,excluded,"technical_center_division code of center:niwc-atlantic, outside the PEO C4I portfolio (division itself not in alias table)"
LRAE Annex 25,268,k:4f9281a41302,,LSUBP00010 - LSUBP00010 - FORCE PROTECTION SOLUTIONS DIV HEAD - NIWCLANT,LSUBP00010,niwc_atlantic_division,center:niwc-atlantic,excluded,"technical_center_division code of center:niwc-atlantic, outside the PEO C4I portfolio (division itself not in alias table)"
LRAE Annex 25,269,k:7e4fbeee2f6b,,LSUBP00010 - LSUBP00010 - FORCE PROTECTION SOLUTIONS DIV HEAD - NIWCLANT,LSUBP00010,niwc_atlantic_division,center:niwc-atlantic,excluded,"technical_center_division code of center:niwc-atlantic, outside the PEO C4I portfolio (division itself not in alias table)"
LRAE Annex 25,270,k:9a685854d7e7,,LSUBP00016 - LSUBP00016 - NAVY AFLOAT TRANSPORT & NAVI DIV HD - NIWCLANT,LSUBP00016,niwc_atlantic_division,center:niwc-atlantic,excluded,"technical_center_division code of center:niwc-atlantic, outside the PEO C4I portfolio (division itself not in alias table)"
LRAE Annex 25,271,k:3d07a4904c6f,,LSUBP00016 - LSUBP00016 - NAVY AFLOAT TRANSPORT & NAVI DIV HD - NIWCLANT,LSUBP00016,niwc_atlantic_division,center:niwc-atlantic,excluded,"technical_center_division code of center:niwc-atlantic, outside the PEO C4I portfolio (division itself not in alias table)"
LRAE Annex 25,272,k:c3646538a8ca,,LSUBP00034 - LSUBP00034 - SURFACE SHIP INTEGRATION DIV HEAD - NIWCLANT,LSUBP00034,niwc_atlantic_division,center:niwc-atlantic,excluded,"technical_center_division code of center:niwc-atlantic, outside the PEO C4I portfolio (division itself not in alias table)"
LRAE Annex 25,273,k:c705e9318385,,LSUBP00083 - LSUBP00083 - 8.0 Competency Division - NIWCLANT,LSUBP00083,niwc_atlantic_division,center:niwc-atlantic,excluded,"technical_center_division code of center:niwc-atlantic, outside the PEO C4I portfolio (division itself not in alias table)"
LRAE Annex 25,274,k:c57e680a758d,,LSUBP00016 - LSUBP00016 - NAVY AFLOAT TRANSPORT & NAVI DIV HD - NIWCLANT,LSUBP00016,niwc_atlantic_division,center:niwc-atlantic,excluded,"technical_center_division code of center:niwc-atlantic, outside the PEO C4I portfolio (division itself not in alias table)"
LRAE Annex 25,275,k:608a453c1758,,LSUBP00016 - LSUBP00016 - NAVY AFLOAT TRANSPORT & NAVI DIV HD - NIWCLANT,LSUBP00016,niwc_atlantic_division,center:niwc-atlantic,excluded,"technical_center_division code of center:niwc-atlantic, outside the PEO C4I portfolio (division itself not in alias table)"
LRAE Annex 25,276,k:a3b5b0a343e7,,LSUBP00016 - LSUBP00016 - NAVY AFLOAT TRANSPORT & NAVI DIV HD - NIWCLANT,LSUBP00016,niwc_atlantic_division,center:niwc-atlantic,excluded,"technical_center_division code of center:niwc-atlantic, outside the PEO C4I portfolio (division itself not in alias table)"
LRAE Annex 25,277,k:19a4c329083d,,LSUBP00016 - LSUBP00016 - NAVY AFLOAT TRANSPORT & NAVI DIV HD - NIWCLANT,LSUBP00016,niwc_atlantic_division,center:niwc-atlantic,excluded,"technical_center_division code of center:niwc-atlantic, outside the PEO C4I portfolio (division itself not in alias table)"
LRAE Annex 25,278,k:5ac1d2eb37dd,,LSUBP00016 - LSUBP00016 - NAVY AFLOAT TRANSPORT & NAVI DIV HD - NIWCLANT,LSUBP00016,niwc_atlantic_division,center:niwc-atlantic,excluded,"technical_center_division code of center:niwc-atlantic, outside the PEO C4I portfolio (division itself not in alias table)"
LRAE Annex 25,279,k:3a399422f5dd,,LSUBP00001 - LSUBP00001 - AIR TRAFFIC CONTROL DIV HEAD - NIWCLANT,LSUBP00001,niwc_atlantic_division,center:niwc-atlantic,excluded,"technical_center_division code of center:niwc-atlantic, outside the PEO C4I portfolio (division itself not in alias table)"
LRAE Annex 25,280,k:a21db112fb0e,,LSUBP00021 - LSUBP00021 - EXPEDITIONARY INTEL SOLUTIONS DIV HEAD - NIWCLANT,LSUBP00021,niwc_atlantic_division,center:niwc-atlantic,excluded,"technical_center_division code of center:niwc-atlantic, outside the PEO C4I portfolio (division itself not in alias table)"
LRAE Annex 25,281,k:31da5cb5a7ba,,LSUBP00007 - LSUBP00007 - LAND SYSTEMS INTEGRATION DIV HEAD - NIWCLANT,LSUBP00007,niwc_atlantic_division,center:niwc-atlantic,excluded,"technical_center_division code of center:niwc-atlantic, outside the PEO C4I portfolio (division itself not in alias table)"
LRAE Annex 25,282,k:f116d8a90945,,LSUBP00015 - LSUBP00015 - SHORE C4I INTEGRATION DIV HEAD - NIWCLANT,LSUBP00015,niwc_atlantic_division,center:niwc-atlantic,excluded,"technical_center_division code of center:niwc-atlantic, outside the PEO C4I portfolio (division itself not in alias table)"
LRAE Annex 25,283,k:1963362b5cd6,,LSUBP00049 - LSUBP00049 - S&T Division - NIWCLANT,LSUBP00049,niwc_atlantic_division,center:niwc-atlantic,excluded,"technical_center_division code of center:niwc-atlantic, outside the PEO C4I portfolio (division itself not in alias table)"
LRAE Annex 25,284,k:d59fcfb227ac,,LSUBP00002 - LSUBP00002 - COMMAND OPERATIONS CENTERS DIV HEAD - NIWCLANT,LSUBP00002,niwc_atlantic_division,center:niwc-atlantic,excluded,"technical_center_division code of center:niwc-atlantic, outside the PEO C4I portfolio (division itself not in alias table)"
LRAE Annex 25,285,k:e108fd0dcf6f,,LSUBP00002 - LSUBP00002 - COMMAND OPERATIONS CENTERS DIV HEAD - NIWCLANT,LSUBP00002,niwc_atlantic_division,center:niwc-atlantic,excluded,"technical_center_division code of center:niwc-atlantic, outside the PEO C4I portfolio (division itself not in alias table)"
LRAE Annex 25,286,k:47f0a88465c0,,LSUBP00023 - LSUBP00023 - SPEC RECON SURVEIL & EXPLOIT DIV HD - NIWCLANT,LSUBP00023,niwc_atlantic_division,,duplicate,record key already seen on row 132
LRAE Annex 25,287,k:f890e3f127c9,,LSUBP00010 - LSUBP00010 - FORCE PROTECTION SOLUTIONS DIV HEAD - NIWCLANT,LSUBP00010,niwc_atlantic_division,center:niwc-atlantic,excluded,"technical_center_division code of center:niwc-atlantic, outside the PEO C4I portfolio (division itself not in alias table)"
LRAE Annex 25,288,k:fe9d735e9d77,,LSUBP00049 - LSUBP00049 - S&T Division - NIWCLANT,LSUBP00049,niwc_atlantic_division,center:niwc-atlantic,excluded,"technical_center_division code of center:niwc-atlantic, outside the PEO C4I portfolio (division itself not in alias table)"
LRAE Annex 25,289,k:8d8422b19dc6,,LSUBP00016 - LSUBP00016 - NAVY AFLOAT TRANSPORT & NAVI DIV HD - NIWCLANT,LSUBP00016,niwc_atlantic_division,center:niwc-atlantic,excluded,"technical_center_division code of center:niwc-atlantic, outside the PEO C4I portfolio (division itself not in alias table)"
LRAE Annex 25,290,k:ea614874d4e5,,LSUBP00016 - LSUBP00016 - NAVY AFLOAT TRANSPORT & NAVI DIV HD - NIWCLANT,LSUBP00016,niwc_atlantic_division,center:niwc-atlantic,excluded,"technical_center_division code of center:niwc-atlantic, outside the PEO C4I portfolio (division itself not in alias table)"
LRAE Annex 25,291,k:5ddcbc77358c,,LSUBP00007 - LSUBP00007 - LAND SYSTEMS INTEGRATION DIV HEAD - NIWCLANT,LSUBP00007,niwc_atlantic_division,center:niwc-atlantic,excluded,"technical_center_division code of center:niwc-atlantic, outside the PEO C4I portfolio (division itself not in alias table)"
LRAE Annex 25,292,k:8f657746565d,,LSUBP00083 - LSUBP00083 - 8.0 Competency Division - NIWCLANT,LSUBP00083,niwc_atlantic_division,center:niwc-atlantic,excluded,"technical_center_division code of center:niwc-atlantic, outside the PEO C4I portfolio (division itself not in alias table)"
LRAE Annex 25,293,k:b43672625963,,LSUBP00002 - LSUBP00002 - COMMAND OPERATIONS CENTERS DIV HEAD - NIWCLANT,LSUBP00002,niwc_atlantic_division,center:niwc-atlantic,excluded,"technical_center_division code of center:niwc-atlantic, outside the PEO C4I portfolio (division itself not in alias table)"
LRAE Annex 25,294,k:0a2e5d8dc095,,LSUBP00004 - LSUBP00004 - EXPEDITIONARY C3 SOLUTIONS DIV HEAD - NIWCLANT,LSUBP00004,niwc_atlantic_division,center:niwc-atlantic,excluded,"technical_center_division code of center:niwc-atlantic, outside the PEO C4I portfolio (division itself not in alias table)"
LRAE Annex 25,295,k:db4d9f0d67e2,,LSUBP00023 - LSUBP00023 - SPEC RECON SURVEIL & EXPLOIT DIV HD - NIWCLANT,LSUBP00023,niwc_atlantic_division,center:niwc-atlantic,excluded,"technical_center_division code of center:niwc-atlantic, outside the PEO C4I portfolio (division itself not in alias table)"
LRAE Annex 25,296,k:c50e18b8014b,,LSUBP00064 - LSUBP00064 - EXPED ENTERPRISE SYS & SVS DIV HD - NIWCLANT,LSUBP00064,niwc_atlantic_division,center:niwc-atlantic,excluded,"technical_center_division code of center:niwc-atlantic, outside the PEO C4I portfolio (division itself not in alias table)"
LRAE Annex 25,297,k:f78e7cf8e87e,,LSUBP00064 - LSUBP00064 - EXPED ENTERPRISE SYS & SVS DIV HD - NIWCLANT,LSUBP00064,niwc_atlantic_division,center:niwc-atlantic,excluded,"technical_center_division code of center:niwc-atlantic, outside the PEO C4I portfolio (division itself not in alias table)"
LRAE Annex 25,298,k:6e625e2af5a0,,LSUBP00077 - LSUBP00077 - 4.7 Service Center - NIWCLANT,LSUBP00077,niwc_atlantic_division,center:niwc-atlantic,excluded,"technical_center_division code of center:niwc-atlantic, outside the PEO C4I portfolio (division itself not in alias table)"
LRAE Annex 25,299,k:366ee1d57143,,LSUBP00057 - LSUBP00057 - FLEET INSTALLATION & READINESS DIV HD - NIWCLANT,LSUBP00057,niwc_atlantic_division,center:niwc-atlantic,excluded,"technical_center_division code of center:niwc-atlantic, outside the PEO C4I portfolio (division itself not in alias table)"
LRAE Annex 25,300,k:f20acd979b4b,,LSUBP00057 - LSUBP00057 - FLEET INSTALLATION & READINESS DIV HD - NIWCLANT,LSUBP00057,niwc_atlantic_division,center:niwc-atlantic,excluded,"technical_center_division code of center:niwc-atlantic, outside the PEO C4I portfolio (division itself not in alias table)"
LRAE Annex 25,301,k:27ce18c7c258,,LSUBP00049 - LSUBP00049 - S&T Division - NIWCLANT,LSUBP00049,niwc_atlantic_division,center:niwc-atlantic,excluded,"technical_center_division code of center:niwc-atlantic, outside the PEO C4I portfolio (division itself not in alias table)"
LRAE Annex 25,302,k:37d62a781c13,,LSUBP00002 - LSUBP00002 - COMMAND OPERATIONS CENTERS DIV HEAD - NIWCLANT,LSUBP00002,niwc_atlantic_division,center:niwc-atlantic,excluded,"technical_center_division code of center:niwc-atlantic, outside the PEO C4I portfolio (division itself not in alias table)"
LRAE Annex 25,303,k:5ddf84420bd5,,LSUBP00007 - LSUBP00007 - LAND SYSTEMS INTEGRATION DIV HEAD - NIWCLANT,LSUBP00007,niwc_atlantic_division,center:niwc-atlantic,excluded,"technical_center_division code of center:niwc-atlantic, outside the PEO C4I portfolio (division itself not in alias table)"
LRAE Annex 25,304,k:a0a2c510b26a,,LSUBP00023 - LSUBP00023 - SPEC RECON SURVEIL & EXPLOIT DIV HD - NIWCLANT,LSUBP00023,niwc_atlantic_division,center:niwc-atlantic,excluded,"technical_center_division code of center:niwc-atlantic, outside the PEO C4I portfolio (division itself not in alias table)"
LRAE Annex 25,305,k:27cc6ce71e0e,,2.0 - 2.0 - NAVWAR,2.0,navwar_hq_competency,command:navwar,excluded,"headquarters_competency code of command:navwar, outside the PEO C4I portfolio (division itself not in alias table)"
LRAE Annex 25,306,k:0a524a33a684,,LSUBP00023 - LSUBP00023 - SPEC RECON SURVEIL & EXPLOIT DIV HD - NIWCLANT,LSUBP00023,niwc_atlantic_division,center:niwc-atlantic,excluded,"technical_center_division code of center:niwc-atlantic, outside the PEO C4I portfolio (division itself not in alias table)"
LRAE Annex 25,307,k:f706a5bc3957,,LSUBP00007 - LSUBP00007 - LAND SYSTEMS INTEGRATION DIV HEAD - NIWCLANT,LSUBP00007,niwc_atlantic_division,center:niwc-atlantic,excluded,"technical_center_division code of center:niwc-atlantic, outside the PEO C4I portfolio (division itself not in alias table)"
LRAE Annex 25,308,k:e16000511608,,LSUBP00011 - LSUBP00011 - MANPWR PERS TRNG & EDU SYS DIV HEAD - NIWCLANT,LSUBP00011,niwc_atlantic_division,center:niwc-atlantic,excluded,"technical_center_division code of center:niwc-atlantic, outside the PEO C4I portfolio (division itself not in alias table)"
LRAE Annex 25,309,k:c5a347790c4f,,LSUBP00010 - LSUBP00010 - FORCE PROTECTION SOLUTIONS DIV HEAD - NIWCLANT,LSUBP00010,niwc_atlantic_division,center:niwc-atlantic,excluded,"technical_center_division code of center:niwc-atlantic, outside the PEO C4I portfolio (division itself not in alias table)"
LRAE Annex 25,310,k:3a489acc8366,,LSUBP00083 - LSUBP00083 - 8.0 Competency Division - NIWCLANT,LSUBP00083,niwc_atlantic_division,center:niwc-atlantic,excluded,"technical_center_division code of center:niwc-atlantic, outside the PEO C4I portfolio (division itself not in alias table)"
LRAE Annex 25,311,k:87578f2e4cbb,,LBUSP00026 - LBUSP00026 - SC2ISR/I-01J - NIWCLANT,LBUSP00026,niwc_atlantic_division,center:niwc-atlantic,excluded,"technical_center_division code of center:niwc-atlantic, outside the PEO C4I portfolio (division itself not in alias table)"
LRAE Annex 25,312,k:baeb55e05ebf,,LBUSP00026 - LBUSP00026 - SC2ISR/I-01J - NIWCLANT,LBUSP00026,niwc_atlantic_division,center:niwc-atlantic,excluded,"technical_center_division code of center:niwc-atlantic, outside the PEO C4I portfolio (division itself not in alias table)"
LRAE Annex 25,313,k:63114780ce00,,LSUBP00035 - LSUBP00035 - SUBMARINE INTEGRATION DIV HEAD - NIWCLANT,LSUBP00035,niwc_atlantic_division,center:niwc-atlantic,excluded,"technical_center_division code of center:niwc-atlantic, outside the PEO C4I portfolio (division itself not in alias table)"
LRAE Annex 25,314,k:a03189d326e0,,Pf004MNHR - Pf004MNHR - NAVWAR,Pf004MNHR,peo_mlb_portfolio_code,,unresolved,family peo_mlb_portfolio_code recognised but code Pf004MNHR has no alias-table entry
LRAE Annex 25,315,k:e8575fea6c22,,PMW-120 - PMW-120 - NAVWAR,PMW-120,peo_program_office,pmw:120,included,"code resolves to pmw:120, a PEO C4I office (alias table)"
LRAE Annex 25,316,k:a7540e662c3e,,PMW-120 - PMW-120 - NAVWAR,PMW-120,peo_program_office,pmw:120,included,"code resolves to pmw:120, a PEO C4I office (alias table)"
LRAE Annex 25,317,k:b63eaeed55a9,,PMA/PMW-101 - PMA/PMW-101 - NAVWAR,PMA/PMW-101,peo_program_office,pmw:101,included,"code resolves to pmw:101, a PEO C4I office (alias table)"
LRAE Annex 25,318,k:a7731a7b8599,,JTNC - JTNC - NAVWAR,JTNC,peo_front_office_or_hq_code,,unresolved,family peo_front_office_or_hq_code recognised but code JTNC has no alias-table entry
LRAE Annex 25,319,k:3d56317e3cdb,,2.0 - 2.0 - NAVWAR,2.0,navwar_hq_competency,command:navwar,excluded,"headquarters_competency code of command:navwar, outside the PEO C4I portfolio (division itself not in alias table)"
LRAE Annex 25,320,k:b0c7a4f0b6d9,,PMW/A-170 - PMW/A-170 - NAVWAR,PMW/A-170,peo_program_office,pmw:170,included,"code resolves to pmw:170, a PEO C4I office (alias table)"
LRAE Annex 25,321,k:31d9e84c8709,,COO - PEO Digital - NAVWAR,COO,,,unresolved,code COO matches no code family
LRAE Annex 25,322,k:b9dec07ae5a4,,PMW-160 - PMW-160 - NAVWAR,PMW-160,peo_program_office,pmw:160,included,"code resolves to pmw:160, a PEO C4I office (alias table)"
LRAE Annex 25,323,k:e9e82fdb9a1e,,PMW/A-170 - PMW/A-170 - NAVWAR,PMW/A-170,peo_program_office,pmw:170,included,"code resolves to pmw:170, a PEO C4I office (alias table)"
LRAE Annex 25,324,k:a0c5682ddf2f,,LSUBP00087 - LSUBP00087 - Command Information Officer Division - NIWCLANT,LSUBP00087,niwc_atlantic_division,center:niwc-atlantic,excluded,"technical_center_division code of center:niwc-atlantic, outside the PEO C4I portfolio (division itself not in alias table)"
LRAE Annex 25,325,k:6964e754ef85,,LSUBP00006 - LSUBP00006 - FMS AIR INTEGRATION USCG DIV HEAD - NIWCLANT,LSUBP00006,niwc_atlantic_division,center:niwc-atlantic,excluded,"technical_center_division code of center:niwc-atlantic, outside the PEO C4I portfolio (division itself not in alias table)"
LRAE Annex 25,326,k:fd2a763f25f9,,LSUBP00021 - LSUBP00021 - EXPEDITIONARY INTEL SOLUTIONS DIV HEAD - NIWCLANT,LSUBP00021,niwc_atlantic_division,center:niwc-atlantic,excluded,"technical_center_division code of center:niwc-atlantic, outside the PEO C4I portfolio (division itself not in alias table)"
LRAE Annex 25,327,k:340f90804ed0,,LSUBP00021 - LSUBP00021 - EXPEDITIONARY INTEL SOLUTIONS DIV HEAD - NIWCLANT,LSUBP00021,niwc_atlantic_division,center:niwc-atlantic,excluded,"technical_center_division code of center:niwc-atlantic, outside the PEO C4I portfolio (division itself not in alias table)"
LRAE Annex 25,328,k:3c4f4fe097cd,,LSUBP00021 - LSUBP00021 - EXPEDITIONARY INTEL SOLUTIONS DIV HEAD - NIWCLANT,LSUBP00021,niwc_atlantic_division,center:niwc-atlantic,excluded,"technical_center_division code of center:niwc-atlantic, outside the PEO C4I portfolio (division itself not in alias table)"
LRAE Annex 25,329,k:f37f60f6c639,,4.0 - 4.0 - NAVWAR,4.0,navwar_hq_competency,command:navwar,excluded,"headquarters_competency code of command:navwar, outside the PEO C4I portfolio (division itself not in alias table)"
LRAE Annex 25,330,k:8fc782e1984c,,PMW-760 - PMW-760 - NAVWAR,PMW-760,peo_program_office,pmw:760,included,"code resolves to pmw:760, a PEO C4I office (alias table)"
LRAE Annex 25,331,k:719786be9026,,LSUBP00016 - LSUBP00016 - NAVY AFLOAT TRANSPORT & NAVI DIV HD - NIWCLANT,LSUBP00016,niwc_atlantic_division,center:niwc-atlantic,excluded,"technical_center_division code of center:niwc-atlantic, outside the PEO C4I portfolio (division itself not in alias table)"
LRAE Annex 25,332,k:420dbfadedfd,,LBUSP00032 - LBUSP00032 - NL-1.0/6.0 - NIWCLANT,LBUSP00032,niwc_atlantic_division,center:niwc-atlantic,excluded,"technical_center_division code of center:niwc-atlantic, outside the PEO C4I portfolio (division itself not in alias table)"
LRAE Annex 25,333,k:3410de896c8b,,LSUBP00034 - LSUBP00034 - SURFACE SHIP INTEGRATION DIV HEAD - NIWCLANT,LSUBP00034,niwc_atlantic_division,center:niwc-atlantic,excluded,"technical_center_division code of center:niwc-atlantic, outside the PEO C4I portfolio (division itself not in alias table)"
LRAE Annex 25,334,k:6cd7421ba7d0,,LSUBP00034 - LSUBP00034 - SURFACE SHIP INTEGRATION DIV HEAD - NIWCLANT,LSUBP00034,niwc_atlantic_division,center:niwc-atlantic,excluded,"technical_center_division code of center:niwc-atlantic, outside the PEO C4I portfolio (division itself not in alias table)"
LRAE Annex 25,335,k:f80e8b5885b4,,LSUBP00093 - LSUBP00093 - 4.7 Competency Division - NIWCLANT,LSUBP00093,niwc_atlantic_division,center:niwc-atlantic,excluded,"technical_center_division code of center:niwc-atlantic, outside the PEO C4I portfolio (division itself not in alias table)"
LRAE Annex 25,336,k:a45bf89228c1,,LSUBP00035 - LSUBP00035 - SUBMARINE INTEGRATION DIV HEAD - NIWCLANT,LSUBP00035,niwc_atlantic_division,center:niwc-atlantic,excluded,"technical_center_division code of center:niwc-atlantic, outside the PEO C4I portfolio (division itself not in alias table)"
LRAE Annex 25,337,k:dfa904d4f2a1,,LSUBP00034 - LSUBP00034 - SURFACE SHIP INTEGRATION DIV HEAD - NIWCLANT,LSUBP00034,niwc_atlantic_division,center:niwc-atlantic,excluded,"technical_center_division code of center:niwc-atlantic, outside the PEO C4I portfolio (division itself not in alias table)"
LRAE Annex 25,338,k:5f4ecd08960e,,LSUBP00021 - LSUBP00021 - EXPEDITIONARY INTEL SOLUTIONS DIV HEAD - NIWCLANT,LSUBP00021,niwc_atlantic_division,center:niwc-atlantic,excluded,"technical_center_division code of center:niwc-atlantic, outside the PEO C4I portfolio (division itself not in alias table)"
LRAE Annex 25,339,k:e758442e1482,,LSUBP00049 - LSUBP00049 - S&T Division - NIWCLANT,LSUBP00049,niwc_atlantic_division,center:niwc-atlantic,excluded,"technical_center_division code of center:niwc-atlantic, outside the PEO C4I portfolio (division itself not in alias table)"
LRAE Annex 25,340,k:fd087d18fd74,,LSUBP00066 - LSUBP00066 - DATA CENTER & CLOUD HOSTING SERVICES DIV HEAD - NIWCLANT,LSUBP00066,niwc_atlantic_division,center:niwc-atlantic,excluded,"technical_center_division code of center:niwc-atlantic, outside the PEO C4I portfolio (division itself not in alias table)"
LRAE Annex 25,341,k:3d52d712f58a,,LSUBP00011 - LSUBP00011 - MANPWR PERS TRNG & EDU SYS DIV HEAD - NIWCLANT,LSUBP00011,niwc_atlantic_division,center:niwc-atlantic,excluded,"technical_center_division code of center:niwc-atlantic, outside the PEO C4I portfolio (division itself not in alias table)"
LRAE Annex 25,342,k:0220a4bd8354,,LSUBP00057 - LSUBP00057 - FLEET INSTALLATION & READINESS DIV HD - NIWCLANT,LSUBP00057,niwc_atlantic_division,center:niwc-atlantic,excluded,"technical_center_division code of center:niwc-atlantic, outside the PEO C4I portfolio (division itself not in alias table)"
LRAE Annex 25,343,k:132799aba458,,LSUBP00057 - LSUBP00057 - FLEET INSTALLATION & READINESS DIV HD - NIWCLANT,LSUBP00057,niwc_atlantic_division,center:niwc-atlantic,excluded,"technical_center_division code of center:niwc-atlantic, outside the PEO C4I portfolio (division itself not in alias table)"
LRAE Annex 25,344,k:b28d8316b14a,,LSUBP00057 - LSUBP00057 - FLEET INSTALLATION & READINESS DIV HD - NIWCLANT,LSUBP00057,niwc_atlantic_division,center:niwc-atlantic,excluded,"technical_center_division code of center:niwc-atlantic, outside the PEO C4I portfolio (division itself not in alias table)"
LRAE Annex 25,345,k:5fbf7d10d3b5,,LSUBP00056 - LSUBP00056 - ENTERPRISE BUSINESS SYSTEMS DIV HEAD - NIWCLANT,LSUBP00056,niwc_atlantic_division,center:niwc-atlantic,excluded,"technical_center_division code of center:niwc-atlantic, outside the PEO C4I portfolio (division itself not in alias table)"
LRAE Annex 25,346,k:67c039e62420,,LSUBP00024 - LSUBP00024 - IA AND NAVY CYBER SECURITY DIV HEAD - NIWCLANT,LSUBP00024,niwc_atlantic_division,center:niwc-atlantic,excluded,"technical_center_division code of center:niwc-atlantic, outside the PEO C4I portfolio (division itself not in alias table)"
LRAE Annex 25,347,k:7bc991ea2fee,,LSUBP00066 - LSUBP00066 - DATA CENTER & CLOUD HOSTING SERVICES DIV HEAD - NIWCLANT,LSUBP00066,niwc_atlantic_division,center:niwc-atlantic,excluded,"technical_center_division code of center:niwc-atlantic, outside the PEO C4I portfolio (division itself not in alias table)"
LRAE Annex 25,348,k:992ea4cc1a8e,,LSUBP00087 - LSUBP00087 - Command Information Officer Division - NIWCLANT,LSUBP00087,niwc_atlantic_division,center:niwc-atlantic,excluded,"technical_center_division code of center:niwc-atlantic, outside the PEO C4I portfolio (division itself not in alias table)"
LRAE Annex 25,349,k:1485722b5b28,,LSUBP00021 - LSUBP00021 - EXPEDITIONARY INTEL SOLUTIONS DIV HEAD - NIWCLANT,LSUBP00021,niwc_atlantic_division,center:niwc-atlantic,excluded,"technical_center_division code of center:niwc-atlantic, outside the PEO C4I portfolio (division itself not in alias table)"
LRAE Annex 25,350,k:45b751823f5c,,LSUBP00004 - LSUBP00004 - EXPEDITIONARY C3 SOLUTIONS DIV HEAD - NIWCLANT,LSUBP00004,niwc_atlantic_division,center:niwc-atlantic,excluded,"technical_center_division code of center:niwc-atlantic, outside the PEO C4I portfolio (division itself not in alias table)"
LRAE Annex 25,351,k:72d9caf2cb5d,,LSUBP00021 - LSUBP00021 - EXPEDITIONARY INTEL SOLUTIONS DIV HEAD - NIWCLANT,LSUBP00021,niwc_atlantic_division,center:niwc-atlantic,excluded,"technical_center_division code of center:niwc-atlantic, outside the PEO C4I portfolio (division itself not in alias table)"
LRAE Annex 25,352,k:8b657e5d0dfd,,LSUBP00021 - LSUBP00021 - EXPEDITIONARY INTEL SOLUTIONS DIV HEAD - NIWCLANT,LSUBP00021,niwc_atlantic_division,center:niwc-atlantic,excluded,"technical_center_division code of center:niwc-atlantic, outside the PEO C4I portfolio (division itself not in alias table)"
LRAE Annex 25,353,k:03d6bf950608,,LSUBP00021 - LSUBP00021 - EXPEDITIONARY INTEL SOLUTIONS DIV HEAD - NIWCLANT,LSUBP00021,niwc_atlantic_division,center:niwc-atlantic,excluded,"technical_center_division code of center:niwc-atlantic, outside the PEO C4I portfolio (division itself not in alias table)"
LRAE Annex 25,354,k:4c119c3be347,,LSUBP00057 - LSUBP00057 - FLEET INSTALLATION & READINESS DIV HD - NIWCLANT,LSUBP00057,niwc_atlantic_division,center:niwc-atlantic,excluded,"technical_center_division code of center:niwc-atlantic, outside the PEO C4I portfolio (division itself not in alias table)"
LRAE Annex 25,355,k:c204f20947d9,,LSUBP00001 - LSUBP00001 - AIR TRAFFIC CONTROL DIV HEAD - NIWCLANT,LSUBP00001,niwc_atlantic_division,center:niwc-atlantic,excluded,"technical_center_division code of center:niwc-atlantic, outside the PEO C4I portfolio (division itself not in alias table)"
LRAE Annex 25,356,k:22a71933f036,,LSUBP00034 - LSUBP00034 - SURFACE SHIP INTEGRATION DIV HEAD - NIWCLANT,LSUBP00034,niwc_atlantic_division,center:niwc-atlantic,excluded,"technical_center_division code of center:niwc-atlantic, outside the PEO C4I portfolio (division itself not in alias table)"
LRAE Annex 25,357,k:8a33d5901d33,,LSUBP00001 - LSUBP00001 - AIR TRAFFIC CONTROL DIV HEAD - NIWCLANT,LSUBP00001,niwc_atlantic_division,center:niwc-atlantic,excluded,"technical_center_division code of center:niwc-atlantic, outside the PEO C4I portfolio (division itself not in alias table)"
LRAE Annex 25,358,k:d2e96d1efa16,,LSUBP00034 - LSUBP00034 - SURFACE SHIP INTEGRATION DIV HEAD - NIWCLANT,LSUBP00034,niwc_atlantic_division,center:niwc-atlantic,excluded,"technical_center_division code of center:niwc-atlantic, outside the PEO C4I portfolio (division itself not in alias table)"
LRAE Annex 25,359,k:be39a8cc41f3,,LSUBP00007 - LSUBP00007 - LAND SYSTEMS INTEGRATION DIV HEAD - NIWCLANT,LSUBP00007,niwc_atlantic_division,center:niwc-atlantic,excluded,"technical_center_division code of center:niwc-atlantic, outside the PEO C4I portfolio (division itself not in alias table)"
LRAE Annex 25,360,k:62ab51dce68c,,LSUBP00064 - LSUBP00064 - EXPED ENTERPRISE SYS & SVS DIV HD - NIWCLANT,LSUBP00064,niwc_atlantic_division,center:niwc-atlantic,excluded,"technical_center_division code of center:niwc-atlantic, outside the PEO C4I portfolio (division itself not in alias table)"
LRAE Annex 25,361,k:ed6249ca630b,,LSUBP00022 - LSUBP00022 - BATTLE SPACE AWARENESS DIV HEAD - NIWCLANT,LSUBP00022,niwc_atlantic_division,center:niwc-atlantic,excluded,"technical_center_division code of center:niwc-atlantic, outside the PEO C4I portfolio (division itself not in alias table)"
LRAE Annex 25,362,k:3904b7abe98c,,LSUBP00087 - LSUBP00087 - Command Information Officer Division - NIWCLANT,LSUBP00087,niwc_atlantic_division,center:niwc-atlantic,excluded,"technical_center_division code of center:niwc-atlantic, outside the PEO C4I portfolio (division itself not in alias table)"
LRAE Annex 25,363,k:41feafd0273a,,LSUBP00084 - LSUBP00084 - 4.0 Competency Division - NIWCLANT,LSUBP00084,niwc_atlantic_division,center:niwc-atlantic,excluded,"technical_center_division code of center:niwc-atlantic, outside the PEO C4I portfolio (division itself not in alias table)"
LRAE Annex 25,364,k:1cd10045c972,,LSUBP00063 - LSUBP00063 - NAVY AFLOAT NETWORK DIV HEAD - NIWCLANT,LSUBP00063,niwc_atlantic_division,center:niwc-atlantic,excluded,"technical_center_division code of center:niwc-atlantic, outside the PEO C4I portfolio (division itself not in alias table)"
LRAE Annex 25,365,k:ad85ac952d47,,LSUBP00016 - LSUBP00016 - NAVY AFLOAT TRANSPORT & NAVI DIV HD - NIWCLANT,LSUBP00016,niwc_atlantic_division,center:niwc-atlantic,excluded,"technical_center_division code of center:niwc-atlantic, outside the PEO C4I portfolio (division itself not in alias table)"
LRAE Annex 25,366,k:3e7d6c8457cc,,LSUBP00035 - LSUBP00035 - SUBMARINE INTEGRATION DIV HEAD - NIWCLANT,LSUBP00035,niwc_atlantic_division,center:niwc-atlantic,excluded,"technical_center_division code of center:niwc-atlantic, outside the PEO C4I portfolio (division itself not in alias table)"
LRAE Annex 25,367,k:9e73ee80d540,,LSUBP00016 - LSUBP00016 - NAVY AFLOAT TRANSPORT & NAVI DIV HD - NIWCLANT,LSUBP00016,niwc_atlantic_division,center:niwc-atlantic,excluded,"technical_center_division code of center:niwc-atlantic, outside the PEO C4I portfolio (division itself not in alias table)"
LRAE Annex 25,368,k:cd508004477b,,LSUBP00011 - LSUBP00011 - MANPWR PERS TRNG & EDU SYS DIV HEAD - NIWCLANT,LSUBP00011,niwc_atlantic_division,center:niwc-atlantic,excluded,"technical_center_division code of center:niwc-atlantic, outside the PEO C4I portfolio (division itself not in alias table)"
LRAE Annex 25,369,k:46757726ab64,,LSUBP00004 - LSUBP00004 - EXPEDITIONARY C3 SOLUTIONS DIV HEAD - NIWCLANT,LSUBP00004,niwc_atlantic_division,center:niwc-atlantic,excluded,"technical_center_division code of center:niwc-atlantic, outside the PEO C4I portfolio (division itself not in alias table)"
LRAE Annex 25,370,k:649bfab3178c,,LSUBP00087 - LSUBP00087 - Command Information Officer Division - NIWCLANT,LSUBP00087,niwc_atlantic_division,center:niwc-atlantic,excluded,"technical_center_division code of center:niwc-atlantic, outside the PEO C4I portfolio (division itself not in alias table)"
LRAE Annex 25,371,k:728ee3b20340,,LSUBP00034 - LSUBP00034 - SURFACE SHIP INTEGRATION DIV HEAD - NIWCLANT,LSUBP00034,niwc_atlantic_division,center:niwc-atlantic,excluded,"technical_center_division code of center:niwc-atlantic, outside the PEO C4I portfolio (division itself not in alias table)"
LRAE Annex 25,372,k:980e89d1b198,,LSUBP00056 - LSUBP00056 - ENTERPRISE BUSINESS SYSTEMS DIV HEAD - NIWCLANT,LSUBP00056,niwc_atlantic_division,center:niwc-atlantic,excluded,"technical_center_division code of center:niwc-atlantic, outside the PEO C4I portfolio (division itself not in alias table)"
LRAE Annex 25,373,k:d0ec8b9e47a5,,LSUBP00063 - LSUBP00063 - NAVY AFLOAT NETWORK DIV HEAD - NIWCLANT,LSUBP00063,niwc_atlantic_division,center:niwc-atlantic,excluded,"technical_center_division code of center:niwc-atlantic, outside the PEO C4I portfolio (division itself not in alias table)"
LRAE Annex 25,374,k:a1a687860793,,LSUBP00015 - LSUBP00015 - SHORE C4I INTEGRATION DIV HEAD - NIWCLANT,LSUBP00015,niwc_atlantic_division,center:niwc-atlantic,excluded,"technical_center_division code of center:niwc-atlantic, outside the PEO C4I portfolio (division itself not in alias table)"
LRAE Annex 25,375,k:190f8e91784d,,LSUBP00006 - LSUBP00006 - FMS AIR INTEGRATION USCG DIV HEAD - NIWCLANT,LSUBP00006,niwc_atlantic_division,center:niwc-atlantic,excluded,"technical_center_division code of center:niwc-atlantic, outside the PEO C4I portfolio (division itself not in alias table)"
LRAE Annex 25,376,k:c988f36792e9,,LSUBP00034 - LSUBP00034 - SURFACE SHIP INTEGRATION DIV HEAD - NIWCLANT,LSUBP00034,niwc_atlantic_division,center:niwc-atlantic,excluded,"technical_center_division code of center:niwc-atlantic, outside the PEO C4I portfolio (division itself not in alias table)"
LRAE Annex 25,377,k:f40e0ee0a50d,,LSUBP00009 - LSUBP00009 - DEFENSE HEALTH INFO TECH DIV HEAD - NIWCLANT,LSUBP00009,niwc_atlantic_division,center:niwc-atlantic,excluded,"technical_center_division code of center:niwc-atlantic, outside the PEO C4I portfolio (division itself not in alias table)"
LRAE Annex 25,378,k:a0684dea4b00,,LSUBP00011 - LSUBP00011 - MANPWR PERS TRNG & EDU SYS DIV HEAD - NIWCLANT,LSUBP00011,niwc_atlantic_division,center:niwc-atlantic,excluded,"technical_center_division code of center:niwc-atlantic, outside the PEO C4I portfolio (division itself not in alias table)"
LRAE Annex 25,379,k:1b8249e5045d,,LSUBP00009 - LSUBP00009 - DEFENSE HEALTH INFO TECH DIV HEAD - NIWCLANT,LSUBP00009,niwc_atlantic_division,center:niwc-atlantic,excluded,"technical_center_division code of center:niwc-atlantic, outside the PEO C4I portfolio (division itself not in alias table)"
LRAE Annex 25,380,k:10d09d8a9b95,,LSUBP00009 - LSUBP00009 - DEFENSE HEALTH INFO TECH DIV HEAD - NIWCLANT,LSUBP00009,niwc_atlantic_division,center:niwc-atlantic,excluded,"technical_center_division code of center:niwc-atlantic, outside the PEO C4I portfolio (division itself not in alias table)"
LRAE Annex 25,381,k:b72c1eecd2ae,,LSUBP00034 - LSUBP00034 - SURFACE SHIP INTEGRATION DIV HEAD - NIWCLANT,LSUBP00034,niwc_atlantic_division,center:niwc-atlantic,excluded,"technical_center_division code of center:niwc-atlantic, outside the PEO C4I portfolio (division itself not in alias table)"
LRAE Annex 25,382,k:86817e29910a,,LSUBP00021 - LSUBP00021 - EXPEDITIONARY INTEL SOLUTIONS DIV HEAD - NIWCLANT,LSUBP00021,niwc_atlantic_division,center:niwc-atlantic,excluded,"technical_center_division code of center:niwc-atlantic, outside the PEO C4I portfolio (division itself not in alias table)"
LRAE Annex 25,383,k:517c3a0118b5,,LSUBP00006 - LSUBP00006 - FMS AIR INTEGRATION USCG DIV HEAD - NIWCLANT,LSUBP00006,niwc_atlantic_division,center:niwc-atlantic,excluded,"technical_center_division code of center:niwc-atlantic, outside the PEO C4I portfolio (division itself not in alias table)"
LRAE Annex 25,384,k:172759478fcc,,LSUBP00022 - LSUBP00022 - BATTLE SPACE AWARENESS DIV HEAD - NIWCLANT,LSUBP00022,niwc_atlantic_division,center:niwc-atlantic,excluded,"technical_center_division code of center:niwc-atlantic, outside the PEO C4I portfolio (division itself not in alias table)"
LRAE Annex 25,385,k:60c7d82c8bc2,,LSUBP00011 - LSUBP00011 - MANPWR PERS TRNG & EDU SYS DIV HEAD - NIWCLANT,LSUBP00011,niwc_atlantic_division,center:niwc-atlantic,excluded,"technical_center_division code of center:niwc-atlantic, outside the PEO C4I portfolio (division itself not in alias table)"
LRAE Annex 25,386,k:294c91a56a6f,,LSUBP00049 - LSUBP00049 - S&T Division - NIWCLANT,LSUBP00049,niwc_atlantic_division,center:niwc-atlantic,excluded,"technical_center_division code of center:niwc-atlantic, outside the PEO C4I portfolio (division itself not in alias table)"
LRAE Annex 25,387,k:6ab6eff4a430,,LSUBP00021 - LSUBP00021 - EXPEDITIONARY INTEL SOLUTIONS DIV HEAD - NIWCLANT,LSUBP00021,niwc_atlantic_division,center:niwc-atlantic,excluded,"technical_center_division code of center:niwc-atlantic, outside the PEO C4I portfolio (division itself not in alias table)"
LRAE Annex 25,388,k:dbadb9742816,,LSUBP00002 - LSUBP00002 - COMMAND OPERATIONS CENTERS DIV HEAD - NIWCLANT,LSUBP00002,niwc_atlantic_division,center:niwc-atlantic,excluded,"technical_center_division code of center:niwc-atlantic, outside the PEO C4I portfolio (division itself not in alias table)"
LRAE Annex 25,389,k:75cc33793cc2,,LSUBP00035 - LSUBP00035 - SUBMARINE INTEGRATION DIV HEAD - NIWCLANT,LSUBP00035,niwc_atlantic_division,center:niwc-atlantic,excluded,"technical_center_division code of center:niwc-atlantic, outside the PEO C4I portfolio (division itself not in alias table)"
LRAE Annex 25,390,k:3565f8b871f9,,LSUBP00035 - LSUBP00035 - SUBMARINE INTEGRATION DIV HEAD - NIWCLANT,LSUBP00035,niwc_atlantic_division,center:niwc-atlantic,excluded,"technical_center_division code of center:niwc-atlantic, outside the PEO C4I portfolio (division itself not in alias table)"
LRAE Annex 25,391,k:cdcf6aecc4cd,,LSUBP00010 - LSUBP00010 - FORCE PROTECTION SOLUTIONS DIV HEAD - NIWCLANT,LSUBP00010,niwc_atlantic_division,center:niwc-atlantic,excluded,"technical_center_division code of center:niwc-atlantic, outside the PEO C4I portfolio (division itself not in alias table)"
LRAE Annex 25,392,k:ff7c370d9229,,LSUBP00006 - LSUBP00006 - FMS AIR INTEGRATION USCG DIV HEAD - NIWCLANT,LSUBP00006,niwc_atlantic_division,center:niwc-atlantic,excluded,"technical_center_division code of center:niwc-atlantic, outside the PEO C4I portfolio (division itself not in alias table)"
LRAE Annex 25,393,k:7e132fe6c017,,LSUBP00024 - LSUBP00024 - IA AND NAVY CYBER SECURITY DIV HEAD - NIWCLANT,LSUBP00024,niwc_atlantic_division,center:niwc-atlantic,excluded,"technical_center_division code of center:niwc-atlantic, outside the PEO C4I portfolio (division itself not in alias table)"
LRAE Annex 25,394,k:013797079dc0,,LSUBP00015 - LSUBP00015 - SHORE C4I INTEGRATION DIV HEAD - NIWCLANT,LSUBP00015,niwc_atlantic_division,center:niwc-atlantic,excluded,"technical_center_division code of center:niwc-atlantic, outside the PEO C4I portfolio (division itself not in alias table)"
LRAE Annex 25,395,k:47b8d1eb6904,,LSUBP00087 - LSUBP00087 - Command Information Officer Division - NIWCLANT,LSUBP00087,niwc_atlantic_division,center:niwc-atlantic,excluded,"technical_center_division code of center:niwc-atlantic, outside the PEO C4I portfolio (division itself not in alias table)"
LRAE Annex 25,396,k:cfb027ce845d,,LSUBP00087 - LSUBP00087 - Command Information Officer Division - NIWCLANT,LSUBP00087,niwc_atlantic_division,center:niwc-atlantic,excluded,"technical_center_division code of center:niwc-atlantic, outside the PEO C4I portfolio (division itself not in alias table)"
LRAE Annex 25,397,k:ba94d2276a41,,LSUBP00035 - LSUBP00035 - SUBMARINE INTEGRATION DIV HEAD - NIWCLANT,LSUBP00035,niwc_atlantic_division,center:niwc-atlantic,excluded,"technical_center_division code of center:niwc-atlantic, outside the PEO C4I portfolio (division itself not in alias table)"
LRAE Annex 25,398,k:25818e9da85e,,LSUBP00016 - LSUBP00016 - NAVY AFLOAT TRANSPORT & NAVI DIV HD - NIWCLANT,LSUBP00016,niwc_atlantic_division,center:niwc-atlantic,excluded,"technical_center_division code of center:niwc-atlantic, outside the PEO C4I portfolio (division itself not in alias table)"
LRAE Annex 25,399,k:565591707a1c,,LSUBP00022 - LSUBP00022 - BATTLE SPACE AWARENESS DIV HEAD - NIWCLANT,LSUBP00022,niwc_atlantic_division,center:niwc-atlantic,excluded,"technical_center_division code of center:niwc-atlantic, outside the PEO C4I portfolio (division itself not in alias table)"
LRAE Annex 25,400,k:781770e4d1ce,,LSUBP00022 - LSUBP00022 - BATTLE SPACE AWARENESS DIV HEAD - NIWCLANT,LSUBP00022,niwc_atlantic_division,center:niwc-atlantic,excluded,"technical_center_division code of center:niwc-atlantic, outside the PEO C4I portfolio (division itself not in alias table)"
LRAE Annex 25,401,k:a797f4e21d7b,,LSUBP00022 - LSUBP00022 - BATTLE SPACE AWARENESS DIV HEAD - NIWCLANT,LSUBP00022,niwc_atlantic_division,center:niwc-atlantic,excluded,"technical_center_division code of center:niwc-atlantic, outside the PEO C4I portfolio (division itself not in alias table)"
LRAE Annex 25,402,k:8a30ebfb6081,,LSUBP00022 - LSUBP00022 - BATTLE SPACE AWARENESS DIV HEAD - NIWCLANT,LSUBP00022,niwc_atlantic_division,center:niwc-atlantic,excluded,"technical_center_division code of center:niwc-atlantic, outside the PEO C4I portfolio (division itself not in alias table)"
LRAE Annex 25,403,k:63c067aceb0b,,LSUBP00035 - LSUBP00035 - SUBMARINE INTEGRATION DIV HEAD - NIWCLANT,LSUBP00035,niwc_atlantic_division,center:niwc-atlantic,excluded,"technical_center_division code of center:niwc-atlantic, outside the PEO C4I portfolio (division itself not in alias table)"
LRAE Annex 25,404,k:e9e82fdb9a1e,,PMW/A-170 - PMW/A-170 - NAVWAR,PMW/A-170,peo_program_office,pmw:170,duplicate,record key already seen on row 323
LRAE Annex 25,405,k:1e755910056a,,PMW/A-170 - PMW/A-170 - NAVWAR,PMW/A-170,peo_program_office,pmw:170,included,"code resolves to pmw:170, a PEO C4I office (alias table)"
LRAE Annex 25,406,k:81f204736ee9,,PMA/PMW-101 - PMA/PMW-101 - NAVWAR,PMA/PMW-101,peo_program_office,pmw:101,included,"code resolves to pmw:101, a PEO C4I office (alias table)"
LRAE Annex 25,407,k:28c7d13662d6,,PMA/PMW-101 - PMA/PMW-101 - NAVWAR,PMA/PMW-101,peo_program_office,pmw:101,included,"code resolves to pmw:101, a PEO C4I office (alias table)"
LRAE Annex 25,408,k:81f204736ee9,,PMA/PMW-101 - PMA/PMW-101 - NAVWAR,PMA/PMW-101,peo_program_office,pmw:101,duplicate,record key already seen on row 406
LRAE Annex 25,409,k:81f204736ee9,,PMA/PMW-101 - PMA/PMW-101 - NAVWAR,PMA/PMW-101,peo_program_office,pmw:101,duplicate,record key already seen on row 406
LRAE Annex 25,410,k:81f204736ee9,,PMA/PMW-101 - PMA/PMW-101 - NAVWAR,PMA/PMW-101,peo_program_office,pmw:101,duplicate,record key already seen on row 406
LRAE Annex 25,411,k:81f204736ee9,,PMA/PMW-101 - PMA/PMW-101 - NAVWAR,PMA/PMW-101,peo_program_office,pmw:101,duplicate,record key already seen on row 406
LRAE Annex 25,412,k:90971a1572d2,,PMW-740 - PMW-740 - NAVWAR,PMW-740,peo_program_office,pmw:740,included,"code resolves to pmw:740, a PEO C4I office (alias table)"
LRAE Annex 25,413,k:a7fabe63280c,,COO - PEO Digital - NAVWAR,COO,,,unresolved,code COO matches no code family
LRAE Annex 25,414,k:51479fe3f96e,,PCE - PCE - NAVWAR,PCE,peo_front_office_or_hq_code,,unresolved,family peo_front_office_or_hq_code recognised but code PCE has no alias-table entry
LRAE Annex 25,415,k:75bec4b0a9d0,,PMW-740 - PMW-740 - NAVWAR,PMW-740,peo_program_office,pmw:740,included,"code resolves to pmw:740, a PEO C4I office (alias table)"
LRAE Annex 25,416,k:a5fdd4a3336b,,PMA/PMW-101 - PMA/PMW-101 - NAVWAR,PMA/PMW-101,peo_program_office,pmw:101,included,"code resolves to pmw:101, a PEO C4I office (alias table)"
LRAE Annex 25,417,k:b80ef3598b7c,,PMA/PMW-101 - PMA/PMW-101 - NAVWAR,PMA/PMW-101,peo_program_office,pmw:101,included,"code resolves to pmw:101, a PEO C4I office (alias table)"
LRAE Annex 25,418,k:0cce825ab842,,PMW/A-170 - PMW/A-170 - NAVWAR,PMW/A-170,peo_program_office,pmw:170,included,"code resolves to pmw:170, a PEO C4I office (alias table)"
LRAE Annex 25,419,k:aca67a94ab6a,,PMS-485 - PMS-485 - NAVWAR,PMS-485,navsea_program_office,pms:485,excluded,"code resolves to pms:485 (program_office), outside the PEO C4I portfolio"
LRAE Annex 25,420,k:18c6f20c39c8,,DRPM-NOA - Overmatch - NAVWAR,DRPM-NOA,peo_front_office_or_hq_code,drpm:overmatch,excluded,"code resolves to drpm:overmatch (portfolio_or_front_office), outside the PEO C4I portfolio"
LRAE Annex 25,421,k:ca1578554aff,,PMW/A-170 - PMW/A-170 - NAVWAR,PMW/A-170,peo_program_office,pmw:170,included,"code resolves to pmw:170, a PEO C4I office (alias table)"
LRAE Annex 25,422,k:591df5a087ec,,C4IEXEC - PEO C4I Front Office - NAVWAR,C4IEXEC,peo_front_office_or_hq_code,peo:c4i,included,"code resolves to peo:c4i, a PEO C4I office (alias table)"
LRAE Annex 25,423,k:1186adb04031,,PMA/PMW-101 - PMA/PMW-101 - NAVWAR,PMA/PMW-101,peo_program_office,pmw:101,included,"code resolves to pmw:101, a PEO C4I office (alias table)"
LRAE Annex 25,424,k:15c7ea472201,,PMW-150 - PMW-150 - NAVWAR,PMW-150,peo_program_office,pmw:150,included,"code resolves to pmw:150, a PEO C4I office (alias table)"
LRAE Annex 25,425,k:d092ea3f708f,,PMW-120 - PMW-120 - NAVWAR,PMW-120,peo_program_office,pmw:120,included,"code resolves to pmw:120, a PEO C4I office (alias table)"
LRAE Annex 25,426,k:73fa3339d48b,,PMW-150 - PMW-150 - NAVWAR,PMW-150,peo_program_office,pmw:150,included,"code resolves to pmw:150, a PEO C4I office (alias table)"
LRAE Annex 25,427,k:0376f7105986,,PMA/PMW-101 - PMA/PMW-101 - NAVWAR,PMA/PMW-101,peo_program_office,pmw:101,included,"code resolves to pmw:101, a PEO C4I office (alias table)"
LRAE Annex 25,428,k:8cf33ad72896,,PMA/PMW-101 - PMA/PMW-101 - NAVWAR,PMA/PMW-101,peo_program_office,pmw:101,included,"code resolves to pmw:101, a PEO C4I office (alias table)"
LRAE Annex 25,429,k:f47e370469ff,,PMA/PMW-101 - PMA/PMW-101 - NAVWAR,PMA/PMW-101,peo_program_office,pmw:101,included,"code resolves to pmw:101, a PEO C4I office (alias table)"
LRAE Annex 25,430,k:ae7d4df568bb,,PMA/PMW-101 - PMA/PMW-101 - NAVWAR,PMA/PMW-101,peo_program_office,pmw:101,included,"code resolves to pmw:101, a PEO C4I office (alias table)"
LRAE Annex 25,431,k:6a9a9baf8906,,PMA/PMW-101 - PMA/PMW-101 - NAVWAR,PMA/PMW-101,peo_program_office,pmw:101,included,"code resolves to pmw:101, a PEO C4I office (alias table)"
LRAE Annex 25,432,k:5cb2fb6be3e2,,LSUBP00064 - LSUBP00064 - EXPED ENTERPRISE SYS & SVS DIV HD - NIWCLANT,LSUBP00064,niwc_atlantic_division,center:niwc-atlantic,excluded,"technical_center_division code of center:niwc-atlantic, outside the PEO C4I portfolio (division itself not in alias table)"
LRAE Annex 25,433,k:582fc67622a9,,PMW/A-170 - PMW/A-170 - NAVWAR,PMW/A-170,peo_program_office,pmw:170,included,"code resolves to pmw:170, a PEO C4I office (alias table)"
LRAE Annex 25,434,k:6645935d1b4c,,PMW-120 - PMW-120 - NAVWAR,PMW-120,peo_program_office,pmw:120,included,"code resolves to pmw:120, a PEO C4I office (alias table)"
LRAE Annex 25,435,k:aea88b62f6e3,,PMW/A-170 - PMW/A-170 - NAVWAR,PMW/A-170,peo_program_office,pmw:170,included,"code resolves to pmw:170, a PEO C4I office (alias table)"
LRAE Annex 25,436,k:2749763caf38,,LSUBP00064 - LSUBP00064 - EXPED ENTERPRISE SYS & SVS DIV HD - NIWCLANT,LSUBP00064,niwc_atlantic_division,center:niwc-atlantic,excluded,"technical_center_division code of center:niwc-atlantic, outside the PEO C4I portfolio (division itself not in alias table)"
LRAE Annex 25,437,k:a113302bba56,,PMW/A-170 - PMW/A-170 - NAVWAR,PMW/A-170,peo_program_office,pmw:170,included,"code resolves to pmw:170, a PEO C4I office (alias table)"
LRAE Annex 25,438,k:97a9c7ccb595,,PMW/A-170 - PMW/A-170 - NAVWAR,PMW/A-170,peo_program_office,pmw:170,included,"code resolves to pmw:170, a PEO C4I office (alias table)"
LRAE Annex 25,439,k:df6f1adbeec1,,DRPM-NOA - Overmatch - NAVWAR,DRPM-NOA,peo_front_office_or_hq_code,drpm:overmatch,excluded,"code resolves to drpm:overmatch (portfolio_or_front_office), outside the PEO C4I portfolio"
LRAE Annex 25,440,k:e9faf06ea579,,PMW/A-170 - PMW/A-170 - NAVWAR,PMW/A-170,peo_program_office,pmw:170,included,"code resolves to pmw:170, a PEO C4I office (alias table)"
LRAE Annex 25,441,k:de0519917b10,,Pf004MNHR - Pf004MNHR - NAVWAR,Pf004MNHR,peo_mlb_portfolio_code,,unresolved,family peo_mlb_portfolio_code recognised but code Pf004MNHR has no alias-table entry
LRAE Annex 25,442,k:9ff1dde53835,,PMW/A-170 - PMW/A-170 - NAVWAR,PMW/A-170,peo_program_office,pmw:170,included,"code resolves to pmw:170, a PEO C4I office (alias table)"
LRAE Annex 25,443,k:7a45cadc08f9,,PCE - PCE - NAVWAR,PCE,peo_front_office_or_hq_code,,unresolved,family peo_front_office_or_hq_code recognised but code PCE has no alias-table entry
LRAE Annex 25,444,k:d3bb43ef2306,,PMS-485 - PMS-485 - NAVWAR,PMS-485,navsea_program_office,pms:485,excluded,"code resolves to pms:485 (program_office), outside the PEO C4I portfolio"
LRAE Annex 25,445,k:987bcfd00cc0,,PMW-150 - PMW-150 - NAVWAR,PMW-150,peo_program_office,pmw:150,included,"code resolves to pmw:150, a PEO C4I office (alias table)"
LRAE Annex 25,446,k:f509c1a66ad6,,PMW-770 - PMW-770 - NAVWAR,PMW-770,peo_program_office,pmw:770,included,"code resolves to pmw:770, a PEO C4I office (alias table)"
LRAE Annex 25,447,k:2b90964c471f,,PMW/A-170 - PMW/A-170 - NAVWAR,PMW/A-170,peo_program_office,pmw:170,included,"code resolves to pmw:170, a PEO C4I office (alias table)"
LRAE Annex 25,448,k:4156653f2b8f,,PMW/A-170 - PMW/A-170 - NAVWAR,PMW/A-170,peo_program_office,pmw:170,included,"code resolves to pmw:170, a PEO C4I office (alias table)"
LRAE Annex 25,449,k:b9b66b258e18,,PMW-150 - PMW-150 - NAVWAR,PMW-150,peo_program_office,pmw:150,included,"code resolves to pmw:150, a PEO C4I office (alias table)"
LRAE Annex 25,450,k:b234e9c09d8d,,PMW/A-170 - PMW/A-170 - NAVWAR,PMW/A-170,peo_program_office,pmw:170,included,"code resolves to pmw:170, a PEO C4I office (alias table)"
LRAE Annex 25,451,k:3923b87b131f,,PMW/A-170 - PMW/A-170 - NAVWAR,PMW/A-170,peo_program_office,pmw:170,included,"code resolves to pmw:170, a PEO C4I office (alias table)"
LRAE Annex 25,452,k:43f5253278a8,,PMW/A-170 - PMW/A-170 - NAVWAR,PMW/A-170,peo_program_office,pmw:170,included,"code resolves to pmw:170, a PEO C4I office (alias table)"
LRAE Annex 25,453,k:43f5253278a8,,PMW/A-170 - PMW/A-170 - NAVWAR,PMW/A-170,peo_program_office,pmw:170,duplicate,record key already seen on row 452
LRAE Annex 25,454,k:411e7e6cc90e,,PMW-740 - PMW-740 - NAVWAR,PMW-740,peo_program_office,pmw:740,included,"code resolves to pmw:740, a PEO C4I office (alias table)"
LRAE Annex 25,455,k:7c19738893d0,,PMW/A-170 - PMW/A-170 - NAVWAR,PMW/A-170,peo_program_office,pmw:170,included,"code resolves to pmw:170, a PEO C4I office (alias table)"
LRAE Annex 25,456,k:992c2d41846d,,PMA/PMW-101 - PMA/PMW-101 - NAVWAR,PMA/PMW-101,peo_program_office,pmw:101,included,"code resolves to pmw:101, a PEO C4I office (alias table)"
LRAE Annex 25,457,k:5c8b58c6be6c,,PMW-740 - PMW-740 - NAVWAR,PMW-740,peo_program_office,pmw:740,included,"code resolves to pmw:740, a PEO C4I office (alias table)"
LRAE Annex 25,458,k:293b82c41387,,PMW-750 - PMW-750 - NAVWAR,PMW-750,peo_program_office,pmw:750,included,"code resolves to pmw:750, a PEO C4I office (alias table)"
LRAE Annex 25,459,k:8f368758bdd5,,PMW-790 - PMW-790 - NAVWAR,PMW-790,peo_program_office,pmw:790,included,"code resolves to pmw:790, a PEO C4I office (alias table)"
LRAE Annex 25,460,k:9c2f8a4cf6fc,,PMW/A-170 - PMW/A-170 - NAVWAR,PMW/A-170,peo_program_office,pmw:170,included,"code resolves to pmw:170, a PEO C4I office (alias table)"
LRAE Annex 25,461,k:05d5b5dae4d9,,PMS-485 - PMS-485 - NAVWAR,PMS-485,navsea_program_office,pms:485,excluded,"code resolves to pms:485 (program_office), outside the PEO C4I portfolio"
LRAE Annex 25,462,k:05617ddbfc2b,,PMS-485 - PMS-485 - NAVWAR,PMS-485,navsea_program_office,pms:485,excluded,"code resolves to pms:485 (program_office), outside the PEO C4I portfolio"
LRAE Annex 25,463,k:16f069649824,,PMW/A-170 - PMW/A-170 - NAVWAR,PMW/A-170,peo_program_office,pmw:170,included,"code resolves to pmw:170, a PEO C4I office (alias table)"
LRAE Annex 25,464,k:2abff81bab0c,,PMW/A-170 - PMW/A-170 - NAVWAR,PMW/A-170,peo_program_office,pmw:170,included,"code resolves to pmw:170, a PEO C4I office (alias table)"
LRAE Annex 25,465,k:2cfac2658cfa,,PMW/A-170 - PMW/A-170 - NAVWAR,PMW/A-170,peo_program_office,pmw:170,included,"code resolves to pmw:170, a PEO C4I office (alias table)"
LRAE Annex 25,466,k:ee080ea1ff23,,PMW-150 - PMW-150 - NAVWAR,PMW-150,peo_program_office,pmw:150,included,"code resolves to pmw:150, a PEO C4I office (alias table)"
LRAE Annex 25,467,k:a17f36187fc9,,PMW/A-170 - PMW/A-170 - NAVWAR,PMW/A-170,peo_program_office,pmw:170,included,"code resolves to pmw:170, a PEO C4I office (alias table)"
LRAE Annex 25,468,k:5b958348fd20,,PMW-150 - PMW-150 - NAVWAR,PMW-150,peo_program_office,pmw:150,included,"code resolves to pmw:150, a PEO C4I office (alias table)"
LRAE Annex 25,469,k:91fff5b686f8,,PMW/A-170 - PMW/A-170 - NAVWAR,PMW/A-170,peo_program_office,pmw:170,included,"code resolves to pmw:170, a PEO C4I office (alias table)"
LRAE Annex 25,470,k:dfdb0070fac1,,PMW/A-170 - PMW/A-170 - NAVWAR,PMW/A-170,peo_program_office,pmw:170,included,"code resolves to pmw:170, a PEO C4I office (alias table)"
LRAE Annex 25,471,k:ff1eef0b45bb,,PMW/A-170 - PMW/A-170 - NAVWAR,PMW/A-170,peo_program_office,pmw:170,included,"code resolves to pmw:170, a PEO C4I office (alias table)"
LRAE Annex 25,472,k:b9ec2de1ecaa,,PMW/A-170 - PMW/A-170 - NAVWAR,PMW/A-170,peo_program_office,pmw:170,included,"code resolves to pmw:170, a PEO C4I office (alias table)"
LRAE Annex 25,473,k:f5c44416056c,,PMW/A-170 - PMW/A-170 - NAVWAR,PMW/A-170,peo_program_office,pmw:170,included,"code resolves to pmw:170, a PEO C4I office (alias table)"
LRAE Annex 25,474,k:770b15abe21c,,PMS-485 - PMS-485 - NAVWAR,PMS-485,navsea_program_office,pms:485,excluded,"code resolves to pms:485 (program_office), outside the PEO C4I portfolio"
LRAE Annex 25,475,k:17d15b131c57,,8.0 - 8.0 - NAVWAR,8.0,navwar_hq_competency,command:navwar,excluded,"headquarters_competency code of command:navwar, outside the PEO C4I portfolio (division itself not in alias table)"
LRAE Annex 25,476,k:b9412543b764,,8.0 - 8.0 - NAVWAR,8.0,navwar_hq_competency,command:navwar,excluded,"headquarters_competency code of command:navwar, outside the PEO C4I portfolio (division itself not in alias table)"
LRAE Annex 25,477,k:52de4535572b,,PMS-485 - PMS-485 - NAVWAR,PMS-485,navsea_program_office,pms:485,excluded,"code resolves to pms:485 (program_office), outside the PEO C4I portfolio"
LRAE Annex 25,478,k:584a7904dade,,PMW/A-170 - PMW/A-170 - NAVWAR,PMW/A-170,peo_program_office,pmw:170,included,"code resolves to pmw:170, a PEO C4I office (alias table)"
LRAE Annex 25,479,k:1da7d7b87065,,PMA/PMW-101 - PMA/PMW-101 - NAVWAR,PMA/PMW-101,peo_program_office,pmw:101,included,"code resolves to pmw:101, a PEO C4I office (alias table)"
LRAE Annex 25,480,k:9616ea28baf4,,PMW-120 - PMW-120 - NAVWAR,PMW-120,peo_program_office,pmw:120,included,"code resolves to pmw:120, a PEO C4I office (alias table)"
LRAE Annex 25,481,k:4f4ff35c9a4d,,PMW-740 - PMW-740 - NAVWAR,PMW-740,peo_program_office,pmw:740,included,"code resolves to pmw:740, a PEO C4I office (alias table)"
LRAE Annex 25,482,k:c5b1e560642b,,PMW/A-170 - PMW/A-170 - NAVWAR,PMW/A-170,peo_program_office,pmw:170,included,"code resolves to pmw:170, a PEO C4I office (alias table)"
LRAE Annex 25,483,k:09fed97a4e51,,LSUBP00021 - LSUBP00021 - EXPEDITIONARY INTEL SOLUTIONS DIV HEAD - NIWCLANT,LSUBP00021,niwc_atlantic_division,center:niwc-atlantic,excluded,"technical_center_division code of center:niwc-atlantic, outside the PEO C4I portfolio (division itself not in alias table)"
LRAE Annex 25,484,k:6b78c994bd2c,,LSUBP00009 - LSUBP00009 - DEFENSE HEALTH INFO TECH DIV HEAD - NIWCLANT,LSUBP00009,niwc_atlantic_division,center:niwc-atlantic,excluded,"technical_center_division code of center:niwc-atlantic, outside the PEO C4I portfolio (division itself not in alias table)"
LRAE Annex 25,485,k:4813e44892df,,LSUBP00080 - LSUBP00080 - 5.9 Service Center - NIWCLANT,LSUBP00080,niwc_atlantic_division,center:niwc-atlantic,excluded,"technical_center_division code of center:niwc-atlantic, outside the PEO C4I portfolio (division itself not in alias table)"
LRAE Annex 25,486,k:549263633f49,,LSUBP00009 - LSUBP00009 - DEFENSE HEALTH INFO TECH DIV HEAD - NIWCLANT,LSUBP00009,niwc_atlantic_division,center:niwc-atlantic,excluded,"technical_center_division code of center:niwc-atlantic, outside the PEO C4I portfolio (division itself not in alias table)"
LRAE Annex 25,487,k:65c4fb35a2b3,,LSUBP00016 - LSUBP00016 - NAVY AFLOAT TRANSPORT & NAVI DIV HD - NIWCLANT,LSUBP00016,niwc_atlantic_division,center:niwc-atlantic,excluded,"technical_center_division code of center:niwc-atlantic, outside the PEO C4I portfolio (division itself not in alias table)"
LRAE Annex 25,488,k:30242c71050f,,LSUBP00009 - LSUBP00009 - DEFENSE HEALTH INFO TECH DIV HEAD - NIWCLANT,LSUBP00009,niwc_atlantic_division,center:niwc-atlantic,excluded,"technical_center_division code of center:niwc-atlantic, outside the PEO C4I portfolio (division itself not in alias table)"
LRAE Annex 25,489,k:bdda5b01b0c0,,LSUBP00064 - LSUBP00064 - EXPED ENTERPRISE SYS & SVS DIV HD - NIWCLANT,LSUBP00064,niwc_atlantic_division,center:niwc-atlantic,excluded,"technical_center_division code of center:niwc-atlantic, outside the PEO C4I portfolio (division itself not in alias table)"
LRAE Annex 25,490,k:d071f9f55da5,,LSUBP00021 - LSUBP00021 - EXPEDITIONARY INTEL SOLUTIONS DIV HEAD - NIWCLANT,LSUBP00021,niwc_atlantic_division,center:niwc-atlantic,excluded,"technical_center_division code of center:niwc-atlantic, outside the PEO C4I portfolio (division itself not in alias table)"
LRAE Annex 25,491,k:6ca4b6d82e7b,,LSUBP00021 - LSUBP00021 - EXPEDITIONARY INTEL SOLUTIONS DIV HEAD - NIWCLANT,LSUBP00021,niwc_atlantic_division,center:niwc-atlantic,excluded,"technical_center_division code of center:niwc-atlantic, outside the PEO C4I portfolio (division itself not in alias table)"
LRAE Annex 25,492,k:d60c860376e0,,LSUBP00035 - LSUBP00035 - SUBMARINE INTEGRATION DIV HEAD - NIWCLANT,LSUBP00035,niwc_atlantic_division,center:niwc-atlantic,excluded,"technical_center_division code of center:niwc-atlantic, outside the PEO C4I portfolio (division itself not in alias table)"
LRAE Annex 25,493,k:209eb759e6e8,,LSUBP00066 - LSUBP00066 - DATA CENTER & CLOUD HOSTING SERVICES DIV HEAD - NIWCLANT,LSUBP00066,niwc_atlantic_division,center:niwc-atlantic,excluded,"technical_center_division code of center:niwc-atlantic, outside the PEO C4I portfolio (division itself not in alias table)"
LRAE Annex 25,494,k:28d240f10436,,LSUBP00024 - LSUBP00024 - IA AND NAVY CYBER SECURITY DIV HEAD - NIWCLANT,LSUBP00024,niwc_atlantic_division,center:niwc-atlantic,excluded,"technical_center_division code of center:niwc-atlantic, outside the PEO C4I portfolio (division itself not in alias table)"
LRAE Annex 25,495,k:5598bac92eb9,,LSUBP00057 - LSUBP00057 - FLEET INSTALLATION & READINESS DIV HD - NIWCLANT,LSUBP00057,niwc_atlantic_division,center:niwc-atlantic,excluded,"technical_center_division code of center:niwc-atlantic, outside the PEO C4I portfolio (division itself not in alias table)"
LRAE Annex 25,496,k:162449ec01d6,,LSUBP00057 - LSUBP00057 - FLEET INSTALLATION & READINESS DIV HD - NIWCLANT,LSUBP00057,niwc_atlantic_division,center:niwc-atlantic,excluded,"technical_center_division code of center:niwc-atlantic, outside the PEO C4I portfolio (division itself not in alias table)"
LRAE Annex 25,497,k:f7fb3c2fc10d,,LSUBP00015 - LSUBP00015 - SHORE C4I INTEGRATION DIV HEAD - NIWCLANT,LSUBP00015,niwc_atlantic_division,center:niwc-atlantic,excluded,"technical_center_division code of center:niwc-atlantic, outside the PEO C4I portfolio (division itself not in alias table)"
LRAE Annex 25,498,k:41407d54f1dd,,LSUBP00022 - LSUBP00022 - BATTLE SPACE AWARENESS DIV HEAD - NIWCLANT,LSUBP00022,niwc_atlantic_division,center:niwc-atlantic,excluded,"technical_center_division code of center:niwc-atlantic, outside the PEO C4I portfolio (division itself not in alias table)"
LRAE Annex 25,499,k:a1e15e4cb6ff,,LSUBP00002 - LSUBP00002 - COMMAND OPERATIONS CENTERS DIV HEAD - NIWCLANT,LSUBP00002,niwc_atlantic_division,center:niwc-atlantic,excluded,"technical_center_division code of center:niwc-atlantic, outside the PEO C4I portfolio (division itself not in alias table)"
LRAE Annex 25,500,k:213c0a8863f9,,LSUBP00063 - LSUBP00063 - NAVY AFLOAT NETWORK DIV HEAD - NIWCLANT,LSUBP00063,niwc_atlantic_division,center:niwc-atlantic,excluded,"technical_center_division code of center:niwc-atlantic, outside the PEO C4I portfolio (division itself not in alias table)"
LRAE Annex 25,501,k:24b551c24f7b,,LSUBP00049 - LSUBP00049 - S&T Division - NIWCLANT,LSUBP00049,niwc_atlantic_division,center:niwc-atlantic,excluded,"technical_center_division code of center:niwc-atlantic, outside the PEO C4I portfolio (division itself not in alias table)"
LRAE Annex 25,502,k:4fa6a7033515,,LSUBP00023 - LSUBP00023 - SPEC RECON SURVEIL & EXPLOIT DIV HD - NIWCLANT,LSUBP00023,niwc_atlantic_division,center:niwc-atlantic,excluded,"technical_center_division code of center:niwc-atlantic, outside the PEO C4I portfolio (division itself not in alias table)"
LRAE Annex 25,503,k:e2d961ac0a03,,LSUBP00063 - LSUBP00063 - NAVY AFLOAT NETWORK DIV HEAD - NIWCLANT,LSUBP00063,niwc_atlantic_division,center:niwc-atlantic,excluded,"technical_center_division code of center:niwc-atlantic, outside the PEO C4I portfolio (division itself not in alias table)"
LRAE Annex 25,504,k:6631d61304d4,,LSUBP00001 - LSUBP00001 - AIR TRAFFIC CONTROL DIV HEAD - NIWCLANT,LSUBP00001,niwc_atlantic_division,center:niwc-atlantic,excluded,"technical_center_division code of center:niwc-atlantic, outside the PEO C4I portfolio (division itself not in alias table)"
LRAE Annex 25,505,k:925491910507,,LSUBP00034 - LSUBP00034 - SURFACE SHIP INTEGRATION DIV HEAD - NIWCLANT,LSUBP00034,niwc_atlantic_division,center:niwc-atlantic,excluded,"technical_center_division code of center:niwc-atlantic, outside the PEO C4I portfolio (division itself not in alias table)"
LRAE Annex 25,506,k:084a19e74359,,LSUBP00063 - LSUBP00063 - NAVY AFLOAT NETWORK DIV HEAD - NIWCLANT,LSUBP00063,niwc_atlantic_division,center:niwc-atlantic,excluded,"technical_center_division code of center:niwc-atlantic, outside the PEO C4I portfolio (division itself not in alias table)"
LRAE Annex 25,507,k:da329b8a658c,,LSUBP00063 - LSUBP00063 - NAVY AFLOAT NETWORK DIV HEAD - NIWCLANT,LSUBP00063,niwc_atlantic_division,center:niwc-atlantic,excluded,"technical_center_division code of center:niwc-atlantic, outside the PEO C4I portfolio (division itself not in alias table)"
LRAE Annex 25,508,k:3b180eceea22,,LSUBP00063 - LSUBP00063 - NAVY AFLOAT NETWORK DIV HEAD - NIWCLANT,LSUBP00063,niwc_atlantic_division,center:niwc-atlantic,excluded,"technical_center_division code of center:niwc-atlantic, outside the PEO C4I portfolio (division itself not in alias table)"
LRAE Annex 25,509,k:d024f999897d,,LSUBP00063 - LSUBP00063 - NAVY AFLOAT NETWORK DIV HEAD - NIWCLANT,LSUBP00063,niwc_atlantic_division,center:niwc-atlantic,excluded,"technical_center_division code of center:niwc-atlantic, outside the PEO C4I portfolio (division itself not in alias table)"
LRAE Annex 25,510,k:f8e21cc72141,,LSUBP00022 - LSUBP00022 - BATTLE SPACE AWARENESS DIV HEAD - NIWCLANT,LSUBP00022,niwc_atlantic_division,center:niwc-atlantic,excluded,"technical_center_division code of center:niwc-atlantic, outside the PEO C4I portfolio (division itself not in alias table)"
LRAE Annex 25,511,k:875c0579e773,,LSUBP00002 - LSUBP00002 - COMMAND OPERATIONS CENTERS DIV HEAD - NIWCLANT,LSUBP00002,niwc_atlantic_division,center:niwc-atlantic,excluded,"technical_center_division code of center:niwc-atlantic, outside the PEO C4I portfolio (division itself not in alias table)"
LRAE Annex 25,512,k:e223f2b8aeb3,,LSUBP00021 - LSUBP00021 - EXPEDITIONARY INTEL SOLUTIONS DIV HEAD - NIWCLANT,LSUBP00021,niwc_atlantic_division,center:niwc-atlantic,excluded,"technical_center_division code of center:niwc-atlantic, outside the PEO C4I portfolio (division itself not in alias table)"
LRAE Annex 25,513,k:121484ae2371,,LSUBP00022 - LSUBP00022 - BATTLE SPACE AWARENESS DIV HEAD - NIWCLANT,LSUBP00022,niwc_atlantic_division,center:niwc-atlantic,excluded,"technical_center_division code of center:niwc-atlantic, outside the PEO C4I portfolio (division itself not in alias table)"
LRAE Annex 25,514,k:0af98daeb566,,LSUBP00022 - LSUBP00022 - BATTLE SPACE AWARENESS DIV HEAD - NIWCLANT,LSUBP00022,niwc_atlantic_division,center:niwc-atlantic,excluded,"technical_center_division code of center:niwc-atlantic, outside the PEO C4I portfolio (division itself not in alias table)"
LRAE Annex 25,515,k:1c3d705401de,,LSUBP00022 - LSUBP00022 - BATTLE SPACE AWARENESS DIV HEAD - NIWCLANT,LSUBP00022,niwc_atlantic_division,center:niwc-atlantic,excluded,"technical_center_division code of center:niwc-atlantic, outside the PEO C4I portfolio (division itself not in alias table)"
LRAE Annex 25,516,k:26f9c362fa66,,LSUBP00022 - LSUBP00022 - BATTLE SPACE AWARENESS DIV HEAD - NIWCLANT,LSUBP00022,niwc_atlantic_division,center:niwc-atlantic,excluded,"technical_center_division code of center:niwc-atlantic, outside the PEO C4I portfolio (division itself not in alias table)"
LRAE Annex 25,517,k:f4a1c862de21,,LSUBP00022 - LSUBP00022 - BATTLE SPACE AWARENESS DIV HEAD - NIWCLANT,LSUBP00022,niwc_atlantic_division,center:niwc-atlantic,excluded,"technical_center_division code of center:niwc-atlantic, outside the PEO C4I portfolio (division itself not in alias table)"
LRAE Annex 25,518,k:bcf495305982,,LSUBP00024 - LSUBP00024 - IA AND NAVY CYBER SECURITY DIV HEAD - NIWCLANT,LSUBP00024,niwc_atlantic_division,center:niwc-atlantic,excluded,"technical_center_division code of center:niwc-atlantic, outside the PEO C4I portfolio (division itself not in alias table)"
LRAE Annex 25,519,k:0d1d5ff5c41d,,LSUBP00022 - LSUBP00022 - BATTLE SPACE AWARENESS DIV HEAD - NIWCLANT,LSUBP00022,niwc_atlantic_division,center:niwc-atlantic,excluded,"technical_center_division code of center:niwc-atlantic, outside the PEO C4I portfolio (division itself not in alias table)"
LRAE Annex 25,520,k:4be46b11823b,,LSUBP00022 - LSUBP00022 - BATTLE SPACE AWARENESS DIV HEAD - NIWCLANT,LSUBP00022,niwc_atlantic_division,center:niwc-atlantic,excluded,"technical_center_division code of center:niwc-atlantic, outside the PEO C4I portfolio (division itself not in alias table)"
LRAE Annex 25,521,k:0be18f02b7db,,LSUBP00022 - LSUBP00022 - BATTLE SPACE AWARENESS DIV HEAD - NIWCLANT,LSUBP00022,niwc_atlantic_division,center:niwc-atlantic,excluded,"technical_center_division code of center:niwc-atlantic, outside the PEO C4I portfolio (division itself not in alias table)"
LRAE Annex 25,522,k:70878bf9c985,,LSUBP00093 - LSUBP00093 - 4.7 Competency Division - NIWCLANT,LSUBP00093,niwc_atlantic_division,center:niwc-atlantic,excluded,"technical_center_division code of center:niwc-atlantic, outside the PEO C4I portfolio (division itself not in alias table)"
LRAE Annex 25,523,k:ae3ceb395033,,LSUBP00015 - LSUBP00015 - SHORE C4I INTEGRATION DIV HEAD - NIWCLANT,LSUBP00015,niwc_atlantic_division,center:niwc-atlantic,excluded,"technical_center_division code of center:niwc-atlantic, outside the PEO C4I portfolio (division itself not in alias table)"
LRAE Annex 25,524,k:1930a2b8dc41,,LSUBP00001 - LSUBP00001 - AIR TRAFFIC CONTROL DIV HEAD - NIWCLANT,LSUBP00001,niwc_atlantic_division,center:niwc-atlantic,excluded,"technical_center_division code of center:niwc-atlantic, outside the PEO C4I portfolio (division itself not in alias table)"
LRAE Annex 25,525,k:170d4ba56080,,LSUBP00035 - LSUBP00035 - SUBMARINE INTEGRATION DIV HEAD - NIWCLANT,LSUBP00035,niwc_atlantic_division,center:niwc-atlantic,excluded,"technical_center_division code of center:niwc-atlantic, outside the PEO C4I portfolio (division itself not in alias table)"
LRAE Annex 25,526,k:bca93e85e420,,LSUBP00024 - LSUBP00024 - IA AND NAVY CYBER SECURITY DIV HEAD - NIWCLANT,LSUBP00024,niwc_atlantic_division,center:niwc-atlantic,excluded,"technical_center_division code of center:niwc-atlantic, outside the PEO C4I portfolio (division itself not in alias table)"
LRAE Annex 25,527,k:301c9f14b431,,LSUBP00016 - LSUBP00016 - NAVY AFLOAT TRANSPORT & NAVI DIV HD - NIWCLANT,LSUBP00016,niwc_atlantic_division,center:niwc-atlantic,excluded,"technical_center_division code of center:niwc-atlantic, outside the PEO C4I portfolio (division itself not in alias table)"
LRAE Annex 25,528,k:8692a43f175c,,LSUBP00021 - LSUBP00021 - EXPEDITIONARY INTEL SOLUTIONS DIV HEAD - NIWCLANT,LSUBP00021,niwc_atlantic_division,center:niwc-atlantic,excluded,"technical_center_division code of center:niwc-atlantic, outside the PEO C4I portfolio (division itself not in alias table)"
LRAE Annex 25,529,k:4c7a76c95af9,,LSUBP00093 - LSUBP00093 - 4.7 Competency Division - NIWCLANT,LSUBP00093,niwc_atlantic_division,center:niwc-atlantic,excluded,"technical_center_division code of center:niwc-atlantic, outside the PEO C4I portfolio (division itself not in alias table)"
LRAE Annex 25,530,k:a18f7790630e,,LSUBP00009 - LSUBP00009 - DEFENSE HEALTH INFO TECH DIV HEAD - NIWCLANT,LSUBP00009,niwc_atlantic_division,center:niwc-atlantic,excluded,"technical_center_division code of center:niwc-atlantic, outside the PEO C4I portfolio (division itself not in alias table)"
LRAE Annex 25,531,k:d61ed36f7e3b,,LSUBP00016 - LSUBP00016 - NAVY AFLOAT TRANSPORT & NAVI DIV HD - NIWCLANT,LSUBP00016,niwc_atlantic_division,center:niwc-atlantic,excluded,"technical_center_division code of center:niwc-atlantic, outside the PEO C4I portfolio (division itself not in alias table)"
LRAE Annex 25,532,k:886f8e7246ec,,LSUBP00022 - LSUBP00022 - BATTLE SPACE AWARENESS DIV HEAD - NIWCLANT,LSUBP00022,niwc_atlantic_division,center:niwc-atlantic,excluded,"technical_center_division code of center:niwc-atlantic, outside the PEO C4I portfolio (division itself not in alias table)"
LRAE Annex 25,533,k:df447b0d8e74,,LSUBP00022 - LSUBP00022 - BATTLE SPACE AWARENESS DIV HEAD - NIWCLANT,LSUBP00022,niwc_atlantic_division,center:niwc-atlantic,excluded,"technical_center_division code of center:niwc-atlantic, outside the PEO C4I portfolio (division itself not in alias table)"
LRAE Annex 25,534,k:c30800f85bb3,,LSUBP00022 - LSUBP00022 - BATTLE SPACE AWARENESS DIV HEAD - NIWCLANT,LSUBP00022,niwc_atlantic_division,center:niwc-atlantic,excluded,"technical_center_division code of center:niwc-atlantic, outside the PEO C4I portfolio (division itself not in alias table)"
LRAE Annex 25,535,k:eca856a76657,,LSUBP00022 - LSUBP00022 - BATTLE SPACE AWARENESS DIV HEAD - NIWCLANT,LSUBP00022,niwc_atlantic_division,center:niwc-atlantic,excluded,"technical_center_division code of center:niwc-atlantic, outside the PEO C4I portfolio (division itself not in alias table)"
LRAE Annex 25,536,k:6743e92f7131,,LSUBP00022 - LSUBP00022 - BATTLE SPACE AWARENESS DIV HEAD - NIWCLANT,LSUBP00022,niwc_atlantic_division,center:niwc-atlantic,excluded,"technical_center_division code of center:niwc-atlantic, outside the PEO C4I portfolio (division itself not in alias table)"
LRAE Annex 25,537,k:ac7772153742,,LSUBP00001 - LSUBP00001 - AIR TRAFFIC CONTROL DIV HEAD - NIWCLANT,LSUBP00001,niwc_atlantic_division,center:niwc-atlantic,excluded,"technical_center_division code of center:niwc-atlantic, outside the PEO C4I portfolio (division itself not in alias table)"
LRAE Annex 25,538,k:3cf70536b376,,LSUBP00006 - LSUBP00006 - FMS AIR INTEGRATION USCG DIV HEAD - NIWCLANT,LSUBP00006,niwc_atlantic_division,center:niwc-atlantic,excluded,"technical_center_division code of center:niwc-atlantic, outside the PEO C4I portfolio (division itself not in alias table)"
LRAE Annex 25,539,k:c63971d7e838,,LSUBP00024 - LSUBP00024 - IA AND NAVY CYBER SECURITY DIV HEAD - NIWCLANT,LSUBP00024,niwc_atlantic_division,center:niwc-atlantic,excluded,"technical_center_division code of center:niwc-atlantic, outside the PEO C4I portfolio (division itself not in alias table)"
LRAE Annex 25,540,k:ac60cd185fb3,,LSUBP00022 - LSUBP00022 - BATTLE SPACE AWARENESS DIV HEAD - NIWCLANT,LSUBP00022,niwc_atlantic_division,center:niwc-atlantic,excluded,"technical_center_division code of center:niwc-atlantic, outside the PEO C4I portfolio (division itself not in alias table)"
LRAE Annex 25,541,k:46d51c6e6a66,,LSUBP00093 - LSUBP00093 - 4.7 Competency Division - NIWCLANT,LSUBP00093,niwc_atlantic_division,center:niwc-atlantic,excluded,"technical_center_division code of center:niwc-atlantic, outside the PEO C4I portfolio (division itself not in alias table)"
LRAE Annex 25,542,k:8252441c094f,,LSUBP00022 - LSUBP00022 - BATTLE SPACE AWARENESS DIV HEAD - NIWCLANT,LSUBP00022,niwc_atlantic_division,center:niwc-atlantic,excluded,"technical_center_division code of center:niwc-atlantic, outside the PEO C4I portfolio (division itself not in alias table)"
LRAE Annex 25,543,k:c6dd67138baa,,LSUBP00022 - LSUBP00022 - BATTLE SPACE AWARENESS DIV HEAD - NIWCLANT,LSUBP00022,niwc_atlantic_division,center:niwc-atlantic,excluded,"technical_center_division code of center:niwc-atlantic, outside the PEO C4I portfolio (division itself not in alias table)"
LRAE Annex 25,544,k:dbbcc66cb779,,LSUBP00022 - LSUBP00022 - BATTLE SPACE AWARENESS DIV HEAD - NIWCLANT,LSUBP00022,niwc_atlantic_division,center:niwc-atlantic,excluded,"technical_center_division code of center:niwc-atlantic, outside the PEO C4I portfolio (division itself not in alias table)"
LRAE Annex 25,545,k:11531badbcd2,,LSUBP00022 - LSUBP00022 - BATTLE SPACE AWARENESS DIV HEAD - NIWCLANT,LSUBP00022,niwc_atlantic_division,center:niwc-atlantic,excluded,"technical_center_division code of center:niwc-atlantic, outside the PEO C4I portfolio (division itself not in alias table)"
LRAE Annex 25,546,k:2635cd692e49,,LSUBP00022 - LSUBP00022 - BATTLE SPACE AWARENESS DIV HEAD - NIWCLANT,LSUBP00022,niwc_atlantic_division,center:niwc-atlantic,excluded,"technical_center_division code of center:niwc-atlantic, outside the PEO C4I portfolio (division itself not in alias table)"
LRAE Annex 25,547,k:79097ea67dc2,,LSUBP00021 - LSUBP00021 - EXPEDITIONARY INTEL SOLUTIONS DIV HEAD - NIWCLANT,LSUBP00021,niwc_atlantic_division,center:niwc-atlantic,excluded,"technical_center_division code of center:niwc-atlantic, outside the PEO C4I portfolio (division itself not in alias table)"
LRAE Annex 25,548,k:963c4a2b4e80,,LSUBP00021 - LSUBP00021 - EXPEDITIONARY INTEL SOLUTIONS DIV HEAD - NIWCLANT,LSUBP00021,niwc_atlantic_division,center:niwc-atlantic,excluded,"technical_center_division code of center:niwc-atlantic, outside the PEO C4I portfolio (division itself not in alias table)"
LRAE Annex 25,549,k:f062ffc3ba7c,,LSUBP00004 - LSUBP00004 - EXPEDITIONARY C3 SOLUTIONS DIV HEAD - NIWCLANT,LSUBP00004,niwc_atlantic_division,center:niwc-atlantic,excluded,"technical_center_division code of center:niwc-atlantic, outside the PEO C4I portfolio (division itself not in alias table)"
LRAE Annex 25,550,k:8ca825353720,,LSUBP00002 - LSUBP00002 - COMMAND OPERATIONS CENTERS DIV HEAD - NIWCLANT,LSUBP00002,niwc_atlantic_division,center:niwc-atlantic,excluded,"technical_center_division code of center:niwc-atlantic, outside the PEO C4I portfolio (division itself not in alias table)"
LRAE Annex 25,551,k:ade451ead059,,LSUBP00016 - LSUBP00016 - NAVY AFLOAT TRANSPORT & NAVI DIV HD - NIWCLANT,LSUBP00016,niwc_atlantic_division,center:niwc-atlantic,excluded,"technical_center_division code of center:niwc-atlantic, outside the PEO C4I portfolio (division itself not in alias table)"
LRAE Annex 25,552,k:71c873e29c51,,LSUBP00077 - LSUBP00077 - 4.7 Service Center - NIWCLANT,LSUBP00077,niwc_atlantic_division,center:niwc-atlantic,excluded,"technical_center_division code of center:niwc-atlantic, outside the PEO C4I portfolio (division itself not in alias table)"
LRAE Annex 25,553,k:659af004ef7f,,LSUBP00077 - LSUBP00077 - 4.7 Service Center - NIWCLANT,LSUBP00077,niwc_atlantic_division,center:niwc-atlantic,excluded,"technical_center_division code of center:niwc-atlantic, outside the PEO C4I portfolio (division itself not in alias table)"
LRAE Annex 25,554,k:54168294eb8e,,LSUBP00006 - LSUBP00006 - FMS AIR INTEGRATION USCG DIV HEAD - NIWCLANT,LSUBP00006,niwc_atlantic_division,center:niwc-atlantic,excluded,"technical_center_division code of center:niwc-atlantic, outside the PEO C4I portfolio (division itself not in alias table)"
LRAE Annex 25,555,k:c9e29d0f9ae9,,LSUBP00022 - LSUBP00022 - BATTLE SPACE AWARENESS DIV HEAD - NIWCLANT,LSUBP00022,niwc_atlantic_division,center:niwc-atlantic,excluded,"technical_center_division code of center:niwc-atlantic, outside the PEO C4I portfolio (division itself not in alias table)"
LRAE Annex 25,556,k:4a87f6d9dd02,,LSUBP00010 - LSUBP00010 - FORCE PROTECTION SOLUTIONS DIV HEAD - NIWCLANT,LSUBP00010,niwc_atlantic_division,center:niwc-atlantic,excluded,"technical_center_division code of center:niwc-atlantic, outside the PEO C4I portfolio (division itself not in alias table)"
LRAE Annex 25,557,k:ca660f0b7d0e,,LSUBP00021 - LSUBP00021 - EXPEDITIONARY INTEL SOLUTIONS DIV HEAD - NIWCLANT,LSUBP00021,niwc_atlantic_division,center:niwc-atlantic,excluded,"technical_center_division code of center:niwc-atlantic, outside the PEO C4I portfolio (division itself not in alias table)"
LRAE Annex 25,558,k:6216345781f6,,PMS-485 - PMS-485 - NAVWAR,PMS-485,navsea_program_office,pms:485,excluded,"code resolves to pms:485 (program_office), outside the PEO C4I portfolio"
LRAE Annex 25,559,k:0b6fef783a2b,,PMS-485 - PMS-485 - NAVWAR,PMS-485,navsea_program_office,pms:485,excluded,"code resolves to pms:485 (program_office), outside the PEO C4I portfolio"
LRAE Annex 25,560,k:478915e47f2e,,LSUBP00021 - LSUBP00021 - EXPEDITIONARY INTEL SOLUTIONS DIV HEAD - NIWCLANT,LSUBP00021,niwc_atlantic_division,center:niwc-atlantic,excluded,"technical_center_division code of center:niwc-atlantic, outside the PEO C4I portfolio (division itself not in alias table)"
LRAE Annex 25,561,k:1e88d1bee1a0,,LSUBP00021 - LSUBP00021 - EXPEDITIONARY INTEL SOLUTIONS DIV HEAD - NIWCLANT,LSUBP00021,niwc_atlantic_division,center:niwc-atlantic,excluded,"technical_center_division code of center:niwc-atlantic, outside the PEO C4I portfolio (division itself not in alias table)"
LRAE Annex 25,562,k:e5fafdfd5b9b,,LSUBP00021 - LSUBP00021 - EXPEDITIONARY INTEL SOLUTIONS DIV HEAD - NIWCLANT,LSUBP00021,niwc_atlantic_division,center:niwc-atlantic,excluded,"technical_center_division code of center:niwc-atlantic, outside the PEO C4I portfolio (division itself not in alias table)"
LRAE Annex 25,563,k:d84fcbb9d123,,LSUBP00021 - LSUBP00021 - EXPEDITIONARY INTEL SOLUTIONS DIV HEAD - NIWCLANT,LSUBP00021,niwc_atlantic_division,center:niwc-atlantic,excluded,"technical_center_division code of center:niwc-atlantic, outside the PEO C4I portfolio (division itself not in alias table)"
LRAE Annex 25,564,k:1dc2936324a7,,LSUBP00021 - LSUBP00021 - EXPEDITIONARY INTEL SOLUTIONS DIV HEAD - NIWCLANT,LSUBP00021,niwc_atlantic_division,center:niwc-atlantic,excluded,"technical_center_division code of center:niwc-atlantic, outside the PEO C4I portfolio (division itself not in alias table)"
LRAE Annex 25,565,k:22c73d51ef09,,LSUBP00010 - LSUBP00010 - FORCE PROTECTION SOLUTIONS DIV HEAD - NIWCLANT,LSUBP00010,niwc_atlantic_division,center:niwc-atlantic,excluded,"technical_center_division code of center:niwc-atlantic, outside the PEO C4I portfolio (division itself not in alias table)"
LRAE Annex 25,566,k:fa6c4de945b0,,LSUBP00022 - LSUBP00022 - BATTLE SPACE AWARENESS DIV HEAD - NIWCLANT,LSUBP00022,niwc_atlantic_division,center:niwc-atlantic,excluded,"technical_center_division code of center:niwc-atlantic, outside the PEO C4I portfolio (division itself not in alias table)"
LRAE Annex 25,567,k:e71e1b39cd30,,LSUBP00093 - LSUBP00093 - 4.7 Competency Division - NIWCLANT,LSUBP00093,niwc_atlantic_division,center:niwc-atlantic,excluded,"technical_center_division code of center:niwc-atlantic, outside the PEO C4I portfolio (division itself not in alias table)"
LRAE Annex 25,568,k:446a17264f5a,,LSUBP00021 - LSUBP00021 - EXPEDITIONARY INTEL SOLUTIONS DIV HEAD - NIWCLANT,LSUBP00021,niwc_atlantic_division,center:niwc-atlantic,excluded,"technical_center_division code of center:niwc-atlantic, outside the PEO C4I portfolio (division itself not in alias table)"
LRAE Annex 25,569,k:7ea8926d8fa7,,LSUBP00021 - LSUBP00021 - EXPEDITIONARY INTEL SOLUTIONS DIV HEAD - NIWCLANT,LSUBP00021,niwc_atlantic_division,center:niwc-atlantic,excluded,"technical_center_division code of center:niwc-atlantic, outside the PEO C4I portfolio (division itself not in alias table)"
LRAE Annex 25,570,k:b595d4037cfe,,LSUBP00022 - LSUBP00022 - BATTLE SPACE AWARENESS DIV HEAD - NIWCLANT,LSUBP00022,niwc_atlantic_division,center:niwc-atlantic,excluded,"technical_center_division code of center:niwc-atlantic, outside the PEO C4I portfolio (division itself not in alias table)"
LRAE Annex 25,571,k:3788b1534fd8,,LSUBP00022 - LSUBP00022 - BATTLE SPACE AWARENESS DIV HEAD - NIWCLANT,LSUBP00022,niwc_atlantic_division,center:niwc-atlantic,excluded,"technical_center_division code of center:niwc-atlantic, outside the PEO C4I portfolio (division itself not in alias table)"
LRAE Annex 25,572,k:3602ba085aba,,LSUBP00022 - LSUBP00022 - BATTLE SPACE AWARENESS DIV HEAD - NIWCLANT,LSUBP00022,niwc_atlantic_division,center:niwc-atlantic,excluded,"technical_center_division code of center:niwc-atlantic, outside the PEO C4I portfolio (division itself not in alias table)"
LRAE Annex 25,573,k:1b1ceb6888b8,,LSUBP00015 - LSUBP00015 - SHORE C4I INTEGRATION DIV HEAD - NIWCLANT,LSUBP00015,niwc_atlantic_division,center:niwc-atlantic,excluded,"technical_center_division code of center:niwc-atlantic, outside the PEO C4I portfolio (division itself not in alias table)"
LRAE Annex 25,574,k:b49d8f024369,,LSUBP00004 - LSUBP00004 - EXPEDITIONARY C3 SOLUTIONS DIV HEAD - NIWCLANT,LSUBP00004,niwc_atlantic_division,center:niwc-atlantic,excluded,"technical_center_division code of center:niwc-atlantic, outside the PEO C4I portfolio (division itself not in alias table)"
LRAE Annex 25,575,k:17928a4afe53,,LSUBP00001 - LSUBP00001 - AIR TRAFFIC CONTROL DIV HEAD - NIWCLANT,LSUBP00001,niwc_atlantic_division,center:niwc-atlantic,excluded,"technical_center_division code of center:niwc-atlantic, outside the PEO C4I portfolio (division itself not in alias table)"
LRAE Annex 25,576,k:56be700a81bf,,LSUBP00035 - LSUBP00035 - SUBMARINE INTEGRATION DIV HEAD - NIWCLANT,LSUBP00035,niwc_atlantic_division,center:niwc-atlantic,excluded,"technical_center_division code of center:niwc-atlantic, outside the PEO C4I portfolio (division itself not in alias table)"
LRAE Annex 25,577,k:2bff719af8b2,,LSUBP00007 - LSUBP00007 - LAND SYSTEMS INTEGRATION DIV HEAD - NIWCLANT,LSUBP00007,niwc_atlantic_division,center:niwc-atlantic,excluded,"technical_center_division code of center:niwc-atlantic, outside the PEO C4I portfolio (division itself not in alias table)"
LRAE Annex 25,578,k:5dd4d23905f3,,LSUBP00015 - LSUBP00015 - SHORE C4I INTEGRATION DIV HEAD - NIWCLANT,LSUBP00015,niwc_atlantic_division,center:niwc-atlantic,excluded,"technical_center_division code of center:niwc-atlantic, outside the PEO C4I portfolio (division itself not in alias table)"
LRAE Annex 25,579,k:fb173613d2a7,,LSUBP00001 - LSUBP00001 - AIR TRAFFIC CONTROL DIV HEAD - NIWCLANT,LSUBP00001,niwc_atlantic_division,center:niwc-atlantic,excluded,"technical_center_division code of center:niwc-atlantic, outside the PEO C4I portfolio (division itself not in alias table)"
LRAE Annex 25,580,k:9078e1765bb5,,LSUBP00021 - LSUBP00021 - EXPEDITIONARY INTEL SOLUTIONS DIV HEAD - NIWCLANT,LSUBP00021,niwc_atlantic_division,center:niwc-atlantic,excluded,"technical_center_division code of center:niwc-atlantic, outside the PEO C4I portfolio (division itself not in alias table)"
LRAE Annex 25,581,k:358137039130,,LSUBP00021 - LSUBP00021 - EXPEDITIONARY INTEL SOLUTIONS DIV HEAD - NIWCLANT,LSUBP00021,niwc_atlantic_division,center:niwc-atlantic,excluded,"technical_center_division code of center:niwc-atlantic, outside the PEO C4I portfolio (division itself not in alias table)"
LRAE Annex 25,582,k:dc37f08cd576,,LSUBP00021 - LSUBP00021 - EXPEDITIONARY INTEL SOLUTIONS DIV HEAD - NIWCLANT,LSUBP00021,niwc_atlantic_division,center:niwc-atlantic,excluded,"technical_center_division code of center:niwc-atlantic, outside the PEO C4I portfolio (division itself not in alias table)"
LRAE Annex 25,583,k:81e354edc942,,LSUBP00021 - LSUBP00021 - EXPEDITIONARY INTEL SOLUTIONS DIV HEAD - NIWCLANT,LSUBP00021,niwc_atlantic_division,center:niwc-atlantic,excluded,"technical_center_division code of center:niwc-atlantic, outside the PEO C4I portfolio (division itself not in alias table)"
LRAE Annex 25,584,k:f40de302a32d,,LSUBP00022 - LSUBP00022 - BATTLE SPACE AWARENESS DIV HEAD - NIWCLANT,LSUBP00022,niwc_atlantic_division,center:niwc-atlantic,excluded,"technical_center_division code of center:niwc-atlantic, outside the PEO C4I portfolio (division itself not in alias table)"
LRAE Annex 25,585,k:6feed9c95119,,LSUBP00063 - LSUBP00063 - NAVY AFLOAT NETWORK DIV HEAD - NIWCLANT,LSUBP00063,niwc_atlantic_division,center:niwc-atlantic,excluded,"technical_center_division code of center:niwc-atlantic, outside the PEO C4I portfolio (division itself not in alias table)"
LRAE Annex 25,586,k:530b6bd2f641,,LSUBP00021 - LSUBP00021 - EXPEDITIONARY INTEL SOLUTIONS DIV HEAD - NIWCLANT,LSUBP00021,niwc_atlantic_division,center:niwc-atlantic,excluded,"technical_center_division code of center:niwc-atlantic, outside the PEO C4I portfolio (division itself not in alias table)"
LRAE Annex 25,587,k:0c26bdf3b9f2,,LSUBP00009 - LSUBP00009 - DEFENSE HEALTH INFO TECH DIV HEAD - NIWCLANT,LSUBP00009,niwc_atlantic_division,center:niwc-atlantic,excluded,"technical_center_division code of center:niwc-atlantic, outside the PEO C4I portfolio (division itself not in alias table)"
LRAE Annex 25,588,k:81176a1013d4,,LSUBP00011 - LSUBP00011 - MANPWR PERS TRNG & EDU SYS DIV HEAD - NIWCLANT,LSUBP00011,niwc_atlantic_division,center:niwc-atlantic,excluded,"technical_center_division code of center:niwc-atlantic, outside the PEO C4I portfolio (division itself not in alias table)"
LRAE Annex 25,589,k:08390854da8f,,LSUBP00056 - LSUBP00056 - ENTERPRISE BUSINESS SYSTEMS DIV HEAD - NIWCLANT,LSUBP00056,niwc_atlantic_division,center:niwc-atlantic,excluded,"technical_center_division code of center:niwc-atlantic, outside the PEO C4I portfolio (division itself not in alias table)"
LRAE Annex 25,590,k:876d23d60556,,LSUBP00024 - LSUBP00024 - IA AND NAVY CYBER SECURITY DIV HEAD - NIWCLANT,LSUBP00024,niwc_atlantic_division,center:niwc-atlantic,excluded,"technical_center_division code of center:niwc-atlantic, outside the PEO C4I portfolio (division itself not in alias table)"
LRAE Annex 25,591,k:844c6105a5f9,,LSUBP00080 - LSUBP00080 - 5.9 Service Center - NIWCLANT,LSUBP00080,niwc_atlantic_division,center:niwc-atlantic,excluded,"technical_center_division code of center:niwc-atlantic, outside the PEO C4I portfolio (division itself not in alias table)"
LRAE Annex 25,592,k:dd0d44562f12,,LSUBP00049 - LSUBP00049 - S&T Division - NIWCLANT,LSUBP00049,niwc_atlantic_division,center:niwc-atlantic,excluded,"technical_center_division code of center:niwc-atlantic, outside the PEO C4I portfolio (division itself not in alias table)"
LRAE Annex 25,593,k:bf8e1da8d73a,,LSUBP00010 - LSUBP00010 - FORCE PROTECTION SOLUTIONS DIV HEAD - NIWCLANT,LSUBP00010,niwc_atlantic_division,center:niwc-atlantic,excluded,"technical_center_division code of center:niwc-atlantic, outside the PEO C4I portfolio (division itself not in alias table)"
LRAE Annex 25,594,k:7e42fdef8d59,,LSUBP00004 - LSUBP00004 - EXPEDITIONARY C3 SOLUTIONS DIV HEAD - NIWCLANT,LSUBP00004,niwc_atlantic_division,center:niwc-atlantic,excluded,"technical_center_division code of center:niwc-atlantic, outside the PEO C4I portfolio (division itself not in alias table)"
LRAE Annex 25,595,k:f4e3ab605b6e,,LSUBP00006 - LSUBP00006 - FMS AIR INTEGRATION USCG DIV HEAD - NIWCLANT,LSUBP00006,niwc_atlantic_division,center:niwc-atlantic,excluded,"technical_center_division code of center:niwc-atlantic, outside the PEO C4I portfolio (division itself not in alias table)"
LRAE Annex 25,596,k:cce565d8c288,,LSUBP00010 - LSUBP00010 - FORCE PROTECTION SOLUTIONS DIV HEAD - NIWCLANT,LSUBP00010,niwc_atlantic_division,center:niwc-atlantic,excluded,"technical_center_division code of center:niwc-atlantic, outside the PEO C4I portfolio (division itself not in alias table)"
LRAE Annex 25,597,k:6e8653409b13,,LSUBP00006 - LSUBP00006 - FMS AIR INTEGRATION USCG DIV HEAD - NIWCLANT,LSUBP00006,niwc_atlantic_division,center:niwc-atlantic,excluded,"technical_center_division code of center:niwc-atlantic, outside the PEO C4I portfolio (division itself not in alias table)"
LRAE Annex 25,598,k:6e53cffee4aa,,LSUBP00093 - LSUBP00093 - 4.7 Competency Division - NIWCLANT,LSUBP00093,niwc_atlantic_division,center:niwc-atlantic,excluded,"technical_center_division code of center:niwc-atlantic, outside the PEO C4I portfolio (division itself not in alias table)"
LRAE Annex 25,599,k:392c8d53b3a3,,LSUBP00066 - LSUBP00066 - DATA CENTER & CLOUD HOSTING SERVICES DIV HEAD - NIWCLANT,LSUBP00066,niwc_atlantic_division,center:niwc-atlantic,excluded,"technical_center_division code of center:niwc-atlantic, outside the PEO C4I portfolio (division itself not in alias table)"
LRAE Annex 25,600,k:f5b51d0e11d9,,LSUBP00006 - LSUBP00006 - FMS AIR INTEGRATION USCG DIV HEAD - NIWCLANT,LSUBP00006,niwc_atlantic_division,center:niwc-atlantic,excluded,"technical_center_division code of center:niwc-atlantic, outside the PEO C4I portfolio (division itself not in alias table)"
LRAE Annex 25,601,k:4707154c0dfe,,LSUBP00006 - LSUBP00006 - FMS AIR INTEGRATION USCG DIV HEAD - NIWCLANT,LSUBP00006,niwc_atlantic_division,center:niwc-atlantic,excluded,"technical_center_division code of center:niwc-atlantic, outside the PEO C4I portfolio (division itself not in alias table)"
LRAE Annex 25,602,k:bd9b7116ea63,,LSUBP00006 - LSUBP00006 - FMS AIR INTEGRATION USCG DIV HEAD - NIWCLANT,LSUBP00006,niwc_atlantic_division,center:niwc-atlantic,excluded,"technical_center_division code of center:niwc-atlantic, outside the PEO C4I portfolio (division itself not in alias table)"
LRAE Annex 25,603,k:4f6bd066e5c1,,LSUBP00006 - LSUBP00006 - FMS AIR INTEGRATION USCG DIV HEAD - NIWCLANT,LSUBP00006,niwc_atlantic_division,center:niwc-atlantic,excluded,"technical_center_division code of center:niwc-atlantic, outside the PEO C4I portfolio (division itself not in alias table)"
LRAE Annex 25,604,k:1bc7f1a64dff,,LSUBP00002 - LSUBP00002 - COMMAND OPERATIONS CENTERS DIV HEAD - NIWCLANT,LSUBP00002,niwc_atlantic_division,center:niwc-atlantic,excluded,"technical_center_division code of center:niwc-atlantic, outside the PEO C4I portfolio (division itself not in alias table)"
LRAE Annex 25,605,k:dcab4340714f,,LSUBP00010 - LSUBP00010 - FORCE PROTECTION SOLUTIONS DIV HEAD - NIWCLANT,LSUBP00010,niwc_atlantic_division,center:niwc-atlantic,excluded,"technical_center_division code of center:niwc-atlantic, outside the PEO C4I portfolio (division itself not in alias table)"
LRAE Annex 25,606,k:650df96d12c6,,LSUBP00006 - LSUBP00006 - FMS AIR INTEGRATION USCG DIV HEAD - NIWCLANT,LSUBP00006,niwc_atlantic_division,center:niwc-atlantic,excluded,"technical_center_division code of center:niwc-atlantic, outside the PEO C4I portfolio (division itself not in alias table)"
LRAE Annex 25,607,k:fa6db0605038,,LSUBP00016 - LSUBP00016 - NAVY AFLOAT TRANSPORT & NAVI DIV HD - NIWCLANT,LSUBP00016,niwc_atlantic_division,center:niwc-atlantic,excluded,"technical_center_division code of center:niwc-atlantic, outside the PEO C4I portfolio (division itself not in alias table)"
LRAE Annex 25,608,k:61083b5f6ce2,,LSUBP00016 - LSUBP00016 - NAVY AFLOAT TRANSPORT & NAVI DIV HD - NIWCLANT,LSUBP00016,niwc_atlantic_division,center:niwc-atlantic,excluded,"technical_center_division code of center:niwc-atlantic, outside the PEO C4I portfolio (division itself not in alias table)"
LRAE Annex 25,609,k:e71c142a46f6,,LSUBP00057 - LSUBP00057 - FLEET INSTALLATION & READINESS DIV HD - NIWCLANT,LSUBP00057,niwc_atlantic_division,center:niwc-atlantic,excluded,"technical_center_division code of center:niwc-atlantic, outside the PEO C4I portfolio (division itself not in alias table)"
LRAE Annex 25,610,k:083962037213,,LSUBP00009 - LSUBP00009 - DEFENSE HEALTH INFO TECH DIV HEAD - NIWCLANT,LSUBP00009,niwc_atlantic_division,center:niwc-atlantic,excluded,"technical_center_division code of center:niwc-atlantic, outside the PEO C4I portfolio (division itself not in alias table)"
LRAE Annex 25,611,k:fbd64c1cb3e4,,LSUBP00009 - LSUBP00009 - DEFENSE HEALTH INFO TECH DIV HEAD - NIWCLANT,LSUBP00009,niwc_atlantic_division,center:niwc-atlantic,excluded,"technical_center_division code of center:niwc-atlantic, outside the PEO C4I portfolio (division itself not in alias table)"
LRAE Annex 25,612,k:5d2d35a7e332,,LSUBP00021 - LSUBP00021 - EXPEDITIONARY INTEL SOLUTIONS DIV HEAD - NIWCLANT,LSUBP00021,niwc_atlantic_division,center:niwc-atlantic,excluded,"technical_center_division code of center:niwc-atlantic, outside the PEO C4I portfolio (division itself not in alias table)"
LRAE Annex 25,613,k:40490c68ad5e,,LSUBP00063 - LSUBP00063 - NAVY AFLOAT NETWORK DIV HEAD - NIWCLANT,LSUBP00063,niwc_atlantic_division,center:niwc-atlantic,excluded,"technical_center_division code of center:niwc-atlantic, outside the PEO C4I portfolio (division itself not in alias table)"
LRAE Annex 25,614,k:50f06b196622,,LSUBP00009 - LSUBP00009 - DEFENSE HEALTH INFO TECH DIV HEAD - NIWCLANT,LSUBP00009,niwc_atlantic_division,center:niwc-atlantic,excluded,"technical_center_division code of center:niwc-atlantic, outside the PEO C4I portfolio (division itself not in alias table)"
LRAE Annex 25,615,k:9387656d3db3,,LSUBP00009 - LSUBP00009 - DEFENSE HEALTH INFO TECH DIV HEAD - NIWCLANT,LSUBP00009,niwc_atlantic_division,center:niwc-atlantic,excluded,"technical_center_division code of center:niwc-atlantic, outside the PEO C4I portfolio (division itself not in alias table)"
LRAE Annex 25,616,k:4a60b334e433,,LSUBP00009 - LSUBP00009 - DEFENSE HEALTH INFO TECH DIV HEAD - NIWCLANT,LSUBP00009,niwc_atlantic_division,center:niwc-atlantic,excluded,"technical_center_division code of center:niwc-atlantic, outside the PEO C4I portfolio (division itself not in alias table)"
LRAE Annex 25,617,k:b6bb44dd3b39,,LSUBP00034 - LSUBP00034 - SURFACE SHIP INTEGRATION DIV HEAD - NIWCLANT,LSUBP00034,niwc_atlantic_division,center:niwc-atlantic,excluded,"technical_center_division code of center:niwc-atlantic, outside the PEO C4I portfolio (division itself not in alias table)"
LRAE Annex 25,618,k:b956a3ac4627,,LSUBP00035 - LSUBP00035 - SUBMARINE INTEGRATION DIV HEAD - NIWCLANT,LSUBP00035,niwc_atlantic_division,center:niwc-atlantic,excluded,"technical_center_division code of center:niwc-atlantic, outside the PEO C4I portfolio (division itself not in alias table)"
LRAE Annex 25,619,k:c20cdebdcea5,,LSUBP00049 - LSUBP00049 - S&T Division - NIWCLANT,LSUBP00049,niwc_atlantic_division,center:niwc-atlantic,excluded,"technical_center_division code of center:niwc-atlantic, outside the PEO C4I portfolio (division itself not in alias table)"
LRAE Annex 25,620,k:69e09847e154,,LSUBP00034 - LSUBP00034 - SURFACE SHIP INTEGRATION DIV HEAD - NIWCLANT,LSUBP00034,niwc_atlantic_division,center:niwc-atlantic,excluded,"technical_center_division code of center:niwc-atlantic, outside the PEO C4I portfolio (division itself not in alias table)"
LRAE Annex 25,621,k:0ae6c01e80d8,,LSUBP00034 - LSUBP00034 - SURFACE SHIP INTEGRATION DIV HEAD - NIWCLANT,LSUBP00034,niwc_atlantic_division,center:niwc-atlantic,excluded,"technical_center_division code of center:niwc-atlantic, outside the PEO C4I portfolio (division itself not in alias table)"
LRAE Annex 25,622,k:fce6863c115e,,LSUBP00009 - LSUBP00009 - DEFENSE HEALTH INFO TECH DIV HEAD - NIWCLANT,LSUBP00009,niwc_atlantic_division,center:niwc-atlantic,excluded,"technical_center_division code of center:niwc-atlantic, outside the PEO C4I portfolio (division itself not in alias table)"
LRAE Annex 25,623,k:6e4440a31c34,,LSUBP00080 - LSUBP00080 - 5.9 Service Center - NIWCLANT,LSUBP00080,niwc_atlantic_division,center:niwc-atlantic,excluded,"technical_center_division code of center:niwc-atlantic, outside the PEO C4I portfolio (division itself not in alias table)"
LRAE Annex 25,624,k:9488c7b54584,,LSUBP00080 - LSUBP00080 - 5.9 Service Center - NIWCLANT,LSUBP00080,niwc_atlantic_division,center:niwc-atlantic,excluded,"technical_center_division code of center:niwc-atlantic, outside the PEO C4I portfolio (division itself not in alias table)"
LRAE Annex 25,625,k:9b17341c0f72,,LSUBP00011 - LSUBP00011 - MANPWR PERS TRNG & EDU SYS DIV HEAD - NIWCLANT,LSUBP00011,niwc_atlantic_division,center:niwc-atlantic,excluded,"technical_center_division code of center:niwc-atlantic, outside the PEO C4I portfolio (division itself not in alias table)"
LRAE Annex 25,626,k:a4c4097d4803,,LSUBP00066 - LSUBP00066 - DATA CENTER & CLOUD HOSTING SERVICES DIV HEAD - NIWCLANT,LSUBP00066,niwc_atlantic_division,center:niwc-atlantic,excluded,"technical_center_division code of center:niwc-atlantic, outside the PEO C4I portfolio (division itself not in alias table)"
LRAE Annex 25,627,k:56d8bd9afe86,,LSUBP00007 - LSUBP00007 - LAND SYSTEMS INTEGRATION DIV HEAD - NIWCLANT,LSUBP00007,niwc_atlantic_division,center:niwc-atlantic,excluded,"technical_center_division code of center:niwc-atlantic, outside the PEO C4I portfolio (division itself not in alias table)"
LRAE Annex 25,628,k:40b0403c890d,,LSUBP00004 - LSUBP00004 - EXPEDITIONARY C3 SOLUTIONS DIV HEAD - NIWCLANT,LSUBP00004,niwc_atlantic_division,center:niwc-atlantic,excluded,"technical_center_division code of center:niwc-atlantic, outside the PEO C4I portfolio (division itself not in alias table)"
LRAE Annex 25,629,k:4a92e99e6b2b,,LSUBP00034 - LSUBP00034 - SURFACE SHIP INTEGRATION DIV HEAD - NIWCLANT,LSUBP00034,niwc_atlantic_division,center:niwc-atlantic,excluded,"technical_center_division code of center:niwc-atlantic, outside the PEO C4I portfolio (division itself not in alias table)"
LRAE Annex 25,630,k:b92980e26a85,,LSUBP00009 - LSUBP00009 - DEFENSE HEALTH INFO TECH DIV HEAD - NIWCLANT,LSUBP00009,niwc_atlantic_division,center:niwc-atlantic,excluded,"technical_center_division code of center:niwc-atlantic, outside the PEO C4I portfolio (division itself not in alias table)"
LRAE Annex 25,631,k:a2f314c74fe4,,LSUBP00016 - LSUBP00016 - NAVY AFLOAT TRANSPORT & NAVI DIV HD - NIWCLANT,LSUBP00016,niwc_atlantic_division,center:niwc-atlantic,excluded,"technical_center_division code of center:niwc-atlantic, outside the PEO C4I portfolio (division itself not in alias table)"
LRAE Annex 25,632,k:193a67c0cc45,,LSUBP00004 - LSUBP00004 - EXPEDITIONARY C3 SOLUTIONS DIV HEAD - NIWCLANT,LSUBP00004,niwc_atlantic_division,center:niwc-atlantic,excluded,"technical_center_division code of center:niwc-atlantic, outside the PEO C4I portfolio (division itself not in alias table)"
LRAE Annex 25,633,k:8dab12e2b10a,,LSUBP00021 - LSUBP00021 - EXPEDITIONARY INTEL SOLUTIONS DIV HEAD - NIWCLANT,LSUBP00021,niwc_atlantic_division,center:niwc-atlantic,excluded,"technical_center_division code of center:niwc-atlantic, outside the PEO C4I portfolio (division itself not in alias table)"
LRAE Annex 25,634,k:693146275953,,LSUBP00049 - LSUBP00049 - S&T Division - NIWCLANT,LSUBP00049,niwc_atlantic_division,center:niwc-atlantic,excluded,"technical_center_division code of center:niwc-atlantic, outside the PEO C4I portfolio (division itself not in alias table)"
LRAE Annex 25,635,k:96029f47d14b,,LSUBP00056 - LSUBP00056 - ENTERPRISE BUSINESS SYSTEMS DIV HEAD - NIWCLANT,LSUBP00056,niwc_atlantic_division,center:niwc-atlantic,excluded,"technical_center_division code of center:niwc-atlantic, outside the PEO C4I portfolio (division itself not in alias table)"
LRAE Annex 25,636,k:83012e7cced0,,LSUBP00056 - LSUBP00056 - ENTERPRISE BUSINESS SYSTEMS DIV HEAD - NIWCLANT,LSUBP00056,niwc_atlantic_division,center:niwc-atlantic,excluded,"technical_center_division code of center:niwc-atlantic, outside the PEO C4I portfolio (division itself not in alias table)"
LRAE Annex 25,637,k:7ed087665ee3,,LSUBP00011 - LSUBP00011 - MANPWR PERS TRNG & EDU SYS DIV HEAD - NIWCLANT,LSUBP00011,niwc_atlantic_division,center:niwc-atlantic,excluded,"technical_center_division code of center:niwc-atlantic, outside the PEO C4I portfolio (division itself not in alias table)"
LRAE Annex 25,638,k:3e27552dc8a5,,LSUBP00056 - LSUBP00056 - ENTERPRISE BUSINESS SYSTEMS DIV HEAD - NIWCLANT,LSUBP00056,niwc_atlantic_division,center:niwc-atlantic,excluded,"technical_center_division code of center:niwc-atlantic, outside the PEO C4I portfolio (division itself not in alias table)"
LRAE Annex 25,639,k:07e820492c10,,LSUBP00056 - LSUBP00056 - ENTERPRISE BUSINESS SYSTEMS DIV HEAD - NIWCLANT,LSUBP00056,niwc_atlantic_division,center:niwc-atlantic,excluded,"technical_center_division code of center:niwc-atlantic, outside the PEO C4I portfolio (division itself not in alias table)"
LRAE Annex 25,640,k:57761cfed97f,,LSUBP00011 - LSUBP00011 - MANPWR PERS TRNG & EDU SYS DIV HEAD - NIWCLANT,LSUBP00011,niwc_atlantic_division,center:niwc-atlantic,excluded,"technical_center_division code of center:niwc-atlantic, outside the PEO C4I portfolio (division itself not in alias table)"
LRAE Annex 25,641,k:6ee8c6cd3920,,LSUBP00049 - LSUBP00049 - S&T Division - NIWCLANT,LSUBP00049,niwc_atlantic_division,center:niwc-atlantic,excluded,"technical_center_division code of center:niwc-atlantic, outside the PEO C4I portfolio (division itself not in alias table)"
LRAE Annex 25,642,k:775df17c86ad,,LSUBP00049 - LSUBP00049 - S&T Division - NIWCLANT,LSUBP00049,niwc_atlantic_division,center:niwc-atlantic,excluded,"technical_center_division code of center:niwc-atlantic, outside the PEO C4I portfolio (division itself not in alias table)"
LRAE Annex 25,643,k:b422d395f44a,,LSUBP00049 - LSUBP00049 - S&T Division - NIWCLANT,LSUBP00049,niwc_atlantic_division,center:niwc-atlantic,excluded,"technical_center_division code of center:niwc-atlantic, outside the PEO C4I portfolio (division itself not in alias table)"
LRAE Annex 25,644,k:e798af93dc26,,LSUBP00034 - LSUBP00034 - SURFACE SHIP INTEGRATION DIV HEAD - NIWCLANT,LSUBP00034,niwc_atlantic_division,center:niwc-atlantic,excluded,"technical_center_division code of center:niwc-atlantic, outside the PEO C4I portfolio (division itself not in alias table)"
LRAE Annex 25,645,k:63bc4e134813,,LSUBP00034 - LSUBP00034 - SURFACE SHIP INTEGRATION DIV HEAD - NIWCLANT,LSUBP00034,niwc_atlantic_division,center:niwc-atlantic,excluded,"technical_center_division code of center:niwc-atlantic, outside the PEO C4I portfolio (division itself not in alias table)"
LRAE Annex 25,646,k:a7e29feb1e3f,,LSUBP00021 - LSUBP00021 - EXPEDITIONARY INTEL SOLUTIONS DIV HEAD - NIWCLANT,LSUBP00021,niwc_atlantic_division,center:niwc-atlantic,excluded,"technical_center_division code of center:niwc-atlantic, outside the PEO C4I portfolio (division itself not in alias table)"
LRAE Annex 25,647,k:05f53cc33847,,LSUBP00021 - LSUBP00021 - EXPEDITIONARY INTEL SOLUTIONS DIV HEAD - NIWCLANT,LSUBP00021,niwc_atlantic_division,center:niwc-atlantic,excluded,"technical_center_division code of center:niwc-atlantic, outside the PEO C4I portfolio (division itself not in alias table)"
LRAE Annex 25,648,k:e28266f92855,,LSUBP00021 - LSUBP00021 - EXPEDITIONARY INTEL SOLUTIONS DIV HEAD - NIWCLANT,LSUBP00021,niwc_atlantic_division,center:niwc-atlantic,excluded,"technical_center_division code of center:niwc-atlantic, outside the PEO C4I portfolio (division itself not in alias table)"
LRAE Annex 25,649,k:7210c064b327,,LSUBP00034 - LSUBP00034 - SURFACE SHIP INTEGRATION DIV HEAD - NIWCLANT,LSUBP00034,niwc_atlantic_division,center:niwc-atlantic,excluded,"technical_center_division code of center:niwc-atlantic, outside the PEO C4I portfolio (division itself not in alias table)"
LRAE Annex 25,650,k:f6e3dcaa3f18,,LSUBP00066 - LSUBP00066 - DATA CENTER & CLOUD HOSTING SERVICES DIV HEAD - NIWCLANT,LSUBP00066,niwc_atlantic_division,center:niwc-atlantic,excluded,"technical_center_division code of center:niwc-atlantic, outside the PEO C4I portfolio (division itself not in alias table)"
LRAE Annex 25,651,k:c6f5b46368b7,,LSUBP00004 - LSUBP00004 - EXPEDITIONARY C3 SOLUTIONS DIV HEAD - NIWCLANT,LSUBP00004,niwc_atlantic_division,center:niwc-atlantic,excluded,"technical_center_division code of center:niwc-atlantic, outside the PEO C4I portfolio (division itself not in alias table)"
LRAE Annex 25,652,k:19ef0e1db069,,LSUBP00015 - LSUBP00015 - SHORE C4I INTEGRATION DIV HEAD - NIWCLANT,LSUBP00015,niwc_atlantic_division,center:niwc-atlantic,excluded,"technical_center_division code of center:niwc-atlantic, outside the PEO C4I portfolio (division itself not in alias table)"
LRAE Annex 25,653,k:632477f91337,,LSUBP00009 - LSUBP00009 - DEFENSE HEALTH INFO TECH DIV HEAD - NIWCLANT,LSUBP00009,niwc_atlantic_division,center:niwc-atlantic,excluded,"technical_center_division code of center:niwc-atlantic, outside the PEO C4I portfolio (division itself not in alias table)"
LRAE Annex 25,654,k:4bd35158a466,,LSUBP00021 - LSUBP00021 - EXPEDITIONARY INTEL SOLUTIONS DIV HEAD - NIWCLANT,LSUBP00021,niwc_atlantic_division,center:niwc-atlantic,excluded,"technical_center_division code of center:niwc-atlantic, outside the PEO C4I portfolio (division itself not in alias table)"
LRAE Annex 25,655,k:2b1d69468cca,,LSUBP00064 - LSUBP00064 - EXPED ENTERPRISE SYS & SVS DIV HD - NIWCLANT,LSUBP00064,niwc_atlantic_division,center:niwc-atlantic,excluded,"technical_center_division code of center:niwc-atlantic, outside the PEO C4I portfolio (division itself not in alias table)"
LRAE Annex 25,656,k:c11cd6f07747,,LSUBP00009 - LSUBP00009 - DEFENSE HEALTH INFO TECH DIV HEAD - NIWCLANT,LSUBP00009,niwc_atlantic_division,center:niwc-atlantic,excluded,"technical_center_division code of center:niwc-atlantic, outside the PEO C4I portfolio (division itself not in alias table)"
LRAE Annex 25,657,k:331367ecafb2,,LSUBP00011 - LSUBP00011 - MANPWR PERS TRNG & EDU SYS DIV HEAD - NIWCLANT,LSUBP00011,niwc_atlantic_division,center:niwc-atlantic,excluded,"technical_center_division code of center:niwc-atlantic, outside the PEO C4I portfolio (division itself not in alias table)"
LRAE Annex 25,658,k:b18e42485ffe,,LSUBP00002 - LSUBP00002 - COMMAND OPERATIONS CENTERS DIV HEAD - NIWCLANT,LSUBP00002,niwc_atlantic_division,center:niwc-atlantic,excluded,"technical_center_division code of center:niwc-atlantic, outside the PEO C4I portfolio (division itself not in alias table)"
LRAE Annex 25,659,k:0290f9cde779,,LSUBP00056 - LSUBP00056 - ENTERPRISE BUSINESS SYSTEMS DIV HEAD - NIWCLANT,LSUBP00056,niwc_atlantic_division,center:niwc-atlantic,excluded,"technical_center_division code of center:niwc-atlantic, outside the PEO C4I portfolio (division itself not in alias table)"
LRAE Annex 25,660,k:8369acd43c30,,LSUBP00016 - LSUBP00016 - NAVY AFLOAT TRANSPORT & NAVI DIV HD - NIWCLANT,LSUBP00016,niwc_atlantic_division,center:niwc-atlantic,excluded,"technical_center_division code of center:niwc-atlantic, outside the PEO C4I portfolio (division itself not in alias table)"
LRAE Annex 25,661,k:442d390665f2,,LSUBP00034 - LSUBP00034 - SURFACE SHIP INTEGRATION DIV HEAD - NIWCLANT,LSUBP00034,niwc_atlantic_division,center:niwc-atlantic,excluded,"technical_center_division code of center:niwc-atlantic, outside the PEO C4I portfolio (division itself not in alias table)"
LRAE Annex 25,662,k:40aed31966e5,,LSUBP00011 - LSUBP00011 - MANPWR PERS TRNG & EDU SYS DIV HEAD - NIWCLANT,LSUBP00011,niwc_atlantic_division,center:niwc-atlantic,excluded,"technical_center_division code of center:niwc-atlantic, outside the PEO C4I portfolio (division itself not in alias table)"
LRAE Annex 25,663,k:ddc2126d4293,,LSUBP00034 - LSUBP00034 - SURFACE SHIP INTEGRATION DIV HEAD - NIWCLANT,LSUBP00034,niwc_atlantic_division,center:niwc-atlantic,excluded,"technical_center_division code of center:niwc-atlantic, outside the PEO C4I portfolio (division itself not in alias table)"
LRAE Annex 25,664,k:08c65449ae24,,LSUBP00009 - LSUBP00009 - DEFENSE HEALTH INFO TECH DIV HEAD - NIWCLANT,LSUBP00009,niwc_atlantic_division,center:niwc-atlantic,excluded,"technical_center_division code of center:niwc-atlantic, outside the PEO C4I portfolio (division itself not in alias table)"
LRAE Annex 25,665,k:ad5c423feb3f,,LSUBP00011 - LSUBP00011 - MANPWR PERS TRNG & EDU SYS DIV HEAD - NIWCLANT,LSUBP00011,niwc_atlantic_division,center:niwc-atlantic,excluded,"technical_center_division code of center:niwc-atlantic, outside the PEO C4I portfolio (division itself not in alias table)"
LRAE Annex 25,666,k:dbd754c16e26,,LSUBP00066 - LSUBP00066 - DATA CENTER & CLOUD HOSTING SERVICES DIV HEAD - NIWCLANT,LSUBP00066,niwc_atlantic_division,center:niwc-atlantic,excluded,"technical_center_division code of center:niwc-atlantic, outside the PEO C4I portfolio (division itself not in alias table)"
LRAE Annex 25,667,k:e598ce44903b,,LSUBP00022 - LSUBP00022 - BATTLE SPACE AWARENESS DIV HEAD - NIWCLANT,LSUBP00022,niwc_atlantic_division,center:niwc-atlantic,excluded,"technical_center_division code of center:niwc-atlantic, outside the PEO C4I portfolio (division itself not in alias table)"
LRAE Annex 25,668,k:9692368de935,,LSUBP00066 - LSUBP00066 - DATA CENTER & CLOUD HOSTING SERVICES DIV HEAD - NIWCLANT,LSUBP00066,niwc_atlantic_division,center:niwc-atlantic,excluded,"technical_center_division code of center:niwc-atlantic, outside the PEO C4I portfolio (division itself not in alias table)"
LRAE Annex 25,669,k:6d1a5225814b,,LSUBP00049 - LSUBP00049 - S&T Division - NIWCLANT,LSUBP00049,niwc_atlantic_division,center:niwc-atlantic,excluded,"technical_center_division code of center:niwc-atlantic, outside the PEO C4I portfolio (division itself not in alias table)"
LRAE Annex 25,670,k:395570a0c00e,,LSUBP00056 - LSUBP00056 - ENTERPRISE BUSINESS SYSTEMS DIV HEAD - NIWCLANT,LSUBP00056,niwc_atlantic_division,center:niwc-atlantic,excluded,"technical_center_division code of center:niwc-atlantic, outside the PEO C4I portfolio (division itself not in alias table)"
LRAE Annex 25,671,k:59354380c814,,LSUBP00056 - LSUBP00056 - ENTERPRISE BUSINESS SYSTEMS DIV HEAD - NIWCLANT,LSUBP00056,niwc_atlantic_division,center:niwc-atlantic,excluded,"technical_center_division code of center:niwc-atlantic, outside the PEO C4I portfolio (division itself not in alias table)"
LRAE Annex 25,672,k:c29e08e815ed,,LSUBP00056 - LSUBP00056 - ENTERPRISE BUSINESS SYSTEMS DIV HEAD - NIWCLANT,LSUBP00056,niwc_atlantic_division,center:niwc-atlantic,excluded,"technical_center_division code of center:niwc-atlantic, outside the PEO C4I portfolio (division itself not in alias table)"
LRAE Annex 25,673,k:108e3b2b84ec,,LSUBP00083 - LSUBP00083 - 8.0 Competency Division - NIWCLANT,LSUBP00083,niwc_atlantic_division,center:niwc-atlantic,excluded,"technical_center_division code of center:niwc-atlantic, outside the PEO C4I portfolio (division itself not in alias table)"
LRAE Annex 25,674,k:482151e6cf34,,LSUBP00034 - LSUBP00034 - SURFACE SHIP INTEGRATION DIV HEAD - NIWCLANT,LSUBP00034,niwc_atlantic_division,center:niwc-atlantic,excluded,"technical_center_division code of center:niwc-atlantic, outside the PEO C4I portfolio (division itself not in alias table)"
LRAE Annex 25,675,k:097b838b79af,,LSUBP00056 - LSUBP00056 - ENTERPRISE BUSINESS SYSTEMS DIV HEAD - NIWCLANT,LSUBP00056,niwc_atlantic_division,center:niwc-atlantic,excluded,"technical_center_division code of center:niwc-atlantic, outside the PEO C4I portfolio (division itself not in alias table)"
LRAE Annex 25,676,k:ae4de876641d,,LSUBP00007 - LSUBP00007 - LAND SYSTEMS INTEGRATION DIV HEAD - NIWCLANT,LSUBP00007,niwc_atlantic_division,center:niwc-atlantic,excluded,"technical_center_division code of center:niwc-atlantic, outside the PEO C4I portfolio (division itself not in alias table)"
LRAE Annex 25,677,k:bad1508698b8,,LSUBP00016 - LSUBP00016 - NAVY AFLOAT TRANSPORT & NAVI DIV HD - NIWCLANT,LSUBP00016,niwc_atlantic_division,center:niwc-atlantic,excluded,"technical_center_division code of center:niwc-atlantic, outside the PEO C4I portfolio (division itself not in alias table)"
LRAE Annex 25,678,k:273473a53905,,LBUSP00030 - LBUSP00030 - NL-8.0 - NIWCLANT,LBUSP00030,niwc_atlantic_division,center:niwc-atlantic,excluded,"technical_center_division code of center:niwc-atlantic, outside the PEO C4I portfolio (division itself not in alias table)"
LRAE Annex 25,679,k:d7f204e187d0,,LSUBP00006 - LSUBP00006 - FMS AIR INTEGRATION USCG DIV HEAD - NIWCLANT,LSUBP00006,niwc_atlantic_division,center:niwc-atlantic,excluded,"technical_center_division code of center:niwc-atlantic, outside the PEO C4I portfolio (division itself not in alias table)"
LRAE Annex 25,680,k:01a4db68c230,,LSUBP00034 - LSUBP00034 - SURFACE SHIP INTEGRATION DIV HEAD - NIWCLANT,LSUBP00034,niwc_atlantic_division,center:niwc-atlantic,excluded,"technical_center_division code of center:niwc-atlantic, outside the PEO C4I portfolio (division itself not in alias table)"
LRAE Annex 25,681,k:d9a5f20284c4,,LSUBP00006 - LSUBP00006 - FMS AIR INTEGRATION USCG DIV HEAD - NIWCLANT,LSUBP00006,niwc_atlantic_division,center:niwc-atlantic,excluded,"technical_center_division code of center:niwc-atlantic, outside the PEO C4I portfolio (division itself not in alias table)"
LRAE Annex 25,682,k:0eae623bd620,,LSUBP00035 - LSUBP00035 - SUBMARINE INTEGRATION DIV HEAD - NIWCLANT,LSUBP00035,niwc_atlantic_division,center:niwc-atlantic,excluded,"technical_center_division code of center:niwc-atlantic, outside the PEO C4I portfolio (division itself not in alias table)"
LRAE Annex 25,683,k:b502e0e534ef,,LSUBP00034 - LSUBP00034 - SURFACE SHIP INTEGRATION DIV HEAD - NIWCLANT,LSUBP00034,niwc_atlantic_division,center:niwc-atlantic,excluded,"technical_center_division code of center:niwc-atlantic, outside the PEO C4I portfolio (division itself not in alias table)"
LRAE Annex 25,684,k:93d05bbe5f55,,NP-55300 - NP-55300 - Enterprise Communications & Networks - NIWCPAC,NP-55300,niwc_pacific_competency,center:niwc-pacific,excluded,"technical_center_division code of center:niwc-pacific, outside the PEO C4I portfolio (division itself not in alias table)"
LRAE Annex 25,685,k:33ab98f4b448,,NP-55300 - NP-55300 - Enterprise Communications & Networks - NIWCPAC,NP-55300,niwc_pacific_competency,center:niwc-pacific,excluded,"technical_center_division code of center:niwc-pacific, outside the PEO C4I portfolio (division itself not in alias table)"
LRAE Annex 25,686,k:a59a4f9e1175,,LSUBP00034 - LSUBP00034 - SURFACE SHIP INTEGRATION DIV HEAD - NIWCLANT,LSUBP00034,niwc_atlantic_division,center:niwc-atlantic,excluded,"technical_center_division code of center:niwc-atlantic, outside the PEO C4I portfolio (division itself not in alias table)"
LRAE Annex 25,687,k:b54a954e80cf,,LSUBP00007 - LSUBP00007 - LAND SYSTEMS INTEGRATION DIV HEAD - NIWCLANT,LSUBP00007,niwc_atlantic_division,center:niwc-atlantic,excluded,"technical_center_division code of center:niwc-atlantic, outside the PEO C4I portfolio (division itself not in alias table)"
LRAE Annex 25,688,k:6019c655351c,,LSUBP00049 - LSUBP00049 - S&T Division - NIWCLANT,LSUBP00049,niwc_atlantic_division,center:niwc-atlantic,excluded,"technical_center_division code of center:niwc-atlantic, outside the PEO C4I portfolio (division itself not in alias table)"
LRAE Annex 25,689,k:505d85c1dc6a,,LSUBP00093 - LSUBP00093 - 4.7 Competency Division - NIWCLANT,LSUBP00093,niwc_atlantic_division,center:niwc-atlantic,excluded,"technical_center_division code of center:niwc-atlantic, outside the PEO C4I portfolio (division itself not in alias table)"
LRAE Annex 25,690,k:5fe40064a0ab,,NP-53400 - NP-53400 - Business & Enterprise Information Systems - NIWCPAC,NP-53400,niwc_pacific_competency,center:niwc-pacific,excluded,"technical_center_division code of center:niwc-pacific, outside the PEO C4I portfolio (division itself not in alias table)"
LRAE Annex 25,691,k:f12d5623e6ef,,NP-53400 - NP-53400 - Business & Enterprise Information Systems - NIWCPAC,NP-53400,niwc_pacific_competency,center:niwc-pacific,excluded,"technical_center_division code of center:niwc-pacific, outside the PEO C4I portfolio (division itself not in alias table)"
LRAE Annex 25,692,k:1728d70aa1bb,,NP-53400 - NP-53400 - Business & Enterprise Information Systems - NIWCPAC,NP-53400,niwc_pacific_competency,center:niwc-pacific,excluded,"technical_center_division code of center:niwc-pacific, outside the PEO C4I portfolio (division itself not in alias table)"
LRAE Annex 25,693,k:8abbc68185f0,,NP-53400 - NP-53400 - Business & Enterprise Information Systems - NIWCPAC,NP-53400,niwc_pacific_competency,center:niwc-pacific,excluded,"technical_center_division code of center:niwc-pacific, outside the PEO C4I portfolio (division itself not in alias table)"
LRAE Annex 25,694,k:4120df48869c,,NP-70000 - NP-70000 - Cyber / S&T - NIWCPAC,NP-70000,niwc_pacific_competency,center:niwc-pacific,excluded,"technical_center_division code of center:niwc-pacific, outside the PEO C4I portfolio (division itself not in alias table)"
LRAE Annex 25,695,k:1c6b797a7c0a,,NP-42100 - NP-42100 - Fleet Modernization & Installation - NIWCPAC,NP-42100,niwc_pacific_competency,center:niwc-pacific,excluded,"technical_center_division code of center:niwc-pacific, outside the PEO C4I portfolio (division itself not in alias table)"
LRAE Annex 25,696,k:9e8ef4d6403e,,NP-42100 - NP-42100 - Fleet Modernization & Installation - NIWCPAC,NP-42100,niwc_pacific_competency,center:niwc-pacific,excluded,"technical_center_division code of center:niwc-pacific, outside the PEO C4I portfolio (division itself not in alias table)"
LRAE Annex 25,697,k:2527a9911f96,,NP-53600 - NP-53600 - C2 Technology & Experimentation - NIWCPAC,NP-53600,niwc_pacific_competency,center:niwc-pacific,excluded,"technical_center_division code of center:niwc-pacific, outside the PEO C4I portfolio (division itself not in alias table)"
LRAE Annex 25,698,k:08f2af080626,,NP-41100 - NP-41100 - C2ISR ISE - NIWCPAC,NP-41100,niwc_pacific_competency,center:niwc-pacific,excluded,"technical_center_division code of center:niwc-pacific, outside the PEO C4I portfolio (division itself not in alias table)"
LRAE Annex 25,699,k:b7ba1a663f24,,NP-53600 - NP-53600 - C2 Technology & Experimentation - NIWCPAC,NP-53600,niwc_pacific_competency,center:niwc-pacific,excluded,"technical_center_division code of center:niwc-pacific, outside the PEO C4I portfolio (division itself not in alias table)"
LRAE Annex 25,700,k:d791989d5f11,,NP-55200 - NP-55200 - Communications - NIWCPAC,NP-55200,niwc_pacific_competency,center:niwc-pacific,excluded,"technical_center_division code of center:niwc-pacific, outside the PEO C4I portfolio (division itself not in alias table)"
LRAE Annex 25,701,k:bdcf1f975de6,,"NP-41200 - NP-41200 - Comms, Networks & Cyber ISE - NIWCPAC",NP-41200,niwc_pacific_competency,center:niwc-pacific,excluded,"technical_center_division code of center:niwc-pacific, outside the PEO C4I portfolio (division itself not in alias table)"
LRAE Annex 25,702,k:68eb6c06dc55,,"NP-41200 - NP-41200 - Comms, Networks & Cyber ISE - NIWCPAC",NP-41200,niwc_pacific_competency,center:niwc-pacific,excluded,"technical_center_division code of center:niwc-pacific, outside the PEO C4I portfolio (division itself not in alias table)"
LRAE Annex 25,703,k:34de2b39dd22,,NP-55100 - NP-55100 - Tactical Networks - NIWCPAC,NP-55100,niwc_pacific_competency,center:niwc-pacific,excluded,"technical_center_division code of center:niwc-pacific, outside the PEO C4I portfolio (division itself not in alias table)"
LRAE Annex 25,704,k:599a311a776d,,NP-55200 - NP-55200 - Communications - NIWCPAC,NP-55200,niwc_pacific_competency,center:niwc-pacific,excluded,"technical_center_division code of center:niwc-pacific, outside the PEO C4I portfolio (division itself not in alias table)"
LRAE Annex 25,705,k:2c21f7fbe94d,,NP-55300 - NP-55300 - Enterprise Communications & Networks - NIWCPAC,NP-55300,niwc_pacific_competency,center:niwc-pacific,excluded,"technical_center_division code of center:niwc-pacific, outside the PEO C4I portfolio (division itself not in alias table)"
LRAE Annex 25,706,k:e2ea4b132fc0,,"NP-55700 - NP-55700 - Position, Navigation & Timing - NIWCPAC",NP-55700,niwc_pacific_competency,center:niwc-pacific,excluded,"technical_center_division code of center:niwc-pacific, outside the PEO C4I portfolio (division itself not in alias table)"
LRAE Annex 25,707,k:8b67f23096cf,,NP-20000 - NP-20000 - Contracts - NIWCPAC,NP-20000,niwc_pacific_competency,center:niwc-pacific,excluded,"technical_center_division code of center:niwc-pacific, outside the PEO C4I portfolio (division itself not in alias table)"
LRAE Annex 25,708,k:54b6f51456a4,,NP-58100 - NP-58100 - Cybersecurity Engineering - NIWCPAC,NP-58100,niwc_pacific_competency,center:niwc-pacific,excluded,"technical_center_division code of center:niwc-pacific, outside the PEO C4I portfolio (division itself not in alias table)"
LRAE Annex 25,709,k:6672b2a3bf2b,,NP-55300 - NP-55300 - Enterprise Communications & Networks - NIWCPAC,NP-55300,niwc_pacific_competency,center:niwc-pacific,excluded,"technical_center_division code of center:niwc-pacific, outside the PEO C4I portfolio (division itself not in alias table)"
LRAE Annex 25,710,k:c16932880f2d,,NP-58400 - NP-58400 - Cyber Engineering & Integration - NIWCPAC,NP-58400,niwc_pacific_competency,center:niwc-pacific,excluded,"technical_center_division code of center:niwc-pacific, outside the PEO C4I portfolio (division itself not in alias table)"
LRAE Annex 25,711,k:ca57643c0fce,,NP-55300 - NP-55300 - Enterprise Communications & Networks - NIWCPAC,NP-55300,niwc_pacific_competency,center:niwc-pacific,excluded,"technical_center_division code of center:niwc-pacific, outside the PEO C4I portfolio (division itself not in alias table)"
LRAE Annex 25,712,k:85ef80ad99e4,,NP-53500 - NP-53500 - TACTICAL SYSTEMS I&I - NIWCPAC,NP-53500,niwc_pacific_competency,center:niwc-pacific,excluded,"technical_center_division code of center:niwc-pacific, outside the PEO C4I portfolio (division itself not in alias table)"
LRAE Annex 25,713,k:9a61e05c7e83,,NP-41100 - NP-41100 - C2ISR ISE - NIWCPAC,NP-41100,niwc_pacific_competency,center:niwc-pacific,excluded,"technical_center_division code of center:niwc-pacific, outside the PEO C4I portfolio (division itself not in alias table)"
LRAE Annex 25,714,k:74b71a775556,,NP-41100 - NP-41100 - C2ISR ISE - NIWCPAC,NP-41100,niwc_pacific_competency,center:niwc-pacific,excluded,"technical_center_division code of center:niwc-pacific, outside the PEO C4I portfolio (division itself not in alias table)"
LRAE Annex 25,715,k:e6f68e0a77d3,,NP-43100 - NP-43100 - Logistics & Lifecycle Support - NIWCPAC,NP-43100,niwc_pacific_competency,center:niwc-pacific,excluded,"technical_center_division code of center:niwc-pacific, outside the PEO C4I portfolio (division itself not in alias table)"
LRAE Annex 25,716,k:3215675040ae,,NP-41100 - NP-41100 - C2ISR ISE - NIWCPAC,NP-41100,niwc_pacific_competency,center:niwc-pacific,excluded,"technical_center_division code of center:niwc-pacific, outside the PEO C4I portfolio (division itself not in alias table)"
LRAE Annex 25,717,k:b8e3f6b7f870,,NP-58400 - NP-58400 - Cyber Engineering & Integration - NIWCPAC,NP-58400,niwc_pacific_competency,center:niwc-pacific,excluded,"technical_center_division code of center:niwc-pacific, outside the PEO C4I portfolio (division itself not in alias table)"
LRAE Annex 25,718,k:a20c05664656,,NP-60000 - NP-60000 - Program & Project Management - NIWCPAC,NP-60000,niwc_pacific_competency,center:niwc-pacific,excluded,"technical_center_division code of center:niwc-pacific, outside the PEO C4I portfolio (division itself not in alias table)"
LRAE Annex 25,719,k:2e2c241295bc,,NP-71700 - NP-71700 - Basic & Applied Research - NIWCPAC,NP-71700,niwc_pacific_competency,center:niwc-pacific,excluded,"technical_center_division code of center:niwc-pacific, outside the PEO C4I portfolio (division itself not in alias table)"
LRAE Annex 25,720,k:1f481bfda8d2,,NP-82000 - NP-82000 - IT Management - NIWCPAC,NP-82000,niwc_pacific_competency,center:niwc-pacific,excluded,"technical_center_division code of center:niwc-pacific, outside the PEO C4I portfolio (division itself not in alias table)"
LRAE Annex 25,721,k:45216f251c46,,NP-83000 - NP-83000 - Command Operations Support - NIWCPAC,NP-83000,niwc_pacific_competency,center:niwc-pacific,excluded,"technical_center_division code of center:niwc-pacific, outside the PEO C4I portfolio (division itself not in alias table)"
LRAE Annex 25,722,k:2ee14e0ecce0,,NP-84000 - NP-84000 - Corporate Strategy - NIWCPAC,NP-84000,niwc_pacific_competency,center:niwc-pacific,excluded,"technical_center_division code of center:niwc-pacific, outside the PEO C4I portfolio (division itself not in alias table)"
LRAE Annex 25,723,k:cdbe14abf11a,,NP-58400 - NP-58400 - Cyber Engineering & Integration - NIWCPAC,NP-58400,niwc_pacific_competency,center:niwc-pacific,excluded,"technical_center_division code of center:niwc-pacific, outside the PEO C4I portfolio (division itself not in alias table)"
LRAE Annex 25,724,k:26a55c83b5ef,,NP-72100 - NP-72100 - S&T Forecasting Investment & Transition - NIWCPAC,NP-72100,niwc_pacific_competency,center:niwc-pacific,excluded,"technical_center_division code of center:niwc-pacific, outside the PEO C4I portfolio (division itself not in alias table)"
LRAE Annex 25,725,k:eff6703bf6c1,,"NP-41200 - NP-41200 - Comms, Networks & Cyber ISE - NIWCPAC",NP-41200,niwc_pacific_competency,center:niwc-pacific,excluded,"technical_center_division code of center:niwc-pacific, outside the PEO C4I portfolio (division itself not in alias table)"
LRAE Annex 25,726,k:125d4ac2714a,,NP-42100 - NP-42100 - Fleet Modernization & Installation - NIWCPAC,NP-42100,niwc_pacific_competency,center:niwc-pacific,excluded,"technical_center_division code of center:niwc-pacific, outside the PEO C4I portfolio (division itself not in alias table)"
LRAE Annex 25,727,k:b690048689bd,,"NP-41200 - NP-41200 - Comms, Networks & Cyber ISE - NIWCPAC",NP-41200,niwc_pacific_competency,center:niwc-pacific,excluded,"technical_center_division code of center:niwc-pacific, outside the PEO C4I portfolio (division itself not in alias table)"
LRAE Annex 25,728,k:a8064ee67fd1,,NP-41100 - NP-41100 - C2ISR ISE - NIWCPAC,NP-41100,niwc_pacific_competency,center:niwc-pacific,excluded,"technical_center_division code of center:niwc-pacific, outside the PEO C4I portfolio (division itself not in alias table)"
LRAE Annex 25,729,k:00c513210a21,,NP-41100 - NP-41100 - C2ISR ISE - NIWCPAC,NP-41100,niwc_pacific_competency,center:niwc-pacific,excluded,"technical_center_division code of center:niwc-pacific, outside the PEO C4I portfolio (division itself not in alias table)"
LRAE Annex 25,730,k:b1d34c0fa9f5,,NP-41100 - NP-41100 - C2ISR ISE - NIWCPAC,NP-41100,niwc_pacific_competency,center:niwc-pacific,excluded,"technical_center_division code of center:niwc-pacific, outside the PEO C4I portfolio (division itself not in alias table)"
LRAE Annex 25,731,k:9ef4e925a250,,"NP-41200 - NP-41200 - Comms, Networks & Cyber ISE - NIWCPAC",NP-41200,niwc_pacific_competency,center:niwc-pacific,excluded,"technical_center_division code of center:niwc-pacific, outside the PEO C4I portfolio (division itself not in alias table)"
LRAE Annex 25,732,k:428c11ffe596,,NP-43100 - NP-43100 - Logistics & Lifecycle Support - NIWCPAC,NP-43100,niwc_pacific_competency,center:niwc-pacific,excluded,"technical_center_division code of center:niwc-pacific, outside the PEO C4I portfolio (division itself not in alias table)"
LRAE Annex 25,733,k:d6cc9e4f6fa3,,NP-56700 - NP-56700 - Reconnaissance & Interdiction - NIWCPAC,NP-56700,niwc_pacific_competency,center:niwc-pacific,excluded,"technical_center_division code of center:niwc-pacific, outside the PEO C4I portfolio (division itself not in alias table)"
LRAE Annex 25,734,k:200da91b064c,,NP-41100 - NP-41100 - C2ISR ISE - NIWCPAC,NP-41100,niwc_pacific_competency,center:niwc-pacific,excluded,"technical_center_division code of center:niwc-pacific, outside the PEO C4I portfolio (division itself not in alias table)"
LRAE Annex 25,735,k:87cbad31244f,,NP-42100 - NP-42100 - Fleet Modernization & Installation - NIWCPAC,NP-42100,niwc_pacific_competency,center:niwc-pacific,excluded,"technical_center_division code of center:niwc-pacific, outside the PEO C4I portfolio (division itself not in alias table)"
LRAE Annex 25,736,k:199fd0551546,,NP-53400 - NP-53400 - Business & Enterprise Information Systems - NIWCPAC,NP-53400,niwc_pacific_competency,center:niwc-pacific,excluded,"technical_center_division code of center:niwc-pacific, outside the PEO C4I portfolio (division itself not in alias table)"
LRAE Annex 25,737,k:f42f6231a16a,,NP-42100 - NP-42100 - Fleet Modernization & Installation - NIWCPAC,NP-42100,niwc_pacific_competency,center:niwc-pacific,excluded,"technical_center_division code of center:niwc-pacific, outside the PEO C4I portfolio (division itself not in alias table)"
LRAE Annex 25,738,k:02e84fe2f3a7,,NP-53000 - NP-53000 - C2E2 - NIWCPAC,NP-53000,niwc_pacific_competency,center:niwc-pacific,excluded,"technical_center_division code of center:niwc-pacific, outside the PEO C4I portfolio (division itself not in alias table)"
LRAE Annex 25,739,k:bcab4ed4eaad,,"NP-55700 - NP-55700 - Position, Navigation & Timing - NIWCPAC",NP-55700,niwc_pacific_competency,center:niwc-pacific,excluded,"technical_center_division code of center:niwc-pacific, outside the PEO C4I portfolio (division itself not in alias table)"
LRAE Annex 25,740,k:ca012b55b9bc,,NP-55300 - NP-55300 - Enterprise Communications & Networks - NIWCPAC,NP-55300,niwc_pacific_competency,center:niwc-pacific,excluded,"technical_center_division code of center:niwc-pacific, outside the PEO C4I portfolio (division itself not in alias table)"
LRAE Annex 25,741,k:8847565e6ac7,,NP-58400 - NP-58400 - Cyber Engineering & Integration - NIWCPAC,NP-58400,niwc_pacific_competency,center:niwc-pacific,excluded,"technical_center_division code of center:niwc-pacific, outside the PEO C4I portfolio (division itself not in alias table)"
LRAE Annex 25,742,k:385689bc9703,,NP-53000 - NP-53000 - C2E2 - NIWCPAC,NP-53000,niwc_pacific_competency,center:niwc-pacific,excluded,"technical_center_division code of center:niwc-pacific, outside the PEO C4I portfolio (division itself not in alias table)"
LRAE Annex 25,743,k:0a84efc3f8c4,,NP-53000 - NP-53000 - C2E2 - NIWCPAC,NP-53000,niwc_pacific_competency,center:niwc-pacific,excluded,"technical_center_division code of center:niwc-pacific, outside the PEO C4I portfolio (division itself not in alias table)"
LRAE Annex 25,744,k:a2b50bfe6e54,,NP-53000 - NP-53000 - C2E2 - NIWCPAC,NP-53000,niwc_pacific_competency,center:niwc-pacific,excluded,"technical_center_division code of center:niwc-pacific, outside the PEO C4I portfolio (division itself not in alias table)"
LRAE Annex 25,745,k:cf749c29c787,,NP-53000 - NP-53000 - C2E2 - NIWCPAC,NP-53000,niwc_pacific_competency,center:niwc-pacific,excluded,"technical_center_division code of center:niwc-pacific, outside the PEO C4I portfolio (division itself not in alias table)"
LRAE Annex 25,746,k:66dce69a9f4e,,NP-55300 - NP-55300 - Enterprise Communications & Networks - NIWCPAC,NP-55300,niwc_pacific_competency,center:niwc-pacific,excluded,"technical_center_division code of center:niwc-pacific, outside the PEO C4I portfolio (division itself not in alias table)"
LRAE Annex 25,747,k:01ebb50025bc,,NP-43100 - NP-43100 - Logistics & Lifecycle Support - NIWCPAC,NP-43100,niwc_pacific_competency,center:niwc-pacific,excluded,"technical_center_division code of center:niwc-pacific, outside the PEO C4I portfolio (division itself not in alias table)"
LRAE Annex 25,748,k:3d46fa5f36e5,,NP-56700 - NP-56700 - Reconnaissance & Interdiction - NIWCPAC,NP-56700,niwc_pacific_competency,center:niwc-pacific,excluded,"technical_center_division code of center:niwc-pacific, outside the PEO C4I portfolio (division itself not in alias table)"
LRAE Annex 25,749,k:3c84066132e7,,NP-55300 - NP-55300 - Enterprise Communications & Networks - NIWCPAC,NP-55300,niwc_pacific_competency,center:niwc-pacific,excluded,"technical_center_division code of center:niwc-pacific, outside the PEO C4I portfolio (division itself not in alias table)"
LRAE Annex 25,750,k:2ef717afdaa2,,"NP-87000 - NP-87000 - Special Programs, Oversight & Compliance - NIWCPAC",NP-87000,niwc_pacific_competency,center:niwc-pacific,excluded,"technical_center_division code of center:niwc-pacific, outside the PEO C4I portfolio (division itself not in alias table)"
LRAE Annex 25,751,k:9f085721101d,,NP-55300 - NP-55300 - Enterprise Communications & Networks - NIWCPAC,NP-55300,niwc_pacific_competency,center:niwc-pacific,excluded,"technical_center_division code of center:niwc-pacific, outside the PEO C4I portfolio (division itself not in alias table)"
LRAE Annex 25,752,k:6d1b9338e77b,,NP-55300 - NP-55300 - Enterprise Communications & Networks - NIWCPAC,NP-55300,niwc_pacific_competency,center:niwc-pacific,excluded,"technical_center_division code of center:niwc-pacific, outside the PEO C4I portfolio (division itself not in alias table)"
LRAE Annex 25,753,k:0f311aed2025,,NP-55300 - NP-55300 - Enterprise Communications & Networks - NIWCPAC,NP-55300,niwc_pacific_competency,center:niwc-pacific,excluded,"technical_center_division code of center:niwc-pacific, outside the PEO C4I portfolio (division itself not in alias table)"
LRAE Annex 25,754,k:f0d74eab7edf,,NP-58100 - NP-58100 - Cybersecurity Engineering - NIWCPAC,NP-58100,niwc_pacific_competency,center:niwc-pacific,excluded,"technical_center_division code of center:niwc-pacific, outside the PEO C4I portfolio (division itself not in alias table)"
LRAE Annex 25,755,k:11ba0ed4d642,,NP-50E00 - NP-50E00 - CHENG - NIWCPAC,NP-50E00,niwc_pacific_competency,center:niwc-pacific,excluded,"technical_center_division code of center:niwc-pacific, outside the PEO C4I portfolio (division itself not in alias table)"
LRAE Annex 25,756,k:5fe4404cd0ae,,NP-H4H00 - NP-H4H00 - Engineering & Installation - NIWCPAC,NP-H4H00,niwc_pacific_competency,center:niwc-pacific,excluded,"technical_center_division code of center:niwc-pacific, outside the PEO C4I portfolio (division itself not in alias table)"
LRAE Annex 25,757,k:05492c02ce29,,NP-56700 - NP-56700 - Reconnaissance & Interdiction - NIWCPAC,NP-56700,niwc_pacific_competency,center:niwc-pacific,excluded,"technical_center_division code of center:niwc-pacific, outside the PEO C4I portfolio (division itself not in alias table)"
LRAE Annex 25,758,k:5519ce2ac305,,NP-53600 - NP-53600 - C2 Technology & Experimentation - NIWCPAC,NP-53600,niwc_pacific_competency,center:niwc-pacific,excluded,"technical_center_division code of center:niwc-pacific, outside the PEO C4I portfolio (division itself not in alias table)"
LRAE Annex 25,759,k:a60e18fe91e5,,NP-42100 - NP-42100 - Fleet Modernization & Installation - NIWCPAC,NP-42100,niwc_pacific_competency,center:niwc-pacific,excluded,"technical_center_division code of center:niwc-pacific, outside the PEO C4I portfolio (division itself not in alias table)"
LRAE Annex 25,760,k:7e1d2c6deda1,,NP-42100 - NP-42100 - Fleet Modernization & Installation - NIWCPAC,NP-42100,niwc_pacific_competency,center:niwc-pacific,excluded,"technical_center_division code of center:niwc-pacific, outside the PEO C4I portfolio (division itself not in alias table)"
LRAE Annex 25,761,k:f91f226a6cb4,,NP-42100 - NP-42100 - Fleet Modernization & Installation - NIWCPAC,NP-42100,niwc_pacific_competency,center:niwc-pacific,excluded,"technical_center_division code of center:niwc-pacific, outside the PEO C4I portfolio (division itself not in alias table)"
LRAE Annex 25,762,k:22165e4c4775,,NP-42100 - NP-42100 - Fleet Modernization & Installation - NIWCPAC,NP-42100,niwc_pacific_competency,center:niwc-pacific,excluded,"technical_center_division code of center:niwc-pacific, outside the PEO C4I portfolio (division itself not in alias table)"
LRAE Annex 25,763,k:7f3b990bf19b,,NP-56700 - NP-56700 - Reconnaissance & Interdiction - NIWCPAC,NP-56700,niwc_pacific_competency,center:niwc-pacific,excluded,"technical_center_division code of center:niwc-pacific, outside the PEO C4I portfolio (division itself not in alias table)"
LRAE Annex 25,764,k:0cf1df6e9ad5,,"NP-87000 - NP-87000 - Special Programs, Oversight & Compliance - NIWCPAC",NP-87000,niwc_pacific_competency,center:niwc-pacific,excluded,"technical_center_division code of center:niwc-pacific, outside the PEO C4I portfolio (division itself not in alias table)"
LRAE Annex 25,765,k:71a9031896eb,,NP-42100 - NP-42100 - Fleet Modernization & Installation - NIWCPAC,NP-42100,niwc_pacific_competency,center:niwc-pacific,excluded,"technical_center_division code of center:niwc-pacific, outside the PEO C4I portfolio (division itself not in alias table)"
LRAE Annex 25,766,k:11bc0f12d27e,,NP-53600 - NP-53600 - C2 Technology & Experimentation - NIWCPAC,NP-53600,niwc_pacific_competency,center:niwc-pacific,excluded,"technical_center_division code of center:niwc-pacific, outside the PEO C4I portfolio (division itself not in alias table)"
LRAE Annex 25,767,k:91e6c399c8b6,,NP-53500 - NP-53500 - TACTICAL SYSTEMS I&I - NIWCPAC,NP-53500,niwc_pacific_competency,center:niwc-pacific,excluded,"technical_center_division code of center:niwc-pacific, outside the PEO C4I portfolio (division itself not in alias table)"
LRAE Annex 25,768,k:4ae82843deed,,NP-56700 - NP-56700 - Reconnaissance & Interdiction - NIWCPAC,NP-56700,niwc_pacific_competency,center:niwc-pacific,excluded,"technical_center_division code of center:niwc-pacific, outside the PEO C4I portfolio (division itself not in alias table)"
LRAE Annex 25,769,k:16ff57e41edb,,NP-83000 - NP-83000 - Command Operations Support - NIWCPAC,NP-83000,niwc_pacific_competency,center:niwc-pacific,excluded,"technical_center_division code of center:niwc-pacific, outside the PEO C4I portfolio (division itself not in alias table)"
LRAE Annex 25,770,k:4fb18265cd20,,NP-53500 - NP-53500 - TACTICAL SYSTEMS I&I - NIWCPAC,NP-53500,niwc_pacific_competency,center:niwc-pacific,excluded,"technical_center_division code of center:niwc-pacific, outside the PEO C4I portfolio (division itself not in alias table)"
LRAE Annex 25,771,k:09eca8a356de,,NP-41100 - NP-41100 - C2ISR ISE - NIWCPAC,NP-41100,niwc_pacific_competency,center:niwc-pacific,excluded,"technical_center_division code of center:niwc-pacific, outside the PEO C4I portfolio (division itself not in alias table)"
LRAE Annex 25,772,k:2353474cd38a,,NP-42100 - NP-42100 - Fleet Modernization & Installation - NIWCPAC,NP-42100,niwc_pacific_competency,center:niwc-pacific,excluded,"technical_center_division code of center:niwc-pacific, outside the PEO C4I portfolio (division itself not in alias table)"
LRAE Annex 25,773,k:d1839caf93ec,,"NP-41200 - NP-41200 - Comms, Networks & Cyber ISE - NIWCPAC",NP-41200,niwc_pacific_competency,center:niwc-pacific,excluded,"technical_center_division code of center:niwc-pacific, outside the PEO C4I portfolio (division itself not in alias table)"
LRAE Annex 25,774,k:825340001c98,,NP-55100 - NP-55100 - Tactical Networks - NIWCPAC,NP-55100,niwc_pacific_competency,center:niwc-pacific,excluded,"technical_center_division code of center:niwc-pacific, outside the PEO C4I portfolio (division itself not in alias table)"
LRAE Annex 25,775,k:199cb2d78859,,NP-55100 - NP-55100 - Tactical Networks - NIWCPAC,NP-55100,niwc_pacific_competency,center:niwc-pacific,excluded,"technical_center_division code of center:niwc-pacific, outside the PEO C4I portfolio (division itself not in alias table)"
LRAE Annex 25,776,k:e8d3c65995c1,,"NP-41200 - NP-41200 - Comms, Networks & Cyber ISE - NIWCPAC",NP-41200,niwc_pacific_competency,center:niwc-pacific,excluded,"technical_center_division code of center:niwc-pacific, outside the PEO C4I portfolio (division itself not in alias table)"
LRAE Annex 25,777,k:cb874d835ed3,,"NP-41200 - NP-41200 - Comms, Networks & Cyber ISE - NIWCPAC",NP-41200,niwc_pacific_competency,center:niwc-pacific,excluded,"technical_center_division code of center:niwc-pacific, outside the PEO C4I portfolio (division itself not in alias table)"
LRAE Annex 25,778,k:25dafa4618ee,,"NP-41200 - NP-41200 - Comms, Networks & Cyber ISE - NIWCPAC",NP-41200,niwc_pacific_competency,center:niwc-pacific,excluded,"technical_center_division code of center:niwc-pacific, outside the PEO C4I portfolio (division itself not in alias table)"
LRAE Annex 25,779,k:aade5e50247d,,"NP-41200 - NP-41200 - Comms, Networks & Cyber ISE - NIWCPAC",NP-41200,niwc_pacific_competency,center:niwc-pacific,excluded,"technical_center_division code of center:niwc-pacific, outside the PEO C4I portfolio (division itself not in alias table)"
LRAE Annex 25,780,k:53c226d501da,,NP-41100 - NP-41100 - C2ISR ISE - NIWCPAC,NP-41100,niwc_pacific_competency,center:niwc-pacific,excluded,"technical_center_division code of center:niwc-pacific, outside the PEO C4I portfolio (division itself not in alias table)"
LRAE Annex 25,781,k:d9c1222e8d26,,"NP-41200 - NP-41200 - Comms, Networks & Cyber ISE - NIWCPAC",NP-41200,niwc_pacific_competency,center:niwc-pacific,excluded,"technical_center_division code of center:niwc-pacific, outside the PEO C4I portfolio (division itself not in alias table)"
LRAE Annex 25,782,k:512319888ba1,,"NP-41200 - NP-41200 - Comms, Networks & Cyber ISE - NIWCPAC",NP-41200,niwc_pacific_competency,center:niwc-pacific,excluded,"technical_center_division code of center:niwc-pacific, outside the PEO C4I portfolio (division itself not in alias table)"
LRAE Annex 25,783,k:7bdad870f0a8,,"NP-41200 - NP-41200 - Comms, Networks & Cyber ISE - NIWCPAC",NP-41200,niwc_pacific_competency,center:niwc-pacific,excluded,"technical_center_division code of center:niwc-pacific, outside the PEO C4I portfolio (division itself not in alias table)"
LRAE Annex 25,784,k:76c4fd3cd391,,"NP-41200 - NP-41200 - Comms, Networks & Cyber ISE - NIWCPAC",NP-41200,niwc_pacific_competency,center:niwc-pacific,excluded,"technical_center_division code of center:niwc-pacific, outside the PEO C4I portfolio (division itself not in alias table)"
LRAE Annex 25,785,k:7ebadd964dfd,,"NP-41200 - NP-41200 - Comms, Networks & Cyber ISE - NIWCPAC",NP-41200,niwc_pacific_competency,center:niwc-pacific,excluded,"technical_center_division code of center:niwc-pacific, outside the PEO C4I portfolio (division itself not in alias table)"
LRAE Annex 25,786,k:9fbde00ad919,,"NP-41200 - NP-41200 - Comms, Networks & Cyber ISE - NIWCPAC",NP-41200,niwc_pacific_competency,center:niwc-pacific,excluded,"technical_center_division code of center:niwc-pacific, outside the PEO C4I portfolio (division itself not in alias table)"
LRAE Annex 25,787,k:926231e0bc6e,,NP-56700 - NP-56700 - Reconnaissance & Interdiction - NIWCPAC,NP-56700,niwc_pacific_competency,center:niwc-pacific,excluded,"technical_center_division code of center:niwc-pacific, outside the PEO C4I portfolio (division itself not in alias table)"
LRAE Annex 25,788,k:b6422e25f948,,NP-41100 - NP-41100 - C2ISR ISE - NIWCPAC,NP-41100,niwc_pacific_competency,center:niwc-pacific,excluded,"technical_center_division code of center:niwc-pacific, outside the PEO C4I portfolio (division itself not in alias table)"
LRAE Annex 25,789,k:ea93ef2bf493,,NP-41100 - NP-41100 - C2ISR ISE - NIWCPAC,NP-41100,niwc_pacific_competency,center:niwc-pacific,excluded,"technical_center_division code of center:niwc-pacific, outside the PEO C4I portfolio (division itself not in alias table)"
LRAE Annex 25,790,k:df3bfb334874,,NP-53600 - NP-53600 - C2 Technology & Experimentation - NIWCPAC,NP-53600,niwc_pacific_competency,center:niwc-pacific,excluded,"technical_center_division code of center:niwc-pacific, outside the PEO C4I portfolio (division itself not in alias table)"
LRAE Annex 25,791,k:29b770205004,,"NP-41200 - NP-41200 - Comms, Networks & Cyber ISE - NIWCPAC",NP-41200,niwc_pacific_competency,center:niwc-pacific,excluded,"technical_center_division code of center:niwc-pacific, outside the PEO C4I portfolio (division itself not in alias table)"
LRAE Annex 25,792,k:8b74c7d40c72,,NP-75200 - NP-75200 - Electromagnetics & Advanced Technology - NIWCPAC,NP-75200,niwc_pacific_competency,center:niwc-pacific,excluded,"technical_center_division code of center:niwc-pacific, outside the PEO C4I portfolio (division itself not in alias table)"
LRAE Annex 25,793,k:d2c8f477df14,,NP-75200 - NP-75200 - Electromagnetics & Advanced Technology - NIWCPAC,NP-75200,niwc_pacific_competency,center:niwc-pacific,excluded,"technical_center_division code of center:niwc-pacific, outside the PEO C4I portfolio (division itself not in alias table)"
LRAE Annex 25,794,k:6961708ca25d,,"NP-41200 - NP-41200 - Comms, Networks & Cyber ISE - NIWCPAC",NP-41200,niwc_pacific_competency,center:niwc-pacific,excluded,"technical_center_division code of center:niwc-pacific, outside the PEO C4I portfolio (division itself not in alias table)"
LRAE Annex 25,795,k:25e39fdd4dfa,,"NP-41200 - NP-41200 - Comms, Networks & Cyber ISE - NIWCPAC",NP-41200,niwc_pacific_competency,center:niwc-pacific,excluded,"technical_center_division code of center:niwc-pacific, outside the PEO C4I portfolio (division itself not in alias table)"
LRAE Annex 25,796,k:757e58824a0a,,NP-83000 - NP-83000 - Command Operations Support - NIWCPAC,NP-83000,niwc_pacific_competency,center:niwc-pacific,excluded,"technical_center_division code of center:niwc-pacific, outside the PEO C4I portfolio (division itself not in alias table)"
LRAE Annex 25,797,k:c8b2015dcfda,,NP-71700 - NP-71700 - Basic & Applied Research - NIWCPAC,NP-71700,niwc_pacific_competency,center:niwc-pacific,excluded,"technical_center_division code of center:niwc-pacific, outside the PEO C4I portfolio (division itself not in alias table)"
LRAE Annex 25,798,k:857c19bcc790,,"NP-41200 - NP-41200 - Comms, Networks & Cyber ISE - NIWCPAC",NP-41200,niwc_pacific_competency,center:niwc-pacific,excluded,"technical_center_division code of center:niwc-pacific, outside the PEO C4I portfolio (division itself not in alias table)"
LRAE Annex 25,799,k:49ebc32b4d48,,"NP-41200 - NP-41200 - Comms, Networks & Cyber ISE - NIWCPAC",NP-41200,niwc_pacific_competency,center:niwc-pacific,excluded,"technical_center_division code of center:niwc-pacific, outside the PEO C4I portfolio (division itself not in alias table)"
LRAE Annex 25,800,k:e95f3489e143,,NP-83000 - NP-83000 - Command Operations Support - NIWCPAC,NP-83000,niwc_pacific_competency,center:niwc-pacific,excluded,"technical_center_division code of center:niwc-pacific, outside the PEO C4I portfolio (division itself not in alias table)"
LRAE Annex 25,801,k:af11249136a7,,NP-75200 - NP-75200 - Electromagnetics & Advanced Technology - NIWCPAC,NP-75200,niwc_pacific_competency,center:niwc-pacific,excluded,"technical_center_division code of center:niwc-pacific, outside the PEO C4I portfolio (division itself not in alias table)"
LRAE Annex 25,802,k:4446f1ecbdcc,,"NP-41200 - NP-41200 - Comms, Networks & Cyber ISE - NIWCPAC",NP-41200,niwc_pacific_competency,center:niwc-pacific,excluded,"technical_center_division code of center:niwc-pacific, outside the PEO C4I portfolio (division itself not in alias table)"
LRAE Annex 25,803,k:b4c68b1893c7,,NP-42100 - NP-42100 - Fleet Modernization & Installation - NIWCPAC,NP-42100,niwc_pacific_competency,center:niwc-pacific,excluded,"technical_center_division code of center:niwc-pacific, outside the PEO C4I portfolio (division itself not in alias table)"
LRAE Annex 25,804,k:8f51e780f2e8,,"NP-41200 - NP-41200 - Comms, Networks & Cyber ISE - NIWCPAC",NP-41200,niwc_pacific_competency,center:niwc-pacific,excluded,"technical_center_division code of center:niwc-pacific, outside the PEO C4I portfolio (division itself not in alias table)"
LRAE Annex 25,805,k:ad517842235d,,"NP-55700 - NP-55700 - Position, Navigation & Timing - NIWCPAC",NP-55700,niwc_pacific_competency,center:niwc-pacific,excluded,"technical_center_division code of center:niwc-pacific, outside the PEO C4I portfolio (division itself not in alias table)"
LRAE Annex 25,806,k:77d104a1312a,,"NP-41200 - NP-41200 - Comms, Networks & Cyber ISE - NIWCPAC",NP-41200,niwc_pacific_competency,center:niwc-pacific,excluded,"technical_center_division code of center:niwc-pacific, outside the PEO C4I portfolio (division itself not in alias table)"
LRAE Annex 25,807,k:e302fe2412df,,NP-56400 - NP-56400 - Autonomous Technologies - NIWCPAC,NP-56400,niwc_pacific_competency,center:niwc-pacific,excluded,"technical_center_division code of center:niwc-pacific, outside the PEO C4I portfolio (division itself not in alias table)"
LRAE Annex 25,808,k:6ef4234300f6,,NP-56400 - NP-56400 - Autonomous Technologies - NIWCPAC,NP-56400,niwc_pacific_competency,center:niwc-pacific,excluded,"technical_center_division code of center:niwc-pacific, outside the PEO C4I portfolio (division itself not in alias table)"
LRAE Annex 25,809,k:199ed5435c43,,NP-41100 - NP-41100 - C2ISR ISE - NIWCPAC,NP-41100,niwc_pacific_competency,center:niwc-pacific,excluded,"technical_center_division code of center:niwc-pacific, outside the PEO C4I portfolio (division itself not in alias table)"
LRAE Annex 25,810,k:ba71f4523265,,NP-55300 - NP-55300 - Enterprise Communications & Networks - NIWCPAC,NP-55300,niwc_pacific_competency,center:niwc-pacific,excluded,"technical_center_division code of center:niwc-pacific, outside the PEO C4I portfolio (division itself not in alias table)"
LRAE Annex 25,811,k:6183139dfe6e,,NP-56700 - NP-56700 - Reconnaissance & Interdiction - NIWCPAC,NP-56700,niwc_pacific_competency,center:niwc-pacific,excluded,"technical_center_division code of center:niwc-pacific, outside the PEO C4I portfolio (division itself not in alias table)"
LRAE Annex 25,812,k:f8b88c88e88e,,NP-56700 - NP-56700 - Reconnaissance & Interdiction - NIWCPAC,NP-56700,niwc_pacific_competency,center:niwc-pacific,excluded,"technical_center_division code of center:niwc-pacific, outside the PEO C4I portfolio (division itself not in alias table)"
LRAE Annex 25,813,k:0acf2f099fef,,NP-53600 - NP-53600 - C2 Technology & Experimentation - NIWCPAC,NP-53600,niwc_pacific_competency,center:niwc-pacific,excluded,"technical_center_division code of center:niwc-pacific, outside the PEO C4I portfolio (division itself not in alias table)"
LRAE Annex 25,814,k:2482a9e37ebc,,NP-55300 - NP-55300 - Enterprise Communications & Networks - NIWCPAC,NP-55300,niwc_pacific_competency,center:niwc-pacific,excluded,"technical_center_division code of center:niwc-pacific, outside the PEO C4I portfolio (division itself not in alias table)"
LRAE Annex 25,815,k:608f442e5f34,,"NP-55700 - NP-55700 - Position, Navigation & Timing - NIWCPAC",NP-55700,niwc_pacific_competency,center:niwc-pacific,excluded,"technical_center_division code of center:niwc-pacific, outside the PEO C4I portfolio (division itself not in alias table)"
LRAE Annex 25,816,k:7f19ce981877,,NP-56700 - NP-56700 - Reconnaissance & Interdiction - NIWCPAC,NP-56700,niwc_pacific_competency,center:niwc-pacific,excluded,"technical_center_division code of center:niwc-pacific, outside the PEO C4I portfolio (division itself not in alias table)"
LRAE Annex 25,817,k:7738d706d7f5,,NP-56700 - NP-56700 - Reconnaissance & Interdiction - NIWCPAC,NP-56700,niwc_pacific_competency,center:niwc-pacific,excluded,"technical_center_division code of center:niwc-pacific, outside the PEO C4I portfolio (division itself not in alias table)"
LRAE Annex 25,818,k:fc2b9e5d276c,,NP-43100 - NP-43100 - Logistics & Lifecycle Support - NIWCPAC,NP-43100,niwc_pacific_competency,center:niwc-pacific,excluded,"technical_center_division code of center:niwc-pacific, outside the PEO C4I portfolio (division itself not in alias table)"
LRAE Annex 25,819,k:a307df21de87,,NP-42100 - NP-42100 - Fleet Modernization & Installation - NIWCPAC,NP-42100,niwc_pacific_competency,center:niwc-pacific,excluded,"technical_center_division code of center:niwc-pacific, outside the PEO C4I portfolio (division itself not in alias table)"
LRAE Annex 25,820,k:9113ee82b410,,"NP-41200 - NP-41200 - Comms, Networks & Cyber ISE - NIWCPAC",NP-41200,niwc_pacific_competency,center:niwc-pacific,excluded,"technical_center_division code of center:niwc-pacific, outside the PEO C4I portfolio (division itself not in alias table)"
LRAE Annex 25,821,k:7e6a39b1138f,,"NP-41200 - NP-41200 - Comms, Networks & Cyber ISE - NIWCPAC",NP-41200,niwc_pacific_competency,center:niwc-pacific,excluded,"technical_center_division code of center:niwc-pacific, outside the PEO C4I portfolio (division itself not in alias table)"
LRAE Annex 25,822,k:8310fe8a3c64,,"NP-41200 - NP-41200 - Comms, Networks & Cyber ISE - NIWCPAC",NP-41200,niwc_pacific_competency,center:niwc-pacific,excluded,"technical_center_division code of center:niwc-pacific, outside the PEO C4I portfolio (division itself not in alias table)"
LRAE Annex 25,823,k:8cf729904adb,,"NP-41200 - NP-41200 - Comms, Networks & Cyber ISE - NIWCPAC",NP-41200,niwc_pacific_competency,center:niwc-pacific,excluded,"technical_center_division code of center:niwc-pacific, outside the PEO C4I portfolio (division itself not in alias table)"
LRAE Annex 25,824,k:1245b5f5a068,,"NP-41200 - NP-41200 - Comms, Networks & Cyber ISE - NIWCPAC",NP-41200,niwc_pacific_competency,center:niwc-pacific,excluded,"technical_center_division code of center:niwc-pacific, outside the PEO C4I portfolio (division itself not in alias table)"
LRAE Annex 25,825,k:0c4da7d85282,,"NP-41200 - NP-41200 - Comms, Networks & Cyber ISE - NIWCPAC",NP-41200,niwc_pacific_competency,center:niwc-pacific,excluded,"technical_center_division code of center:niwc-pacific, outside the PEO C4I portfolio (division itself not in alias table)"
LRAE Annex 25,826,k:80549023c28b,,"NP-41200 - NP-41200 - Comms, Networks & Cyber ISE - NIWCPAC",NP-41200,niwc_pacific_competency,center:niwc-pacific,excluded,"technical_center_division code of center:niwc-pacific, outside the PEO C4I portfolio (division itself not in alias table)"
LRAE Annex 25,827,k:e0fb4d01f631,,"NP-41200 - NP-41200 - Comms, Networks & Cyber ISE - NIWCPAC",NP-41200,niwc_pacific_competency,center:niwc-pacific,excluded,"technical_center_division code of center:niwc-pacific, outside the PEO C4I portfolio (division itself not in alias table)"
LRAE Annex 25,828,k:931e6bb63cdc,,"NP-41200 - NP-41200 - Comms, Networks & Cyber ISE - NIWCPAC",NP-41200,niwc_pacific_competency,center:niwc-pacific,excluded,"technical_center_division code of center:niwc-pacific, outside the PEO C4I portfolio (division itself not in alias table)"
LRAE Annex 25,829,k:81dd71c5def2,,"NP-41200 - NP-41200 - Comms, Networks & Cyber ISE - NIWCPAC",NP-41200,niwc_pacific_competency,center:niwc-pacific,excluded,"technical_center_division code of center:niwc-pacific, outside the PEO C4I portfolio (division itself not in alias table)"
LRAE Annex 25,830,k:1cead615e7f5,,"NP-41200 - NP-41200 - Comms, Networks & Cyber ISE - NIWCPAC",NP-41200,niwc_pacific_competency,center:niwc-pacific,excluded,"technical_center_division code of center:niwc-pacific, outside the PEO C4I portfolio (division itself not in alias table)"
LRAE Annex 25,831,k:ad7ac0de592a,,"NP-41200 - NP-41200 - Comms, Networks & Cyber ISE - NIWCPAC",NP-41200,niwc_pacific_competency,center:niwc-pacific,excluded,"technical_center_division code of center:niwc-pacific, outside the PEO C4I portfolio (division itself not in alias table)"
LRAE Annex 25,832,k:abaa86a486ae,,"NP-41200 - NP-41200 - Comms, Networks & Cyber ISE - NIWCPAC",NP-41200,niwc_pacific_competency,center:niwc-pacific,excluded,"technical_center_division code of center:niwc-pacific, outside the PEO C4I portfolio (division itself not in alias table)"
LRAE Annex 25,833,k:fffdb4f44354,,"NP-41200 - NP-41200 - Comms, Networks & Cyber ISE - NIWCPAC",NP-41200,niwc_pacific_competency,center:niwc-pacific,excluded,"technical_center_division code of center:niwc-pacific, outside the PEO C4I portfolio (division itself not in alias table)"
LRAE Annex 25,834,k:deacdb03fd6a,,"NP-41200 - NP-41200 - Comms, Networks & Cyber ISE - NIWCPAC",NP-41200,niwc_pacific_competency,center:niwc-pacific,excluded,"technical_center_division code of center:niwc-pacific, outside the PEO C4I portfolio (division itself not in alias table)"
LRAE Annex 25,835,k:02073b243761,,NP-53400 - NP-53400 - Business & Enterprise Information Systems - NIWCPAC,NP-53400,niwc_pacific_competency,center:niwc-pacific,excluded,"technical_center_division code of center:niwc-pacific, outside the PEO C4I portfolio (division itself not in alias table)"
LRAE Annex 25,836,k:b80c0a477874,,LSUBP00010 - LSUBP00010 - FORCE PROTECTION SOLUTIONS DIV HEAD - NIWCLANT,LSUBP00010,niwc_atlantic_division,center:niwc-atlantic,excluded,"technical_center_division code of center:niwc-atlantic, outside the PEO C4I portfolio (division itself not in alias table)"
LRAE Annex 25,837,k:801c29824222,,NP-55300 - NP-55300 - Enterprise Communications & Networks - NIWCPAC,NP-55300,niwc_pacific_competency,center:niwc-pacific,excluded,"technical_center_division code of center:niwc-pacific, outside the PEO C4I portfolio (division itself not in alias table)"
LRAE Annex 25,838,k:cd326697c32d,,NP-55300 - NP-55300 - Enterprise Communications & Networks - NIWCPAC,NP-55300,niwc_pacific_competency,center:niwc-pacific,excluded,"technical_center_division code of center:niwc-pacific, outside the PEO C4I portfolio (division itself not in alias table)"
LRAE Annex 25,839,k:bec3c019780f,,LSUBP00002 - LSUBP00002 - COMMAND OPERATIONS CENTERS DIV HEAD - NIWCLANT,LSUBP00002,niwc_atlantic_division,center:niwc-atlantic,excluded,"technical_center_division code of center:niwc-atlantic, outside the PEO C4I portfolio (division itself not in alias table)"
LRAE Annex 25,840,k:ae23d023ad4b,,NP-56700 - NP-56700 - Reconnaissance & Interdiction - NIWCPAC,NP-56700,niwc_pacific_competency,center:niwc-pacific,excluded,"technical_center_division code of center:niwc-pacific, outside the PEO C4I portfolio (division itself not in alias table)"
LRAE Annex 25,841,k:61c3a58bf355,,NP-56700 - NP-56700 - Reconnaissance & Interdiction - NIWCPAC,NP-56700,niwc_pacific_competency,center:niwc-pacific,excluded,"technical_center_division code of center:niwc-pacific, outside the PEO C4I portfolio (division itself not in alias table)"
LRAE Annex 25,842,k:8eba47f9caf4,,"NP-41200 - NP-41200 - Comms, Networks & Cyber ISE - NIWCPAC",NP-41200,niwc_pacific_competency,center:niwc-pacific,excluded,"technical_center_division code of center:niwc-pacific, outside the PEO C4I portfolio (division itself not in alias table)"
LRAE Annex 25,843,k:3bed7024ad54,,"NP-41200 - NP-41200 - Comms, Networks & Cyber ISE - NIWCPAC",NP-41200,niwc_pacific_competency,center:niwc-pacific,excluded,"technical_center_division code of center:niwc-pacific, outside the PEO C4I portfolio (division itself not in alias table)"
LRAE Annex 25,844,k:682004002d21,,"NP-41200 - NP-41200 - Comms, Networks & Cyber ISE - NIWCPAC",NP-41200,niwc_pacific_competency,center:niwc-pacific,excluded,"technical_center_division code of center:niwc-pacific, outside the PEO C4I portfolio (division itself not in alias table)"
LRAE Annex 25,845,k:0171a3f413ec,,"NP-41200 - NP-41200 - Comms, Networks & Cyber ISE - NIWCPAC",NP-41200,niwc_pacific_competency,center:niwc-pacific,excluded,"technical_center_division code of center:niwc-pacific, outside the PEO C4I portfolio (division itself not in alias table)"
LRAE Annex 25,846,k:7f358d49367b,,"NP-41200 - NP-41200 - Comms, Networks & Cyber ISE - NIWCPAC",NP-41200,niwc_pacific_competency,center:niwc-pacific,excluded,"technical_center_division code of center:niwc-pacific, outside the PEO C4I portfolio (division itself not in alias table)"
LRAE Annex 25,847,k:d3d4754f4bfd,,"NP-41200 - NP-41200 - Comms, Networks & Cyber ISE - NIWCPAC",NP-41200,niwc_pacific_competency,center:niwc-pacific,excluded,"technical_center_division code of center:niwc-pacific, outside the PEO C4I portfolio (division itself not in alias table)"
LRAE Annex 25,848,k:26aac3de63f9,,"NP-41200 - NP-41200 - Comms, Networks & Cyber ISE - NIWCPAC",NP-41200,niwc_pacific_competency,center:niwc-pacific,excluded,"technical_center_division code of center:niwc-pacific, outside the PEO C4I portfolio (division itself not in alias table)"
LRAE Annex 25,849,k:74b4223b2d4d,,"NP-41200 - NP-41200 - Comms, Networks & Cyber ISE - NIWCPAC",NP-41200,niwc_pacific_competency,center:niwc-pacific,excluded,"technical_center_division code of center:niwc-pacific, outside the PEO C4I portfolio (division itself not in alias table)"
LRAE Annex 25,850,k:0bd74645b47c,,"NP-41200 - NP-41200 - Comms, Networks & Cyber ISE - NIWCPAC",NP-41200,niwc_pacific_competency,center:niwc-pacific,excluded,"technical_center_division code of center:niwc-pacific, outside the PEO C4I portfolio (division itself not in alias table)"
LRAE Annex 25,851,k:118dd15d1a15,,NP-75600 - NP-75600 - Information Operations - NIWCPAC,NP-75600,niwc_pacific_competency,center:niwc-pacific,excluded,"technical_center_division code of center:niwc-pacific, outside the PEO C4I portfolio (division itself not in alias table)"
LRAE Annex 25,852,k:b0f7215cdb4c,,NP-55100 - NP-55100 - Tactical Networks - NIWCPAC,NP-55100,niwc_pacific_competency,center:niwc-pacific,excluded,"technical_center_division code of center:niwc-pacific, outside the PEO C4I portfolio (division itself not in alias table)"
LRAE Annex 25,853,k:6799de3f2ef7,,"NP-41200 - NP-41200 - Comms, Networks & Cyber ISE - NIWCPAC",NP-41200,niwc_pacific_competency,center:niwc-pacific,excluded,"technical_center_division code of center:niwc-pacific, outside the PEO C4I portfolio (division itself not in alias table)"
LRAE Annex 25,854,k:b02bc9348c31,,NP-55100 - NP-55100 - Tactical Networks - NIWCPAC,NP-55100,niwc_pacific_competency,center:niwc-pacific,excluded,"technical_center_division code of center:niwc-pacific, outside the PEO C4I portfolio (division itself not in alias table)"
LRAE Annex 25,855,k:19993b460b7a,,NP-41100 - NP-41100 - C2ISR ISE - NIWCPAC,NP-41100,niwc_pacific_competency,center:niwc-pacific,excluded,"technical_center_division code of center:niwc-pacific, outside the PEO C4I portfolio (division itself not in alias table)"
LRAE Annex 25,856,k:16998c0a9797,,NP-41100 - NP-41100 - C2ISR ISE - NIWCPAC,NP-41100,niwc_pacific_competency,center:niwc-pacific,excluded,"technical_center_division code of center:niwc-pacific, outside the PEO C4I portfolio (division itself not in alias table)"
LRAE Annex 25,857,k:7d5b57c8daf1,,NP-41100 - NP-41100 - C2ISR ISE - NIWCPAC,NP-41100,niwc_pacific_competency,center:niwc-pacific,excluded,"technical_center_division code of center:niwc-pacific, outside the PEO C4I portfolio (division itself not in alias table)"
LRAE Annex 25,858,k:b5a64d1effdc,,NP-41100 - NP-41100 - C2ISR ISE - NIWCPAC,NP-41100,niwc_pacific_competency,center:niwc-pacific,excluded,"technical_center_division code of center:niwc-pacific, outside the PEO C4I portfolio (division itself not in alias table)"
